id,resource_state,name,activity_type,distance,average_grade,maximum_grade,elevation_high,elevation_low,start_latlng,end_latlng,elevation_profile,elevation_profiles,climb_category,city,state,country,private,hazardous,starred,created_at,updated_at,total_elevation_gain,map,effort_count,athlete_count,star_count,athlete_segment_stats,xoms,local_legend
6641735,3,Ignacio Aldama Climb,Run,2528.7,4.0,10.6,2650.2,2548.5,"[19.216857, -99.131298]","[19.19988, -99.142123]",https://d3o5xota0a1fcr.cloudfront.net/v6/charts/H4QTFTT3U5AKV5CLVOWTQFSB6NDV6GDMHGCTFAC53BFWDLS7EBCZFDVB72SVCCK63S55FFBUEL7USYXS43NOXUBA,"{'light_url': 'https://d3o5xota0a1fcr.cloudfront.net/v6/charts/H4QTFTT3U5AKV5CLVOWTQFSB6NDV6GDMHGCTFAC53BFWDLS7EBCZFDVB72SVCCK63S55FFBUEL7USYXS43NOXUBA', 'dark_url': 'https://d3o5xota0a1fcr.cloudfront.net/v6/charts/VWT2F3EJOGFQTXXUOSGL65ECBFE22FHF7FO2CQNWI6CVUAY2KTWBH3CRHL2I3W3GOBI6BEFLPANMWWKEQ5SYDNIS'}",1,Mexico City,D.F.,Mexico,False,False,False,2014-02-11T05:56:11Z,2021-05-15T02:14:40Z,104.8,"{'id': 's6641735', 'polyline': 'ihhtBrq`|QlBnBxAjA|@n@jLhHdAf@jA`@f@JlALfEXj@?j@E~B]rAOh@EtABf@Hd@Pd@V`@X~@v@vDnDbBnAhBbAd@RlAd@nAZpATdDTtA?|GElAFf@Df@JfAb@^T\\Xv@z@T`@Pd@\\hAVlADh@CrAYlEYzF', 'resource_state': 3}",7,16,0,"{'pr_elapsed_time': None, 'pr_date': None, 'pr_visibility': None, 'pr_activity_id': None, 'pr_activity_visibility': None, 'effort_count': 0}","{'kom': '14:20', 'qom': '15:07', 'overall': '14:20', 'destination': {'href': 'strava://segments/6641735/leaderboard', 'type': 'overall', 'name': 'All-Time'}}","{'athlete_id': 172345549, 'title': 'Edith Martinez', 'profile': 'https://lh3.googleusercontent.com/a/ACg8ocLeHh0xLniLznSxZ2jyCxFHJGychRXp-UEpCzioL_D5os04tBGUAw=s96-c', 'effort_description': '2 efforts in the last 90 days', 'effort_count': '2', 'effort_counts': {'overall': '2 efforts', 'female': '2 efforts'}, 'destination': 'strava://segments/6641735/local_legend?categories%5B%5D=overall'}"
37271983,3,circuito monte sur 🏃‍♂️,Run,1322.8,0.0,16.0,2538.5,2522.3,"[19.206535, -99.126926]","[19.206525, -99.126903]",https://d3o5xota0a1fcr.cloudfront.net/v6/charts/LE2KPFKZFYU3SDV46VQ4TVHPHVSMV3DS7HPOX6XUSRUPRU7EB7REIKYCJYBDS63P6O2X2NHECEZZXEEQJEV53ZLM,"{'light_url': 'https://d3o5xota0a1fcr.cloudfront.net/v6/charts/LE2KPFKZFYU3SDV46VQ4TVHPHVSMV3DS7HPOX6XUSRUPRU7EB7REIKYCJYBDS63P6O2X2NHECEZZXEEQJEV53ZLM', 'dark_url': 'https://d3o5xota0a1fcr.cloudfront.net/v6/charts/32MVZZK44UKYMOYHPM2UV5WOQ37U44AMYVRJA2GE6FWXII7DFSXLFFOV5PGY55PT7I2URTQ6KTTMBDWDGFZ67KMJ'}",0,,Mexico City,Mexico,False,False,False,2024-07-08T01:34:41Z,2024-07-08T01:34:41Z,22.8655,"{'id': 's37271983', 'polyline': 'ygftBhv_|QRBJH@DIf@IPI\\?LDL`@b@@DCDBRUVQ?CDED?NK`@EBS?[PG^?h@IROHYBUCi@FI?a@UOQISGKa@Mc@Tw@h@SZSR_@NEHCNBLHNPHPBNAREn@]TIDAVBDHHBFJLLRJJNRJNVA@BFLNVLNAFEDI?GIa@_@a@e@YIQQSEKEUO]Cm@KUAOCI[a@AOIe@?QDKHGVKDEJ?ZJR@HGFODg@DU\\e@p@w@RMZMVA\\P', 'resource_state': 3}",683,47,2,"{'pr_elapsed_time': None, 'pr_date': None, 'pr_visibility': None, 'pr_activity_id': None, 'pr_activity_visibility': None, 'effort_count': 0}","{'kom': '5:46', 'qom': '6:58', 'overall': '5:46', 'destination': {'href': 'strava://segments/37271983/leaderboard', 'type': 'overall', 'name': 'All-Time'}}","{'athlete_id': 150409372, 'title': 'Rodrigo Guzmån McNaught', 'profile': 'https://dgalywyr863hv.cloudfront.net/pictures/athletes/150409372/33780569/4/large.jpg', 'effort_description': '15 efforts in the last 90 days', 'effort_count': '15', 'effort_counts': {'overall': '15 efforts', 'female': '6 efforts'}, 'destination': 'strava://segments/37271983/local_legend?categories%5B%5D=overall'}"
37272020,3,5K (4 vueltas) Montesur ,Run,4945.3,-0.0,28.3,2548.0,2526.6,"[19.206476, -99.126898]","[19.20653, -99.126951]",https://d3o5xota0a1fcr.cloudfront.net/v6/charts/MXLX5PZZIK2EDI5GRS42MAPOEALGSQN7KQNIO2D6US6MJ2DQOFADDZOYRYU54VKEFEEVHRG2BNM62NTAYLGSLTI=,"{'light_url': 'https://d3o5xota0a1fcr.cloudfront.net/v6/charts/MXLX5PZZIK2EDI5GRS42MAPOEALGSQN7KQNIO2D6US6MJ2DQOFADDZOYRYU54VKEFEEVHRG2BNM62NTAYLGSLTI=', 'dark_url': 'https://d3o5xota0a1fcr.cloudfront.net/v6/charts/J3CFWKXEVDVMY2CBT5ZDQILJIBJV6OJXBNMQFQ6TKU32DRPKGVJDZNVF5WOLBRNVAU5TBYUCLAV4SLPYCD56ZHY='}",0,,Mexico City,Mexico,False,False,False,2024-07-08T01:42:59Z,2024-07-08T01:42:59Z,141.2,"{'id': 's37272020', 'polyline': 'mgftBbv_|QHDHJBTCNKRAd@n@p@@HQ\\AFUNKNCPGPKLI@MJSRK^AZKTGBi@H]LG?s@SGICAOa@c@OQBIFm@RSLKL_A`@IHEPJ\\RNNFZANKZGZQP@\\NPXJDDJ`@Pl@f@PDPEAWYU_@Ma@U[e@Gk@GM@c@Eg@G[c@o@Ki@?WDGn@]TBTFJCLMBMD_@L_@Ze@XYLOHIXKPEd@FHHHN?JI\\Bz@RXPLHLCJc@h@Kd@IJSFGHSf@ARQb@MFUFAACBeABa@OIMUO[Gy@TWRc@TM@MHUFCNBb@HJVHX?dA[L@NHJPNLVLTRT\\RT\\HJABICK?IGK@CGI[WQ[MKUg@CQ@WKi@?GCIOS?KGYMUGc@?QJ]^[LAHHHBNINa@?QDMLSLa@LMHCPMPENOTCF@Z?PFJH@F?TKn@@PRb@HJBZIH?BEDMHOd@OLODSTO`@ANCNMR_@PkADSGYYYQGAS@e@JWLMRgAn@IL?RHVNP\\BFGr@STEL?XJb@XHNVNPVD@PRHNJBHADEDUIGKWSM}@aAEYAWCG?u@_@cASUKWAS@]Va@HERCBBRBJAHGJUAEHYV_@^W\\c@d@SPE^BLDNL@TO\\ATFTXXJNBZAJQNAFQRKVs@^GRC^IRUNIJEAABS@EAWBSB]E_@k@KI]Ag@JYLILE@MNm@b@KBUTATDRHH?DLJL@LALGJA^W^GZHRTXRb@d@J@\\ZRDPEDSMMGOY]YQ_@[I[AQCIAi@Ka@GOG]IO?EMQMY@_@BQX[ZGLDNLH@HCLQ@WJWRQBMhAgAPGz@J', 'resource_state': 3}",149,34,0,"{'pr_elapsed_time': None, 'pr_date': None, 'pr_visibility': None, 'pr_activity_id': None, 'pr_activity_visibility': None, 'effort_count': 0}","{'kom': '21:52', 'qom': '27:33', 'overall': '21:52', 'destination': {'href': 'strava://segments/37272020/leaderboard', 'type': 'overall', 'name': 'All-Time'}}","{'athlete_id': 164638650, 'title': 'Ana Ruiz', 'profile': 'avatar/athlete/large.png', 'effort_description': '5 efforts in the last 90 days', 'effort_count': '5', 'effort_counts': {'overall': '5 efforts', 'female': '5 efforts'}, 'destination': 'strava://segments/37272020/local_legend?categories%5B%5D=overall'}"
4394350,3,Avenida 5 de Mayo Oriente Climb,Run,1300.4,4.5,25.3,2629.1,2570.0,"[19.210921, -99.092715]","[19.211971, -99.081965]",https://d3o5xota0a1fcr.cloudfront.net/v6/charts/TDASHH27RVIEU7J7VX2JOM3CULFBPVU2X5YG56O7YK5JZG3OOYK3CBMZ34JHID6XFGFVG7WRYZVSVQCCED7G6XGN,"{'light_url': 'https://d3o5xota0a1fcr.cloudfront.net/v6/charts/TDASHH27RVIEU7J7VX2JOM3CULFBPVU2X5YG56O7YK5JZG3OOYK3CBMZ34JHID6XFGFVG7WRYZVSVQCCED7G6XGN', 'dark_url': 'https://d3o5xota0a1fcr.cloudfront.net/v6/charts/H67PPOKB3RLPHRINJCYVSLYGN7QBRFDG6LR4SUCVXCHIDOZC6HWL2XO5XV2FL5VNKKOUAOMC53ZP5YY5ZPNCLKHS'}",0,Mexico City,DF,Mexico,False,False,False,2013-06-12T21:17:23Z,2021-05-15T02:13:19Z,66.5,"{'id': 's4394350', 'polyline': 'gcgtBn`y{QD_Eg@mHMoAMi@eAqCe@eAY[[Y_CyAw@w@kCoEa@eAGg@BqAFg@\\gA`AsCd@kAr@oBn@iAdCcE', 'resource_state': 3}",269,19,0,"{'pr_elapsed_time': None, 'pr_date': None, 'pr_visibility': None, 'pr_activity_id': None, 'pr_activity_visibility': None, 'effort_count': 0}","{'kom': '5:59', 'qom': '7:21', 'overall': '5:59', 'destination': {'href': 'strava://segments/4394350/leaderboard', 'type': 'overall', 'name': 'All-Time'}}","{'athlete_id': 34272958, 'title': 'Enrique Melchor', 'profile': 'https://graph.facebook.com/4275375132497346/picture?height=256&width=256', 'effort_description': '34 efforts in the last 90 days', 'effort_count': '34', 'effort_counts': {'overall': '34 efforts', 'female': '1 effort'}, 'destination': 'strava://segments/4394350/local_legend?categories%5B%5D=overall'}"
31155164,3,Romperse el hocico,Run,266.5,-15.3,-3.6,2586.2,2545.5,"[19.200256, -99.068989]","[19.199825, -99.070663]",https://d3o5xota0a1fcr.cloudfront.net/v6/charts/JCDSOI5NEAIX6H45K2TG2U7MMPDSOLEZEXEIC57GLH3EP4RDX7HUTEP7A3SPNZGZSHFCYFE6XOSU5LA3CMWM4EQ=,"{'light_url': 'https://d3o5xota0a1fcr.cloudfront.net/v6/charts/JCDSOI5NEAIX6H45K2TG2U7MMPDSOLEZEXEIC57GLH3EP4RDX7HUTEP7A3SPNZGZSHFCYFE6XOSU5LA3CMWM4EQ=', 'dark_url': 'https://d3o5xota0a1fcr.cloudfront.net/v6/charts/OFRTIOQMMSHB6DPY4X3WHNZUHOM47HTNGNYOS33CRJ64IS4OC65VSIWOPV3QTLK4EX43VVG3WTHKV35YU6KB6UY='}",0,San Bartolomé Xicomulco,Ciudad de México,Mexico,False,False,False,2022-03-03T04:09:03Z,2022-03-03T04:09:03Z,0.0,"{'id': 's31155164', 'polyline': 'q`etBdlt{QRUDAHB@HCPUp@Wd@KZQ`ABXPd@?TJZJBL@bAX', 'resource_state': 3}",200,19,0,"{'pr_elapsed_time': None, 'pr_date': None, 'pr_visibility': None, 'pr_activity_id': None, 'pr_activity_visibility': None, 'effort_count': 0}","{'kom': '1:01', 'qom': '1:08', 'overall': '1:01', 'destination': {'href': 'strava://segments/31155164/leaderboard', 'type': 'overall', 'name': 'All-Time'}}","{'athlete_id': 115814625, 'title': 'Paty Olagui', 'profile': 'https://dgalywyr863hv.cloudfront.net/pictures/athletes/115814625/29072805/6/large.jpg', 'effort_description': '6 efforts in the last 90 days', 'effort_count': '6', 'effort_counts': {'overall': '6 efforts', 'female': '6 efforts'}, 'destination': 'strava://segments/31155164/local_legend?categories%5B%5D=overall'}"
31155159,3,Sube perrito sube ,Run,265.8,15.1,15.4,2586.4,2546.2,"[19.199878, -99.070702]","[19.200259, -99.069012]",https://d3o5xota0a1fcr.cloudfront.net/v6/charts/36EJQ3H5YR3XN6R2BOC3S5SJ4I2VEDPUNYPDW44WKJFZF2ITQGP3KI3SRUGRCP3SRTZ2UZ47RID3ZCXGOR55SXI6,"{'light_url': 'https://d3o5xota0a1fcr.cloudfront.net/v6/charts/36EJQ3H5YR3XN6R2BOC3S5SJ4I2VEDPUNYPDW44WKJFZF2ITQGP3KI3SRUGRCP3SRTZ2UZ47RID3ZCXGOR55SXI6', 'dark_url': 'https://d3o5xota0a1fcr.cloudfront.net/v6/charts/FRN737XQUDCKCYVW43K2TRS6XCBLKN6OXO5DIB66MEYZ5W527QWNPJMAKQC3MNVGBNBYRIC7N62A7F3U54N644EH'}",0,San Bartolomé Xicomulco,Ciudad de México,Mexico,False,False,False,2022-03-03T04:05:22Z,2022-03-03T04:05:22Z,32.4667,"{'id': 's31155159', 'polyline': 'e~dtB|vt{Q_@G{@YGS@QMu@@o@PmAHKHWZo@BSEIE?OHGP', 'resource_state': 3}",173,12,0,"{'pr_elapsed_time': None, 'pr_date': None, 'pr_visibility': None, 'pr_activity_id': None, 'pr_activity_visibility': None, 'effort_count': 0}","{'kom': '1:41', 'qom': '58s', 'overall': '58s', 'destination': {'href': 'strava://segments/31155159/leaderboard', 'type': 'overall', 'name': 'All-Time'}}","{'athlete_id': 115814625, 'title': 'Paty Olagui', 'profile': 'https://dgalywyr863hv.cloudfront.net/pictures/athletes/115814625/29072805/6/large.jpg', 'effort_description': '6 efforts in the last 90 days', 'effort_count': '6', 'effort_counts': {'overall': '6 efforts', 'female': '6 efforts'}, 'destination': 'strava://segments/31155159/local_legend?categories%5B%5D=overall'}"
4945828,3,Camino a San Bartolomé Xicomulco Climb,Run,1419.2,6.7,24.3,2535.9,2440.7,"[19.206382, -99.050288]","[19.208406, -99.053884]",https://d3o5xota0a1fcr.cloudfront.net/v6/charts/5DGZ2V6SV65YMSNRLRVP46NTO4BXWY3Z7ZUL3TDRYPAHBTRSBKMRMOUFPFB27UVLP3TKP3KJGYYNMVQM3TVQSPY=,"{'light_url': 'https://d3o5xota0a1fcr.cloudfront.net/v6/charts/5DGZ2V6SV65YMSNRLRVP46NTO4BXWY3Z7ZUL3TDRYPAHBTRSBKMRMOUFPFB27UVLP3TKP3KJGYYNMVQM3TVQSPY=', 'dark_url': 'https://d3o5xota0a1fcr.cloudfront.net/v6/charts/YXCSHRUQ5BHR3WVLSM7X5HJ6XVOHDMLIIKA6OGTWKK2QMU44RGPW4HAV35LPJQ2NZLVJQRGYCJ5QMMSGHU6K2KI='}",1,Mexico City,D.F.,Mexico,False,False,False,2013-08-01T01:44:10Z,2021-05-15T02:13:40Z,101.6,"{'id': 's4945828', 'polyline': '{fftBhwp{QaBgAaB}@gAa@a@Kc@Cg@@c@@{ANoBCWBe@J[Rq@t@_@VgAh@_@T[TQRSb@WjAQd@W`@Of@Gh@Ad@@f@Df@Jf@n@nBT`@\\Nf@EZUNa@FqALa@`@]pBm@b@Gb@FXRNb@@h@Gh@@d@Ld@XXzB|A', 'resource_state': 3}",81,28,2,"{'pr_elapsed_time': None, 'pr_date': None, 'pr_visibility': None, 'pr_activity_id': None, 'pr_activity_visibility': None, 'effort_count': 0}","{'kom': '7:41', 'qom': '9:56', 'overall': '7:41', 'destination': {'href': 'strava://segments/4945828/leaderboard', 'type': 'overall', 'name': 'All-Time'}}","{'athlete_id': 158677986, 'title': 'Miriam Velez', 'profile': 'https://dgalywyr863hv.cloudfront.net/pictures/athletes/158677986/35417187/6/large.jpg', 'effort_description': '4 efforts in the last 90 days', 'effort_count': '4', 'effort_counts': {'overall': '4 efforts', 'female': '4 efforts'}, 'destination': 'strava://segments/4945828/local_legend?categories%5B%5D=overall'}"
26070867,3,La Ruta del Mole 2020,Run,10009.6,0.0,9.4,2456.7,2368.0,"[19.2151, -99.05104]","[19.21507, -99.05102]",https://d3o5xota0a1fcr.cloudfront.net/v6/charts/SBVF4U73Y6ILINMRVSHHHKTSFBY5FSRE3CU6FM2PHZ6RYWKMUV7GSOCGMGBDGNKO3AMCYD57G2SM2GHCN4IOA7I=,"{'light_url': 'https://d3o5xota0a1fcr.cloudfront.net/v6/charts/SBVF4U73Y6ILINMRVSHHHKTSFBY5FSRE3CU6FM2PHZ6RYWKMUV7GSOCGMGBDGNKO3AMCYD57G2SM2GHCN4IOA7I=', 'dark_url': 'https://d3o5xota0a1fcr.cloudfront.net/v6/charts/ETF2ZKJ3WZ5TSSVA2J4QCHTTZ5TQ4YGSNYIBGIFCWLFZEJVMKUB24W5ORT2QWUCTJUH7ZKXKY6F625G3B4V3N5Y='}",0,Ciudad de México,Ciudad de México,Mexico,False,False,False,2020-10-15T14:15:30Z,2021-05-15T02:25:24Z,137.4,"{'id': 's26070867', 'polyline': 'k}gtB~{p{QpNoHt@YpAo@^UHK`@A?BdNaAjHOXFtH?nBFrAGbHNHsDN_GXsGa@mEGcANmAj@eB`@cA?}@mAeFq@aG?}A`@wBlBqNXc@`@GxBPz@a@p@eEPQ`@OlAFjAPrD|AdA?`@Qz@i@tAwBr@s@NGHIQi@?s@h@eExBwJVoB?kDPmE?}A`@oF?{CPaD@cALqB@}DNwENaDZaC@e@De@AyAGqA]ODt@B`COjCFj@KhAYxIIXStJIhBGpD[rFGlCGbAGfGYfBaBlHy@jEYzBBZIx@qA~BYZe@Rq@NcABWC[MiC}AkBOi@BQF[VGLWfDITMR_@NW@_BS_@?[NSZUz@q@`EcAbHMvA?f@TtC`@bD`@lBj@`B?|@w@hBOh@ObAEh@@f@\\~CDrCk@rR_GGsHYwBBcCNgIFaIl@uDNIJ_@TqAn@u@XkNjH', 'resource_state': 3}",29,25,3,"{'pr_elapsed_time': None, 'pr_date': None, 'pr_visibility': None, 'pr_activity_id': None, 'pr_activity_visibility': None, 'effort_count': 0}","{'kom': '33:44', 'qom': '36:18', 'overall': '33:44', 'destination': {'href': 'strava://segments/26070867/leaderboard', 'type': 'overall', 'name': 'All-Time'}}",
35496222,3,1v. Momoxco ,Run,407.7,0.0,17.0,2437.2,2431.9,"[19.214859, -99.0505]","[19.214876, -99.050484]",https://d3o5xota0a1fcr.cloudfront.net/v6/charts/6BP565XHS53XWX7YVJMN7BYCGCNAF3ZSS7RDV3QMTD6SBD5N5BD6G7LAXMY5SSNWGHZIMAQZ7MGLZ6AHN7PKEVCW,"{'light_url': 'https://d3o5xota0a1fcr.cloudfront.net/v6/charts/6BP565XHS53XWX7YVJMN7BYCGCNAF3ZSS7RDV3QMTD6SBD5N5BD6G7LAXMY5SSNWGHZIMAQZ7MGLZ6AHN7PKEVCW', 'dark_url': 'https://d3o5xota0a1fcr.cloudfront.net/v6/charts/YWWWRGHSYEFKUXKWEWGSU7OCWJAXW65XJPIALOQBUTOBL3YEED3V7MHCWZCD4YSWNNHFMKLNUBYOOUJ4WWUUZLYY'}",0,,Mexico City,Mexico,False,False,False,2023-09-23T08:13:42Z,2023-10-14T13:29:59Z,4.3,"{'id': 's35496222', 'polyline': 'y{gtBrxp{QN_@Hc@C[OUMIUGWAe@NwBpASXEP?ZDPNTVLVF`@INGpBmA', 'resource_state': 3}",26800,184,0,"{'pr_elapsed_time': None, 'pr_date': None, 'pr_visibility': None, 'pr_activity_id': None, 'pr_activity_visibility': None, 'effort_count': 0}","{'kom': '58s', 'qom': '1:12', 'overall': '58s', 'destination': {'href': 'strava://segments/35496222/leaderboard', 'type': 'overall', 'name': 'All-Time'}}","{'athlete_id': 132659687, 'title': 'Strava Athlete', 'profile': 'avatar/athlete/large.png', 'effort_description': '238 efforts in the last 90 days', 'effort_count': '238', 'effort_counts': {'overall': '238 efforts', 'female': '146 efforts'}, 'destination': 'strava://segments/35496222/local_legend?categories%5B%5D=overall'}"
6586741,3,España Climb,Run,749.2,7.8,13.7,2368.2,2310.1,"[19.198697, -99.005301]","[19.192437, -99.007372]",https://d3o5xota0a1fcr.cloudfront.net/v6/charts/N2XU6Q3IKT26WLJ57ARUITUMYET3AAKJU7ZCUHEF2O6KRPIYRRKSIT5UNFMRJ2I7WE36Y6JEWNVDNO6SQ64V7NUC,"{'light_url': 'https://d3o5xota0a1fcr.cloudfront.net/v6/charts/N2XU6Q3IKT26WLJ57ARUITUMYET3AAKJU7ZCUHEF2O6KRPIYRRKSIT5UNFMRJ2I7WE36Y6JEWNVDNO6SQ64V7NUC', 'dark_url': 'https://d3o5xota0a1fcr.cloudfront.net/v6/charts/QG732R3WCLFARWGTEW6GWVJUENFVSYAQFHE22GX6AOZSK7N7QKVRQYJ3G5JS6V36LW3SK7SEP2RLPDNEX4RJGDNF'}",0,Mexico City,D.F.,Mexico,False,False,False,2014-02-03T14:26:56Z,2021-05-15T02:14:38Z,58.1,"{'id': 's6586741', 'polyline': 'yvdtBd~g{QV@RDN?VDFDnAPXHDDN?l@NVBXFFFZJJAJDTB~Ab@T?l@HV?RBJFVHj@HHDd@HDDHBHFL@`@Rb@LTN`@DPFBBPDHLTJPBJHH?n@NN@VHZDTL`@HLLf@?LB', 'resource_state': 3}",33,20,0,"{'pr_elapsed_time': None, 'pr_date': None, 'pr_visibility': None, 'pr_activity_id': None, 'pr_activity_visibility': None, 'effort_count': 0}","{'kom': '4:07', 'qom': '5:14', 'overall': '4:07', 'destination': {'href': 'strava://segments/6586741/leaderboard', 'type': 'overall', 'name': 'All-Time'}}","{'athlete_id': 144630811, 'title': 'Tortuga Charly', 'profile': 'https://dgalywyr863hv.cloudfront.net/pictures/athletes/144630811/35551361/1/large.jpg', 'effort_description': '1 effort in the last 90 days', 'effort_count': '1', 'effort_counts': {'overall': '1 effort', 'female': '1 effort'}, 'destination': 'strava://segments/6586741/local_legend?categories%5B%5D=overall'}"
5591478,3,Zacualtitla (Camino a Pastortitla) Climb,Run,567.1,7.2,12.5,2322.3,2281.6,"[19.203642, -98.978544]","[19.199507, -98.979456]",https://d3o5xota0a1fcr.cloudfront.net/v6/charts/XQ3OQSCS2MGYBDSLELLZ2DEZEEFLCVGFOICLESP2SFIU4YZR274KUMGZGX46JQCZXJ5NLZCKOAOXYCHLAWADOFA=,"{'light_url': 'https://d3o5xota0a1fcr.cloudfront.net/v6/charts/XQ3OQSCS2MGYBDSLELLZ2DEZEEFLCVGFOICLESP2SFIU4YZR274KUMGZGX46JQCZXJ5NLZCKOAOXYCHLAWADOFA=', 'dark_url': 'https://d3o5xota0a1fcr.cloudfront.net/v6/charts/6XU4E2AY6AOC3LSF2QWUMMJVHKRKLYOGMOUFBRP3RB72HEDBYTKLX3OU2YTAMYFAIPT62WCP5P3IK4UV655DLAQ='}",0,Mexico City,D.F.,Mexico,False,False,False,2013-09-24T18:11:11Z,2021-05-15T02:14:05Z,40.7,"{'id': 's5591478', 'polyline': 'wuetB|vb{QJQHEx@f@JVB`@N`@PRz@jBXRVL`@FH?v@m@\\CTJXFb@?ZCtAm@^CjAHb@ArBS', 'resource_state': 3}",34,12,0,"{'pr_elapsed_time': None, 'pr_date': None, 'pr_visibility': None, 'pr_activity_id': None, 'pr_activity_visibility': None, 'effort_count': 0}","{'kom': '3:26', 'qom': '5:10', 'overall': '3:26', 'destination': {'href': 'strava://segments/5591478/leaderboard', 'type': 'overall', 'name': 'All-Time'}}",
30190342,3,rumbo laberinto 2,Run,392.9,2.5,4.0,2995.4,2985.7,"[19.226841, -99.225924]","[19.227761, -99.222505]",https://d3o5xota0a1fcr.cloudfront.net/v6/charts/QBDPRJKGDRSPDI6FPFE6YNGYGCWVHAODTIKYLKSHMQVRSB7R2UOYZYFUIR6LKRQDB7WY4L4M24XYAU7HKMDFEXA=,"{'light_url': 'https://d3o5xota0a1fcr.cloudfront.net/v6/charts/QBDPRJKGDRSPDI6FPFE6YNGYGCWVHAODTIKYLKSHMQVRSB7R2UOYZYFUIR6LKRQDB7WY4L4M24XYAU7HKMDFEXA=', 'dark_url': 'https://d3o5xota0a1fcr.cloudfront.net/v6/charts/RJUJEIJMQCXWZMIYCUDLVW7PANRIILIS7P2WY43XB5BTLBT2SFWXDKLN3LMLEG4DAFHKKCMPFEAFDJ6VOKGCKSQ='}",0,San Miguel Ajusco,Ciudad de México,Mexico,False,False,False,2021-10-19T23:47:14Z,2021-10-19T23:47:14Z,8.52917,"{'id': 's30190342', 'polyline': 'wfjtB`as|QBC?UMIEa@OUEOB_@EUGOGq@ISAOBQIUQYGa@I{@@q@D[ASMQEQC_@c@q@Sk@', 'resource_state': 3}",58,14,0,"{'pr_elapsed_time': None, 'pr_date': None, 'pr_visibility': None, 'pr_activity_id': None, 'pr_activity_visibility': None, 'effort_count': 0}","{'kom': '2:34', 'qom': '3:21', 'overall': '2:34', 'destination': {'href': 'strava://segments/30190342/leaderboard', 'type': 'overall', 'name': 'All-Time'}}","{'athlete_id': 121240384, 'title': 'Luigui Bravo', 'profile': 'https://graph.facebook.com/977160470201330/picture?height=256&width=256', 'effort_description': '1 effort in the last 90 days', 'effort_count': '1', 'effort_counts': {'overall': '1 effort', 'female': None}, 'destination': 'strava://segments/30190342/local_legend?categories%5B%5D=overall'}"
29350674,3,subida y bajada arenal xitle,Run,157.5,4.4,49.1,3044.0,3001.0,"[19.246581, -99.222042]","[19.246607, -99.222099]",https://d3o5xota0a1fcr.cloudfront.net/v6/charts/NA2SGICEEWKJO26NUYXEPJ2BLVBTGZQIWSMNCVT5ZTQSKF3UPQBRBM4BIRAJSDX5XIX763IML4LOBG2AFI2C4OI=,"{'light_url': 'https://d3o5xota0a1fcr.cloudfront.net/v6/charts/NA2SGICEEWKJO26NUYXEPJ2BLVBTGZQIWSMNCVT5ZTQSKF3UPQBRBM4BIRAJSDX5XIX763IML4LOBG2AFI2C4OI=', 'dark_url': 'https://d3o5xota0a1fcr.cloudfront.net/v6/charts/TZCWERMMMBW4PHD45YBMR6ZEDA556IDM75EVV6PGAN6Q53GNZZWXFEVDGNH5TRCYQCY2LQY7SBTMRNDJFSUUYZI='}",0,,Mexico City,Mexico,False,False,False,2021-08-02T01:35:28Z,2021-08-02T01:35:42Z,43.0,"{'id': 's29350674', 'polyline': 'cbntBxhr|QVHP?THZBh@?_@@}@Gc@IG@', 'resource_state': 3}",307,142,0,"{'pr_elapsed_time': None, 'pr_date': None, 'pr_visibility': None, 'pr_activity_id': None, 'pr_activity_visibility': None, 'effort_count': 0}","{'kom': '19s', 'qom': '36s', 'overall': '19s', 'destination': {'href': 'strava://segments/29350674/leaderboard', 'type': 'overall', 'name': 'All-Time'}}","{'athlete_id': 69627332, 'title': 'Roberta Guerrero Sánchez', 'profile': 'https://dgalywyr863hv.cloudfront.net/pictures/athletes/69627332/25619671/1/large.jpg', 'effort_description': '3 efforts in the last 90 days', 'effort_count': '3', 'effort_counts': {'overall': '3 efforts', 'female': '3 efforts'}, 'destination': 'strava://segments/29350674/local_legend?categories%5B%5D=overall'}"
30190334,3,rumbo al laberinto,Run,981.5,1.1,25.6,3009.9,2989.0,"[19.225513, -99.21259]","[19.228464, -99.22101]",https://d3o5xota0a1fcr.cloudfront.net/v6/charts/T74ZYXR5MVKP6RQCHDQQTOL23SCV3IBFJ256NFHVZKHDRIY7GD4V4J5HLS2N34XYGWYHWUIZ2RPQWWYAG5AJRJY=,"{'light_url': 'https://d3o5xota0a1fcr.cloudfront.net/v6/charts/T74ZYXR5MVKP6RQCHDQQTOL23SCV3IBFJ256NFHVZKHDRIY7GD4V4J5HLS2N34XYGWYHWUIZ2RPQWWYAG5AJRJY=', 'dark_url': 'https://d3o5xota0a1fcr.cloudfront.net/v6/charts/ETOAFD5USJTDOKMM52265UEGMIL2KKLFTEJAXEWH67P2X2NOGPZ2TCCV6RXZM3NWXXOUJDLBXASECMAAB4CJ76A='}",0,San Miguel Ajusco,Ciudad de México,Mexico,False,False,False,2021-10-19T23:45:12Z,2021-10-19T23:45:12Z,19.3605,"{'id': 's30190334', 'polyline': 'm~itBtmp|QOl@GHQ`@ARIXS`@UfBa@tAQP]r@W^s@l@]f@c@`@k@nAId@OZER[j@A\\Mp@?ZEV?RDb@EhAWr@OnBo@vBO\\ORI`@MVAh@@RAd@Cj@EFAh@@JHT@H', 'resource_state': 3}",50,10,0,"{'pr_elapsed_time': None, 'pr_date': None, 'pr_visibility': None, 'pr_activity_id': None, 'pr_activity_visibility': None, 'effort_count': 0}","{'kom': '6:18', 'qom': '7:47', 'overall': '6:18', 'destination': {'href': 'strava://segments/30190334/leaderboard', 'type': 'overall', 'name': 'All-Time'}}","{'athlete_id': 82170466, 'title': 'Dany Ramirez', 'profile': 'https://dgalywyr863hv.cloudfront.net/pictures/athletes/82170466/19758910/1/large.jpg', 'effort_description': '3 efforts in the last 90 days', 'effort_count': '3', 'effort_counts': {'overall': '3 efforts', 'female': '3 efforts'}, 'destination': 'strava://segments/30190334/local_legend?categories%5B%5D=overall'}"
24338538,3,Agua Cristalina a Cima Salsipuedes,Run,520.6,10.4,23.9,2727.2,2673.0,"[19.245265, -99.190225]","[19.244108, -99.194641]",https://d3o5xota0a1fcr.cloudfront.net/v6/charts/G2OMAPZ5EPCTQQ6HR6YR7H6TOO342ZBMWWUJ4TSEU6KTXSOANB4N2OY3HVHCNGHBZCE5WAFJUEXGFKCC2DPCG63S,"{'light_url': 'https://d3o5xota0a1fcr.cloudfront.net/v6/charts/G2OMAPZ5EPCTQQ6HR6YR7H6TOO342ZBMWWUJ4TSEU6KTXSOANB4N2OY3HVHCNGHBZCE5WAFJUEXGFKCC2DPCG63S', 'dark_url': 'https://d3o5xota0a1fcr.cloudfront.net/v6/charts/FKZ7UBVL4CAV55OAJPXWM7DP46IU236TRUDORAUYQOPZGFIENLNLLMDYBMI6F6G3M34GI7LBUAOEUGLGKBOXEDIA'}",0,Ciudad de México,Ciudad de México,Mexico,False,False,False,2020-06-04T20:06:39Z,2021-05-15T02:24:48Z,54.2,"{'id': 's24338538', 'polyline': '{ymtB|al|Q^V`@PLJJRH`@HLDZAXHbAAh@|@vAX`ABZKn@IJ?RANGTMNKTGXDXPd@Pp@v@lABHAFQV', 'resource_state': 3}",286,28,0,"{'pr_elapsed_time': None, 'pr_date': None, 'pr_visibility': None, 'pr_activity_id': None, 'pr_activity_visibility': None, 'effort_count': 0}","{'kom': '3:06', 'qom': '4:28', 'overall': '3:06', 'destination': {'href': 'strava://segments/24338538/leaderboard', 'type': 'overall', 'name': 'All-Time'}}","{'athlete_id': 55921876, 'title': 'Hector Ramirez Teuffer', 'profile': 'https://dgalywyr863hv.cloudfront.net/pictures/athletes/55921876/14535055/1/large.jpg', 'effort_description': '6 efforts in the last 90 days', 'effort_count': '6', 'effort_counts': {'overall': '6 efforts', 'female': None}, 'destination': 'strava://segments/24338538/local_legend?categories%5B%5D=overall'}"
19786061,3,Zetas,Run,618.8,16.2,46.4,2740.9,2640.5,"[19.251112, -99.196845]","[19.249219, -99.196292]",https://d3o5xota0a1fcr.cloudfront.net/v6/charts/7IS3Y3MKLVL7O5HVEW7YQ4XUGFWLIDABFRZ4QGVFGL5QL46EY4MXXXUJKSHUHBDMIDWMBMFW7X2WPO7H2K27WNA=,"{'light_url': 'https://d3o5xota0a1fcr.cloudfront.net/v6/charts/7IS3Y3MKLVL7O5HVEW7YQ4XUGFWLIDABFRZ4QGVFGL5QL46EY4MXXXUJKSHUHBDMIDWMBMFW7X2WPO7H2K27WNA=', 'dark_url': 'https://d3o5xota0a1fcr.cloudfront.net/v6/charts/OBAMEJWHVUONVUOPYDSUBH5KVOWER3UKCSDHOAZ5QVUAE2BUCG7ECSY3XG7V6OZNQYP7PGWBL3IDBTXXQGWSOSQ='}",1,Ciudad de México,Ciudad de México,Mexico,False,False,False,2019-01-31T16:48:15Z,2021-05-15T02:22:34Z,100.4,"{'id': 's19786061', 'polyline': 'm~ntBhkm|Qf@aA^e@b@o@L_@Ae@DYBEDBLf@Vt@Gn@QNCLINCL@FB@PYZSLMVk@Lo@FGFEDFGR?VFjAGLAVBRDFD?HGRWDK?GB@NO@@F^B?Ti@FILEAEDC', 'resource_state': 3}",296,83,3,"{'pr_elapsed_time': None, 'pr_date': None, 'pr_visibility': None, 'pr_activity_id': None, 'pr_activity_visibility': None, 'effort_count': 0}","{'kom': '4:52', 'qom': '5:53', 'overall': '4:52', 'destination': {'href': 'strava://segments/19786061/leaderboard', 'type': 'overall', 'name': 'All-Time'}}","{'athlete_id': 136340141, 'title': 'Padraic Smithies', 'profile': 'https://dgalywyr863hv.cloudfront.net/pictures/athletes/136340141/31114019/1/large.jpg', 'effort_description': '4 efforts in the last 90 days', 'effort_count': '4', 'effort_counts': {'overall': '4 efforts', 'female': '1 effort'}, 'destination': 'strava://segments/19786061/local_legend?categories%5B%5D=overall'}"
18520531,3,Rover del puente clavelito a la Mexico ajusco,Run,2155.1,9.7,50.0,2704.0,2494.6,"[19.249997, -99.174572]","[19.234186, -99.174629]",https://d3o5xota0a1fcr.cloudfront.net/v6/charts/I5TFHGV2J3A2YRVDAKC4P7HK6GPJO374CEFRXRYQLBLSWBDGG4EGCQ2NJWMU6ZWPFQAQHKJDIUIKBAPUBNIG5VYT,"{'light_url': 'https://d3o5xota0a1fcr.cloudfront.net/v6/charts/I5TFHGV2J3A2YRVDAKC4P7HK6GPJO374CEFRXRYQLBLSWBDGG4EGCQ2NJWMU6ZWPFQAQHKJDIUIKBAPUBNIG5VYT', 'dark_url': 'https://d3o5xota0a1fcr.cloudfront.net/v6/charts/OAZEZHMZNILNGNEUWVYAOSKGKXBU2VWUSDPEVCXKUTYI7FJPBDRSF525ZIZOSPUQTXSVKT2EIBBGH5GZP6WABNC2'}",2,Ciudad de México,Ciudad de México,Mexico,False,False,False,2018-08-13T00:05:33Z,2021-05-15T02:21:42Z,220.9,"{'id': 's18520531', 'polyline': 'mwntBb`i|Qr@LfAt@ZLh@Hj@E\\Vh@H~Ah@hAj@b@HVAHCHOp@gCz@yBv@qAb@_@^UvA_@n@G`ABfCTd@?b@Kh@[TIn@Gp@@pBd@R@JENOXm@JOFENCZDzA^R?JGHULeBFYJWXMz@KfAWjB]PCTHh@l@\\PLLMdCUnB@`@LH|A^f@Bf@JbAJt@Dv@XPBxCFNFl@`@f@Lb@@hAIj@?r@FXFT@bAJt@@', 'resource_state': 3}",432,253,1,"{'pr_elapsed_time': None, 'pr_date': None, 'pr_visibility': None, 'pr_activity_id': None, 'pr_activity_visibility': None, 'effort_count': 0}","{'kom': '12:41', 'qom': '17:55', 'overall': '12:41', 'destination': {'href': 'strava://segments/18520531/leaderboard', 'type': 'overall', 'name': 'All-Time'}}",
3614771,3,a. Cda. José González V. Climb,Run,2043.78,4.9,17.1,2809.0,2709.6,"[19.2336738, -99.1819436]","[19.2295832, -99.1958788]",https://d3o5xota0a1fcr.cloudfront.net/v6/charts/FYXPALMFO2RC7B6ZHHYRNLMDOKRBWF26WFSUVBXZFFP3HXEG7C2CIXT3INQWU7B6GTV5G3FOJUFAM7K5GCSFY3DM,"{'light_url': 'https://d3o5xota0a1fcr.cloudfront.net/v6/charts/FYXPALMFO2RC7B6ZHHYRNLMDOKRBWF26WFSUVBXZFFP3HXEG7C2CIXT3INQWU7B6GTV5G3FOJUFAM7K5GCSFY3DM', 'dark_url': 'https://d3o5xota0a1fcr.cloudfront.net/v6/charts/WJHLLISQPMOHHUTTJZEUCPSAVJLQBD3ZBRJV26ORGH4Q5XRCUFQHB4W5PPHPTKWNNHZB5X5XTJN7C7FTXHYSVYQK'}",1,Mexico City,Federal District,Mexico,False,False,False,2013-03-15T20:02:23Z,2021-05-15T02:12:54Z,117.145,"{'id': 's3614771', 'polyline': 'mqktBdnj|QYTk@l@Qt@B\\RnARdBKj@a@Xu@TYRQp@D`@xBvGTx@Bl@K^]^_C`As@p@eB|De@z@sAxAc@p@Ol@?t@Lh@X\\b@\\hErArBh@hBj@z@\\pBfAtAdA`JbJr@z@x@nAjAzB^fAP`A', 'resource_state': 3}",108,17,0,"{'pr_elapsed_time': None, 'pr_date': None, 'pr_visibility': None, 'pr_activity_id': None, 'pr_activity_visibility': None, 'effort_count': 0}","{'kom': '11:45', 'qom': '16:43', 'overall': '11:45', 'destination': {'href': 'strava://segments/3614771/leaderboard', 'type': 'overall', 'name': 'All-Time'}}","{'athlete_id': 57555152, 'title': 'Daniel Rios', 'profile': 'https://dgalywyr863hv.cloudfront.net/pictures/athletes/57555152/14898685/3/large.jpg', 'effort_description': '1 effort in the last 90 days', 'effort_count': '1', 'effort_counts': {'overall': '1 effort', 'female': None}, 'destination': 'strava://segments/3614771/local_legend?categories%5B%5D=overall'}"
24429656,3,Árbol Agua Cristalina a Caballerizas Rey,Run,433.6,8.8,31.0,2626.6,2588.2,"[19.25011, -99.185398]","[19.24756, -99.188827]",https://d3o5xota0a1fcr.cloudfront.net/v6/charts/DGMZMSAY2XPFEBN22ZQ6H6CMPA4RWW5VYU32JSLHPGBGXQJMKBYXIKFKSRBE24GNC7ZXM26ESEBU4R2TXOO2YIJI,"{'light_url': 'https://d3o5xota0a1fcr.cloudfront.net/v6/charts/DGMZMSAY2XPFEBN22ZQ6H6CMPA4RWW5VYU32JSLHPGBGXQJMKBYXIKFKSRBE24GNC7ZXM26ESEBU4R2TXOO2YIJI', 'dark_url': 'https://d3o5xota0a1fcr.cloudfront.net/v6/charts/W2OP6L7CDCY544PERRYIN5TGTAISZBTL5WT5CAYUJJCMCLMFSVY6P7LNMQLA6MTZNURTOW7X43B77G2L4CYEXAV5'}",0,Ciudad de México,Ciudad de México,Mexico,False,False,False,2020-06-11T14:31:42Z,2021-05-15T02:24:50Z,40.6,"{'id': 's24429656', 'polyline': 'exntBvck|Q@Lb@\\`AfBVTb@zALXNPFNLPv@n@`@f@l@n@lAdAb@d@HRB^\\p@', 'resource_state': 3}",266,23,0,"{'pr_elapsed_time': None, 'pr_date': None, 'pr_visibility': None, 'pr_activity_id': None, 'pr_activity_visibility': None, 'effort_count': 0}","{'kom': '2:48', 'qom': '3:10', 'overall': '2:48', 'destination': {'href': 'strava://segments/24429656/leaderboard', 'type': 'overall', 'name': 'All-Time'}}","{'athlete_id': 65097988, 'title': 'Roberto Narváez Rodríguez', 'profile': 'https://dgalywyr863hv.cloudfront.net/pictures/athletes/65097988/16354906/1/large.jpg', 'effort_description': '5 efforts in the last 90 days', 'effort_count': '5', 'effort_counts': {'overall': '5 efforts', 'female': None}, 'destination': 'strava://segments/24429656/local_legend?categories%5B%5D=overall'}"
24338501,3,Plano Matapulgas,Run,199.6,1.7,13.6,2684.0,2679.6,"[19.246877, -99.192197]","[19.247041, -99.194088]",https://d3o5xota0a1fcr.cloudfront.net/v6/charts/7U2FKUXPTCRFGUXMZD4UJFNKHJUDFO5TCLZA2LIWAGDI2ODA6JHN7SS6S4PPLJGJSXDFYOHJIV2PLU6PEPCQKKY=,"{'light_url': 'https://d3o5xota0a1fcr.cloudfront.net/v6/charts/7U2FKUXPTCRFGUXMZD4UJFNKHJUDFO5TCLZA2LIWAGDI2ODA6JHN7SS6S4PPLJGJSXDFYOHJIV2PLU6PEPCQKKY=', 'dark_url': 'https://d3o5xota0a1fcr.cloudfront.net/v6/charts/5F3CSWZ4YYNT3CZJ4WKMUNYTQMT5USXWTBAHDO5Q4AJZOIXMVTGL475JFHJH2XULLEA4RBPIXAKHG2I66Z4GFGI='}",0,Ciudad de México,Ciudad de México,Mexico,False,False,False,2020-06-04T20:03:52Z,2021-05-15T02:24:48Z,6.6,"{'id': 's24338501', 'polyline': '}cntBfnl|QALFPFl@CVBb@Gz@WdACVEBCZ?\\BJEJ', 'resource_state': 3}",374,22,2,"{'pr_elapsed_time': None, 'pr_date': None, 'pr_visibility': None, 'pr_activity_id': None, 'pr_activity_visibility': None, 'effort_count': 0}","{'kom': '59s', 'qom': '1:20', 'overall': '59s', 'destination': {'href': 'strava://segments/24338501/leaderboard', 'type': 'overall', 'name': 'All-Time'}}","{'athlete_id': 55921876, 'title': 'Hector Ramirez Teuffer', 'profile': 'https://dgalywyr863hv.cloudfront.net/pictures/athletes/55921876/14535055/1/large.jpg', 'effort_description': '10 efforts in the last 90 days', 'effort_count': '10', 'effort_counts': {'overall': '10 efforts', 'female': None}, 'destination': 'strava://segments/24338501/local_legend?categories%5B%5D=overall'}"
19660806,3,Tepetetla-Zoquiaqui,Run,206.0,32.7,49.1,2517.4,2450.0,"[19.248156, -99.143371]","[19.248827, -99.141767]",https://d3o5xota0a1fcr.cloudfront.net/v6/charts/RLM2GBBM3KMQ3J4LX37VDLWGSWFEBBDEWD3PGNDHXHNACOOGYOBDPGU3ELE44MU2MD6JMNFXC7TXVZMQDV6WHFI=,"{'light_url': 'https://d3o5xota0a1fcr.cloudfront.net/v6/charts/RLM2GBBM3KMQ3J4LX37VDLWGSWFEBBDEWD3PGNDHXHNACOOGYOBDPGU3ELE44MU2MD6JMNFXC7TXVZMQDV6WHFI=', 'dark_url': 'https://d3o5xota0a1fcr.cloudfront.net/v6/charts/ROSUPCQ5JQPHAE5MXV6KWINLDRGWP2MKUQHDO4XS4LZOMXGP2NFIC2J2EZ6DYVCP54UXBIZ3TOWYBUWXGFYOYZY='}",0,Ciudad de México,Ciudad de México,Mexico,False,False,False,2019-01-11T20:06:27Z,2021-05-18T08:05:29Z,67.4,"{'id': 's19660806', 'polyline': '}kntBb}b|QC[IY?MGEEWBMEM?OKG@MGMMIIa@KCCG?KDEAGMMKG?CGAKKCU', 'resource_state': 3}",327,58,1,"{'pr_elapsed_time': None, 'pr_date': None, 'pr_visibility': None, 'pr_activity_id': None, 'pr_activity_visibility': None, 'effort_count': 0}","{'kom': '58s', 'qom': '1:24', 'overall': '58s', 'destination': {'href': 'strava://segments/19660806/leaderboard', 'type': 'overall', 'name': 'All-Time'}}","{'athlete_id': 164255156, 'title': 'Robert Saucedo', 'profile': 'avatar/athlete/large.png', 'effort_description': '6 efforts in the last 90 days', 'effort_count': '6', 'effort_counts': {'overall': '6 efforts', 'female': '1 effort'}, 'destination': 'strava://segments/19660806/local_legend?categories%5B%5D=overall'}"
6641734,3,Ciudad De Mexico - Cuernavaca Climb,Run,1107.6,5.6,14.2,2476.6,2414.7,"[19.228268, -99.144761]","[19.224186, -99.139626]",https://d3o5xota0a1fcr.cloudfront.net/v6/charts/2SEPJLNNNNWJOJJPKBTQDNZHHS767AUNTZ6IEOFMOFWYQVSSBXE46E4OENATTLKRYBDC2RTU2EY3RA5TYR5XKXI=,"{'light_url': 'https://d3o5xota0a1fcr.cloudfront.net/v6/charts/2SEPJLNNNNWJOJJPKBTQDNZHHS767AUNTZ6IEOFMOFWYQVSSBXE46E4OENATTLKRYBDC2RTU2EY3RA5TYR5XKXI=', 'dark_url': 'https://d3o5xota0a1fcr.cloudfront.net/v6/charts/NGAVRVLA4A5VS5MTVFSTLMCQZJ6OHIJOHLIV6M4HKPX2JELZY5QFE4FPBGX7PE5U23UKTYANN7BYYY64HIM7LAA='}",0,Xochimilco,D.F.,Mexico,False,False,False,2014-02-11T05:56:08Z,2021-05-15T02:14:40Z,68.6,"{'id': 's6641734', 'polyline': 'sojtBxec|Qx@~@^\\lAd@h@@h@AbDWzDIjAKb@MbAa@\\QV]l@_APa@tAyDZgAHc@Fe@@c@Ge@M_@aDwFg@eAGsABg@Fg@', 'resource_state': 3}",164,20,0,"{'pr_elapsed_time': None, 'pr_date': None, 'pr_visibility': None, 'pr_activity_id': None, 'pr_activity_visibility': None, 'effort_count': 0}","{'kom': '5:06', 'qom': '5:59', 'overall': '5:06', 'destination': {'href': 'strava://segments/6641734/leaderboard', 'type': 'overall', 'name': 'All-Time'}}","{'athlete_id': 68850585, 'title': 'Rodrigo Eslava', 'profile': 'https://dgalywyr863hv.cloudfront.net/pictures/athletes/68850585/34778597/1/large.jpg', 'effort_description': '4 efforts in the last 90 days', 'effort_count': '4', 'effort_counts': {'overall': '4 efforts', 'female': '1 effort'}, 'destination': 'strava://segments/6641734/local_legend?categories%5B%5D=overall'}"
4380908,3,Ignacio Zaragoza Climb,Run,851.4,4.8,11.0,2359.6,2319.1,"[19.238437, -99.112807]","[19.234698, -99.119714]",https://d3o5xota0a1fcr.cloudfront.net/v6/charts/RC5BW32V34KTGFHNIIMQZ7DV6RE7I4WVL3MUMVBG4C3YEAGVYJOOIF336NKDOQSPLUOK4EPPK34LXAD4OJJGV2U7,"{'light_url': 'https://d3o5xota0a1fcr.cloudfront.net/v6/charts/RC5BW32V34KTGFHNIIMQZ7DV6RE7I4WVL3MUMVBG4C3YEAGVYJOOIF336NKDOQSPLUOK4EPPK34LXAD4OJJGV2U7', 'dark_url': 'https://d3o5xota0a1fcr.cloudfront.net/v6/charts/MFPXZUNTTNIFAJFO6HGCXYE7OIIAUUOCQAJ3EYE5RPHMWPHOVCWWUOIYUULOG4CRZ6JQDX3RMO7BVX5ZVCEDQ7DN'}",0,Mexico City,DF,Mexico,False,False,False,2013-06-11T15:26:07Z,2021-05-15T02:13:19Z,40.5,"{'id': 's4380908', 'polyline': 'eoltB`~|{QTV`@~@tC~FvDlIf@z@b@bAlCpFNf@Jj@ZtBHjAPZPPd@H', 'resource_state': 3}",151,30,0,"{'pr_elapsed_time': None, 'pr_date': None, 'pr_visibility': None, 'pr_activity_id': None, 'pr_activity_visibility': None, 'effort_count': 0}","{'kom': '3:02', 'qom': '6:50', 'overall': '3:02', 'destination': {'href': 'strava://segments/4380908/leaderboard', 'type': 'overall', 'name': 'All-Time'}}","{'athlete_id': 89147741, 'title': 'Carlos Ibarra', 'profile': 'https://dgalywyr863hv.cloudfront.net/pictures/athletes/89147741/23152344/1/large.jpg', 'effort_description': '5 efforts in the last 90 days', 'effort_count': '5', 'effort_counts': {'overall': '5 efforts', 'female': '1 effort'}, 'destination': 'strava://segments/4380908/local_legend?categories%5B%5D=overall'}"
38929945,3,Muur Sn Matteo ,Run,1432.8,7.6,16.5,2365.2,2257.0,"[19.246089, -99.117286]","[19.235001, -99.121172]",https://d3o5xota0a1fcr.cloudfront.net/v6/charts/4JBDA6IWHAG74DN4IGV7W73YLXQCPDSUJPSDPXJOJP3STWWAKNAHYW77Q6WZMFA2NCPA7PMV3O5N2IAVFFSAE3Y=,"{'light_url': 'https://d3o5xota0a1fcr.cloudfront.net/v6/charts/4JBDA6IWHAG74DN4IGV7W73YLXQCPDSUJPSDPXJOJP3STWWAKNAHYW77Q6WZMFA2NCPA7PMV3O5N2IAVFFSAE3Y=', 'dark_url': 'https://d3o5xota0a1fcr.cloudfront.net/v6/charts/B3CJ45RNWI3EFH3IL4G7BGIB2J6AEJK4XINLA2KW7THNT74RNSZAZYPQVBEOXYJL3VIJCASJLNMSOI5AKCHNMUA='}",1,,Mexico City,Mexico,False,False,False,2025-04-11T19:14:57Z,2025-04-11T19:14:57Z,108.2,"{'id': 's38929945', 'polyline': '__ntB`z}{QpAWPC`@KhAk@~Ak@|@WZ?`@P^VV`@Lb@d@b@H^jA`AdAjAXR^PLRb@VDF?DRTRDNN`@HJRNNXJx@N`A?t@F\\JVPvAh@TAf@F`@?lBEz@M`@CdBCf@Fd@PVPZDZJ|@H|@T`@RXFpAxA\\PPVPRNTd@f@', 'resource_state': 3}",70,23,1,"{'pr_elapsed_time': None, 'pr_date': None, 'pr_visibility': None, 'pr_activity_id': None, 'pr_activity_visibility': None, 'effort_count': 0}","{'kom': '6:00', 'qom': '5:28', 'overall': '5:28', 'destination': {'href': 'strava://segments/38929945/leaderboard', 'type': 'overall', 'name': 'All-Time'}}","{'athlete_id': 132894036, 'title': 'Jassiel Venegas', 'profile': 'https://dgalywyr863hv.cloudfront.net/pictures/athletes/132894036/34586701/6/large.jpg', 'effort_description': '3 efforts in the last 90 days', 'effort_count': '3', 'effort_counts': {'overall': '3 efforts', 'female': '1 effort'}, 'destination': 'strava://segments/38929945/local_legend?categories%5B%5D=overall'}"
35634344,3,casa,Run,265.2,13.4,74.1,2320.1,2277.2,"[19.242753, -99.076179]","[19.241399, -99.075341]",https://d3o5xota0a1fcr.cloudfront.net/v6/charts/S7ZZOWRKLYHAX57GW4W6KOFLMDG3KWPGLLXC4UXDPDQ5LELH67W6MXH5SLUPAUA6EQNFLZMX626D75SSKYPPE5ES,"{'light_url': 'https://d3o5xota0a1fcr.cloudfront.net/v6/charts/S7ZZOWRKLYHAX57GW4W6KOFLMDG3KWPGLLXC4UXDPDQ5LELH67W6MXH5SLUPAUA6EQNFLZMX626D75SSKYPPE5ES', 'dark_url': 'https://d3o5xota0a1fcr.cloudfront.net/v6/charts/VUQQEFPDDR5VR67WMGPG3EK34SG7F5QGZP6LGISMDEVMXYV3SDJCO5JIHXQGKZKMUC3OUJF4BHGDZY46ISRBYDOY'}",0,,Mexico City,Mexico,False,False,False,2023-10-11T14:31:37Z,2023-10-11T14:31:39Z,42.9,"{'id': 's35634344', 'polyline': 'ejmtBbyu{Q\\Cd@FPCZ@?CFAAAp@E?GRL]QXBn@AFKHAHMRIFK?GCMS_@Dg@', 'resource_state': 3}",176,12,0,"{'pr_elapsed_time': None, 'pr_date': None, 'pr_visibility': None, 'pr_activity_id': None, 'pr_activity_visibility': None, 'effort_count': 0}","{'kom': '47s', 'qom': '2:42', 'overall': '47s', 'destination': {'href': 'strava://segments/35634344/leaderboard', 'type': 'overall', 'name': 'All-Time'}}","{'athlete_id': 51095592, 'title': 'rodolfo arias', 'profile': 'https://dgalywyr863hv.cloudfront.net/pictures/athletes/51095592/16729897/3/large.jpg', 'effort_description': '4 efforts in the last 90 days', 'effort_count': '4', 'effort_counts': {'overall': '4 efforts', 'female': '1 effort'}, 'destination': 'strava://segments/35634344/local_legend?categories%5B%5D=overall'}"
33891951,3,ahualapa,Run,286.0,-1.5,3.6,2249.6,2245.2,"[19.246623, -99.068756]","[19.246626, -99.068781]",https://d3o5xota0a1fcr.cloudfront.net/v6/charts/4G7B5EFUURBTB3LDC37QUOTJ6XYRO7KY2S4GC5WH54PTQHO3WCPS3YMUSJFNEU2NIW3HZDSIZJNL2WAGYZMGXOI=,"{'light_url': 'https://d3o5xota0a1fcr.cloudfront.net/v6/charts/4G7B5EFUURBTB3LDC37QUOTJ6XYRO7KY2S4GC5WH54PTQHO3WCPS3YMUSJFNEU2NIW3HZDSIZJNL2WAGYZMGXOI=', 'dark_url': 'https://d3o5xota0a1fcr.cloudfront.net/v6/charts/R3E67FCOXIHNPFUDGNWDFPBKWFHNXNTK2AJF2YXYLLF4ZZHUELY2RN6VWJXUXIBR33WZVXWSS25EGHJ4PORJXMY='}",0,,Mexico City,Mexico,False,False,False,2023-03-06T23:41:36Z,2023-03-06T23:41:36Z,0.0,"{'id': 's33891951', 'polyline': 'kbntBvjt{Q_@jAMl@?LBHNJTDD?HGf@uATy@Da@IKe@QQXM^', 'resource_state': 3}",10440,39,0,"{'pr_elapsed_time': None, 'pr_date': None, 'pr_visibility': None, 'pr_activity_id': None, 'pr_activity_visibility': None, 'effort_count': 0}","{'kom': '47s', 'qom': '58s', 'overall': '47s', 'destination': {'href': 'strava://segments/33891951/leaderboard', 'type': 'overall', 'name': 'All-Time'}}","{'athlete_id': 155257765, 'title': 'Daniela Vanegas', 'profile': 'https://dgalywyr863hv.cloudfront.net/pictures/athletes/155257765/34684021/1/large.jpg', 'effort_description': '549 efforts in the last 90 days', 'effort_count': '549', 'effort_counts': {'overall': '549 efforts', 'female': '549 efforts'}, 'destination': 'strava://segments/33891951/local_legend?categories%5B%5D=overall'}"
37193454,3,piedra larga,Run,1358.6,11.6,28.2,2482.8,2324.6,"[19.240017, -99.067354]","[19.22873, -99.066196]",https://d3o5xota0a1fcr.cloudfront.net/v6/charts/5ZQHTSCRFI7ADURHXFQHOZRCSIBNWZITU2DYKMITSYONXWQ4T4UVRAEVDUSNA54KFM5CTGLJTI2MIPM4PJL3QHA=,"{'light_url': 'https://d3o5xota0a1fcr.cloudfront.net/v6/charts/5ZQHTSCRFI7ADURHXFQHOZRCSIBNWZITU2DYKMITSYONXWQ4T4UVRAEVDUSNA54KFM5CTGLJTI2MIPM4PJL3QHA=', 'dark_url': 'https://d3o5xota0a1fcr.cloudfront.net/v6/charts/UM37Z37VSGW2GWI2R2FKWBDFOXOD7KSPPO5SMETKFXE74KFO6B2MJD6JWFSNOD577BC4JAFDTLF4OQ2U664FRAQ='}",1,,Mexico City,Mexico,False,False,False,2024-06-26T15:53:58Z,2024-06-26T15:53:59Z,158.2,"{'id': 's37193454', 'polyline': 'ayltB~at{Qp@o@x@m@TMRCTMNQf@Yz@[XGR@XIb@AVIFIJURQRIb@q@NKh@Ud@Kn@WjAWbACnBKz@@ZAt@HP?JC`@LJ?b@Nf@LZDb@Hd@BXFXNh@Fl@d@JBXPb@LRBv@B^APEf@@l@CXDNANB^?bAE^DbABbBXN?VDbBGTB', 'resource_state': 3}",43,21,0,"{'pr_elapsed_time': None, 'pr_date': None, 'pr_visibility': None, 'pr_activity_id': None, 'pr_activity_visibility': None, 'effort_count': 0}","{'kom': '12:06', 'qom': '15:30', 'overall': '12:06', 'destination': {'href': 'strava://segments/37193454/leaderboard', 'type': 'overall', 'name': 'All-Time'}}","{'athlete_id': 51095592, 'title': 'rodolfo arias', 'profile': 'https://dgalywyr863hv.cloudfront.net/pictures/athletes/51095592/16729897/3/large.jpg', 'effort_description': '2 efforts in the last 90 days', 'effort_count': '2', 'effort_counts': {'overall': '2 efforts', 'female': None}, 'destination': 'strava://segments/37193454/local_legend?categories%5B%5D=overall'}"
33844411,3,av. campo,Run,1134.3,8.4,48.0,2415.0,2320.0,"[19.241377, -99.075298]","[19.235461, -99.077261]",https://d3o5xota0a1fcr.cloudfront.net/v6/charts/JGOXMVD3IXBHJGLCGDORQEYI7EBHXQVB5F5MGOMWQNBOK76M5U7CMLPYFDV5KBGL6UKN5FVXZG2F5T6NN4II6RXE,"{'light_url': 'https://d3o5xota0a1fcr.cloudfront.net/v6/charts/JGOXMVD3IXBHJGLCGDORQEYI7EBHXQVB5F5MGOMWQNBOK76M5U7CMLPYFDV5KBGL6UKN5FVXZG2F5T6NN4II6RXE', 'dark_url': 'https://d3o5xota0a1fcr.cloudfront.net/v6/charts/5ZV42PCMHLSFYDFFKORV7PD6LXIAQTIG7WXE6HN352IX37VVWIOJG6SCQU7INNHI2WUINRNL7C4IS7COLMYZVLZU'}",1,,Mexico City,Mexico,False,False,False,2023-02-27T15:18:24Z,2023-03-01T01:07:19Z,94.3148,"{'id': 's33844411', 'polyline': 'qamtBrsu{QI??BB`@DFA?TH^MVSPGFAJBNCZ@XCRBFELA@KFC@IAKLWRBJIXAPDFHIPDHBQB@FCFKFB?XIz@CDJ?RFDDD?FHJBFCBBRUR@@HEBELFFFENEJJ@BCDLDRALJAED@HIBKJALAFBBBFLDBFABGJ@?IT?JL@PJZf@x@^Vh@H@EFRJ@XCICEBVN`@AFEz@DL@FDL@ROIQLCBN?h@LDV@LK@EE[DYUd@?BHBJVLp@b@^H@DQLCHBPND@C@@BEA', 'resource_state': 3}",24,10,0,"{'pr_elapsed_time': None, 'pr_date': None, 'pr_visibility': None, 'pr_activity_id': None, 'pr_activity_visibility': None, 'effort_count': 0}","{'kom': '4:39', 'qom': '7:55', 'overall': '4:39', 'destination': {'href': 'strava://segments/33844411/leaderboard', 'type': 'overall', 'name': 'All-Time'}}","{'athlete_id': 31117765, 'title': 'Norma Morales', 'profile': 'https://dgalywyr863hv.cloudfront.net/pictures/athletes/31117765/9315734/1/large.jpg', 'effort_description': '1 effort in the last 90 days', 'effort_count': '1', 'effort_counts': {'overall': '1 effort', 'female': '1 effort'}, 'destination': 'strava://segments/33844411/local_legend?categories%5B%5D=overall'}"
18428821,3,Subidita :),Run,2352.3,4.7,17.0,2369.0,2257.8,"[19.249125, -99.056585]","[19.229831, -99.055132]",https://d3o5xota0a1fcr.cloudfront.net/v6/charts/EDAJ4QC2XJTMZD3U2BXMTIJ7DYUFQ6SNIET7MCEDU5AEPT6T35F7NPXMW4K4CYAPO4VWNLO7NOOCOEZWBKPLSZEX,"{'light_url': 'https://d3o5xota0a1fcr.cloudfront.net/v6/charts/EDAJ4QC2XJTMZD3U2BXMTIJ7DYUFQ6SNIET7MCEDU5AEPT6T35F7NPXMW4K4CYAPO4VWNLO7NOOCOEZWBKPLSZEX', 'dark_url': 'https://d3o5xota0a1fcr.cloudfront.net/v6/charts/UIDTXFQCDQ57QBNSFQ7JWFYQPXCX2RK6BFOFQ5YDGM7IYUWGGSYOV7U4D3KJCTDNLS5XZPHBURT33IO3LQZDFINW'}",1,Ciudad de México,Ciudad de México,Mexico,False,False,False,2018-08-04T03:08:25Z,2021-05-15T02:21:38Z,117.1,"{'id': 's18428821', 'polyline': '_rntBt~q{QDZHH~@LdAFlAMbB]hBWfBqAr@cAr@{A^a@P_@VYp@e@d@GpCsAr@a@fAe@b@Mf@EtA?v@Jv@ZlDnAhCdAfDdA`AN`@@v@Iv@UzCu@v@Uf@Kp@U|Bm@`@GTCl@BfARh@Nt@Zn@N\\NzAZ~@HbBA`BB`C\\lBd@vAd@v@L~@Bz@G`@IfBg@h@I', 'resource_state': 3}",35,21,2,"{'pr_elapsed_time': None, 'pr_date': None, 'pr_visibility': None, 'pr_activity_id': None, 'pr_activity_visibility': None, 'effort_count': 0}","{'kom': '9:20', 'qom': '19:16', 'overall': '9:20', 'destination': {'href': 'strava://segments/18428821/leaderboard', 'type': 'overall', 'name': 'All-Time'}}","{'athlete_id': 210679, 'title': 'Carlos Aguilar', 'profile': 'https://dgalywyr863hv.cloudfront.net/pictures/athletes/210679/138809/9/large.jpg', 'effort_description': '1 effort in the last 90 days', 'effort_count': '1', 'effort_counts': {'overall': '1 effort', 'female': '1 effort'}, 'destination': 'strava://segments/18428821/local_legend?categories%5B%5D=overall'}"
13663347,3,P Olivos 1v Abajo,Run,1158.9,0.0,8.2,2256.5,2245.9,"[19.249286, -99.006161]","[19.249277, -99.006154]",https://d3o5xota0a1fcr.cloudfront.net/v6/charts/5R3Y4A2NNJOVDZC2Y23U52XAD4YXVWDBTLVUR4L3TBHS6DS25DUSKZZ63Y3TFPL7MGDESDZET7VCNI7U23NLVLUK,"{'light_url': 'https://d3o5xota0a1fcr.cloudfront.net/v6/charts/5R3Y4A2NNJOVDZC2Y23U52XAD4YXVWDBTLVUR4L3TBHS6DS25DUSKZZ63Y3TFPL7MGDESDZET7VCNI7U23NLVLUK', 'dark_url': 'https://d3o5xota0a1fcr.cloudfront.net/v6/charts/5JKRSF3NN5GK6KXOZ4QTQYUHMY3Z7EYNUK2XEL2NFYOWM7N7AMDZ2DXIXWKHYIDFRP7ZXE3WLYECTJJFEOWXRCTW'}",0,Ciudad de México,Ciudad de México,Mexico,False,False,False,2016-11-17T06:26:50Z,2021-05-15T02:18:43Z,0.0,"{'id': 's13663347', 'polyline': '_sntBpch{QKBO?[QGIG_@CGIKICqA\\]FWC[KMIOi@IoCGy@SiA_AoE?GBCP?LB`@V`@LDDMxAMj@CZFPb@^VHdA`@|Bf@n@Fn@EfBSX?XDTNLLBJAD[VEHGb@IR{@t@eAr@_@JWN', 'resource_state': 3}",16157,225,4,"{'pr_elapsed_time': None, 'pr_date': None, 'pr_visibility': None, 'pr_activity_id': None, 'pr_activity_visibility': None, 'effort_count': 0}","{'kom': '3:46', 'qom': '5:06', 'overall': '3:46', 'destination': {'href': 'strava://segments/13663347/leaderboard', 'type': 'overall', 'name': 'All-Time'}}","{'athlete_id': 119482244, 'title': 'Israel Martinez', 'profile': 'https://dgalywyr863hv.cloudfront.net/pictures/athletes/119482244/28574606/1/large.jpg', 'effort_description': '102 efforts in the last 90 days', 'effort_count': '102', 'effort_counts': {'overall': '102 efforts', 'female': '42 efforts'}, 'destination': 'strava://segments/13663347/local_legend?categories%5B%5D=overall'}"
18122710,3,P Olivos Recta MayOr,Run,265.9,1.4,10.5,2253.4,2247.3,"[19.250687, -99.005684]","[19.251253, -99.00324]",https://d3o5xota0a1fcr.cloudfront.net/v6/charts/RA36TKE72M7S3KSJT477FZ4T5OW4IJ6PPSGKIUMERO3ZZMIXS7U5YW5OPWS62YEI3MCE277ZUMKDJHKK3DNG2RVK,"{'light_url': 'https://d3o5xota0a1fcr.cloudfront.net/v6/charts/RA36TKE72M7S3KSJT477FZ4T5OW4IJ6PPSGKIUMERO3ZZMIXS7U5YW5OPWS62YEI3MCE277ZUMKDJHKK3DNG2RVK', 'dark_url': 'https://d3o5xota0a1fcr.cloudfront.net/v6/charts/X4XQ36SQFFHPMK5MUJI6WNJEFSQ2ZLOK2AHI7SAVEC3NFJMD3BH4ETUJKBVMXDCRZZE6PIT6YNYEA6IN4YJIBDBM'}",0,Ciudad de México,Ciudad de México,Mexico,False,False,False,2018-07-03T06:09:57Z,2021-05-15T02:21:24Z,9.0,"{'id': 's18122710', 'polyline': 'w{ntBp`h{QMeAEk@?eA}AqH', 'resource_state': 3}",21425,380,2,"{'pr_elapsed_time': None, 'pr_date': None, 'pr_visibility': None, 'pr_activity_id': None, 'pr_activity_visibility': None, 'effort_count': 0}","{'kom': '42s', 'qom': '50s', 'overall': '42s', 'destination': {'href': 'strava://segments/18122710/leaderboard', 'type': 'overall', 'name': 'All-Time'}}","{'athlete_id': 119482244, 'title': 'Israel Martinez', 'profile': 'https://dgalywyr863hv.cloudfront.net/pictures/athletes/119482244/28574606/1/large.jpg', 'effort_description': '126 efforts in the last 90 days', 'effort_count': '126', 'effort_counts': {'overall': '126 efforts', 'female': '55 efforts'}, 'destination': 'strava://segments/18122710/local_legend?categories%5B%5D=overall'}"
13648483,3,P Olivos-UTB,Run,1038.1,0.7,9.6,2258.0,2250.4,"[19.249132, -99.006203]","[19.241925, -99.000131]",https://d3o5xota0a1fcr.cloudfront.net/v6/charts/OKHEIB2HOC5B4GYXHUMZ57UHTNAIJC5SOOTB4HJKMNJGBVLIVDXPUVV652QBR2F6FEWNZO7ZZP4CWWTXD6HDDHA=,"{'light_url': 'https://d3o5xota0a1fcr.cloudfront.net/v6/charts/OKHEIB2HOC5B4GYXHUMZ57UHTNAIJC5SOOTB4HJKMNJGBVLIVDXPUVV652QBR2F6FEWNZO7ZZP4CWWTXD6HDDHA=', 'dark_url': 'https://d3o5xota0a1fcr.cloudfront.net/v6/charts/7FTJHCPQJBBF2VZIXHXT37UBFHLZXBER4JOIBQU3J6W4EIP2ZE3T7EEACXXFI5QUUUSCD5EB6VOANWRGXN6RJNI='}",0,Ciudad de México,Ciudad de México,Mexico,False,False,False,2016-11-14T15:10:56Z,2021-05-15T02:18:43Z,11.7,"{'id': 's13648483', 'polyline': 'arntBxch{QF?HK@GTU\\UV_@j@_@VIl@W^WTc@V[j@y@fAgAXKFKt@a@JCb@WXSFA|XoUTBDGHA', 'resource_state': 3}",335,61,1,"{'pr_elapsed_time': None, 'pr_date': None, 'pr_visibility': None, 'pr_activity_id': None, 'pr_activity_visibility': None, 'effort_count': 0}","{'kom': '2:20', 'qom': '3:01', 'overall': '2:20', 'destination': {'href': 'strava://segments/13648483/leaderboard', 'type': 'overall', 'name': 'All-Time'}}","{'athlete_id': 145802499, 'title': 'Dalai Tapia', 'profile': 'https://lh3.googleusercontent.com/a/ACg8ocKG_Cru2QJhHwq5Yj2WQdOYZmV6OXkbpNlWZ0Mj93ItrV7gxg=s96-c', 'effort_description': '3 efforts in the last 90 days', 'effort_count': '3', 'effort_counts': {'overall': '3 efforts', 'female': '3 efforts'}, 'destination': 'strava://segments/13648483/local_legend?categories%5B%5D=overall'}"
30606826,3,La rampa,Run,227.3,1.6,8.1,2256.4,2252.7,"[19.247995, -99.004983]","[19.249068, -99.004]",https://d3o5xota0a1fcr.cloudfront.net/v6/charts/KEGEMKVJOT7N4I3WTGLMYARYVXQFC253GQH7H2FLV4FB7AKGABFXNVLZRRCP5VEK25BIUXRLTTKTRMBCQGUDJ2A=,"{'light_url': 'https://d3o5xota0a1fcr.cloudfront.net/v6/charts/KEGEMKVJOT7N4I3WTGLMYARYVXQFC253GQH7H2FLV4FB7AKGABFXNVLZRRCP5VEK25BIUXRLTTKTRMBCQGUDJ2A=', 'dark_url': 'https://d3o5xota0a1fcr.cloudfront.net/v6/charts/GDCSJPJUHKWFWQ2RDTCZS4Q2Y3KOSGUUOYUJY5ZQNUTWM22D3VX66TH7RLJWTAYYQVTD2QOVU53FNUAA436L7DI='}",0,Ciudad de México,Ciudad de México,Mexico,False,False,False,2021-12-19T02:02:11Z,2021-12-19T02:02:12Z,2.50037,"{'id': 's30606826', 'polyline': '}jntBd|g{QDARDLATW@OEGaAm@g@Wg@_@u@Q_@Og@O', 'resource_state': 3}",1667,81,0,"{'pr_elapsed_time': None, 'pr_date': None, 'pr_visibility': None, 'pr_activity_id': None, 'pr_activity_visibility': None, 'effort_count': 0}","{'kom': '18s', 'qom': '30s', 'overall': '18s', 'destination': {'href': 'strava://segments/30606826/leaderboard', 'type': 'overall', 'name': 'All-Time'}}","{'athlete_id': 90845629, 'title': 'hilda lopez', 'profile': 'https://lh3.googleusercontent.com/a-/AOh14Gi46aBv_4cR613Kfeg8WlJDQii9l4nYFjb8qO2lqbI=s96-c', 'effort_description': '20 efforts in the last 90 days', 'effort_count': '20', 'effort_counts': {'overall': '20 efforts', 'female': '20 efforts'}, 'destination': 'strava://segments/30606826/local_legend?categories%5B%5D=overall'}"
13663339,3,"P Olivos 1v c/Subida en ""8""",Run,1737.1,0.0,8.1,2257.3,2246.0,"[19.249344, -99.006167]","[19.249344, -99.006162]",https://d3o5xota0a1fcr.cloudfront.net/v6/charts/ZPDWVA4MUSCGYRHUOEBXBRQQMI2OJIH5JPTNOFGXBY4SGFIHYWI2A5QVP66BJYJFSCP5KEOEHKAWBOEVQTGU3UHZ,"{'light_url': 'https://d3o5xota0a1fcr.cloudfront.net/v6/charts/ZPDWVA4MUSCGYRHUOEBXBRQQMI2OJIH5JPTNOFGXBY4SGFIHYWI2A5QVP66BJYJFSCP5KEOEHKAWBOEVQTGU3UHZ', 'dark_url': 'https://d3o5xota0a1fcr.cloudfront.net/v6/charts/DCOL7LQXJE2VSNJNFIRH5ASFTSDIYUOHXR42NETPEP47ERJWAWHINBNL2IQYTWAPZWI2TVVW75ULX4QGWO6IV2UD'}",0,Ciudad de México,Ciudad de México,Mexico,False,False,False,2016-11-17T06:20:05Z,2021-05-15T02:18:43Z,11.3,"{'id': 's13663339', 'polyline': 'ksntBpch{QQ@UOMMSm@MIi@Ps@NI?i@IOGEKGOAM@u@OaAC{@K{@Mq@o@eCM{@BGHAf@Jb@JLJ@HE~@UfA?VLXJH~An@dBf@XNxABz@Gx@KPAb@HRJl@RNALMP]@GAGk@WcAi@YYo@Og@QMIgDiAMAIDED@DJTTTl@\\DJRPt@PlA@RDJJHTNTl@n@JRBFAFYXGn@QVcBjAOHWD{@\\', 'resource_state': 3}",849,56,2,"{'pr_elapsed_time': None, 'pr_date': None, 'pr_visibility': None, 'pr_activity_id': None, 'pr_activity_visibility': None, 'effort_count': 0}","{'kom': '6:43', 'qom': '9:05', 'overall': '6:43', 'destination': {'href': 'strava://segments/13663339/leaderboard', 'type': 'overall', 'name': 'All-Time'}}","{'athlete_id': 130494673, 'title': 'Luis Enrique Arenas', 'profile': 'https://dgalywyr863hv.cloudfront.net/pictures/athletes/130494673/30911152/2/large.jpg', 'effort_description': '9 efforts in the last 90 days', 'effort_count': '9', 'effort_counts': {'overall': '9 efforts', 'female': '4 efforts'}, 'destination': 'strava://segments/13663339/local_legend?categories%5B%5D=overall'}"
36910589,3,Deportivo ,Run,483.9,-0.6,12.0,2248.0,2242.7,"[19.229033, -98.993657]","[19.229055, -98.993646]",https://d3o5xota0a1fcr.cloudfront.net/v6/charts/N6KSZU23EYQ3KKCCD6XJIH4LY74AKAR2DBU26UK46PKDAJGOGRCI25IPV3XPJOC7NOQXU4Q6NCCNU5L3LE5KFUI=,"{'light_url': 'https://d3o5xota0a1fcr.cloudfront.net/v6/charts/N6KSZU23EYQ3KKCCD6XJIH4LY74AKAR2DBU26UK46PKDAJGOGRCI25IPV3XPJOC7NOQXU4Q6NCCNU5L3LE5KFUI=', 'dark_url': 'https://d3o5xota0a1fcr.cloudfront.net/v6/charts/FV4Q5XEKJTQXHPD7RDFSGS23DHZJGM7DQ7ENTEX5N6QHBUSWQBSNLVLSCDTZ6GQM4ROWJN5JHFDSGBO7WEAURDQ='}",0,,Mexico City,Mexico,False,False,False,2024-05-17T20:22:53Z,2024-05-17T20:22:53Z,0.0,"{'id': 's36910589', 'polyline': 'mtjtBjue{Qb@BLArAJNIFU?o@BQ@a@Fq@EQMIq@Ca@IKBGCaBMODMR@TIh@Ef@G\\?P@LHPf@BRFX?', 'resource_state': 3}",14506,117,0,"{'pr_elapsed_time': None, 'pr_date': None, 'pr_visibility': None, 'pr_activity_id': None, 'pr_activity_visibility': None, 'effort_count': 0}","{'kom': '1:11', 'qom': '1:30', 'overall': '1:11', 'destination': {'href': 'strava://segments/36910589/leaderboard', 'type': 'overall', 'name': 'All-Time'}}","{'athlete_id': 63731921, 'title': 'Vero Belmont', 'profile': 'https://dgalywyr863hv.cloudfront.net/pictures/athletes/63731921/26871753/4/large.jpg', 'effort_description': '165 efforts in the last 90 days', 'effort_count': '165', 'effort_counts': {'overall': '165 efforts', 'female': '165 efforts'}, 'destination': 'strava://segments/36910589/local_legend?categories%5B%5D=overall'}"
19611815,3,Centro Vocacional Ajusco,Run,444.3,14.2,28.9,2636.6,2573.7,"[19.261856, -99.197307]","[19.258934, -99.200196]",https://d3o5xota0a1fcr.cloudfront.net/v6/charts/M5QWSL5BCMTKBZHHNVTRMMAB3PAPCFAQFOUBCCYAOLP2CRERDON5LTK5DC22FT5KO5H2CMLH46MPLGCRLSDY4TEU,"{'light_url': 'https://d3o5xota0a1fcr.cloudfront.net/v6/charts/M5QWSL5BCMTKBZHHNVTRMMAB3PAPCFAQFOUBCCYAOLP2CRERDON5LTK5DC22FT5KO5H2CMLH46MPLGCRLSDY4TEU', 'dark_url': 'https://d3o5xota0a1fcr.cloudfront.net/v6/charts/NRF67BIRLMF3X6AFHWRDUF65SB5GLRCQLJ265CXAKQ2DY5MQTD5VPRIVRVFHZS4NUGHWXPE4VLFFBCU74WK5ITBC'}",0,Ciudad de México,Ciudad de México,Mexico,False,False,False,2019-01-04T17:18:59Z,2021-05-15T02:22:28Z,62.9,"{'id': 's19611815', 'polyline': 'qaqtBdnm|QdClCfBzA\\f@n@r@hAbAv@~@rBfBTN', 'resource_state': 3}",1100,161,0,"{'pr_elapsed_time': None, 'pr_date': None, 'pr_visibility': None, 'pr_activity_id': None, 'pr_activity_visibility': None, 'effort_count': 0}","{'kom': '2:33', 'qom': '3:44', 'overall': '2:33', 'destination': {'href': 'strava://segments/19611815/leaderboard', 'type': 'overall', 'name': 'All-Time'}}","{'athlete_id': 146259786, 'title': 'Eden Martinez', 'profile': 'https://graph.facebook.com/9068224119870325/picture?height=256&width=256', 'effort_description': '9 efforts in the last 90 days', 'effort_count': '9', 'effort_counts': {'overall': '9 efforts', 'female': '4 efforts'}, 'destination': 'strava://segments/19611815/local_legend?categories%5B%5D=overall'}"
28814941,3,"el segmento del Rafa, el original",Run,1050.5,13.0,37.5,2659.8,2523.0,"[19.280559, -99.214587]","[19.272763, -99.21784]",https://d3o5xota0a1fcr.cloudfront.net/v6/charts/EIYZMKDD4WNV4AQBZFLQYKHSF6OS6ZFHTFTWVRHMAAQ2WWYZZWZJVCOTBASRRUAZ4JHXKQPP4VCKFYEKSMNK6SY=,"{'light_url': 'https://d3o5xota0a1fcr.cloudfront.net/v6/charts/EIYZMKDD4WNV4AQBZFLQYKHSF6OS6ZFHTFTWVRHMAAQ2WWYZZWZJVCOTBASRRUAZ4JHXKQPP4VCKFYEKSMNK6SY=', 'dark_url': 'https://d3o5xota0a1fcr.cloudfront.net/v6/charts/FXLHSXJ4PWEO3ZMK4KQRGEFP2OCBE332SATV5MVUCM4HLQPB5OFFF25KU5JX3CLW7OBXQDC64HQHENJ3WQVXJMI='}",1,Ciudad de México,Ciudad de México,Mexico,False,False,False,2021-06-14T19:53:45Z,2021-06-14T19:53:45Z,136.8,"{'id': 's28814941', 'polyline': 'mvttBdzp|QXJTCZDTAj@Qd@Bj@ATOLAZ@j@FP@~@U|ARRIrCALELMLEt@ERNHBJHDPLNHVf@x@Pj@Ln@\\^Rl@d@r@HFDJABA?AADALDPPHNt@`@n@XVPVZ^N\\?b@VXBPR@AZLVXb@ZXF^DLDJNP?JD', 'resource_state': 3}",60,23,0,"{'pr_elapsed_time': None, 'pr_date': None, 'pr_visibility': None, 'pr_activity_id': None, 'pr_activity_visibility': None, 'effort_count': 0}","{'kom': '8:37', 'qom': '13:05', 'overall': '8:37', 'destination': {'href': 'strava://segments/28814941/leaderboard', 'type': 'overall', 'name': 'All-Time'}}","{'athlete_id': 69591099, 'title': 'El Yisus Clemente', 'profile': 'https://dgalywyr863hv.cloudfront.net/pictures/athletes/69591099/17141274/1/large.jpg', 'effort_description': '1 effort in the last 90 days', 'effort_count': '1', 'effort_counts': {'overall': '1 effort', 'female': None}, 'destination': 'strava://segments/28814941/local_legend?categories%5B%5D=overall'}"
6716840,3,Alhelíes Climb,Run,754.9,6.1,16.0,2722.3,2676.6,"[19.269249, -99.214021]","[19.268062, -99.220456]",https://d3o5xota0a1fcr.cloudfront.net/v6/charts/YMBLKZHPOLJMWILLILQB7YBTNTBSIOMWMGODWRLTOF4XQTWP55GIUL56LEI57S4QVESD66GBNNBOCG3FBSRZLQQ=,"{'light_url': 'https://d3o5xota0a1fcr.cloudfront.net/v6/charts/YMBLKZHPOLJMWILLILQB7YBTNTBSIOMWMGODWRLTOF4XQTWP55GIUL56LEI57S4QVESD66GBNNBOCG3FBSRZLQQ=', 'dark_url': 'https://d3o5xota0a1fcr.cloudfront.net/v6/charts/ZV2V5FFQ35L3YD6AAQLBZQVOCIZXDGBILA4YSOOEDKS7OES7ORJDLQPGU5YJBOX2HEBL5CUB75TWZUBTGKFOECA='}",0,Mexico City,D.F.,Mexico,False,False,False,2014-02-21T14:49:11Z,2021-05-15T02:14:43Z,46.2,"{'id': 's6716840', 'polyline': 'wortBtvp|Q@DGf@Sn@?TIJATGP@XDHMTMb@XVLNDN@DETFZBJPPBTNX?TEP\\b@@LENBTBB?PLTLH@TL^NN@RTh@ALBTJVD\\HH?ZJ^?ZBJJF?JDJC`@FRBr@BJKp@BN?\\DRNZFX', 'resource_state': 3}",259,66,0,"{'pr_elapsed_time': None, 'pr_date': None, 'pr_visibility': None, 'pr_activity_id': None, 'pr_activity_visibility': None, 'effort_count': 0}","{'kom': '2:08', 'qom': '4:17', 'overall': '2:08', 'destination': {'href': 'strava://segments/6716840/leaderboard', 'type': 'overall', 'name': 'All-Time'}}","{'athlete_id': 59667586, 'title': 'Cavernario Volador', 'profile': 'https://dgalywyr863hv.cloudfront.net/pictures/athletes/59667586/31594831/9/large.jpg', 'effort_description': '5 efforts in the last 90 days', 'effort_count': '5', 'effort_counts': {'overall': '5 efforts', 'female': '1 effort'}, 'destination': 'strava://segments/6716840/local_legend?categories%5B%5D=overall'}"
28814473,3,"el segmento del Rafa, pero de reversa sasa",Run,1020.5,-12.4,0.0,2634.0,2507.0,"[19.272745, -99.217839]","[19.280581, -99.214599]",https://d3o5xota0a1fcr.cloudfront.net/v6/charts/Z55ILJNHTT4TPYTP5SDL5DIMQWLAVYI4CVWDRJECMUTDSWVLYTVZX6UKEZPPZ5JSNFPBU3BOPGVUD7SK2S7IRGPH,"{'light_url': 'https://d3o5xota0a1fcr.cloudfront.net/v6/charts/Z55ILJNHTT4TPYTP5SDL5DIMQWLAVYI4CVWDRJECMUTDSWVLYTVZX6UKEZPPZ5JSNFPBU3BOPGVUD7SK2S7IRGPH', 'dark_url': 'https://d3o5xota0a1fcr.cloudfront.net/v6/charts/U6MS24AME4RRLESANFIKCBHJY65OUQEPCZOKI7SP32PLIFOYNDA7KMGXNNWQUUBUFQC2YRSP6YQW27BRUJU2BDO7'}",0,Ciudad de México,Ciudad de México,Mexico,False,False,False,2021-06-14T19:15:23Z,2021-06-14T19:15:24Z,0.0,"{'id': 's28814473', 'polyline': 'sestBnnq|Qc@Ee@O}@g@aBm@s@e@{@a@m@Ss@]a@KSMSYUQUWw@eAUe@c@wAWq@k@kAa@q@QOSCmAX_AB_AA{E\\uB@qCTe@AWK', 'resource_state': 3}",47,15,0,"{'pr_elapsed_time': None, 'pr_date': None, 'pr_visibility': None, 'pr_activity_id': None, 'pr_activity_visibility': None, 'effort_count': 0}","{'kom': '2:08', 'qom': '11:46', 'overall': '2:08', 'destination': {'href': 'strava://segments/28814473/leaderboard', 'type': 'overall', 'name': 'All-Time'}}","{'athlete_id': 113125988, 'title': 'Héktôr Martínez', 'profile': 'https://graph.facebook.com/3416316958652432/picture?height=256&width=256', 'effort_description': '1 effort in the last 90 days', 'effort_count': '1', 'effort_counts': {'overall': '1 effort', 'female': None}, 'destination': 'strava://segments/28814473/local_legend?categories%5B%5D=overall'}"
30421870,3,Vuelta a pista Parque Ecológico de la Cdmx,Run,3239.6,0.1,12.8,2702.4,2645.0,"[19.26342, -99.204085]","[19.263326, -99.204185]",https://d3o5xota0a1fcr.cloudfront.net/v6/charts/JV5LDJXVGMFUBFYYYVC5YNB3T6Y3MTOYW5JFKWDNR6RD4ITOA4WFM4VOFB2QQY5TEVYSSNY5GGVF5MFPNDFWJAY=,"{'light_url': 'https://d3o5xota0a1fcr.cloudfront.net/v6/charts/JV5LDJXVGMFUBFYYYVC5YNB3T6Y3MTOYW5JFKWDNR6RD4ITOA4WFM4VOFB2QQY5TEVYSSNY5GGVF5MFPNDFWJAY=', 'dark_url': 'https://d3o5xota0a1fcr.cloudfront.net/v6/charts/7MJLV6T7N4T36QQMFQYANKMSSE4XE7VS3AMGQILLUXF23V3HX5O52HED37BEP2DJXLW5VFFDM3K6W5R2YE4YE2Y='}",0,Ciudad de México,Ciudad de México,Mexico,False,False,False,2021-11-18T00:46:25Z,2021-11-18T00:46:26Z,57.4,"{'id': 's30421870', 'polyline': 'kkqtBpxn|QdA}@l@}@f@g@dBaCj@e@fAsAfBgBv@m@pAq@zB{@fB{@p@WHGhBq@`EoBh@M`Ae@XUl@QlBy@~Ag@bAk@d@Q^YXg@b@e@L]ZcBPmD`@wAt@yAR[RSLQt@s@TKNQCMD@HR]d@_BbBOVKZ[f@St@Ip@I`@CDGv@?`@UtA[jAQ`@K\\OTk@^]Lg@HiAl@]FmBv@]ReBx@sA^wAl@u@`@qDxASNaA`@kA`@iAh@WPwAj@SNUTu@l@c@j@m@h@eCjCi@|@m@r@q@bAe@d@c@l@IF?A', 'resource_state': 3}",387,24,0,"{'pr_elapsed_time': None, 'pr_date': None, 'pr_visibility': None, 'pr_activity_id': None, 'pr_activity_visibility': None, 'effort_count': 0}","{'kom': '15:12', 'qom': '16:13', 'overall': '15:12', 'destination': {'href': 'strava://segments/30421870/leaderboard', 'type': 'overall', 'name': 'All-Time'}}","{'athlete_id': 158533178, 'title': 'Jessica Salazar Barrera', 'profile': 'https://dgalywyr863hv.cloudfront.net/pictures/athletes/158533178/35394725/1/large.jpg', 'effort_description': '9 efforts in the last 90 days', 'effort_count': '9', 'effort_counts': {'overall': '9 efforts', 'female': '9 efforts'}, 'destination': 'strava://segments/30421870/local_legend?categories%5B%5D=overall'}"
29350636,3,pollo trail 21k,Run,19887.9,-0.0,49.5,3123.0,2686.0,"[19.26818, -99.213331]","[19.26828, -99.213491]",https://d3o5xota0a1fcr.cloudfront.net/v6/charts/7G5T55AYSUMPRKSUOUM2MU55MHA2CJ5NFIBPDQLDVWBWDN2LHASUCQQ3S4Z2RXWBNUCXUOUII5VWPHOADSYWZMWK,"{'light_url': 'https://d3o5xota0a1fcr.cloudfront.net/v6/charts/7G5T55AYSUMPRKSUOUM2MU55MHA2CJ5NFIBPDQLDVWBWDN2LHASUCQQ3S4Z2RXWBNUCXUOUII5VWPHOADSYWZMWK', 'dark_url': 'https://d3o5xota0a1fcr.cloudfront.net/v6/charts/PI2U6DWKGQPSZOAGQLYZXGB3TGAO3ARA67VAIBP5NNWRILP3A5Z4UPUY5QIEHJZGKTLN5WXYEOR7OX2STQII2PC5'}",0,Ciudad de México,Ciudad de México,Mexico,False,False,False,2021-08-02T01:28:59Z,2021-08-02T01:29:00Z,1094.0,"{'id': 's29350636', 'polyline': 'cirtBjrp|Qf@o@bCyEp@aANEVBr@`@NLT\\h@TFNP|@JNDTFN^XLBPHZBRPDFd@nA\\h@\\Xp@x@PHTVRLDJBRDDTFVNLNJVHHTJh@LVNt@TVTNT?FEb@BJHLf@Zj@NDBXVx@lAFDj@F`@Tp@Pp@^LPd@h@RZRPHLTv@AFc@n@?TPl@RZHFj@PRTHBVCj@MRAL@NRNd@NTh@Lj@n@DNAH[j@U\\EL?FHNXNLPXt@NRHPDRAHCDO@w@MGEYSGCk@@_@POBQAa@KI?SH]VeAd@gAOWBMJCPJ^Gp@DlALHd@FVDZ?DDH\\HDCAIKAKDG|Bb@|@BPHlBJTJp@@NBPLLCJDTCL?f@P^BLFL?PIJBh@@r@T\\PP@^A`@H`@Bp@RtADh@HX@^HRLb@Fz@XpBELELKHM?IEQWSEQA{@Pk@Ay@@MN]De@RQTq@FCD?DBPXb@`@d@|@j@\\`@Hj@h@HFr@NLCT[r@g@NGPAf@Fr@C`@NNDPP^FHHPDFFL\\V^Vd@BTJPFVCN?\\BFNFXHf@AJBHFT@ZKR@LG`@EZSFMRE`@YHCDKd@ENW@IJIJYLO?KUg@WiAAo@Im@Eg@@YEa@A]@IJ_@TCJBNIPCNXNBFDJBDJ@NTHVZN\\RR^RPNP^VFN?THZBh@?g@?u@Ec@IIBANFd@HPD?@FF@?JNFF\\EJDTAJ@FCRBVRV?LELFLHBAXa@l@s@d@IPUHIJM?SF_@?IFWd@[BIL@LGXWLMNG?a@IQFK?YPO`@]n@ENANDVCXDXOX@THd@AJK`@?TDFLJxAd@LBJENSDCJGTANGLOXCLG`@C\\BRHFZ@HIVCNJdA?r@FVTFD?ZYVGTOXGTf@\\`@Pd@FCBKJEDILCPJRCr@JJDT?ZH@PB@FIJCz@HHAJc@GKAMB]P_@FWXc@PIJ@DHFBh@OLMD?\\VZFPJLN\\p@x@XP@HCFQFiA?s@XoCA[Ei@CGECgBHq@IaAB]COUKa@A]E]F_@AUQo@ME_@J]FaAd@oBR_@Pk@FOAKIIe@Sg@?SCIU[?SHKBOMCIGDMAMOIYG_@CGE?CLIFMROLEP?BCCCBCPGTCf@a@`@UV[^{@BUJ[B]CYEAUDEUF_AGc@Da@Cc@FUMuAFMn@QPMLATBFGDAv@\\^^NFVRZJFALYf@YLCPOXEDE?EIO_@[SWc@a@iAgCm@i@iAm@eBmAu@a@UIa@Y_By@s@Q]WaAa@SMUEc@Fa@Ew@a@w@Sg@g@EI?KBK^o@DWEWg@w@EI?KFS`@_@LQ^}@Za@HSD_@GWW]AODUPc@X]d@[FALBDOPMH[Jy@HIHAXJ`AEDPNLHRBRBF`@RPZJ?PI@E@SH[AODAqBiGH?JIPYDWJMJGt@ULK^eAVc@Ji@NUx@e@`@KPWDCL?TJf@D^Jp@@F@Xb@Rf@`ApA`@p@j@\\Af@BP\\t@@h@Vl@Gr@BZFLVVHd@Rl@f@x@NJ`@NXTZNp@Nh@Rn@Jd@XXA^B^LF??MGIIGSEAC@MXMAGMGCCJWDY`@Mz@EN@\\Md@KTKXQVg@v@eAXm@Hg@AcBCg@IMg@kAY_@Q]Kk@Wg@IYKSKa@]c@KsAQy@?]GGOIIFQb@WhASFKJo@tAQXWR]^G@GCQe@ODOLUFOPQFa@TGHKDU^UTQd@GFC?AEGeAIUIi@U_@Qy@Iu@Me@KOOA{@Ne@LWTYDQCIM{@?u@MYSUW[s@CUD]J[Fq@Ac@@]G_ABiADa@IgA@k@QgAIiAE_DEc@LoCCkANeAEc@Dc@?a@KcA?UBWFY@k@BMV[AGUWAK@m@IoA?s@IQEWDyAJiAA[Mw@Ia@EMKIME[CgADw@JK?OQw@mBEE]MMMEUBKPQRKl@GJGDKUe@Mo@@}AG_@OW_@WOQa@}@C[AUCGKKOCwABGCAEFYCAe@FcA?c@Fe@EEAACHY@GE?YV[h@e@xA?^Lj@DXBJ\\p@Fd@Op@@n@OfAS|@k@~AORm@Za@f@g@b@_EfBo@TWDm@De@E}@Fg@Km@Bo@F}@Zw@j@e@r@YRKTMf@[j@Ib@Ub@SRm@\\QRgA`@qBJ}@JIDDPCRNN@HJP?LFXf@h@JTFDLv@Vl@Fh@R`@FV?VBRNNTHT^?RFt@d@hA?\\@J\\h@NJTHXVv@ZLHLPLh@FPBV`@h@Rn@P^TVN\\RRT\\BPDJBRCXHb@N\\@JGP@z@K`@@VIV[TABB\\EXFd@?JGV?RSb@Mb@S`@K|@Bp@J`@K^DfAJVF\\Bj@BLPPLXNVDJ@RAn@ETGPg@n@EN@NXZJVDPAJ[l@GZTxBLx@B^IPc@b@EPEZWt@EDYFU@]Ew@k@OOU_AIQGCk@Ig@Sk@ISQ[g@QMQI_@Gs@a@]GUSk@[OMe@M_@[_@c@c@Ks@IiA[UKWUg@WW[e@u@_@y@][Q]o@c@e@k@[OKQWWk@WMMYw@_@a@[g@GOGIQ_@Uw@GoAMe@C_@Oo@Ks@EKUU[SOYMOa@OSQ[QGGOWSS]MWCGC]Wa@_@W[o@yA[Yg@eAMOQIK?UNa@d@o@l@eAvAq@l@_@j@u@n@{@Zu@`@y@XsAXq@Hq@Rq@L[LYRm@p@SZcDnG{@xAw@`B]d@UL', 'resource_state': 3}",17,16,0,"{'pr_elapsed_time': None, 'pr_date': None, 'pr_visibility': None, 'pr_activity_id': None, 'pr_activity_visibility': None, 'effort_count': 0}","{'kom': '2:19:48', 'qom': '3:35:01', 'overall': '2:19:48', 'destination': {'href': 'strava://segments/29350636/leaderboard', 'type': 'overall', 'name': 'All-Time'}}",
19786057,3,ruta del teporingo,Run,447.0,3.3,28.7,2564.6,2547.7,"[19.259251, -99.192588]","[19.255229, -99.192293]",https://d3o5xota0a1fcr.cloudfront.net/v6/charts/6GRHC5K3OWYISFZFMMVJLBT5YYX4MUVKGIHPK6NH6GRDRFC6CDBT6RZ6HHYPOQHTJDN47MMIZGPCXOV3HKPUCNVJ,"{'light_url': 'https://d3o5xota0a1fcr.cloudfront.net/v6/charts/6GRHC5K3OWYISFZFMMVJLBT5YYX4MUVKGIHPK6NH6GRDRFC6CDBT6RZ6HHYPOQHTJDN47MMIZGPCXOV3HKPUCNVJ', 'dark_url': 'https://d3o5xota0a1fcr.cloudfront.net/v6/charts/24DAHBOOMWY2G7LX46WPXKMV5CGAHS72PSDDBWBIISIFCAB7WKVGXFHAIMHRYVRKIAIT63HC3XZVIWQBAYNW4JJ2'}",0,Ciudad de México,Ciudad de México,Mexico,False,False,False,2019-01-31T16:47:20Z,2021-05-15T02:22:34Z,16.9,"{'id': 's19786057', 'polyline': 'iqptBtpl|QxAKl@?vHUn@?XCr@@`ACrBOp@A', 'resource_state': 3}",766,99,2,"{'pr_elapsed_time': None, 'pr_date': None, 'pr_visibility': None, 'pr_activity_id': None, 'pr_activity_visibility': None, 'effort_count': 0}","{'kom': '1:59', 'qom': '2:53', 'overall': '1:59', 'destination': {'href': 'strava://segments/19786057/leaderboard', 'type': 'overall', 'name': 'All-Time'}}","{'athlete_id': 97623419, 'title': 'José Manuel Borja Zamora', 'profile': 'https://lh3.googleusercontent.com/a/ACg8ocLfBic4TXRHRJYCVVcBiU5XHfsb7bts5Gdua9nvMyj7X2WgikiA=s96-c', 'effort_description': '24 efforts in the last 90 days', 'effort_count': '24', 'effort_counts': {'overall': '24 efforts', 'female': '1 effort'}, 'destination': 'strava://segments/19786057/local_legend?categories%5B%5D=overall'}"
19786050,3,Camino verde,Run,329.8,7.7,25.2,2540.3,2515.0,"[19.262753, -99.190989]","[19.260054, -99.192262]",https://d3o5xota0a1fcr.cloudfront.net/v6/charts/DLRUVFPCTULYKWYAVWGZO3YQLLHVRCQZJLKM5FWVJ6GBE32ZERHFZGJXIDT7T4USXI4QAWDNZR5WQHKX33O67T53,"{'light_url': 'https://d3o5xota0a1fcr.cloudfront.net/v6/charts/DLRUVFPCTULYKWYAVWGZO3YQLLHVRCQZJLKM5FWVJ6GBE32ZERHFZGJXIDT7T4USXI4QAWDNZR5WQHKX33O67T53', 'dark_url': 'https://d3o5xota0a1fcr.cloudfront.net/v6/charts/HLV7QK7AVWRL5RSKK67UEOTQDUXIFJPZS7HD2AYFHYM4AD2OWDGSCJHFIG4UEIR7Z5JF6HBZASCSEP2I73UDTQFN'}",0,Ciudad de México,Ciudad de México,Mexico,False,False,False,2019-01-31T16:46:19Z,2021-05-15T02:22:34Z,25.3,"{'id': 's19786050', 'polyline': 'egqtBtfl|QJHRHx@JvAx@bA\\`B`@lAn@~Af@TL', 'resource_state': 3}",206,52,1,"{'pr_elapsed_time': None, 'pr_date': None, 'pr_visibility': None, 'pr_activity_id': None, 'pr_activity_visibility': None, 'effort_count': 0}","{'kom': '1:36', 'qom': '2:20', 'overall': '1:36', 'destination': {'href': 'strava://segments/19786050/leaderboard', 'type': 'overall', 'name': 'All-Time'}}","{'athlete_id': 146259786, 'title': 'Eden Martinez', 'profile': 'https://graph.facebook.com/9068224119870325/picture?height=256&width=256', 'effort_description': '10 efforts in the last 90 days', 'effort_count': '10', 'effort_counts': {'overall': '10 efforts', 'female': None}, 'destination': 'strava://segments/19786050/local_legend?categories%5B%5D=overall'}"
2109061,3,a Del Rosal Climb,Run,1711.93,5.4,12.3,2394.1,2300.9,"[19.2765433, -99.1669577]","[19.2628842, -99.1727088]",https://d3o5xota0a1fcr.cloudfront.net/v6/charts/GWEQAA4YQCOPTXGTQ2KLND2MTO2GJMNHDQITERYIEL5P34F6552KAG3DM4N5PUE6KTVSQGXBEAG7GSNJAYIVDTQ=,"{'light_url': 'https://d3o5xota0a1fcr.cloudfront.net/v6/charts/GWEQAA4YQCOPTXGTQ2KLND2MTO2GJMNHDQITERYIEL5P34F6552KAG3DM4N5PUE6KTVSQGXBEAG7GSNJAYIVDTQ=', 'dark_url': 'https://d3o5xota0a1fcr.cloudfront.net/v6/charts/JSYRH5N473MCTIODICN6KKERMIJEWZM5MXQD2IGVXZI2DDOJ27FN7Y7NHMDDR4WMR26NT2QUJRRREHOIOMCW3DA='}",1,Coyacán,D.F.,Mexico,False,False,False,2012-08-13T14:06:53Z,2021-05-15T02:12:21Z,93.198,"{'id': 's2109061', 'polyline': 'k}stBnpg|Qd@X~@Zl@BfAZR@^TPDNJvAj@vBl@XAh@E`Bq@j@E\\@d@HNAHCLWNOb@Mb@GPCz@Rz@^ZHj@ZRBTJr@^PPdAl@PFdFhCPDZPvB~@p@`@~@r@VNl@P|Ax@LJRDr@Xp@^p@VRLn@XNLnAv@f@RbAh@fAt@xApAr@h@HBl@K', 'resource_state': 3}",338,250,2,"{'pr_elapsed_time': None, 'pr_date': None, 'pr_visibility': None, 'pr_activity_id': None, 'pr_activity_visibility': None, 'effort_count': 0}","{'kom': '7:55', 'qom': '10:31', 'overall': '7:55', 'destination': {'href': 'strava://segments/2109061/leaderboard', 'type': 'overall', 'name': 'All-Time'}}","{'athlete_id': 144820164, 'title': 'Paulina Villarreal', 'profile': 'avatar/athlete/large.png', 'effort_description': '1 effort in the last 90 days', 'effort_count': '1', 'effort_counts': {'overall': '1 effort', 'female': '1 effort'}, 'destination': 'strava://segments/2109061/local_legend?categories%5B%5D=overall'}"
11111486,3,blvd fuentes,Run,2289.2,-0.1,9.5,2384.0,2336.0,"[19.281192, -99.187032]","[19.281155, -99.187033]",https://d3o5xota0a1fcr.cloudfront.net/v6/charts/KQMJN5HKQYA324MM7ZI5TQOTOHD3VPIYQVJ47XO6VWEPBTOLXSOEIQ3P6TEAOBDDNYER5JHYIAZPFOE7662WTESZ,"{'light_url': 'https://d3o5xota0a1fcr.cloudfront.net/v6/charts/KQMJN5HKQYA324MM7ZI5TQOTOHD3VPIYQVJ47XO6VWEPBTOLXSOEIQ3P6TEAOBDDNYER5JHYIAZPFOE7662WTESZ', 'dark_url': 'https://d3o5xota0a1fcr.cloudfront.net/v6/charts/IFXC6HJOM3VRETLEY2QN27GCHKSWID2GQOBKB57X2OTXRQ3QGSGHEQEEBOVGZOE6QUY6YMU43D6TC5ABHWT3UYMQ'}",0,Ciudad de México,Distrito Federal,Mexico,False,False,False,2015-12-30T07:59:22Z,2021-05-15T02:17:22Z,46.6,"{'id': 's11111486', 'polyline': 'mzttB~mk|Qu@mAa@c@mAeBUWu@aA_@Q_BWMEu@Kg@Qk@c@]eAGi@Iy@GkCIm@[s@y@sAm@u@aAaB}AqBsAaAoAq@uCkBQCe@Aa@JkAPH?f@M^Mb@Ab@D`Ab@\\TvBfAfBbAb@^R`@b@r@|AtBzAjCPb@PfADzBJvAJb@N\\X`@XPb@NxB\\`A^nAlAj@n@j@bAxAtB', 'resource_state': 3}",1326,98,0,"{'pr_elapsed_time': None, 'pr_date': None, 'pr_visibility': None, 'pr_activity_id': None, 'pr_activity_visibility': None, 'effort_count': 0}","{'kom': '9:10', 'qom': '11:30', 'overall': '9:10', 'destination': {'href': 'strava://segments/11111486/leaderboard', 'type': 'overall', 'name': 'All-Time'}}","{'athlete_id': 101952278, 'title': 'Miguel Ambrocio', 'profile': 'https://graph.facebook.com/4115258291867281/picture?height=256&width=256', 'effort_description': '35 efforts in the last 90 days', 'effort_count': '35', 'effort_counts': {'overall': '35 efforts', 'female': '1 effort'}, 'destination': 'strava://segments/11111486/local_legend?categories%5B%5D=overall'}"
19647326,3,Vuelta a la pluma,Run,568.0,0.0,23.4,2398.0,2379.9,"[19.264267, -99.176871]","[19.264266, -99.176849]",https://d3o5xota0a1fcr.cloudfront.net/v6/charts/I3ZBGVGZVMJLM3E7VJGG5WAU2NUKYO3W46F53B3OGE47VXFXJEO3SFXXV4EFIIWLQTR5DLL7MPFHY3EQJYG2BWI=,"{'light_url': 'https://d3o5xota0a1fcr.cloudfront.net/v6/charts/I3ZBGVGZVMJLM3E7VJGG5WAU2NUKYO3W46F53B3OGE47VXFXJEO3SFXXV4EFIIWLQTR5DLL7MPFHY3EQJYG2BWI=', 'dark_url': 'https://d3o5xota0a1fcr.cloudfront.net/v6/charts/BPRPJC3U26I4DMKPHO24SLWAJZD47MN46GV2TF4RU25JNJUVJJKQZVUNU57TTT2N4ITQPH62TEFQNHX5GK4VUII='}",0,Ciudad de México,Ciudad de México,Mexico,False,False,False,2019-01-09T15:29:13Z,2021-05-15T02:22:29Z,18.1,"{'id': 's19647326', 'polyline': 'spqtBnni|Qz@T^FDD@H@z@OfDEZBhACx@CTIBM?q@OUOEM?_@ESAYBkBVoDAUFc@', 'resource_state': 3}",126,29,0,"{'pr_elapsed_time': None, 'pr_date': None, 'pr_visibility': None, 'pr_activity_id': None, 'pr_activity_visibility': None, 'effort_count': 0}","{'kom': '2:37', 'qom': '2:52', 'overall': '2:37', 'destination': {'href': 'strava://segments/19647326/leaderboard', 'type': 'overall', 'name': 'All-Time'}}","{'athlete_id': 46300487, 'title': 'Juan Sandoval', 'profile': 'https://graph.facebook.com/10157627964053323/picture?height=256&width=256', 'effort_description': '18 efforts in the last 90 days', 'effort_count': '18', 'effort_counts': {'overall': '18 efforts', 'female': '13 efforts'}, 'destination': 'strava://segments/19647326/local_legend?categories%5B%5D=overall'}"
39169666,3,Camino al xitle de (Tlalpuente hasta el PECDMX),Run,1435.5,5.2,22.9,2550.6,2475.2,"[19.25359, -99.180349]","[19.253246, -99.192667]",https://d3o5xota0a1fcr.cloudfront.net/v6/charts/PGWBAQYYG337KXLVCDIFWQHLTUO3O27LDLHN3YPAEEMSEYLKJT7JIMIPQEZQQCJ5IFZK2423YTJMG6WRTR5GUHGD,"{'light_url': 'https://d3o5xota0a1fcr.cloudfront.net/v6/charts/PGWBAQYYG337KXLVCDIFWQHLTUO3O27LDLHN3YPAEEMSEYLKJT7JIMIPQEZQQCJ5IFZK2423YTJMG6WRTR5GUHGD', 'dark_url': 'https://d3o5xota0a1fcr.cloudfront.net/v6/charts/YPKSP2RSJ6JW32K23X3RC4SQPW6IT2ICEIA2PYE346MLPHWMKNX247OB27FN354XJDFQASJ6YA5BC4NC2O7W2CTQ'}",0,,Mexico City,Mexico,False,False,False,2025-05-13T19:37:39Z,2025-05-13T19:37:39Z,75.4,"{'id': 's39169666', 'polyline': '}motBddj|QTtA\\lAH\\B\\CtAE`@a@vAE^ILGV@j@F^Cl@?pBJbAJb@L\\LPLXHJh@dAPVl@n@XTz@d@RR`@b@LXFVE\\IVMVCPIt@EnAFl@Tb@Vx@@VMx@@l@Ff@CRCdAM^W^[jAYx@w@v@SZITGPDnAe@pBWp@]`@', 'resource_state': 3}",472,50,0,"{'pr_elapsed_time': None, 'pr_date': None, 'pr_visibility': None, 'pr_activity_id': None, 'pr_activity_visibility': None, 'effort_count': 0}","{'kom': '7:51', 'qom': '10:51', 'overall': '7:51', 'destination': {'href': 'strava://segments/39169666/leaderboard', 'type': 'overall', 'name': 'All-Time'}}","{'athlete_id': 97623419, 'title': 'José Manuel Borja Zamora', 'profile': 'https://lh3.googleusercontent.com/a/ACg8ocLfBic4TXRHRJYCVVcBiU5XHfsb7bts5Gdua9nvMyj7X2WgikiA=s96-c', 'effort_description': '19 efforts in the last 90 days', 'effort_count': '19', 'effort_counts': {'overall': '19 efforts', 'female': '3 efforts'}, 'destination': 'strava://segments/39169666/local_legend?categories%5B%5D=overall'}"
17604807,3,Vuelta a la cancha deportivo ,Run,241.6,0.0,11.0,2370.6,2365.2,"[19.268176, -99.176372]","[19.26816, -99.176368]",https://d3o5xota0a1fcr.cloudfront.net/v6/charts/5TDTNA5OLKBHAA24SN5R4ZT4WKFVBPWPT24DIHOFQNODEVAS7FPS7NKBBK2MT45CAWEMLXC3R5VDIMFB2FZMK33J,"{'light_url': 'https://d3o5xota0a1fcr.cloudfront.net/v6/charts/5TDTNA5OLKBHAA24SN5R4ZT4WKFVBPWPT24DIHOFQNODEVAS7FPS7NKBBK2MT45CAWEMLXC3R5VDIMFB2FZMK33J', 'dark_url': 'https://d3o5xota0a1fcr.cloudfront.net/v6/charts/WYRAMA2V7Z3AWVEI2PNCEAKFQYEKUKCHXSTUKJ6YOB7L4PJA3S4QJLB4HFQ3TETLAZUX7GVGPVKGCUDCIGY7BDNI'}",0,Ciudad de México,Ciudad de México,Mexico,False,False,False,2018-05-08T16:04:13Z,2021-05-15T02:21:02Z,3.9,"{'id': 's17604807', 'polyline': 'airtBjki|QG`@BJFDn@Db@?RDFABEFgA?OCCuAGQ@IDCDCZ', 'resource_state': 3}",5233,51,1,"{'pr_elapsed_time': None, 'pr_date': None, 'pr_visibility': None, 'pr_activity_id': None, 'pr_activity_visibility': None, 'effort_count': 0}","{'kom': '49s', 'qom': '40s', 'overall': '40s', 'destination': {'href': 'strava://segments/17604807/leaderboard', 'type': 'overall', 'name': 'All-Time'}}","{'athlete_id': 169965250, 'title': 'Luis Olmedo', 'profile': 'https://lh3.googleusercontent.com/a/ACg8ocJWo8mVluV4kCs0UXmjAlqFuyBeNnLYnL6vBacrhLhcV7cZFFSUjA=s96-c', 'effort_description': '88 efforts in the last 90 days', 'effort_count': '88', 'effort_counts': {'overall': '88 efforts', 'female': '43 efforts'}, 'destination': 'strava://segments/17604807/local_legend?categories%5B%5D=overall'}"
19480132,3,pista la Alfombra,Run,294.0,-0.0,14.7,2426.5,2416.5,"[19.262577, -99.182339]","[19.26256, -99.182338]",https://d3o5xota0a1fcr.cloudfront.net/v6/charts/52LYTTHO22S6TVCK2EWQVQXRB6EDLMXN5IMK2JFA45P2GNBWTFLA2GD3BKBYG7UFCQPE3JESSKZC4WHBAHR74TKG,"{'light_url': 'https://d3o5xota0a1fcr.cloudfront.net/v6/charts/52LYTTHO22S6TVCK2EWQVQXRB6EDLMXN5IMK2JFA45P2GNBWTFLA2GD3BKBYG7UFCQPE3JESSKZC4WHBAHR74TKG', 'dark_url': 'https://d3o5xota0a1fcr.cloudfront.net/v6/charts/7VGMKJ27EL44FIGN7ONGJS6LERKZI4SESBUZRUMBEEFE7MC4IWIN3Z77UPZD2AP2WNPWWRYFSKIKEHATJ44JYGF7'}",0,Ciudad de México,Ciudad de México,Mexico,False,False,False,2018-12-12T16:37:00Z,2021-05-15T02:22:22Z,9.9,"{'id': 's19480132', 'polyline': 'afqtBrpj|QLD`@A~@Id@ORKRc@?KGWGGUGUA}@T[@UHIDKNIZBVJN', 'resource_state': 3}",565,22,0,"{'pr_elapsed_time': None, 'pr_date': None, 'pr_visibility': None, 'pr_activity_id': None, 'pr_activity_visibility': None, 'effort_count': 0}","{'kom': '1:06', 'qom': None, 'overall': '1:06', 'destination': {'href': 'strava://segments/19480132/leaderboard', 'type': 'overall', 'name': 'All-Time'}}","{'athlete_id': 59359112, 'title': 'Orlando Duran Peña', 'profile': 'avatar/athlete/large.png', 'effort_description': '9 efforts in the last 90 days', 'effort_count': '9', 'effort_counts': {'overall': '9 efforts', 'female': '2 efforts'}, 'destination': 'strava://segments/19480132/local_legend?categories%5B%5D=overall'}"
18492136,3,Diligencias de clavel a violeta,Run,409.3,3.7,11.0,2352.1,2336.7,"[19.27181, -99.167376]","[19.268727, -99.169277]",https://d3o5xota0a1fcr.cloudfront.net/v6/charts/S6E2PV56HSE5R2VXBYCJ7CJMNW5Y2UREUTNRPB7SBYHLNGKCVHX5XE7LGEBMPDJYDEHMNWVF5MBMMRXPX6T24UA=,"{'light_url': 'https://d3o5xota0a1fcr.cloudfront.net/v6/charts/S6E2PV56HSE5R2VXBYCJ7CJMNW5Y2UREUTNRPB7SBYHLNGKCVHX5XE7LGEBMPDJYDEHMNWVF5MBMMRXPX6T24UA=', 'dark_url': 'https://d3o5xota0a1fcr.cloudfront.net/v6/charts/YUZIIW3LKUFETQXKCUSA642JRLVFTS5F23FJFBB32V7K2S43JHRQPPE4OHIBUER7VU5TDR2LGBNXQL7DQ64YOLI='}",0,Ciudad de México,Ciudad de México,Mexico,False,False,False,2018-08-10T02:33:40Z,2021-05-15T02:21:41Z,15.4,"{'id': 's18492136', 'polyline': 'w_stBbsg|QRDb@NP@FBt@^H@^ZTLRDV@nAp@LPXPVHh@X|@RNJZl@\\Z@DHJNFNLD?', 'resource_state': 3}",516,316,1,"{'pr_elapsed_time': None, 'pr_date': None, 'pr_visibility': None, 'pr_activity_id': None, 'pr_activity_visibility': None, 'effort_count': 0}","{'kom': '1:45', 'qom': '2:06', 'overall': '1:45', 'destination': {'href': 'strava://segments/18492136/leaderboard', 'type': 'overall', 'name': 'All-Time'}}","{'athlete_id': 96036598, 'title': 'Carlos Macias', 'profile': 'avatar/athlete/large.png', 'effort_description': '4 efforts in the last 90 days', 'effort_count': '4', 'effort_counts': {'overall': '4 efforts', 'female': '1 effort'}, 'destination': 'strava://segments/18492136/local_legend?categories%5B%5D=overall'}"
19537928,3,Tlalmille Climb al 10%,Run,899.3,9.5,33.0,2508.8,2422.9,"[19.262545, -99.182429]","[19.261715, -99.188979]",https://d3o5xota0a1fcr.cloudfront.net/v6/charts/PGM57XECPSK7IFG5K2O4UMQNCOZK5ZHRJPGUL4LB4MS44SLAHMGKZ2C3T67Z7UGQLO2NZHT2H7RQYO2I6BFX3KY=,"{'light_url': 'https://d3o5xota0a1fcr.cloudfront.net/v6/charts/PGM57XECPSK7IFG5K2O4UMQNCOZK5ZHRJPGUL4LB4MS44SLAHMGKZ2C3T67Z7UGQLO2NZHT2H7RQYO2I6BFX3KY=', 'dark_url': 'https://d3o5xota0a1fcr.cloudfront.net/v6/charts/OMCLJE7WOXEYBSP4GMKWIBBD57MYEWZDGGJUKUAMM75H3IUKH3VO5XE7KTNPZXMBKIQUDOEUVGLDWGAAX7WPYFA='}",1,Ciudad de México,Ciudad de México,Mexico,False,False,False,2018-12-24T16:22:38Z,2021-05-15T02:22:24Z,85.9,"{'id': 's19537928', 'polyline': '{eqtBdqj|QL`@AJU`AK|@WdACT@^h@`@b@JNQPITBNJHBR@PCJ@l@j@R@JFBHBNIh@?ZSx@Cd@EHYLEL?JFd@AJQp@?REPC^MXAXITQVKjASbA@HHHrATPJFLJfAH\\@JITON_@l@', 'resource_state': 3}",105,28,1,"{'pr_elapsed_time': None, 'pr_date': None, 'pr_visibility': None, 'pr_activity_id': None, 'pr_activity_visibility': None, 'effort_count': 0}","{'kom': '6:04', 'qom': '7:37', 'overall': '6:04', 'destination': {'href': 'strava://segments/19537928/leaderboard', 'type': 'overall', 'name': 'All-Time'}}","{'athlete_id': 122372441, 'title': 'Carlos Hernandez', 'profile': 'https://graph.facebook.com/2640801612736594/picture?height=256&width=256', 'effort_description': '1 effort in the last 90 days', 'effort_count': '1', 'effort_counts': {'overall': '1 effort', 'female': None}, 'destination': 'strava://segments/19537928/local_legend?categories%5B%5D=overall'}"
19660793,3,Cerro de la Cruz climb,Run,516.0,36.1,49.1,2493.4,2307.2,"[19.260375, -99.135258]","[19.257791, -99.138458]",https://d3o5xota0a1fcr.cloudfront.net/v6/charts/APS7I7NRVB4BBZUMFRMQXFJHBQJSYSD5UB6EINRIJTVQKRP3RQFIFM4TIZAJTXANZEHBSBWDGEDDAXK5FG3JMOFF,"{'light_url': 'https://d3o5xota0a1fcr.cloudfront.net/v6/charts/APS7I7NRVB4BBZUMFRMQXFJHBQJSYSD5UB6EINRIJTVQKRP3RQFIFM4TIZAJTXANZEHBSBWDGEDDAXK5FG3JMOFF', 'dark_url': 'https://d3o5xota0a1fcr.cloudfront.net/v6/charts/USSYCBCTJEWK32DOE473XPCH2RPX2AJO4X7UZWB25FJ7IPRXQVPROZ5MWCZLXANYXX4BVQJRODWPCYO7NHA4ZHTK'}",0,Ciudad de México,Ciudad de México,Mexico,False,False,False,2019-01-11T20:04:16Z,2021-05-19T08:04:49Z,186.2,"{'id': 's19660793', 'polyline': 'ixptBjja|QBAJD@JJBDCJFJCDFB?DVHNJHL\\PPBHZRH@BDLT@NHFHZVJHA\\JBFNJR@?RF@BFB?DFDBFL?LDD@BF??FDNAJFBDA@NRT@JCTNRNNCTD\\B?BXD@FR^HFJLH', 'resource_state': 3}",826,72,6,"{'pr_elapsed_time': None, 'pr_date': None, 'pr_visibility': None, 'pr_activity_id': None, 'pr_activity_visibility': None, 'effort_count': 0}","{'kom': '9:00', 'qom': '10:54', 'overall': '9:00', 'destination': {'href': 'strava://segments/19660793/leaderboard', 'type': 'overall', 'name': 'All-Time'}}","{'athlete_id': 103604971, 'title': 'Lucio Hernandez', 'profile': 'https://dgalywyr863hv.cloudfront.net/pictures/athletes/103604971/32226800/1/large.jpg', 'effort_description': '6 efforts in the last 90 days', 'effort_count': '6', 'effort_counts': {'overall': '6 efforts', 'female': '1 effort'}, 'destination': 'strava://segments/19660793/local_legend?categories%5B%5D=overall'}"
14173139,3,Club - Circuito,Run,1098.8,-0.2,34.0,2283.0,2269.0,"[19.277379, -99.139034]","[19.277393, -99.13901]",https://d3o5xota0a1fcr.cloudfront.net/v6/charts/L556BKXMD6YQI3DQ4IVVW2NRBYSAOHPVFCJV3GZNAPQPQUQQS77C7OJIPAO5UCEXXODHSW75YZB64YE4LHQUR2PK,"{'light_url': 'https://d3o5xota0a1fcr.cloudfront.net/v6/charts/L556BKXMD6YQI3DQ4IVVW2NRBYSAOHPVFCJV3GZNAPQPQUQQS77C7OJIPAO5UCEXXODHSW75YZB64YE4LHQUR2PK', 'dark_url': 'https://d3o5xota0a1fcr.cloudfront.net/v6/charts/P23CQOQBTLW4UXXZF3CEXP6QXIG2USEEKO52BXIPV53RUY7CVR575SVV2RZYR2C3QDXDBCXZHERYN3FDVDFNEXG2'}",0,Ciudad de México,Ciudad de México,Mexico,False,False,False,2017-02-15T18:26:16Z,2021-06-13T16:28:36Z,0.0,"{'id': 's14173139', 'polyline': 'qbttB~ab|Q@NJPPJ?DFHLFJADCPi@NOD@ALMLK`AKZCl@DNHDj@HDD@F?z@Cd@EJCDQOMAMBEDGNMh@AT@NAVBDLFbBJPB\\?DBLR?NF@NGTAZJNOHQ?GBo@BWM[AYBi@F]AQCE[Mq@_AEK@e@Cm@Mc@EIMEe@@GCIAMBECKUAMJW?QGG_@U_@Go@]GDEPGh@CB@PFT', 'resource_state': 3}",2183,108,0,"{'pr_elapsed_time': None, 'pr_date': None, 'pr_visibility': None, 'pr_activity_id': None, 'pr_activity_visibility': None, 'effort_count': 0}","{'kom': '3:26', 'qom': '4:19', 'overall': '3:26', 'destination': {'href': 'strava://segments/14173139/leaderboard', 'type': 'overall', 'name': 'All-Time'}}","{'athlete_id': 156707968, 'title': 'Yac Flores', 'profile': 'https://lh3.googleusercontent.com/a/ACg8ocLFuscnKMrKlRJk1Qi21oEGXKkT970hGSUQwHVS1E3Shwi2aw=s96-c', 'effort_description': '21 efforts in the last 90 days', 'effort_count': '21', 'effort_counts': {'overall': '21 efforts', 'female': '4 efforts'}, 'destination': 'strava://segments/14173139/local_legend?categories%5B%5D=overall'}"
17858707,3,Down to Santa Cruz,Run,1772.7,-2.0,10.8,2288.0,2247.3,"[19.268791, -99.140295]","[19.256447, -99.133422]",https://d3o5xota0a1fcr.cloudfront.net/v6/charts/ILLTOUDAP6OLQAXK43TQG5KPZQHKOYZOKK62B7NTP6MWR27IJLQIBRTBR7PFD42UMLTMFDKIUKN6HQVWRWYE7DY=,"{'light_url': 'https://d3o5xota0a1fcr.cloudfront.net/v6/charts/ILLTOUDAP6OLQAXK43TQG5KPZQHKOYZOKK62B7NTP6MWR27IJLQIBRTBR7PFD42UMLTMFDKIUKN6HQVWRWYE7DY=', 'dark_url': 'https://d3o5xota0a1fcr.cloudfront.net/v6/charts/Y5QFGFAGLSJKHOK5AZG3X4U57NPZGGN7QWVGXURSOBYVJP6TDUBKQMLX2576S6ZYCY25N23B2TJ43UVZULA6GUY='}",0,Ciudad de México,Ciudad de México,Mexico,False,False,False,2018-06-04T13:41:18Z,2021-05-15T02:21:13Z,14.1,"{'id': 's17858707', 'polyline': '}lrtBzib|QZaDPg@@SxA{EFs@Am@ByAJk@R_@VULQz@[h@YFIrAc@x@w@l@Un@]|@]p@IV?^In@_@d@Uh@i@`Cy@x@g@j@IRQNSNIdAYXEVKRCrBq@RMVEp@SpBs@b@CXKZEr@@b@Ef@Dl@GjBDpAJ~ATj@L`BPPAlAPhAJ', 'resource_state': 3}",144,15,1,"{'pr_elapsed_time': None, 'pr_date': None, 'pr_visibility': None, 'pr_activity_id': None, 'pr_activity_visibility': None, 'effort_count': 0}","{'kom': '7:51', 'qom': '9:34', 'overall': '7:51', 'destination': {'href': 'strava://segments/17858707/leaderboard', 'type': 'overall', 'name': 'All-Time'}}","{'athlete_id': 172849773, 'title': 'Antonio Reyes', 'profile': 'https://dgalywyr863hv.cloudfront.net/pictures/athletes/172849773/38173254/1/large.jpg', 'effort_description': '4 efforts in the last 90 days', 'effort_count': '4', 'effort_counts': {'overall': '4 efforts', 'female': None}, 'destination': 'strava://segments/17858707/local_legend?categories%5B%5D=overall'}"
16804099,3,Subida de la Joya hasta el Reclu,Run,296.5,7.7,26.4,2282.9,2260.0,"[19.278905, -99.142434]","[19.276542, -99.143177]",https://d3o5xota0a1fcr.cloudfront.net/v6/charts/DELPQO5ABAUMV3UK7EVQUO6X5UIMJ5QDHHEITDSSLAO4EO6ZSX4Y6E7V6QXR4BLM5PO2FBHVPYECGLWRNZUP3QA=,"{'light_url': 'https://d3o5xota0a1fcr.cloudfront.net/v6/charts/DELPQO5ABAUMV3UK7EVQUO6X5UIMJ5QDHHEITDSSLAO4EO6ZSX4Y6E7V6QXR4BLM5PO2FBHVPYECGLWRNZUP3QA=', 'dark_url': 'https://d3o5xota0a1fcr.cloudfront.net/v6/charts/LWN4FFYWIQCERXLTZBIK6TAYBVDXHYGUVI547SDGIUZCMSQAOM4GZMP22X46BT4WTVPOMBKX5C2ARY3DLV6YKFQ='}",0,Ciudad de México,Ciudad de México,Mexico,False,False,False,2018-01-11T23:17:03Z,2021-05-17T08:07:22Z,22.9,"{'id': 's16804099', 'polyline': 'clttBfwb|QVNV?VBRC`@M\\CV@rACh@Bp@V^d@v@r@Z`@', 'resource_state': 3}",1054,126,1,"{'pr_elapsed_time': None, 'pr_date': None, 'pr_visibility': None, 'pr_activity_id': None, 'pr_activity_visibility': None, 'effort_count': 0}","{'kom': '1:04', 'qom': '1:15', 'overall': '1:04', 'destination': {'href': 'strava://segments/16804099/leaderboard', 'type': 'overall', 'name': 'All-Time'}}","{'athlete_id': 153716040, 'title': 'Edith Viramontes', 'profile': 'avatar/athlete/large.png', 'effort_description': '8 efforts in the last 90 days', 'effort_count': '8', 'effort_counts': {'overall': '8 efforts', 'female': '8 efforts'}, 'destination': 'strava://segments/16804099/local_legend?categories%5B%5D=overall'}"
28409496,3,Parque BRS completo,Run,587.1,0.0,13.7,2255.1,2246.6,"[19.281046, -99.133151]","[19.281047, -99.133099]",https://d3o5xota0a1fcr.cloudfront.net/v6/charts/O3ETLFGBRXOUAWKLKYH3MBG7NBPFGLHUIFZQPHBSNFW5RLGXHIFSFUWK7WWCMR3US3UWF3VUYHGJQZFM7AKOREP2,"{'light_url': 'https://d3o5xota0a1fcr.cloudfront.net/v6/charts/O3ETLFGBRXOUAWKLKYH3MBG7NBPFGLHUIFZQPHBSNFW5RLGXHIFSFUWK7WWCMR3US3UWF3VUYHGJQZFM7AKOREP2', 'dark_url': 'https://d3o5xota0a1fcr.cloudfront.net/v6/charts/M3BBRQC3ELOGQUZFBEY6YGKCC3N5MFDRKCZTHDVTRYKRCATYHYRYBMWPO2TRH4SRUWKUTGZMT3UDDDSKMK6DUHC5'}",0,Ciudad de México,Ciudad de México,Mexico,False,False,False,2021-05-12T22:38:11Z,2021-05-17T08:09:26Z,16.6,"{'id': 's28409496', 'polyline': 'oyttBf}`|QUGi@CE@U\\Oz@M\\?NZtBHN\\NXGHQ?[N}@HI\\@PFXBPCPGTQDICOJOJ?VGh@e@@MOMk@Og@?eCM', 'resource_state': 3}",940,41,0,"{'pr_elapsed_time': None, 'pr_date': None, 'pr_visibility': None, 'pr_activity_id': None, 'pr_activity_visibility': None, 'effort_count': 0}","{'kom': '2:55', 'qom': '3:46', 'overall': '2:39', 'destination': {'href': 'strava://segments/28409496/leaderboard', 'type': 'overall', 'name': 'All-Time'}}","{'athlete_id': 103663233, 'title': 'Yasmin Becerril', 'profile': 'https://lh3.googleusercontent.com/a/AATXAJxqjzUpgtFWojZ9f5q8ySgRr0Odc-4PiIjfyCAO=s96-c', 'effort_description': '8 efforts in the last 90 days', 'effort_count': '8', 'effort_counts': {'overall': '8 efforts', 'female': '8 efforts'}, 'destination': 'strava://segments/28409496/local_legend?categories%5B%5D=overall'}"
20523289,3,subida a la cruz de xochitepec,Run,1312.6,16.6,50.0,2487.0,2262.1,"[19.254276, -99.133658]","[19.257782, -99.138498]",https://d3o5xota0a1fcr.cloudfront.net/v6/charts/ZACJ5AIZ5HYRF6QQVM7H3LJWYZSTGYTNIT3AQ2XVITOG6QCNU77YIH3XBAEZETYIRBOCFDEZX6OTE7WMXU6DOGEF,"{'light_url': 'https://d3o5xota0a1fcr.cloudfront.net/v6/charts/ZACJ5AIZ5HYRF6QQVM7H3LJWYZSTGYTNIT3AQ2XVITOG6QCNU77YIH3XBAEZETYIRBOCFDEZX6OTE7WMXU6DOGEF', 'dark_url': 'https://d3o5xota0a1fcr.cloudfront.net/v6/charts/TGBVN4ZKHHBXC6LHKPAAMTDZIDAXZZZJWON2SFTYJLJBHIQW72S2AAJ2P4OYXUIFT6M55NDBS66PZ2GNM4KAUSNV'}",2,Ciudad de México,Ciudad de México,Mexico,False,False,False,2019-05-07T02:18:10Z,2021-05-19T08:04:57Z,230.8,"{'id': 's20523289', 'polyline': 'erotBj`a|QGJ@XKf@J\\JPVZVb@x@x@hB~@JVXFDNJBHHFPFABDHCHBV`@@NNh@BRFJANDZCROj@Ub@Ij@Sh@IdAMt@STELM~AS\\WTWFoADo@f@]ROFm@HYDo@As@Fe@Hc@Cu@BkB@e@ISAKG_@Gm@WKIMQGCWOc@}@YEUe@G?', 'resource_state': 3}",145,69,2,"{'pr_elapsed_time': None, 'pr_date': None, 'pr_visibility': None, 'pr_activity_id': None, 'pr_activity_visibility': None, 'effort_count': 0}","{'kom': '10:56', 'qom': '15:31', 'overall': '10:56', 'destination': {'href': 'strava://segments/20523289/leaderboard', 'type': 'overall', 'name': 'All-Time'}}","{'athlete_id': 32265793, 'title': 'Adrián Alarcón', 'profile': 'https://dgalywyr863hv.cloudfront.net/pictures/athletes/32265793/9630296/21/large.jpg', 'effort_description': '7 efforts in the last 90 days', 'effort_count': '7', 'effort_counts': {'overall': '7 efforts', 'female': '1 effort'}, 'destination': 'strava://segments/20523289/local_legend?categories%5B%5D=overall'}"
20523291,3,bajada de cruz xochitepec,Run,1323.4,-16.6,11.4,2480.3,2259.9,"[19.257764, -99.138492]","[19.25434, -99.133668]",https://d3o5xota0a1fcr.cloudfront.net/v6/charts/AWNHCFNBC2E7J72ZO3WTFER3SN3SEWNGNO676UMD3HOSWHC744JE5XRG5RRE5E26QIK6VMNI7VFFSZ4NWWODW5I=,"{'light_url': 'https://d3o5xota0a1fcr.cloudfront.net/v6/charts/AWNHCFNBC2E7J72ZO3WTFER3SN3SEWNGNO676UMD3HOSWHC744JE5XRG5RRE5E26QIK6VMNI7VFFSZ4NWWODW5I=', 'dark_url': 'https://d3o5xota0a1fcr.cloudfront.net/v6/charts/KJ6FNYI2EAHVWOK4IZPUNJAWQYDP6SMYSFTHZ3FBV5RFIXAHZIRBTI2LN462G6YEDXBQ64T366ZX2WUS4XS7COI='}",0,Ciudad de México,Ciudad de México,Mexico,False,False,False,2019-05-07T02:19:05Z,2021-05-18T08:05:36Z,5.9,"{'id': 's20523291', 'polyline': '_hptBr~a|QC@?LHNRPRFLRJLTFRPHDZ\\fAd@\\HZDrA?|AG~@@f@GZ@LE\\C\\JH?RIf@WTQRYNKRIh@CZG\\MVUPk@B_Ad@qAXsBn@wBDc@A[WoAIUAMOWMIQLGAEKBQIEe@g@UGCYICQO[GKMu@g@e@i@OY[]KUC[OGCGBIJU', 'resource_state': 3}",147,76,2,"{'pr_elapsed_time': None, 'pr_date': None, 'pr_visibility': None, 'pr_activity_id': None, 'pr_activity_visibility': None, 'effort_count': 0}","{'kom': '5:45', 'qom': '9:23', 'overall': '5:45', 'destination': {'href': 'strava://segments/20523291/leaderboard', 'type': 'overall', 'name': 'All-Time'}}","{'athlete_id': 103604971, 'title': 'Lucio Hernandez', 'profile': 'https://dgalywyr863hv.cloudfront.net/pictures/athletes/103604971/32226800/1/large.jpg', 'effort_description': '9 efforts in the last 90 days', 'effort_count': '9', 'effort_counts': {'overall': '9 efforts', 'female': '1 effort'}, 'destination': 'strava://segments/20523291/local_legend?categories%5B%5D=overall'}"
35946521,3,primer km Tri,Run,1000.8,-0.6,6.0,2418.8,2409.2,"[19.259788, -99.153849]","[19.258227, -99.147441]",https://d3o5xota0a1fcr.cloudfront.net/v6/charts/L57TOLMSVNBUN5XPCK57D24NHJHUBGBGXLYQIZGDW6H7UIWE6EFMVZDB6Z2P2AKCLEC67FJ3XGJSTQZRNWQ2RKUT,"{'light_url': 'https://d3o5xota0a1fcr.cloudfront.net/v6/charts/L57TOLMSVNBUN5XPCK57D24NHJHUBGBGXLYQIZGDW6H7UIWE6EFMVZDB6Z2P2AKCLEC67FJ3XGJSTQZRNWQ2RKUT', 'dark_url': 'https://d3o5xota0a1fcr.cloudfront.net/v6/charts/5FYNJED63BSQGSIJNBZU3I2FC54EGTMDALUWNTTTQPMTXCMWSEZJFJ6R4DCRS4ACY3JQDKB4Z3YTVBYPFRXWDW5X'}",0,,Mexico City,Mexico,False,False,False,2023-12-05T17:37:31Z,2023-12-05T17:37:32Z,2.4,"{'id': 's35946521', 'polyline': 'stptBp~d|QFa@ToBBc@He@XeC?_@KeASk@O{@g@mBc@uASe@eAeAkAaA]Ui@k@KYCU@MJQRI|@Q`Bc@j@A`@KH@PIFG\\OvAYx@WfCk@', 'resource_state': 3}",88,84,0,"{'pr_elapsed_time': None, 'pr_date': None, 'pr_visibility': None, 'pr_activity_id': None, 'pr_activity_visibility': None, 'effort_count': 0}","{'kom': '3:54', 'qom': '4:39', 'overall': '3:54', 'destination': {'href': 'strava://segments/35946521/leaderboard', 'type': 'overall', 'name': 'All-Time'}}","{'athlete_id': 45336977, 'title': 'Gilberto AB', 'profile': 'https://dgalywyr863hv.cloudfront.net/pictures/athletes/45336977/12805539/2/large.jpg', 'effort_description': '1 effort in the last 90 days', 'effort_count': '1', 'effort_counts': {'overall': '1 effort', 'female': None}, 'destination': 'strava://segments/35946521/local_legend?categories%5B%5D=overall'}"
36358022,3,el pato CGM,Run,963.1,0.2,7.7,2277.6,2273.0,"[19.282315, -99.155989]","[19.281666, -99.155922]",https://d3o5xota0a1fcr.cloudfront.net/v6/charts/4IC3G4MCNVBAPBWZ2FA4DRUGUU6V5Q3L2C7GA7KHBSOU3ZSJBXFSCHG3VT36Q6N7P5PF77C5PAXC6X7C5GNNWJAW,"{'light_url': 'https://d3o5xota0a1fcr.cloudfront.net/v6/charts/4IC3G4MCNVBAPBWZ2FA4DRUGUU6V5Q3L2C7GA7KHBSOU3ZSJBXFSCHG3VT36Q6N7P5PF77C5PAXC6X7C5GNNWJAW', 'dark_url': 'https://d3o5xota0a1fcr.cloudfront.net/v6/charts/NRMSRGJWY4PFLYPP4WI7K3AQTFRBXVFXBK3GFIRWRA5DRMTQZKAUM43GAFJMQOQR7WTBEFNCZ6EI7KDH2URBL25J'}",0,,Mexico City,Mexico,False,False,False,2024-02-23T20:04:51Z,2024-02-23T20:04:52Z,4.6,"{'id': 's36358022', 'polyline': 'mautB|ke|QMGgAUqA]_AQOGKMCQ@KdAeEIg@Sg@K_@Cg@F_@Xa@BUDGRBh@VBFFTANUdAYd@ATn@dA`@^\\`@LRFRFr@FLf@T\\`@JHTF|@Pt@Rb@HJJ@HGHO@SGi@W_@E', 'resource_state': 3}",8751,149,0,"{'pr_elapsed_time': None, 'pr_date': None, 'pr_visibility': None, 'pr_activity_id': None, 'pr_activity_visibility': None, 'effort_count': 0}","{'kom': '3:05', 'qom': '3:43', 'overall': '3:05', 'destination': {'href': 'strava://segments/36358022/leaderboard', 'type': 'overall', 'name': 'All-Time'}}","{'athlete_id': 11288935, 'title': 'jon lorenz', 'profile': 'avatar/athlete/large.png', 'effort_description': '140 efforts in the last 90 days', 'effort_count': '140', 'effort_counts': {'overall': '140 efforts', 'female': '15 efforts'}, 'destination': 'strava://segments/36358022/local_legend?categories%5B%5D=overall'}"
35946531,3,el ultimo jalon tri ,Run,1235.9,-0.2,2.7,2417.4,2413.0,"[19.257546, -99.147248]","[19.258278, -99.148958]",https://d3o5xota0a1fcr.cloudfront.net/v6/charts/6AGDH3CMDCFVNGTKR2A435CLV4SC7Z2R22UM3PTX5MYALI2NXVBIRWAAT2WWQ5273T6HZNZA5RS6ICRZQCNFOVKM,"{'light_url': 'https://d3o5xota0a1fcr.cloudfront.net/v6/charts/6AGDH3CMDCFVNGTKR2A435CLV4SC7Z2R22UM3PTX5MYALI2NXVBIRWAAT2WWQ5273T6HZNZA5RS6ICRZQCNFOVKM', 'dark_url': 'https://d3o5xota0a1fcr.cloudfront.net/v6/charts/WOH6BXI5USJGH4D5BCO2R22B2SOI7ZON53U77XR5O7IBBWZNDBPFJ4L5KEYH4WIXARBCP4SNPIIBGCSRMVL65QMI'}",0,,Mexico City,Mexico,False,False,False,2023-12-05T17:39:06Z,2023-12-05T17:39:06Z,0.0,"{'id': 's35946531', 'polyline': 'sfptBhuc|QoLpCwAf@mANqBf@SJIHCL@LHRJHRB~@WhGuAVKdE{@VKlBe@LCD@HHXjAZjBXlA@LAFKHuDz@GAIM[aB', 'resource_state': 3}",117,96,0,"{'pr_elapsed_time': None, 'pr_date': None, 'pr_visibility': None, 'pr_activity_id': None, 'pr_activity_visibility': None, 'effort_count': 0}","{'kom': '4:51', 'qom': '5:48', 'overall': '4:51', 'destination': {'href': 'strava://segments/35946531/leaderboard', 'type': 'overall', 'name': 'All-Time'}}","{'athlete_id': 162920392, 'title': 'Carlos cx', 'profile': 'https://lh3.googleusercontent.com/a/ACg8ocJUqzzSKKO5sjAkWG5viYSDuuult6exBGkFaIT_XMmE_RwwPtNOLw=s96-c', 'effort_description': '10 efforts in the last 90 days', 'effort_count': '10', 'effort_counts': {'overall': '10 efforts', 'female': None}, 'destination': 'strava://segments/35946531/local_legend?categories%5B%5D=overall'}"
19371680,3,5k Pavo Cacheton,Run,4751.8,0.0,2.7,2255.9,2246.6,"[19.25324, -99.10572]","[19.25315, -99.10574]",https://d3o5xota0a1fcr.cloudfront.net/v6/charts/IPR4YJKKKV3T6SSJIPDPSRNEILVYTIP2GAF2KSUMOVTAGCALLYOX3M2NOJOLBDHMUE4VRN5KB75YHK4XQYWZT4AR,"{'light_url': 'https://d3o5xota0a1fcr.cloudfront.net/v6/charts/IPR4YJKKKV3T6SSJIPDPSRNEILVYTIP2GAF2KSUMOVTAGCALLYOX3M2NOJOLBDHMUE4VRN5KB75YHK4XQYWZT4AR', 'dark_url': 'https://d3o5xota0a1fcr.cloudfront.net/v6/charts/6ZBZTFHVJRGVKOIDPVMXWDHHTACGVUKTLLLBIEFOVJ6QFVK4I7RVV5NQE2J7ZY2FAYRZAXW2MK5BIVCQTD47WYYQ'}",0,,,,False,False,False,2018-11-22T02:14:36Z,2021-05-15T02:22:18Z,22.9,"{'id': 's19371680', 'polyline': 'wkotBvq{{QxFr@uOvs@~FbJaCrBkJhNw@xAc@j@g@b@mIvLwFpIZMvPqVhAoAt@yA|GaKnA_B`A}@bAs@oGwJlCgMzEeTjDiPgFo@', 'resource_state': 3}",12,12,0,"{'pr_elapsed_time': None, 'pr_date': None, 'pr_visibility': None, 'pr_activity_id': None, 'pr_activity_visibility': None, 'effort_count': 0}","{'kom': '17:25', 'qom': '22:43', 'overall': '17:17', 'destination': {'href': 'strava://segments/19371680/leaderboard', 'type': 'overall', 'name': 'All-Time'}}",
38275226,3,circuito de las Towers,Run,888.4,0.0,3.2,2266.4,2259.8,"[19.268126, -99.128552]","[19.268094, -99.128502]",https://d3o5xota0a1fcr.cloudfront.net/v6/charts/S2TKVTJVEEWNMXKMQF225GXNXWB4Y6CROCV2LBCHUX64U2QTPH3GOU4WQZOJOFIZ5RFS7ZYFPBQSXLYAY5IQOTQ=,"{'light_url': 'https://d3o5xota0a1fcr.cloudfront.net/v6/charts/S2TKVTJVEEWNMXKMQF225GXNXWB4Y6CROCV2LBCHUX64U2QTPH3GOU4WQZOJOFIZ5RFS7ZYFPBQSXLYAY5IQOTQ=', 'dark_url': 'https://d3o5xota0a1fcr.cloudfront.net/v6/charts/DBDYQUWCABIRQ7WATN7NSJ75S5IXTXRCX3R34AKAP7I4627OE5CQVJKYD3A4ZCKXPTMETQLKENHGRV2DKGXPDHI='}",0,,Mexico City,Mexico,False,False,False,2024-12-12T01:54:30Z,2024-12-12T01:54:30Z,6.6,"{'id': 's38275226', 'polyline': 'whrtBn``|Q@Dh@f@b@VVn@RtBDLJzBHd@?NFh@RdCHf@J~@HZNTJ?BKASW_CM_BQsAG_@Cc@Gc@a@wDQa@WWy@qAMIKH', 'resource_state': 3}",975,35,0,"{'pr_elapsed_time': None, 'pr_date': None, 'pr_visibility': None, 'pr_activity_id': None, 'pr_activity_visibility': None, 'effort_count': 0}","{'kom': '3:22', 'qom': '4:19', 'overall': '3:22', 'destination': {'href': 'strava://segments/38275226/leaderboard', 'type': 'overall', 'name': 'All-Time'}}","{'athlete_id': 16499807, 'title': 'Uriel Elinos', 'profile': 'https://dgalywyr863hv.cloudfront.net/pictures/athletes/16499807/16713173/5/large.jpg', 'effort_description': '47 efforts in the last 90 days', 'effort_count': '47', 'effort_counts': {'overall': '47 efforts', 'female': '1 effort'}, 'destination': 'strava://segments/38275226/local_legend?categories%5B%5D=overall'}"
33902902,3,Campos de béisbol - Deportivo Xochimilco,Run,1092.4,-0.0,6.8,2253.4,2245.4,"[19.25609, -99.110713]","[19.256077, -99.110652]",https://d3o5xota0a1fcr.cloudfront.net/v6/charts/XZHFL6EVUCUZZLTHTBIWU27G2F6VI2TRHJR35NVANT3O7VBLCPK2G2JRJHNDJ5B36Y7N6HBSXX63ZHYBZFNQPLY=,"{'light_url': 'https://d3o5xota0a1fcr.cloudfront.net/v6/charts/XZHFL6EVUCUZZLTHTBIWU27G2F6VI2TRHJR35NVANT3O7VBLCPK2G2JRJHNDJ5B36Y7N6HBSXX63ZHYBZFNQPLY=', 'dark_url': 'https://d3o5xota0a1fcr.cloudfront.net/v6/charts/MPH7I2RY4EQRFFLS2GUYGO6JTOA6DZWV4J3MGP7MJGUZJ3NVXMO7SOISKYFRQXMQWE5L5557DPE6GTVSKE3IALA='}",0,,Mexico City,Mexico,False,False,False,2023-03-08T21:39:17Z,2023-03-08T21:39:17Z,9.66,"{'id': 's33902902', 'polyline': 'q}otB~p|{QRm@C]_@Gg@@aAa@UAEBKXUjAEf@hB|CdB~BjAdBfAtA^XD@TK\\S~@ONKDa@Lg@Ra@?c@WUo@Kk@C{@[a@IEKTu@@_@MQEAk@B]KUCe@Ba@KECM[Be@BORe@', 'resource_state': 3}",4691,156,1,"{'pr_elapsed_time': None, 'pr_date': None, 'pr_visibility': None, 'pr_activity_id': None, 'pr_activity_visibility': None, 'effort_count': 0}","{'kom': '3:51', 'qom': '4:29', 'overall': '3:51', 'destination': {'href': 'strava://segments/33902902/leaderboard', 'type': 'overall', 'name': 'All-Time'}}","{'athlete_id': 154086052, 'title': 'Alan Lopez', 'profile': 'https://dgalywyr863hv.cloudfront.net/pictures/athletes/154086052/34444552/1/large.jpg', 'effort_description': '25 efforts in the last 90 days', 'effort_count': '25', 'effort_counts': {'overall': '25 efforts', 'female': '20 efforts'}, 'destination': 'strava://segments/33902902/local_legend?categories%5B%5D=overall'}"
33902957,3,Pista Xochimilco,Run,394.4,0.0,10.6,2248.6,2239.7,"[19.253633, -99.106514]","[19.253589, -99.106555]",https://d3o5xota0a1fcr.cloudfront.net/v6/charts/GJRZAKMMFDY7S2AUIKZYW4Q47J4HB75HFSMIXMJXZII2UDTZGYAG7V4DNM57YJLJDGT7CO6RNYMYRIZJWPX3Q27P,"{'light_url': 'https://d3o5xota0a1fcr.cloudfront.net/v6/charts/GJRZAKMMFDY7S2AUIKZYW4Q47J4HB75HFSMIXMJXZII2UDTZGYAG7V4DNM57YJLJDGT7CO6RNYMYRIZJWPX3Q27P', 'dark_url': 'https://d3o5xota0a1fcr.cloudfront.net/v6/charts/WSNMWLJBLPLC7RV24W2Y2DU3YCSHZGFUNDW5MQULPWPPOM5JF6S6PKU7RWVIRYGHT6XE66TJ433G4LNFUHGDX2MA'}",0,,Mexico City,Mexico,False,False,False,2023-03-08T21:53:23Z,2023-03-08T21:53:23Z,4.0,"{'id': 's33902957', 'polyline': 'enotBvv{{Q[@OJMNGRCVD\\JNfA^`B`@b@BPGLML]Da@EUKMs@W}@Oi@OUC', 'resource_state': 3}",39304,557,3,"{'pr_elapsed_time': None, 'pr_date': None, 'pr_visibility': None, 'pr_activity_id': None, 'pr_activity_visibility': None, 'effort_count': 0}","{'kom': '47s', 'qom': '1:01', 'overall': '47s', 'destination': {'href': 'strava://segments/33902957/leaderboard', 'type': 'overall', 'name': 'All-Time'}}","{'athlete_id': 85736315, 'title': 'Jose Rosas Monroy', 'profile': 'avatar/athlete/large.png', 'effort_description': '247 efforts in the last 90 days', 'effort_count': '247', 'effort_counts': {'overall': '247 efforts', 'female': '127 efforts'}, 'destination': 'strava://segments/33902957/local_legend?categories%5B%5D=overall'}"
15939848,3,Cuenca lechera por la derecha,Run,10800.3,0.0,3.4,2237.0,2231.4,"[19.265136, -99.073224]","[19.265155, -99.073323]",https://d3o5xota0a1fcr.cloudfront.net/v6/charts/6YEQBP6TGASFP6YYPVZJWNWRBNGCESIY4ZKP2IBYKUSPB3SPMXKZZ4TW4W4SBUW2DJHQDAV6ZXMSXBZ6LCZ3EWIP,"{'light_url': 'https://d3o5xota0a1fcr.cloudfront.net/v6/charts/6YEQBP6TGASFP6YYPVZJWNWRBNGCESIY4ZKP2IBYKUSPB3SPMXKZZ4TW4W4SBUW2DJHQDAV6ZXMSXBZ6LCZ3EWIP', 'dark_url': 'https://d3o5xota0a1fcr.cloudfront.net/v6/charts/FUB2UMYFDYBAS3XVGKC5NULXS6KNOA32HRSIN5JYJVNQTOKCIJVX7YPSVAWQV5U627IDNMAJ6DQEZF63EFNDM2JK'}",0,Ciudad de México,Ciudad de México,Mexico,False,False,False,2017-09-04T16:36:05Z,2021-05-15T02:20:02Z,11.1,"{'id': 's15939848', 'polyline': 'avqtBtfu{QAE?UOOsBm@k@[w@[{CaAYOy@]c@Ia@Sm@QGECO@I|@sBRq@?GAOQ_@qAmAc@m@g@a@eAcAs@a@u@We@OeBa@m@Ie@OeAi@iAWm@IMICGp@{B\\qBRq@V{@Te@Ps@L]No@\\eA`@kBbAoCRgA`@uARcAh@kBp@sBN{@\\uAZy@P_AX}@`@kBb@mA`@qAFc@HQAa@JYJQT_A\\u@Pk@P[XeAb@iABQVy@d@iBb@sADU\\cANs@Ty@Hg@X_AN{@l@gBDSNc@Li@r@yBT{ApAsDTw@DIZkA\\y@r@uC^kA`@iBRo@BWLg@@SCIKQIEgA_@wAs@sA]{@MYIu@a@aA]QCWK]Ea@Oq@M{Ai@QEKGmA[UMq@Oi@Yw@Qg@SmBk@cAa@{@UMIk@U]Eu@YSOaB_@[AE@CJRtAXj@R|@P^H\\?PS|AGTKVaBbAS^I`@GnBBZAdBBV@~@Bb@@d@Jt@@`@N|ABnACvAIn@_@fA}@tBk@bAORc@~@QVWj@OX]|@a@v@_@f@g@fAQn@Q|@Qt@Sr@a@x@]d@iAv@e@b@mAvAg@r@_BzAa@p@SPUXQLYXk@v@e@^q@v@CJo@f@gAhA]b@_@l@g@xAQ\\_@bAQ\\St@e@fAOh@}@~Bm@|AQn@w@jBa@lA{@nBY~@g@jAW~@e@dAiCjHm@rAUz@Q\\_@lAm@xAU^[~@Yl@_@jA?HFFdBd@t@^t@Rl@Hz@Mf@@j@\\f@NdA^v@d@dA\\ZPt@Vh@NZPHh@Ib@?JBJZPZFNFHL?FETWj@e@hBSj@e@nB[~@_@xAIPOx@Ur@?TDFXT`A^tB`Al@Jz@TpCz@nBp@b@Rj@Nh@XfAXbA`@VG^g@Na@Vy@`@aCJSLEF?z@LV@t@NtAd@F?FAJKRkATcAJ_AHe@@]H]Ju@HWJKB?RBbBd@b@HfAZb@Jb@Px@RXLr@Lp@Tf@LhAZTJVFp@RnAd@fCj@`AZlAV^V\\NpATxBj@N?RMH[RiAFULWRw@Hi@Pu@Dc@l@cCZaBTs@L[', 'resource_state': 3}",178,88,14,"{'pr_elapsed_time': None, 'pr_date': None, 'pr_visibility': None, 'pr_activity_id': None, 'pr_activity_visibility': None, 'effort_count': 0}","{'kom': '44:19', 'qom': '46:29', 'overall': '44:19', 'destination': {'href': 'strava://segments/15939848/leaderboard', 'type': 'overall', 'name': 'All-Time'}}","{'athlete_id': 130281347, 'title': 'Oswaldo Alfaro', 'profile': 'avatar/athlete/large.png', 'effort_description': '2 efforts in the last 90 days', 'effort_count': '2', 'effort_counts': {'overall': '2 efforts', 'female': '1 effort'}, 'destination': 'strava://segments/15939848/local_legend?categories%5B%5D=overall'}"
13307517,3,Baso Regulador-Tlahuac,Run,2695.1,0.0,2.6,2240.0,2236.0,"[19.280629, -99.045876]","[19.280567, -99.045903]",https://d3o5xota0a1fcr.cloudfront.net/v6/charts/MVRWFSQKYPJQIB5XMXTEMI7AY63ZXMCZF4WXDDPRHD5SIKKSCZGQOESCUJHFCGOQKYDERAJPKGCZI6YUT7IJURQ=,"{'light_url': 'https://d3o5xota0a1fcr.cloudfront.net/v6/charts/MVRWFSQKYPJQIB5XMXTEMI7AY63ZXMCZF4WXDDPRHD5SIKKSCZGQOESCUJHFCGOQKYDERAJPKGCZI6YUT7IJURQ=', 'dark_url': 'https://d3o5xota0a1fcr.cloudfront.net/v6/charts/RO3VHD5HAIUIRYA5NNQB6SIXZ7SBC6PH72P6XHKKFOBLD22TCHDNGQ4T4VORZODGJMSG6B2GNH7O44Q45GM6W2Y='}",0,Ciudad de México,Ciudad de México,Mexico,False,False,False,2016-09-27T17:01:26Z,2021-05-15T02:18:33Z,6.0,"{'id': 's13307517', 'polyline': '{vttBv{o{QjG|@xBb@bFv@hGhA`@KLg@ViBdA_Fb@uBR{@v@aEr@_Dh@uC^kA`AyBT_@`AaCCc@Oc@@_@GMSMe@_AQOg@BmANcE`@oADiCXkADuCRg@F{BLe@D_@XGLKb@KlAi@bDS~A_ArFwAnJq@nDIx@EL', 'resource_state': 3}",237,54,5,"{'pr_elapsed_time': None, 'pr_date': None, 'pr_visibility': None, 'pr_activity_id': None, 'pr_activity_visibility': None, 'effort_count': 0}","{'kom': '10:46', 'qom': '14:25', 'overall': '10:46', 'destination': {'href': 'strava://segments/13307517/leaderboard', 'type': 'overall', 'name': 'All-Time'}}","{'athlete_id': 46911809, 'title': 'Juan Martinez M', 'profile': 'https://graph.facebook.com/2326918854224497/picture?height=256&width=256', 'effort_description': '14 efforts in the last 90 days', 'effort_count': '14', 'effort_counts': {'overall': '14 efforts', 'female': None}, 'destination': 'strava://segments/13307517/local_legend?categories%5B%5D=overall'}"
28102494,3,Chalco-Bosque Tlahuac,Run,2735.3,2.3,45.1,2231.2,2151.0,"[19.273443, -99.040384]","[19.273487, -99.040368]",https://d3o5xota0a1fcr.cloudfront.net/v6/charts/OCYRJZ7UEQKG5UP6KPFVC4ZAKTIPJDOO7O57L3XMNJQQRV253EHNV4YJKRYUPFJOF2POFM73I6NTP766ZTC5YVI=,"{'light_url': 'https://d3o5xota0a1fcr.cloudfront.net/v6/charts/OCYRJZ7UEQKG5UP6KPFVC4ZAKTIPJDOO7O57L3XMNJQQRV253EHNV4YJKRYUPFJOF2POFM73I6NTP766ZTC5YVI=', 'dark_url': 'https://d3o5xota0a1fcr.cloudfront.net/v6/charts/IO54TNQ7VK4RNRF6HX5DYIVHL3IWUAJJANRLXXDV4P3HEBXOQH4TP3QRGTSF6J4DOQEOU4J3IXHCPC73XQJ2V2Y='}",0,Ciudad de México,Ciudad de México,Mexico,False,False,False,2021-04-20T17:53:24Z,2021-05-15T02:26:05Z,102.8,"{'id': 's28102494', 'polyline': '_jstBlyn{Qg@EKDMH{@hBo@xAc@dB{BxK_A~Dy@`EUz@Oz@S~@K\\GFM@qAKg@QoFy@oGiAoCc@c@Km@GKGCOHs@fAuGHa@BURgAPsAhAqHX_BPs@h@{DDYLYPSJGNCzAIf@IhEWlAMfAEtEc@x@Ef@G`CSZ?F@FHPh@X^JPHx@P^BZ?H[v@DPRD', 'resource_state': 3}",363,59,1,"{'pr_elapsed_time': None, 'pr_date': None, 'pr_visibility': None, 'pr_activity_id': None, 'pr_activity_visibility': None, 'effort_count': 0}","{'kom': '12:32', 'qom': '14:26', 'overall': '12:32', 'destination': {'href': 'strava://segments/28102494/leaderboard', 'type': 'overall', 'name': 'All-Time'}}",
22908340,3,Paseo ecologico,Run,988.1,-0.3,2.0,2243.0,2239.7,"[19.281327, -99.048604]","[19.28071, -99.046032]",https://d3o5xota0a1fcr.cloudfront.net/v6/charts/3ACMPWFLMHPWNSI7PLNHAUIQFVVW3UZ44C2R7N7WBGYTTOPE6NRSGJJAKYJMKAXDKBW5TOU3XEWNH5NVKJEIBBI=,"{'light_url': 'https://d3o5xota0a1fcr.cloudfront.net/v6/charts/3ACMPWFLMHPWNSI7PLNHAUIQFVVW3UZ44C2R7N7WBGYTTOPE6NRSGJJAKYJMKAXDKBW5TOU3XEWNH5NVKJEIBBI=', 'dark_url': 'https://d3o5xota0a1fcr.cloudfront.net/v6/charts/JND7LVZVO55V5IAVXKHISGATCUDZP2ZZ2TOOXU43X7ONZLI77KHR2GH3KOORG7KDBIAB62PH5CYX2BDX7IHUVZI='}",0,Ciudad de México,Ciudad de México,Mexico,False,False,False,2020-02-20T21:32:03Z,2021-05-20T08:05:21Z,0.0,"{'id': 's22908340', 'polyline': 'g{ttBxlp{QvAFfA?jAKhABVKVUfAeBXYNIn@G~@@vC?h@BRA^MPYDO@YIe@GKMKQIqASuFQUGmAi@c@MsAGOEw@[o@[OK', 'resource_state': 3}",7503,304,3,"{'pr_elapsed_time': None, 'pr_date': None, 'pr_visibility': None, 'pr_activity_id': None, 'pr_activity_visibility': None, 'effort_count': 0}","{'kom': '3:09', 'qom': '3:43', 'overall': '3:09', 'destination': {'href': 'strava://segments/22908340/leaderboard', 'type': 'overall', 'name': 'All-Time'}}","{'athlete_id': 130437016, 'title': 'Alejandro Isidro', 'profile': 'https://graph.facebook.com/7099008833468731/picture?height=256&width=256', 'effort_description': '56 efforts in the last 90 days', 'effort_count': '56', 'effort_counts': {'overall': '56 efforts', 'female': '35 efforts'}, 'destination': 'strava://segments/22908340/local_legend?categories%5B%5D=overall'}"
25486431,3,Reto Los Reyes Del Segmento,Run,10003.9,-0.1,9.4,2227.4,2216.6,"[19.27634, -99.048864]","[19.276336, -99.048951]",https://d3o5xota0a1fcr.cloudfront.net/v6/charts/6NZAEQFEWZYROHLTHSC3IFP7LPRZHHGMM3IB4VWSCIABPFMNGCD4OC5J526M3OXNCQPMWSVCY32E63CDQ7CEUMQ=,"{'light_url': 'https://d3o5xota0a1fcr.cloudfront.net/v6/charts/6NZAEQFEWZYROHLTHSC3IFP7LPRZHHGMM3IB4VWSCIABPFMNGCD4OC5J526M3OXNCQPMWSVCY32E63CDQ7CEUMQ=', 'dark_url': 'https://d3o5xota0a1fcr.cloudfront.net/v6/charts/LWQKJE6TJ6S7N2NROPTIA4HQAFCHFASSLI5VW7AVMOV423LQITHPVULC7FISXAWOACTGCTWKLN24F3JFRFLQALA='}",0,Ciudad de México,Ciudad de México,Mexico,False,False,False,2020-08-27T13:13:39Z,2021-05-15T02:25:12Z,66.2,"{'id': 's25486431', 'polyline': 'c|stBlnp{Qd@aA`@oAr@eBf@uBHSh@qCHs@b@{ANy@Rq@\\qBz@aEZgBn@yCTwAXeAx@kBz@iBd@e@xDsIJ[|@}D\\aED}A\\cCHgARiAJaAJe@JgDAk@@q@HcAF_FJiBViBDq@jAoFFk@Tw@^wBNqAJc@F{@PqAFeBN{@PqADiAL{A@q@RsCBi@Hc@De@j@}J\\cDJq@Fo@IEmC@]DWN[DoAQ_@So@U[Be@JSLWX]FiBc@}@YsASQDk@x@e@h@S|@Y~@KJSBOC]M}@Uc@WcA[mEeA[WEWLo@v@_CD]To@@K?Su@KM?m@GaAOOEo@WIGCK?MFa@V_A?MCCKCoAEcAWaAO_C]uBg@yCk@QMB_@Fg@N{AClAGr@A^B@JBh@?bB\\ZBf@PnALjAXlCj@d@Nz@PFHAPKrA?ZJFd@BxAXr@Vn@JDN?Fk@rDMh@M`A?JFFbBPbCp@FDN@z@\\tAVZ?DEb@yATa@v@q@Va@^GzAXl@RjAT`@JXCJQVI~AGVDj@RjAHXGZOxAChALBBBRElA]jDKfBU~BED?\\Y|GEb@CNCn@I\\KjC?^QdBUpAOvBKZCd@G`@KlBGb@MZm@bDK\\[nBQt@M\\Gd@WjAGdAG^Cp@Gd@EbDEp@CnA@j@AXED?~AWfCMd@Sd@YpDObAIhAI^BfAEbAEVMd@W`B_@zAAZQj@i@lA[^Yt@QVc@nAOXQRELWZ]p@UVi@rAUx@OT]|BQx@_@tAy@fF[tAKXS~Aa@nAUhAMXC^Ol@Ef@I\\Of@Ib@Yl@QbAOh@Qd@[t@GC[r@KBEJE?', 'resource_state': 3}",18,13,3,"{'pr_elapsed_time': None, 'pr_date': None, 'pr_visibility': None, 'pr_activity_id': None, 'pr_activity_visibility': None, 'effort_count': 0}","{'kom': '41:34', 'qom': '56:53', 'overall': '41:34', 'destination': {'href': 'strava://segments/25486431/leaderboard', 'type': 'overall', 'name': 'All-Time'}}",
8209982,3,Vuelta corredor ecológico,Run,0.0,0.0,0.0,2240.0,2240.0,"[19.281107, -99.047043]","[19.281107, -99.047043]",https://d3o5xota0a1fcr.cloudfront.net/v6/charts/FKJ7HUKOAASJGMEGCKRLNMSFOAEYEMEJM5B3YQYN3DCFL45V2KZKPTGKNWSNVWRNDWW2IHTWKQSESOI6EIYU2FA=,"{'light_url': 'https://d3o5xota0a1fcr.cloudfront.net/v6/charts/FKJ7HUKOAASJGMEGCKRLNMSFOAEYEMEJM5B3YQYN3DCFL45V2KZKPTGKNWSNVWRNDWW2IHTWKQSESOI6EIYU2FA=', 'dark_url': 'https://d3o5xota0a1fcr.cloudfront.net/v6/charts/HDQ4ZG2PWVYQZCHDYAAAXROIYBDCTTZMKZTL73WAWRH74XQAGPU4KOTRB7TSG5ZWAF4BDBJJDZD62SWWW72J22Y='}",0,Mexico City,Federal District,Mexico,False,False,False,2014-09-24T17:23:29Z,2021-05-15T02:15:41Z,0.0,"{'id': 's8209982', 'polyline': '{yttB`cp{Q', 'resource_state': 3}",24,22,1,"{'pr_elapsed_time': None, 'pr_date': None, 'pr_visibility': None, 'pr_activity_id': None, 'pr_activity_visibility': None, 'effort_count': 0}","{'kom': '0s', 'qom': '7s', 'overall': '0s', 'destination': {'href': 'strava://segments/8209982/leaderboard', 'type': 'overall', 'name': 'All-Time'}}","{'athlete_id': 143800623, 'title': 'Maggy Zaragoza', 'profile': 'avatar/athlete/large.png', 'effort_description': '1 effort in the last 90 days', 'effort_count': '1', 'effort_counts': {'overall': '1 effort', 'female': '1 effort'}, 'destination': 'strava://segments/8209982/local_legend?categories%5B%5D=overall'}"
11926261,3,Vuelta contorno del deportivo,Run,1125.0,0.0,2.5,2239.1,2237.8,"[19.274931, -99.001014]","[19.274905, -99.000992]",https://d3o5xota0a1fcr.cloudfront.net/v6/charts/CADPO4J44NY74RRMAXMPR3WLVXLUMXIERH3V3U5HT5TEH7BB3OAM24WTBL7WJBSS3JQIK4GMXO7B6G2Y5TPREYQ=,"{'light_url': 'https://d3o5xota0a1fcr.cloudfront.net/v6/charts/CADPO4J44NY74RRMAXMPR3WLVXLUMXIERH3V3U5HT5TEH7BB3OAM24WTBL7WJBSS3JQIK4GMXO7B6G2Y5TPREYQ=', 'dark_url': 'https://d3o5xota0a1fcr.cloudfront.net/v6/charts/MGAEJHL43IT6KTDNIHO2USOYDDFFSZC4VT4XWOOSFLCJCZYPN4WQ4F733PSW44DDGTEID45GNPFYOJDJZPDHT4I='}",0,Ciudad de México,Distrito Federal,Mexico,False,False,False,2016-04-27T05:42:34Z,2021-05-15T08:04:23Z,0.0,"{'id': 's11926261', 'polyline': 'isstBjcg{QT_@x@aADKHe@JYr@kANuABu@CCW@aACyD]sCOSAi@H]?ODELSdA]~GWxC@HpCj@\\L\\D^JP?VBDC@OHMl@QDGf@eAp@}@', 'resource_state': 3}",2167,78,3,"{'pr_elapsed_time': None, 'pr_date': None, 'pr_visibility': None, 'pr_activity_id': None, 'pr_activity_visibility': None, 'effort_count': 0}","{'kom': '4:24', 'qom': '5:37', 'overall': '4:24', 'destination': {'href': 'strava://segments/11926261/leaderboard', 'type': 'overall', 'name': 'All-Time'}}","{'athlete_id': 116087053, 'title': 'Cesar Gonzalez', 'profile': 'https://lh3.googleusercontent.com/a-/AD_cMMSUaD-53dQS4uxW9zHUnafTr36JulR0Tz0yxGnSjA6B=s96-c', 'effort_description': '132 efforts in the last 90 days', 'effort_count': '132', 'effort_counts': {'overall': '132 efforts', 'female': '25 efforts'}, 'destination': 'strava://segments/11926261/local_legend?categories%5B%5D=overall'}"
20553856,3,Pista San Jose,Run,413.3,-0.0,1.4,2230.9,2229.9,"[19.274989, -99.000693]","[19.274955, -99.000673]",https://d3o5xota0a1fcr.cloudfront.net/v6/charts/OLXFTVKEYXSUJXSB2IWQWFZZG4UCMJTXD4D6POWLU4Y6UNR6QYXVGOXHPOOHHCKXMHOIAUP4H252RXVRWJD4JQFK,"{'light_url': 'https://d3o5xota0a1fcr.cloudfront.net/v6/charts/OLXFTVKEYXSUJXSB2IWQWFZZG4UCMJTXD4D6POWLU4Y6UNR6QYXVGOXHPOOHHCKXMHOIAUP4H252RXVRWJD4JQFK', 'dark_url': 'https://d3o5xota0a1fcr.cloudfront.net/v6/charts/HCAMK5U6I2YEQDK4XSZWH7TYBGZ3A4ZLWXVXEUOUFHAFPOQHMZIK2HNIX6LWGVGVPHOGPAKPVNP3SSAK7UT4MPLL'}",0,Ciudad de México,Ciudad de México,Mexico,False,False,False,2019-05-10T16:42:01Z,2021-05-15T02:23:06Z,0.0,"{'id': 's20553856', 'polyline': 'ssstBjag{QR@`@INODKDO?_@GYQUSImBIi@Gi@AMBKHS\\Ab@R`@b@RzCV', 'resource_state': 3}",19429,217,5,"{'pr_elapsed_time': None, 'pr_date': None, 'pr_visibility': None, 'pr_activity_id': None, 'pr_activity_visibility': None, 'effort_count': 0}","{'kom': '50s', 'qom': '1:26', 'overall': '50s', 'destination': {'href': 'strava://segments/20553856/leaderboard', 'type': 'overall', 'name': 'All-Time'}}","{'athlete_id': 118004862, 'title': 'José Luis Montero', 'profile': 'https://lh3.googleusercontent.com/a/AGNmyxY1yMJXv8qHebfVLHK8EHZw_qLZu1Zw-4i9K3uW=s96-c', 'effort_description': '185 efforts in the last 90 days', 'effort_count': '185', 'effort_counts': {'overall': '185 efforts', 'female': '82 efforts'}, 'destination': 'strava://segments/20553856/local_legend?categories%5B%5D=overall'}"
18250121,3,Xochi.- 5 Km,Run,347.6,0.0,13.9,2246.5,2239.0,"[19.256535, -99.021042]","[19.256543, -99.020955]",https://d3o5xota0a1fcr.cloudfront.net/v6/charts/5ZPX4PUFYPUZ2VEESS2GLYGWXFX7VOIKHSXY4CB4CJIL7IESSOXXQEFTDGA44LOECBFN7D54SWCXNBMF2QHQ6EI=,"{'light_url': 'https://d3o5xota0a1fcr.cloudfront.net/v6/charts/5ZPX4PUFYPUZ2VEESS2GLYGWXFX7VOIKHSXY4CB4CJIL7IESSOXXQEFTDGA44LOECBFN7D54SWCXNBMF2QHQ6EI=', 'dark_url': 'https://d3o5xota0a1fcr.cloudfront.net/v6/charts/SUW4RMBG2CGZDCJIO7GWLJU3O5EZRHB6LTEPRQFCKYDYVCJFUVBA72MGSXM4W4YGXDQVKWJ7ADFT5GWCHSAXMRI='}",0,Ciudad de México,Ciudad de México,Mexico,False,False,False,2018-07-16T19:57:58Z,2021-05-17T08:07:41Z,5.8,"{'id': 's18250121', 'polyline': 'i`ptBp`k{Q\\{ANaA@_@EMSKc@MY?SLIVIf@YnAAXDJJFb@Ld@@LG', 'resource_state': 3}",10290,124,1,"{'pr_elapsed_time': None, 'pr_date': None, 'pr_visibility': None, 'pr_activity_id': None, 'pr_activity_visibility': None, 'effort_count': 0}","{'kom': '1:06', 'qom': '1:13', 'overall': '1:06', 'destination': {'href': 'strava://segments/18250121/leaderboard', 'type': 'overall', 'name': 'All-Time'}}","{'athlete_id': 158080309, 'title': 'Adrian Gutierrez', 'profile': 'https://graph.facebook.com/28214401468207824/picture?height=256&width=256', 'effort_description': '337 efforts in the last 90 days', 'effort_count': '337', 'effort_counts': {'overall': '337 efforts', 'female': '288 efforts'}, 'destination': 'strava://segments/18250121/local_legend?categories%5B%5D=overall'}"
26082865,3,Running deportivo Colocio.,Run,669.9,0.1,5.1,2239.8,2238.2,"[19.274371, -98.941677]","[19.274372, -98.941709]",https://d3o5xota0a1fcr.cloudfront.net/v6/charts/53TL6I6HPQQYNOC4GTLHBDREVTXLDHLGY6QCO6PYVVMAKXWRU4GT7TNHICMPSV5R2XRXKDES5UKL6J3M3SAKWZQ=,"{'light_url': 'https://d3o5xota0a1fcr.cloudfront.net/v6/charts/53TL6I6HPQQYNOC4GTLHBDREVTXLDHLGY6QCO6PYVVMAKXWRU4GT7TNHICMPSV5R2XRXKDES5UKL6J3M3SAKWZQ=', 'dark_url': 'https://d3o5xota0a1fcr.cloudfront.net/v6/charts/XUDOUXX4CTCOZLNGT6D7N7X6TRPEY27VAZNRVPQYLQ5K5YDA643E6YY3FCSIEA6UCHZOHTATGYZ4MQ47UZ6FPQI='}",0,Valle de Chalco Solidaridad,Estado de México,Mexico,False,False,False,2020-10-16T19:08:26Z,2021-05-15T08:06:29Z,0.0,"{'id': 's26082865', 'polyline': 'yostBnp{zQA[ZuCAa@kAaAQCqAfA]Rk@d@]TMTWnDEfAFD`A?VEjDMHSFUB]CCJk@', 'resource_state': 3}",2538,99,0,"{'pr_elapsed_time': None, 'pr_date': None, 'pr_visibility': None, 'pr_activity_id': None, 'pr_activity_visibility': None, 'effort_count': 0}","{'kom': '2:22', 'qom': '3:03', 'overall': '2:22', 'destination': {'href': 'strava://segments/26082865/leaderboard', 'type': 'overall', 'name': 'All-Time'}}","{'athlete_id': 155107449, 'title': 'ANGEL VARGAS', 'profile': 'https://dgalywyr863hv.cloudfront.net/pictures/athletes/155107449/34651067/3/large.jpg', 'effort_description': '35 efforts in the last 90 days', 'effort_count': '35', 'effort_counts': {'overall': '35 efforts', 'female': '28 efforts'}, 'destination': 'strava://segments/26082865/local_legend?categories%5B%5D=overall'}"
25499859,3,Vuelta ciclopista Xicotencatl,Run,1427.2,-0.1,4.3,2232.8,2231.0,"[19.253602, -98.935218]","[19.253266, -98.934948]",https://d3o5xota0a1fcr.cloudfront.net/v6/charts/2HOS2SSBCLRK3LGK5LLLQHNGXE4FVJ2JUXONAGLEWYNAMWK7VFNLWQVO7WLOLU3VHRYQTP7UQD2IJGHIOQB67Z32,"{'light_url': 'https://d3o5xota0a1fcr.cloudfront.net/v6/charts/2HOS2SSBCLRK3LGK5LLLQHNGXE4FVJ2JUXONAGLEWYNAMWK7VFNLWQVO7WLOLU3VHRYQTP7UQD2IJGHIOQB67Z32', 'dark_url': 'https://d3o5xota0a1fcr.cloudfront.net/v6/charts/J24H6JR3S7XZZSCWGZH5Y3IR2Q35VY6YQRMCRNSLPG5BIPXBH7HK72TYX3W3YAE53REP3ALUNN7BYGOUIS3VPKPI'}",0,Valle de Chalco Solidaridad,Estado de México,Mexico,False,False,False,2020-08-28T14:03:40Z,2021-05-18T08:06:09Z,0.0,"{'id': 's25499859', 'polyline': '_notBbhzzQ~@]TEX?ZHTPj@XF?HEj@CRIVQTWn@_@ZCf@D^?RCVORQLSDa@Ng@\\aC`@qBBQAQQc@IOYMY?eBOeBZ_AZe@ViA^aAn@wAb@gAb@e@JwCbAm@NQHKJQTGP?LBHRLF@HANE`@S\\@ZLnAt@NPTb@LJLFT?\\KVMXE', 'resource_state': 3}",432,10,0,"{'pr_elapsed_time': None, 'pr_date': None, 'pr_visibility': None, 'pr_activity_id': None, 'pr_activity_visibility': None, 'effort_count': 0}","{'kom': '5:17', 'qom': '7:43', 'overall': '5:17', 'destination': {'href': 'strava://segments/25499859/leaderboard', 'type': 'overall', 'name': 'All-Time'}}",
25146873,3,Subida Volcán Xico,Run,2316.6,4.4,40.2,2350.9,2245.8,"[19.256341, -98.937526]","[19.264598, -98.942462]",https://d3o5xota0a1fcr.cloudfront.net/v6/charts/UY2GYJ2VAKZMOIHO2NREC2Y3RI5YIMXRC6CEMVFRW2OCKDOXHVSHZL2ST776EECJH2L4UUG4VOM6ONKII74E34UY,"{'light_url': 'https://d3o5xota0a1fcr.cloudfront.net/v6/charts/UY2GYJ2VAKZMOIHO2NREC2Y3RI5YIMXRC6CEMVFRW2OCKDOXHVSHZL2ST776EECJH2L4UUG4VOM6ONKII74E34UY', 'dark_url': 'https://d3o5xota0a1fcr.cloudfront.net/v6/charts/MGGF63IXDRD6VPVTMF5CI3LJBF56FQLKOZ6VGIB66JJ3FYV7AVOBLTOESJINQRBTJV6V7VCKR3YYJVNGNQAO6WGU'}",1,Valle de Chalco Solidaridad,Estado de México,Mexico,False,False,False,2020-08-02T14:20:43Z,2021-05-18T08:06:06Z,139.4,"{'id': 's25146873', 'polyline': 'c_ptBpvzzQ\\PTR\\f@lArA`@l@j@bA\\b@VX^j@J\\L\\RfA\\x@Nx@Fz@F^D`CLvBGn@ShASp@Wp@EXQf@y@tAMXIFI@m@Yi@KU@ODa@t@SPa@Te@z@]Zm@z@aBhBEFCNAd@QPq@JMHQVqC|@WFu@Dk@LsAHo@NQAg@Ia@?YEU@k@Ec@Mw@Is@Mq@U[S[MYUi@Qy@e@SUMIQSc@YMS[Yc@YEMCYS[M]}@kAg@y@c@aACS]cAQy@GgAI_@@}@', 'resource_state': 3}",176,36,0,"{'pr_elapsed_time': None, 'pr_date': None, 'pr_visibility': None, 'pr_activity_id': None, 'pr_activity_visibility': None, 'effort_count': 0}","{'kom': '11:03', 'qom': '14:19', 'overall': '11:03', 'destination': {'href': 'strava://segments/25146873/leaderboard', 'type': 'overall', 'name': 'All-Time'}}","{'athlete_id': 47851812, 'title': 'Daniel Merlín', 'profile': 'https://dgalywyr863hv.cloudfront.net/pictures/athletes/47851812/33788519/2/large.jpg', 'effort_description': '5 efforts in the last 90 days', 'effort_count': '5', 'effort_counts': {'overall': '5 efforts', 'female': None}, 'destination': 'strava://segments/25146873/local_legend?categories%5B%5D=overall'}"
34007387,3,Contorno Volcán Xico,Run,3370.0,0.0,43.3,2351.2,2283.9,"[19.262387, -98.938041]","[19.2626, -98.938199]",https://d3o5xota0a1fcr.cloudfront.net/v6/charts/TC7O3QLVFHLHQELNC2LST3QP7WHD6OKQ3VQEQPP4WX4XUWJZAA6QSTEWEV5O3H3WMIJC4SKNJO37T2CVK5OSDCY=,"{'light_url': 'https://d3o5xota0a1fcr.cloudfront.net/v6/charts/TC7O3QLVFHLHQELNC2LST3QP7WHD6OKQ3VQEQPP4WX4XUWJZAA6QSTEWEV5O3H3WMIJC4SKNJO37T2CVK5OSDCY=', 'dark_url': 'https://d3o5xota0a1fcr.cloudfront.net/v6/charts/YXZ2C3RMHCWZFORIT7OFW6VTPCTXFI2VEG5X7P6UKOMLTHRMZDYZ37KVIOMOJR2ISL7763W27DLEEP342XVWOBY='}",0,,State of Mexico,Mexico,False,False,False,2023-03-25T18:54:46Z,2023-03-25T18:54:47Z,87.1818,"{'id': 's34007387', 'polyline': '{dqtBxyzzQh@]|@QZKhBu@ZIxAQf@AtADlAF|CVn@BTBhATp@Jz@Vp@b@`@b@ZLt@Jh@\\PNh@x@^^V`@r@l@d@n@NXX^JZX`@HTFh@L`@Fl@Ct@Ll@FdAGz@St@?PBRA`@O`AMXEd@]pASHEFMWO@CA?ICAOBELBj@ATc@fAKL]RQPwBzCsArAIVA\\ETUPqA`@eAh@_@D}@Vg@DiBZ{@H}BO[@{AGkA_@k@KWQ_Ac@MKaA[_Ao@Y[YQc@_@e@k@[WGIIc@g@aAUUm@y@e@gAIUScAKW_@}AMq@A_@BmAFo@@sBp@}C\\aAHe@La@j@oAd@y@\\s@`@q@X_@VQh@Sp@i@', 'resource_state': 3}",104,34,2,"{'pr_elapsed_time': None, 'pr_date': None, 'pr_visibility': None, 'pr_activity_id': None, 'pr_activity_visibility': None, 'effort_count': 0}","{'kom': '14:59', 'qom': '17:26', 'overall': '14:59', 'destination': {'href': 'strava://segments/34007387/leaderboard', 'type': 'overall', 'name': 'All-Time'}}","{'athlete_id': 152367144, 'title': 'Daniel Castillo', 'profile': 'https://dgalywyr863hv.cloudfront.net/pictures/athletes/152367144/34125174/1/large.jpg', 'effort_description': '5 efforts in the last 90 days', 'effort_count': '5', 'effort_counts': {'overall': '5 efforts', 'female': '3 efforts'}, 'destination': 'strava://segments/34007387/local_legend?categories%5B%5D=overall'}"
38307023,3,Panteón - Caseta Xico,Run,993.2,5.5,15.2,2288.1,2233.6,"[19.256337, -98.936496]","[19.255296, -98.944181]",https://d3o5xota0a1fcr.cloudfront.net/v6/charts/7VRWCOKP7S473PMHHP5EQ2TFIZUSMVRBHJ4F6AOZ57RJ7HJSPR2NHGH7DTGZKQZVJE5GXO3ZXMH6KD3C4N6XWU7K,"{'light_url': 'https://d3o5xota0a1fcr.cloudfront.net/v6/charts/7VRWCOKP7S473PMHHP5EQ2TFIZUSMVRBHJ4F6AOZ57RJ7HJSPR2NHGH7DTGZKQZVJE5GXO3ZXMH6KD3C4N6XWU7K', 'dark_url': 'https://d3o5xota0a1fcr.cloudfront.net/v6/charts/NFMX2BATGERQGYQPXC3VSWLLM6O75EQD67MUY5FPEIUJHZCVLQW7XIKA2SA75OVYTX77G4BHBNNLQUDL64JFB5GZ'}",0,,State of Mexico,Mexico,False,False,False,2024-12-19T15:16:09Z,2024-12-19T15:16:09Z,54.5,"{'id': 's38307023', 'polyline': 'a_ptBbpzzQU`@O~@BXDPFb@R`@NJL@NLHRh@p@`@v@h@v@NRd@XR\\HFXXR^`@f@Fp@Rf@Ft@Th@DN?h@BTPl@Jx@Bx@Ad@@HC`@?z@AF@PKT?PI^Er@GPWh@Md@Qb@CHIHWf@KJGPMNGAGFE?ICGCWW', 'resource_state': 3}",224,35,0,"{'pr_elapsed_time': None, 'pr_date': None, 'pr_visibility': None, 'pr_activity_id': None, 'pr_activity_visibility': None, 'effort_count': 0}","{'kom': '4:15', 'qom': '5:56', 'overall': '4:15', 'destination': {'href': 'strava://segments/38307023/leaderboard', 'type': 'overall', 'name': 'All-Time'}}","{'athlete_id': 47851812, 'title': 'Daniel Merlín', 'profile': 'https://dgalywyr863hv.cloudfront.net/pictures/athletes/47851812/33788519/2/large.jpg', 'effort_description': '14 efforts in the last 90 days', 'effort_count': '14', 'effort_counts': {'overall': '14 efforts', 'female': None}, 'destination': 'strava://segments/38307023/local_legend?categories%5B%5D=overall'}"
36286347,3,Circuito ciclopista running ,Run,742.6,0.0,1.3,2233.0,2232.3,"[19.274849, -98.939152]","[19.274888, -98.939134]",https://d3o5xota0a1fcr.cloudfront.net/v6/charts/GMO2YHPRLBFQCWGE7SPX4IK34UZQRAPHHM7TJNE75GBTBRTNENJJLWZ6VQ4P75S6WFBUYJYQBF5OTL7DTKPTVZJ2,"{'light_url': 'https://d3o5xota0a1fcr.cloudfront.net/v6/charts/GMO2YHPRLBFQCWGE7SPX4IK34UZQRAPHHM7TJNE75GBTBRTNENJJLWZ6VQ4P75S6WFBUYJYQBF5OTL7DTKPTVZJ2', 'dark_url': 'https://d3o5xota0a1fcr.cloudfront.net/v6/charts/N5SMPQC7HQSF4YNSMBPNGKG3EKRGNNCAOGMJRQXRHM65HTEP5FYJ2WRCRZ3FD2QNROXHOH7MDV6MSYNUKPJPDC6Q'}",0,,State of Mexico,Mexico,False,False,False,2024-02-11T15:52:41Z,2024-02-11T15:52:42Z,0.0,"{'id': 's36286347', 'polyline': 'wrstBv`{zQIh@?b@Df@L`@Tf@^b@XT^Lb@Fj@Ar@In@S\\S\\[R]Pc@Fi@@s@Em@Ke@O_@Wa@YWg@Qa@EsA?c@Fg@Ni@Z[^Sf@Id@', 'resource_state': 3}",4921,135,0,"{'pr_elapsed_time': None, 'pr_date': None, 'pr_visibility': None, 'pr_activity_id': None, 'pr_activity_visibility': None, 'effort_count': 0}","{'kom': '1:56', 'qom': '2:57', 'overall': '1:56', 'destination': {'href': 'strava://segments/36286347/leaderboard', 'type': 'overall', 'name': 'All-Time'}}","{'athlete_id': 155107449, 'title': 'ANGEL VARGAS', 'profile': 'https://dgalywyr863hv.cloudfront.net/pictures/athletes/155107449/34651067/3/large.jpg', 'effort_description': '218 efforts in the last 90 days', 'effort_count': '218', 'effort_counts': {'overall': '218 efforts', 'female': '43 efforts'}, 'destination': 'strava://segments/36286347/local_legend?categories%5B%5D=overall'}"
22372422,3,Recta Torres,Run,808.6,0.9,3.4,2239.4,2231.6,"[19.25807, -98.909475]","[19.252478, -98.904673]",https://d3o5xota0a1fcr.cloudfront.net/v6/charts/HWRM7WIZA2VMYDWGLAAIMI7UZDPYI5IFE3LVC2MGP4HLQERRJ2Y3CEBUM642CI3B2UK45Q4WLEO2GLG65LHIX3A=,"{'light_url': 'https://d3o5xota0a1fcr.cloudfront.net/v6/charts/HWRM7WIZA2VMYDWGLAAIMI7UZDPYI5IFE3LVC2MGP4HLQERRJ2Y3CEBUM642CI3B2UK45Q4WLEO2GLG65LHIX3A=', 'dark_url': 'https://d3o5xota0a1fcr.cloudfront.net/v6/charts/HVMNQLEYUF6CFAIZ6HFAVLTYCOPNW372ASMABHYU4O4YQNRB6QQO3YTL2QU2DMDQWPXN2WQCGTT3PHF7RJBQQUY='}",0,Chalco de Díaz Covarrubias,Estado de México,Mexico,False,False,False,2019-11-30T15:00:59Z,2021-05-15T02:24:06Z,7.8,"{'id': 's22372422', 'polyline': '}iptBfguzQ^[\\Qx@W`@i@Vg@NOVKf@Kf@_@RSh@s@x@i@pDeDp@e@n@o@zAoAf@g@lDoCp@q@dAw@', 'resource_state': 3}",462,31,0,"{'pr_elapsed_time': None, 'pr_date': None, 'pr_visibility': None, 'pr_activity_id': None, 'pr_activity_visibility': None, 'effort_count': 0}","{'kom': '2:20', 'qom': '4:53', 'overall': '2:20', 'destination': {'href': 'strava://segments/22372422/leaderboard', 'type': 'overall', 'name': 'All-Time'}}","{'athlete_id': 47851812, 'title': 'Daniel Merlín', 'profile': 'https://dgalywyr863hv.cloudfront.net/pictures/athletes/47851812/33788519/2/large.jpg', 'effort_description': '13 efforts in the last 90 days', 'effort_count': '13', 'effort_counts': {'overall': '13 efforts', 'female': '1 effort'}, 'destination': 'strava://segments/22372422/local_legend?categories%5B%5D=overall'}"
19921190,3,Barda Six Flags,Run,1109.2,2.5,20.9,2436.8,2405.8,"[19.297457, -99.20514]","[19.292913, -99.211088]",https://d3o5xota0a1fcr.cloudfront.net/v6/charts/DCYI55VICQLQVS5CKLJE6L7Z7LYYKGWWAXOYHZDRK4S2N7BNW4R34LVHUG4HCPLMRDZDN5RQAFCD222TGJKVNSQ=,"{'light_url': 'https://d3o5xota0a1fcr.cloudfront.net/v6/charts/DCYI55VICQLQVS5CKLJE6L7Z7LYYKGWWAXOYHZDRK4S2N7BNW4R34LVHUG4HCPLMRDZDN5RQAFCD222TGJKVNSQ=', 'dark_url': 'https://d3o5xota0a1fcr.cloudfront.net/v6/charts/PQDJHAUOMT2IKQ3NCW2XRI7JTA2BW5BAATTJN45FCC3M7AZ5YQUBFSZDYKZUIYKTAGGSO6DXM5RY6Q7LNVKYMHY='}",0,Ciudad de México,Ciudad de México,Mexico,False,False,False,2019-02-21T23:43:29Z,2021-05-19T08:04:51Z,33.8,"{'id': 's19921190', 'polyline': 'a`xtBb_o|QPPZJ`BRJC`@@d@GZ?lAFd@?d@HlBD\\B`@AVBf@CPE~BHd@?^Gd@FP`@Df@G\\Hz@?PJj@F~@DfAGZAv@UpABl@QfACd@@RCdDKjB@h@Ip@?TXZ', 'resource_state': 3}",16522,2759,5,"{'pr_elapsed_time': None, 'pr_date': None, 'pr_visibility': None, 'pr_activity_id': None, 'pr_activity_visibility': None, 'effort_count': 0}","{'kom': '4:40', 'qom': '5:35', 'overall': '4:40', 'destination': {'href': 'strava://segments/19921190/leaderboard', 'type': 'overall', 'name': 'All-Time'}}","{'athlete_id': 104198351, 'title': 'Oscar Soto', 'profile': 'avatar/athlete/large.png', 'effort_description': '29 efforts in the last 90 days', 'effort_count': '29', 'effort_counts': {'overall': '29 efforts', 'female': '17 efforts'}, 'destination': 'strava://segments/19921190/local_legend?categories%5B%5D=overall'}"
19921193,3,Encumbrando la montaña,Run,1674.4,-0.5,15.3,2462.2,2427.8,"[19.292712, -99.210999]","[19.286947, -99.203868]",https://d3o5xota0a1fcr.cloudfront.net/v6/charts/OFD3WJTYLQR2Q4BHK45O5BDK7OXHLFJSASWJXFHT5POZ65RRUYALFFKV3SMHF4FTOFRD7UVJBU3CLAGHGSKSLZNS,"{'light_url': 'https://d3o5xota0a1fcr.cloudfront.net/v6/charts/OFD3WJTYLQR2Q4BHK45O5BDK7OXHLFJSASWJXFHT5POZ65RRUYALFFKV3SMHF4FTOFRD7UVJBU3CLAGHGSKSLZNS', 'dark_url': 'https://d3o5xota0a1fcr.cloudfront.net/v6/charts/6GV756Z7JMSENRQ3AJ4R2IASSW6Z6TATANEDEONJPKAA546CTSZ2BSOJS3TZIMDID43T3BBA5HEYBHUZCMRUMGRQ'}",0,Ciudad de México,Ciudad de México,Mexico,False,False,False,2019-02-21T23:45:14Z,2021-05-20T08:04:58Z,26.8,"{'id': 's19921193', 'polyline': 'mbwtBvcp|QLEDIDKLU^UNAPD\\VPT`@DnB]b@Dr@d@j@|@\\bA\\Vb@Er@\\b@L\\PL@hAXP@^@`BSb@Od@CPQHa@FEl@KVOBMOU?]Va@v@a@t@eARc@j@cAFoAGSE[Jo@\\[BKAoAEi@JuAB{BCYMGQAY@C@?Dj@YJCDEDMBcBAyAWmA?a@Ka@]q@]WQEk@CWEOSCU@[DON]V_@Fa@', 'resource_state': 3}",17236,2768,10,"{'pr_elapsed_time': None, 'pr_date': None, 'pr_visibility': None, 'pr_activity_id': None, 'pr_activity_visibility': None, 'effort_count': 0}","{'kom': '6:27', 'qom': '7:53', 'overall': '6:27', 'destination': {'href': 'strava://segments/19921193/leaderboard', 'type': 'overall', 'name': 'All-Time'}}","{'athlete_id': 31155474, 'title': 'guadalupe ramos', 'profile': 'https://dgalywyr863hv.cloudfront.net/pictures/athletes/31155474/9326120/3/large.jpg', 'effort_description': '48 efforts in the last 90 days', 'effort_count': '48', 'effort_counts': {'overall': '48 efforts', 'female': '27 efforts'}, 'destination': 'strava://segments/19921193/local_legend?categories%5B%5D=overall'}"
19867209,3,Tartán parque fuentes,Run,436.2,-0.3,6.7,2395.7,2389.9,"[19.309883, -99.214598]","[19.309876, -99.21451]",https://d3o5xota0a1fcr.cloudfront.net/v6/charts/SXRPJATEV43NGZDPXYM5HPSOST5BWEZUXMLWHSZAOB2C5U3OQA4OIOHPJSJTUG3ANQL7FX2XYQFNIP2MM6WWJAAQ,"{'light_url': 'https://d3o5xota0a1fcr.cloudfront.net/v6/charts/SXRPJATEV43NGZDPXYM5HPSOST5BWEZUXMLWHSZAOB2C5U3OQA4OIOHPJSJTUG3ANQL7FX2XYQFNIP2MM6WWJAAQ', 'dark_url': 'https://d3o5xota0a1fcr.cloudfront.net/v6/charts/P5EJCUVRABNDTV4SB6N73UF4MWUBBNWBA5TSCR5UB6MEJ5ELTW2HD2HLZJ74G7GK72VV3QMC6CI2GN2XMM7XGS5R'}",0,,,,False,False,False,2019-02-14T02:20:47Z,2021-05-20T08:04:58Z,5.8,"{'id': 's19867209', 'polyline': 'wmztBfzp|QDMGq@?k@FaAAQK[@c@EYAIE?c@Hg@BMJE`@JXBf@DzDDDRBFAVOXAHM@O', 'resource_state': 3}",7456,299,4,"{'pr_elapsed_time': None, 'pr_date': None, 'pr_visibility': None, 'pr_activity_id': None, 'pr_activity_visibility': None, 'effort_count': 0}","{'kom': '1:10', 'qom': '1:28', 'overall': '1:10', 'destination': {'href': 'strava://segments/19867209/leaderboard', 'type': 'overall', 'name': 'All-Time'}}","{'athlete_id': 45327528, 'title': 'Tatiana Adalid', 'profile': 'avatar/athlete/large.png', 'effort_description': '50 efforts in the last 90 days', 'effort_count': '50', 'effort_counts': {'overall': '50 efforts', 'female': '21 efforts'}, 'destination': 'strava://segments/19867209/local_legend?categories%5B%5D=overall'}"
10766269,3,Pegado a la barda,Run,2606.9,3.8,17.9,2474.6,2376.8,"[19.297268, -99.199252]","[19.287425, -99.211572]",https://d3o5xota0a1fcr.cloudfront.net/v6/charts/2H3BPE72HI3UZIW6Q44K4BNYJPS6OG3VZ7NQCIM7IHHVCKOEDRXNEVMHGS6JYTF6TGE5RXIS3TERTCPLU4C6E6Q=,"{'light_url': 'https://d3o5xota0a1fcr.cloudfront.net/v6/charts/2H3BPE72HI3UZIW6Q44K4BNYJPS6OG3VZ7NQCIM7IHHVCKOEDRXNEVMHGS6JYTF6TGE5RXIS3TERTCPLU4C6E6Q=', 'dark_url': 'https://d3o5xota0a1fcr.cloudfront.net/v6/charts/BHTEY3KT6NAZ54CZGWU4QTMOFMFTR3RGI5SRH5YC6JI5S4PMIYBAO7GV6SMTA6KR4FTJYUWCFCLG5SRKVQEOERQ='}",1,Ciudad de México,Distrito Federal,Mexico,False,False,False,2015-10-27T00:24:50Z,2021-05-20T08:03:36Z,114.4,"{'id': 's10766269', 'polyline': '{~wtBjzm|Q@l@Nf@Vj@ALDLb@\\HJTh@J`@FJXPCNWd@ST_@PG@g@IQB_@d@IRDTP`@Fd@DL?fAFb@Ej@KTc@j@AH?TCTBb@CROd@MlADjAEr@B`@h@`@ZFb@Af@GvAEP?RFnA@p@?`AHnB?zADrA?|BGVH`@T?f@MbCPlAB~AQ|C?f@@b@S|CAnBQrC?dAFT`@Pl@GNQTm@`@KHBx@~@`@F`Cu@b@@`@XJLVbAL\\@RJP\\TJBb@Ed@RhATzAV`@Lf@Hf@?nBOZYNa@h@UVO', 'resource_state': 3}",11260,2071,15,"{'pr_elapsed_time': None, 'pr_date': None, 'pr_visibility': None, 'pr_activity_id': None, 'pr_activity_visibility': None, 'effort_count': 0}","{'kom': '12:11', 'qom': '14:05', 'overall': '12:11', 'destination': {'href': 'strava://segments/10766269/leaderboard', 'type': 'overall', 'name': 'All-Time'}}","{'athlete_id': 104198351, 'title': 'Oscar Soto', 'profile': 'avatar/athlete/large.png', 'effort_description': '29 efforts in the last 90 days', 'effort_count': '29', 'effort_counts': {'overall': '29 efforts', 'female': '4 efforts'}, 'destination': 'strava://segments/10766269/local_legend?categories%5B%5D=overall'}"
5096833,3,Tizimín Climb,Run,931.4,4.3,9.8,2470.6,2430.2,"[19.287042, -99.202687]","[19.286911, -99.210582]",https://d3o5xota0a1fcr.cloudfront.net/v6/charts/WBZGYRO22TW2MCRZLI3KSOEZOH6MMI4ANVED6INERD5AOQSS32MJRCASTGCN6UJMUAE4TDFVT2OC724JD343QBQ=,"{'light_url': 'https://d3o5xota0a1fcr.cloudfront.net/v6/charts/WBZGYRO22TW2MCRZLI3KSOEZOH6MMI4ANVED6INERD5AOQSS32MJRCASTGCN6UJMUAE4TDFVT2OC724JD343QBQ=', 'dark_url': 'https://d3o5xota0a1fcr.cloudfront.net/v6/charts/EDXCNXX2KEQI5PAPCYIEIYDTM2VOGT56GCOWXR6CRHN7W3TZZFDTI4CJFDXMOGQTBHJWRHCXUYHSV74BAAWEF7Q='}",0,Mexico City,D.F.,Mexico,False,False,False,2013-08-12T20:05:18Z,2021-05-20T08:02:39Z,40.7,"{'id': 's5096833', 'polyline': '__vtBxon|QDd@@d@IjAH|AENWPS\\Cd@@RR^FBL?VGXATJZv@Pn@@^^fBBjBBv@?RENEp@DlBKr@AXCp@@pBKLSNK^?VP`@A\\BRCRS`@Op@Q\\[Z', 'resource_state': 3}",8029,1951,10,"{'pr_elapsed_time': None, 'pr_date': None, 'pr_visibility': None, 'pr_activity_id': None, 'pr_activity_visibility': None, 'effort_count': 0}","{'kom': '4:07', 'qom': '4:55', 'overall': '3:44', 'destination': {'href': 'strava://segments/5096833/leaderboard', 'type': 'overall', 'name': 'All-Time'}}","{'athlete_id': 96806847, 'title': 'Lourdes Juárez', 'profile': 'https://dgalywyr863hv.cloudfront.net/pictures/athletes/96806847/26570679/11/large.jpg', 'effort_description': '15 efforts in the last 90 days', 'effort_count': '15', 'effort_counts': {'overall': '15 efforts', 'female': '15 efforts'}, 'destination': 'strava://segments/5096833/local_legend?categories%5B%5D=overall'}"
27286191,3,subida muro fuentes ,Run,304.0,4.2,9.0,2440.4,2427.6,"[19.307602, -99.224512]","[19.306681, -99.227212]",https://d3o5xota0a1fcr.cloudfront.net/v6/charts/J5CLPPEZ7SCHDMRTM3MYJOSDBPQYAYOVEGAOYDKXRNAJYBD2VZUMHSRBYUCXKJTKJUMCFMFMBLB4XYHJMILBBLI=,"{'light_url': 'https://d3o5xota0a1fcr.cloudfront.net/v6/charts/J5CLPPEZ7SCHDMRTM3MYJOSDBPQYAYOVEGAOYDKXRNAJYBD2VZUMHSRBYUCXKJTKJUMCFMFMBLB4XYHJMILBBLI=', 'dark_url': 'https://d3o5xota0a1fcr.cloudfront.net/v6/charts/FUYJXADRN7SUFROHIVYX4KFAS3LXKL2B7RXOAU5NEVZ2QTMRRH6WE2BGY46NM5RIBSJGE7PR3TNLHNHA75RL33Y='}",0,Ciudad de México,Ciudad de México,Mexico,False,False,False,2021-02-12T21:32:05Z,2021-05-15T02:25:49Z,12.8,"{'id': 's27286191', 'polyline': 'o_ztBfxr|QLx@PpBFTPZTt@NVNr@fAzD', 'resource_state': 3}",2667,197,3,"{'pr_elapsed_time': None, 'pr_date': None, 'pr_visibility': None, 'pr_activity_id': None, 'pr_activity_visibility': None, 'effort_count': 0}","{'kom': '55s', 'qom': '26s', 'overall': '26s', 'destination': {'href': 'strava://segments/27286191/leaderboard', 'type': 'overall', 'name': 'All-Time'}}","{'athlete_id': 3547715, 'title': 'Raúl Tapia', 'profile': 'https://dgalywyr863hv.cloudfront.net/pictures/athletes/3547715/22351022/3/large.jpg', 'effort_description': '25 efforts in the last 90 days', 'effort_count': '25', 'effort_counts': {'overall': '25 efforts', 'female': '12 efforts'}, 'destination': 'strava://segments/27286191/local_legend?categories%5B%5D=overall'}"
20096957,3,⛰Subida Salvaje Bosque de Tlalpan ,Run,262.0,23.1,35.1,2450.9,2390.3,"[19.291426, -99.197502]","[19.289623, -99.198639]",https://d3o5xota0a1fcr.cloudfront.net/v6/charts/QVCYFOFJCX3UDQFETDKSM5SRVGAZEGH57D3DDN7QGUWCK3UI72JOONR5QENB3OTPHBWQS25SU3KAP5CK4NB4JFPP,"{'light_url': 'https://d3o5xota0a1fcr.cloudfront.net/v6/charts/QVCYFOFJCX3UDQFETDKSM5SRVGAZEGH57D3DDN7QGUWCK3UI72JOONR5QENB3OTPHBWQS25SU3KAP5CK4NB4JFPP', 'dark_url': 'https://d3o5xota0a1fcr.cloudfront.net/v6/charts/QRUYGYIXWO4B2W3MH55N2SEJNL6RTXJCXNUICRJESVEG57S7L45B63PXNDFCU57N2CST7LPNRO3MTPG4NDJUV5SP'}",0,Ciudad de México,Ciudad de México,Mexico,False,False,False,2019-03-18T20:47:49Z,2021-05-19T08:04:53Z,60.6,"{'id': 's20096957', 'polyline': 'kzvtBlom|QlAHnBbBn@Nr@HZETREDPNFf@?L', 'resource_state': 3}",1676,328,6,"{'pr_elapsed_time': None, 'pr_date': None, 'pr_visibility': None, 'pr_activity_id': None, 'pr_activity_visibility': None, 'effort_count': 0}","{'kom': '2:02', 'qom': '1:03', 'overall': '1:03', 'destination': {'href': 'strava://segments/20096957/leaderboard', 'type': 'overall', 'name': 'All-Time'}}","{'athlete_id': 163777528, 'title': 'Gabriela Velazquez', 'profile': 'https://dgalywyr863hv.cloudfront.net/pictures/athletes/163777528/37471892/1/large.jpg', 'effort_description': '24 efforts in the last 90 days', 'effort_count': '24', 'effort_counts': {'overall': '24 efforts', 'female': '24 efforts'}, 'destination': 'strava://segments/20096957/local_legend?categories%5B%5D=overall'}"
13123653,3,Pizarra Up,Run,254.9,3.6,7.2,2382.9,2373.6,"[19.313415, -99.20867]","[19.311828, -99.210393]",https://d3o5xota0a1fcr.cloudfront.net/v6/charts/YUUWO6LN2BHASD6WKFHOUVJK3HHABTNXEYJX325LEFN5O776SEY2M6K5FVWMVH7HGGLQYU5XRVHJUNRY3OHU32ZG,"{'light_url': 'https://d3o5xota0a1fcr.cloudfront.net/v6/charts/YUUWO6LN2BHASD6WKFHOUVJK3HHABTNXEYJX325LEFN5O776SEY2M6K5FVWMVH7HGGLQYU5XRVHJUNRY3OHU32ZG', 'dark_url': 'https://d3o5xota0a1fcr.cloudfront.net/v6/charts/YYUAVUIYKGMSMZRLKPX3RSURMPKHJWQCBOB6H3LJAV4VF23QTDAUHAXW7MNF6MQJ36OJPSZYA2WXGKDM2H5NU3FF'}",0,Ciudad de México,Ciudad de México,Mexico,False,False,False,2016-09-06T23:33:58Z,2021-05-15T02:18:27Z,9.3,"{'id': 's13123653', 'polyline': 'yc{tBduo|Qd@n@`@^n@bA^`@LRVXNVn@p@~@j@', 'resource_state': 3}",295,119,0,"{'pr_elapsed_time': None, 'pr_date': None, 'pr_visibility': None, 'pr_activity_id': None, 'pr_activity_visibility': None, 'effort_count': 0}","{'kom': '47s', 'qom': '55s', 'overall': '47s', 'destination': {'href': 'strava://segments/13123653/leaderboard', 'type': 'overall', 'name': 'All-Time'}}","{'athlete_id': 143875797, 'title': 'Emilio Huerta Crespo', 'profile': 'https://dgalywyr863hv.cloudfront.net/pictures/athletes/143875797/34184185/2/large.jpg', 'effort_description': '1 effort in the last 90 days', 'effort_count': '1', 'effort_counts': {'overall': '1 effort', 'female': '1 effort'}, 'destination': 'strava://segments/13123653/local_legend?categories%5B%5D=overall'}"
27316699,3,Camino Sta Teresa - Montaña Loop,Run,1322.3,-0.2,27.5,2378.8,2367.6,"[19.308356, -99.201695]","[19.308354, -99.201687]",https://d3o5xota0a1fcr.cloudfront.net/v6/charts/5VM5AC6HEIS3W27NHJ7V6KGDJFCSQHUUP5ITPFBC4RZOJGVZSNRWA7BKRZHOEP7BS6YRN275AIHV7UHBZ2FSKD7E,"{'light_url': 'https://d3o5xota0a1fcr.cloudfront.net/v6/charts/5VM5AC6HEIS3W27NHJ7V6KGDJFCSQHUUP5ITPFBC4RZOJGVZSNRWA7BKRZHOEP7BS6YRN275AIHV7UHBZ2FSKD7E', 'dark_url': 'https://d3o5xota0a1fcr.cloudfront.net/v6/charts/UOW4ORCVZPMSQ4LHU5ZQA5DDQUY5UV5FT6CKVCFS3M5MDB4MHJI2SA7WEMWJAWKGJ4MGOSKV2ANNIJ4MJPKIMU64'}",0,Ciudad de México,Ciudad de México,Mexico,False,False,False,2021-02-15T21:03:21Z,2021-05-15T02:25:49Z,9.6,"{'id': 's27316699', 'polyline': 'edztBrin|Q~@o@t@[r@QdBo@XI`@C~Bw@VERKXI~@w@l@{@f@]pAs@FSCCI?_@@ODs@A_@?KEYEg@QuAMO@u@RQAg@HOJ[Pc@r@k@f@eAxAo@b@WZWR_@`@]Xc@Xi@l@YRs@TWNCJBXBJb@p@PHF?RM\\k@b@_@b@YJK', 'resource_state': 3}",1093,35,0,"{'pr_elapsed_time': None, 'pr_date': None, 'pr_visibility': None, 'pr_activity_id': None, 'pr_activity_visibility': None, 'effort_count': 0}","{'kom': '5:30', 'qom': '6:12', 'overall': '5:02', 'destination': {'href': 'strava://segments/27316699/leaderboard', 'type': 'overall', 'name': 'All-Time'}}","{'athlete_id': 68279783, 'title': 'gerardo morales', 'profile': 'avatar/athlete/large.png', 'effort_description': '13 efforts in the last 90 days', 'effort_count': '13', 'effort_counts': {'overall': '13 efforts', 'female': '1 effort'}, 'destination': 'strava://segments/27316699/local_legend?categories%5B%5D=overall'}"
20061250,3,Santa Teresa con Loop Ladera,Run,1061.8,-0.2,9.3,2369.4,2363.4,"[19.304438, -99.199356]","[19.309001, -99.20237]",https://d3o5xota0a1fcr.cloudfront.net/v6/charts/T5EOYD4E2SSBIQUEUI73M4ATX5JYULDPTY7XDBIPLWLMMMQYWWDFMKZUYNEIAPTA2PNCJNVYMJ54IGRR2ANI3TA=,"{'light_url': 'https://d3o5xota0a1fcr.cloudfront.net/v6/charts/T5EOYD4E2SSBIQUEUI73M4ATX5JYULDPTY7XDBIPLWLMMMQYWWDFMKZUYNEIAPTA2PNCJNVYMJ54IGRR2ANI3TA=', 'dark_url': 'https://d3o5xota0a1fcr.cloudfront.net/v6/charts/LT6E3RE4P6K4IDOE7SVYZ7EGWNZCYNFOLMJ7MPAMAYX4EJW3DBBIJTA4MS2TC6WGIAJ2KCGNGYFCRLKUIG76DDQ='}",0,Ciudad de México,Ciudad de México,Mexico,False,False,False,2019-03-13T17:24:17Z,2021-05-15T02:22:45Z,8.3,"{'id': 's20061250', 'polyline': 'ukytB~zm|QAFEDSLgA\\}@f@W^k@f@MXQJe@NOHc@H]Pq@JGAMGAGA]EGAI?IHo@^m@lAq@TWJENDh@n@PDNLRDLLBHCH[f@_@TMNG@OAa@PwBf@QJkBd@m@X]F{@ZwA~@o@\\i@^MTWt@@L', 'resource_state': 3}",73,12,0,"{'pr_elapsed_time': None, 'pr_date': None, 'pr_visibility': None, 'pr_activity_id': None, 'pr_activity_visibility': None, 'effort_count': 0}","{'kom': '4:40', 'qom': '6:44', 'overall': '4:40', 'destination': {'href': 'strava://segments/20061250/leaderboard', 'type': 'overall', 'name': 'All-Time'}}","{'athlete_id': 11553475, 'title': 'Fabian Villanueva', 'profile': 'https://dgalywyr863hv.cloudfront.net/pictures/athletes/11553475/10056976/1/large.jpg', 'effort_description': '1 effort in the last 90 days', 'effort_count': '1', 'effort_counts': {'overall': '1 effort', 'female': None}, 'destination': 'strava://segments/20061250/local_legend?categories%5B%5D=overall'}"
3794570,3,Circuito Bosque de Pedregal,Run,915.223,0.0,11.4,2335.1,2312.7,"[19.295783, -99.1937968]","[19.2957277, -99.1936278]",https://d3o5xota0a1fcr.cloudfront.net/v6/charts/SYIQWME2KRMKUE2FS52ZKPKYQ5J57OAGKEO4HSGZQQWBWQRBPIVSCEIAWXQHUZLUWMNACVJ5HFXLL4CRYVVNOYFR,"{'light_url': 'https://d3o5xota0a1fcr.cloudfront.net/v6/charts/SYIQWME2KRMKUE2FS52ZKPKYQ5J57OAGKEO4HSGZQQWBWQRBPIVSCEIAWXQHUZLUWMNACVJ5HFXLL4CRYVVNOYFR', 'dark_url': 'https://d3o5xota0a1fcr.cloudfront.net/v6/charts/ZEZVGCABXO5TDNP6H6G7MCLSQIKPB27Q7US3DZ6GYC7HUUNF7RCT23FM7MTOJMNB2K4UN7LKPODCGZ42Q7Q77HXA'}",0,Mexico City,DF,Mexico,False,False,False,2013-04-09T15:57:26Z,2021-05-20T08:02:28Z,22.4616,"{'id': 's3794570', 'polyline': 'suwtBfxl|Q?_@Ng@T]VG|@?bAK`ABt@El@I`@EjCDt@Kl@C`@JTX@ZEXO\\qAfBST_@R_@Cy@S_@AgANsBPg@C[EyAo@WWa@o@B]', 'resource_state': 3}",390879,10505,65,"{'pr_elapsed_time': None, 'pr_date': None, 'pr_visibility': None, 'pr_activity_id': None, 'pr_activity_visibility': None, 'effort_count': 0}","{'kom': '2:24', 'qom': '2:56', 'overall': '2:24', 'destination': {'href': 'strava://segments/3794570/leaderboard', 'type': 'overall', 'name': 'All-Time'}}","{'athlete_id': 67529510, 'title': 'Erich Maya', 'profile': 'avatar/athlete/large.png', 'effort_description': '306 efforts in the last 90 days', 'effort_count': '306', 'effort_counts': {'overall': '306 efforts', 'female': '224 efforts'}, 'destination': 'strava://segments/3794570/local_legend?categories%5B%5D=overall'}"
10712277,3,subida posgrado a insurgentes,Run,359.9,0.4,2.0,2312.0,2310.2,"[19.308149, -99.184885]","[19.310713, -99.186616]",https://d3o5xota0a1fcr.cloudfront.net/v6/charts/P6T5G3CFAPU2LWJVP6LVJG65RPH43C3D6RVO3YZUU6CPNFVJMUD5WB5DMK7QKUTKQU73AQ6POGACXPT3VSTDJAJI,"{'light_url': 'https://d3o5xota0a1fcr.cloudfront.net/v6/charts/P6T5G3CFAPU2LWJVP6LVJG65RPH43C3D6RVO3YZUU6CPNFVJMUD5WB5DMK7QKUTKQU73AQ6POGACXPT3VSTDJAJI', 'dark_url': 'https://d3o5xota0a1fcr.cloudfront.net/v6/charts/RX7CV2N3AXYZFZO4MLQXWEFAVW4IBZOSECFZWK4OXF7JIN6ZCX3RYOAY5CPSWFMR2UCIKSQN3452SGVSZSDXBURC'}",0,Ciudad de México,Distrito Federal,Mexico,False,False,False,2015-10-18T19:39:09Z,2021-05-17T08:05:59Z,0.0,"{'id': 's10712277', 'polyline': '{bztBp`k|QOd@uBjCqCfCq@Tg@BmB@a@B', 'resource_state': 3}",84938,6379,7,"{'pr_elapsed_time': None, 'pr_date': None, 'pr_visibility': None, 'pr_activity_id': None, 'pr_activity_visibility': None, 'effort_count': 0}","{'kom': '23s', 'qom': '51s', 'overall': '23s', 'destination': {'href': 'strava://segments/10712277/leaderboard', 'type': 'overall', 'name': 'All-Time'}}","{'athlete_id': 153376099, 'title': 'Mélissandre Passerat de Silans', 'profile': 'avatar/athlete/large.png', 'effort_description': '139 efforts in the last 90 days', 'effort_count': '139', 'effort_counts': {'overall': '139 efforts', 'female': '139 efforts'}, 'destination': 'strava://segments/10712277/local_legend?categories%5B%5D=overall'}"
23231799,3,Universum vs. MUAC,Run,1048.8,1.1,10.7,2325.0,2307.0,"[19.308183, -99.17996]","[19.313981, -99.185948]",https://d3o5xota0a1fcr.cloudfront.net/v6/charts/5DZX7TOXQUPMHVFXG4JVFH2LRDVNCS7EIM2HH2G7UGFQ2OILNG77GOT7JQTVT3GKMCEXCMN665UC7UMTFH67DYI=,"{'light_url': 'https://d3o5xota0a1fcr.cloudfront.net/v6/charts/5DZX7TOXQUPMHVFXG4JVFH2LRDVNCS7EIM2HH2G7UGFQ2OILNG77GOT7JQTVT3GKMCEXCMN665UC7UMTFH67DYI=', 'dark_url': 'https://d3o5xota0a1fcr.cloudfront.net/v6/charts/THA7VALZTBU64XSLT2MPZZZ5KCD2LKEBXW2JXUGZXFQEYMGOLBUSDKRYJ22T6LPJIQC52PCW6XQQO2WZVMFGK3Q='}",0,Ciudad de México,Ciudad de México,Mexico,False,False,False,2020-03-31T03:46:01Z,2021-05-15T02:24:25Z,18.0,"{'id': 's23231799', 'polyline': 'ccztBvaj|QEEQEcAV}ACg@I_ALUAQDg@Ve@^W`@G^a@xA]j@i@~AQb@STMn@Yb@Wx@YtAA^KZId@[v@Kh@C`@[|@EVDj@Ej@Od@GHOFa@ZUBWLUBY?Q@[Ni@Jy@Cu@HOA', 'resource_state': 3}",42744,5747,6,"{'pr_elapsed_time': None, 'pr_date': None, 'pr_visibility': None, 'pr_activity_id': None, 'pr_activity_visibility': None, 'effort_count': 0}","{'kom': '2:10', 'qom': '3:55', 'overall': '2:10', 'destination': {'href': 'strava://segments/23231799/leaderboard', 'type': 'overall', 'name': 'All-Time'}}","{'athlete_id': 161307387, 'title': 'Francisco Peralta', 'profile': 'https://dgalywyr863hv.cloudfront.net/pictures/athletes/161307387/36468379/2/large.jpg', 'effort_description': '32 efforts in the last 90 days', 'effort_count': '32', 'effort_counts': {'overall': '32 efforts', 'female': '28 efforts'}, 'destination': 'strava://segments/23231799/local_legend?categories%5B%5D=overall'}"
27231221,3,3K LQS,Run,3029.0,0.0,6.7,2319.4,2309.8,"[19.312015, -99.185285]","[19.311902, -99.184948]",https://d3o5xota0a1fcr.cloudfront.net/v6/charts/5ZNOLNBN4IQV5C5WUDPTDIBZITSP263UNTYE5GJJTRQ4XPICJZMYULAAT2FMRX66X4ZKFC567HTVPUPS7RROEIO4,"{'light_url': 'https://d3o5xota0a1fcr.cloudfront.net/v6/charts/5ZNOLNBN4IQV5C5WUDPTDIBZITSP263UNTYE5GJJTRQ4XPICJZMYULAAT2FMRX66X4ZKFC567HTVPUPS7RROEIO4', 'dark_url': 'https://d3o5xota0a1fcr.cloudfront.net/v6/charts/WUFHFLVBF5N4FLWBEAUULIHGJLZ2O4ZGISBXLPS4IM6SERRI5V25YKD5MCD2QLMMJXIQSH6LUZ2GMJJWJI2GUTHN'}",0,Ciudad de México,Ciudad de México,Mexico,False,False,False,2021-02-07T01:21:16Z,2021-05-15T08:06:37Z,14.6,"{'id': 's27231221', 'polyline': 'a{ztB`ck|QGTQP}@^u@RITBJRJ\\?ZI`A_@VCNBHHTb@J\\F`@?ZSl@?LFRHFVBzA@REb@WPEpBO`ACj@@XGp@cAr@s@v@eAxBkCBUESKEM@MPE^OXm@r@mAhAs@z@u@p@g@Xm@HsCJs@@UEMESMKOk@oAs@sA[uAEi@?]Lw@Ro@LUn@aCDWlAsEL_@P[PgAT{@Vg@Hi@Xi@VWh@_@\\Ox@KhAGzBDp@LL?NQFYG]IIQIKAeARo@@g@A_@@_@As@D[Fa@Pa@`@k@`Ai@lBqChIa@tB_@tAc@xBC^AdA', 'resource_state': 3}",28714,4188,6,"{'pr_elapsed_time': None, 'pr_date': None, 'pr_visibility': None, 'pr_activity_id': None, 'pr_activity_visibility': None, 'effort_count': 0}","{'kom': '5:51', 'qom': '9:28', 'overall': '5:51', 'destination': {'href': 'strava://segments/27231221/leaderboard', 'type': 'overall', 'name': 'All-Time'}}","{'athlete_id': 135704782, 'title': 'Yoel Flores', 'profile': 'https://dgalywyr863hv.cloudfront.net/pictures/athletes/135704782/32534034/3/large.jpg', 'effort_description': '23 efforts in the last 90 days', 'effort_count': '23', 'effort_counts': {'overall': '23 efforts', 'female': '17 efforts'}, 'destination': 'strava://segments/27231221/local_legend?categories%5B%5D=overall'}"
23962133,3,El paseo del filósofo ,Run,671.2,0.3,1.9,2315.0,2312.3,"[19.313969, -99.179116]","[19.311244, -99.18213]",https://d3o5xota0a1fcr.cloudfront.net/v6/charts/HFO4QRFFAEVMIZDSSTQZZNMW2YHL4RXL2IJIDILR7GXJCI6JGQIM4JQOLECIIKNLIQYQ3F44JJGOPVRMMRKXMTEX,"{'light_url': 'https://d3o5xota0a1fcr.cloudfront.net/v6/charts/HFO4QRFFAEVMIZDSSTQZZNMW2YHL4RXL2IJIDILR7GXJCI6JGQIM4JQOLECIIKNLIQYQ3F44JJGOPVRMMRKXMTEX', 'dark_url': 'https://d3o5xota0a1fcr.cloudfront.net/v6/charts/VIKIGP6KX6KNBHU2TQENBAQJDFIN3ES2U4YWELSZ6M6BRCGLGPGOZZEUQWJWWTUQZVLEN6NDRZZQ4VYIC7LQNDUP'}",0,Ciudad de México,Ciudad de México,Mexico,False,False,False,2020-05-12T22:22:52Z,2021-05-20T08:05:28Z,2.7,"{'id': 's23962133', 'polyline': 'gg{tBn|i|QJnA?^BVE`@G\\Cn@I`@Ax@MrA?b@KbAAXB`ADNFJVPp@HV@n@Ox@MXA^Ih@Eh@?`AKVAZI^Bn@MVD', 'resource_state': 3}",20654,2451,2,"{'pr_elapsed_time': 193, 'pr_date': '2025-04-27', 'pr_visibility': 'everyone', 'pr_activity_id': 14305038166, 'pr_activity_visibility': 'everyone', 'effort_count': 1}","{'kom': '1:28', 'qom': '2:04', 'overall': '1:28', 'destination': {'href': 'strava://segments/23962133/leaderboard', 'type': 'overall', 'name': 'All-Time'}}","{'athlete_id': 153376099, 'title': 'Mélissandre Passerat de Silans', 'profile': 'avatar/athlete/large.png', 'effort_description': '71 efforts in the last 90 days', 'effort_count': '71', 'effort_counts': {'overall': '71 efforts', 'female': '71 efforts'}, 'destination': 'strava://segments/23962133/local_legend?categories%5B%5D=overall'}"
12971475,3,Vuelta Pista Villa Olimpica,Run,405.8,0.0,4.5,2301.7,2298.0,"[19.29943, -99.188051]","[19.299401, -99.188056]",https://d3o5xota0a1fcr.cloudfront.net/v6/charts/PYRKH5NEIHB4NFAIRHHEYINIK32XQ6Q23BGB5DLWA7TYSUMHGACI5NEDX7SNTVNXDN65UUBDSCYFMZ6LS3SGMIX7,"{'light_url': 'https://d3o5xota0a1fcr.cloudfront.net/v6/charts/PYRKH5NEIHB4NFAIRHHEYINIK32XQ6Q23BGB5DLWA7TYSUMHGACI5NEDX7SNTVNXDN65UUBDSCYFMZ6LS3SGMIX7', 'dark_url': 'https://d3o5xota0a1fcr.cloudfront.net/v6/charts/LRJBIZEXCFXX5KYFDCWWSGWELGBTDKLDEVS4OICTJZ34MPRX3E3NM2ECKNOCN5K4MMCZOXFJ6OYC374J36GSCU6L'}",0,Ciudad de México,Ciudad de México,Mexico,False,False,False,2016-08-21T22:55:20Z,2021-05-20T08:03:57Z,3.7,"{'id': 's12971475', 'polyline': 'mlxtBjtk|Q{CAc@HKJS^A^L`@^Td@BlABhAC`@SPa@?e@S_@c@S', 'resource_state': 3}",428497,2254,12,"{'pr_elapsed_time': None, 'pr_date': None, 'pr_visibility': None, 'pr_activity_id': None, 'pr_activity_visibility': None, 'effort_count': 0}","{'kom': '53s', 'qom': '43s', 'overall': '43s', 'destination': {'href': 'strava://segments/12971475/leaderboard', 'type': 'overall', 'name': 'All-Time'}}","{'athlete_id': 40879782, 'title': 'Jorge Raygoza', 'profile': 'https://dgalywyr863hv.cloudfront.net/pictures/athletes/40879782/21422074/8/large.jpg', 'effort_description': '440 efforts in the last 90 days', 'effort_count': '440', 'effort_counts': {'overall': '440 efforts', 'female': '335 efforts'}, 'destination': 'strava://segments/12971475/local_legend?categories%5B%5D=overall'}"
26822354,3,delfín madrigal a circuito cultural,Run,1140.0,1.1,18.2,2304.0,2290.0,"[19.312267, -99.170792]","[19.307867, -99.18038]",https://d3o5xota0a1fcr.cloudfront.net/v6/charts/H4NVA3IOZSPBUOH5ELBM5GUWFA6HTCXCK5HHXOBCHGZSDXAUJ6DCAURNP6NWL6CDIBL5ONQI5XW3KOS5XD3P67FQ,"{'light_url': 'https://d3o5xota0a1fcr.cloudfront.net/v6/charts/H4NVA3IOZSPBUOH5ELBM5GUWFA6HTCXCK5HHXOBCHGZSDXAUJ6DCAURNP6NWL6CDIBL5ONQI5XW3KOS5XD3P67FQ', 'dark_url': 'https://d3o5xota0a1fcr.cloudfront.net/v6/charts/CPPCNBD5WQ5Y4ZSJ55FWXQHRM464UEGD3Y3FAAGABW5XP2K72LYEOOAIVEOBTZFJCB4SWES7QCGD33WXZ2SUQFTX'}",0,Ciudad de México,Ciudad de México,Mexico,False,False,False,2020-12-27T15:45:13Z,2021-05-15T02:25:39Z,14.0,"{'id': 's26822354', 'polyline': 's|ztBnhh|QPVRb@l@h@|@tA`@fAJf@D\\Rn@`@z@Rn@l@dAXr@ZjAF`@h@tAb@xA\\v@b@|@Rj@R|@f@|ATd@|@bCJh@`@nAFb@`AzCLj@fAvC@FAFMF', 'resource_state': 3}",1956,280,1,"{'pr_elapsed_time': None, 'pr_date': None, 'pr_visibility': None, 'pr_activity_id': None, 'pr_activity_visibility': None, 'effort_count': 0}","{'kom': '3:42', 'qom': '3:10', 'overall': '3:10', 'destination': {'href': 'strava://segments/26822354/leaderboard', 'type': 'overall', 'name': 'All-Time'}}","{'athlete_id': 20630893, 'title': 'Héctor Rodríguez', 'profile': 'https://dgalywyr863hv.cloudfront.net/pictures/athletes/20630893/5910077/4/large.jpg', 'effort_description': '16 efforts in the last 90 days', 'effort_count': '16', 'effort_counts': {'overall': '16 efforts', 'female': '4 efforts'}, 'destination': 'strava://segments/26822354/local_legend?categories%5B%5D=overall'}"
27490277,3,Trail Periferia BT,Run,6416.9,-0.0,23.2,2468.2,2315.8,"[19.287771, -99.196147]","[19.287747, -99.196149]",https://d3o5xota0a1fcr.cloudfront.net/v6/charts/4S7YWHFODA7BBIWUPEXRNM3L62MXQNYLN7H3CBFQ3AHWI5ZPG6MPWQY772DTVW6XIF2CEESFZ5EZ7NRRVOJJZJPX,"{'light_url': 'https://d3o5xota0a1fcr.cloudfront.net/v6/charts/4S7YWHFODA7BBIWUPEXRNM3L62MXQNYLN7H3CBFQ3AHWI5ZPG6MPWQY772DTVW6XIF2CEESFZ5EZ7NRRVOJJZJPX', 'dark_url': 'https://d3o5xota0a1fcr.cloudfront.net/v6/charts/DGFLURKSIBQLLNXTBVVYSWWY5XQDFMSFERUQUNKSYKPLQSYBMZUZR7AG343SOWFSPUTAQDJ335XCQAK2XTAHGRCJ'}",0,Ciudad de México,Ciudad de México,Mexico,False,False,False,2021-03-03T21:19:01Z,2021-05-15T02:25:53Z,158.8,"{'id': 's27490277', 'polyline': 'qcvtB|fm|Qa@m@YGk@kAm@u@a@_@WSIO[Og@e@aAo@c@MuAq@OQG[e@m@aAYY[O_@o@s@KG]AMCaA}@cBaAOs@_@WuA[_@E{AG}AU]Co@@URMh@ItAWvBKRIF_@F]@_ALKFWxAMd@u@`CEHeAnAQXUf@Ob@?JPV`@N`@B@DA^@FFD\\HHHDr@P^?HK^Ef@Mf@[N]b@k@`@a@f@UNA~@Ob@FX@\\e@x@If@@l@Gh@b@pABNATHHRFTPl@zAXPANOZm@b@WD[C]GQFOZQP?TZv@B\\JXDf@Cf@Dl@CRKTQVMHMRAj@D\\@RUpAMjADj@Id@Bb@HPb@TJBvBNr@@^C~@HnABh@Ff@?rBFNCjABpBGf@@`@GXAZNBbAK|A@XXdAHbBK|AIl@CpAUvEAvAQxB?x@DVFHRJV@\\KFKTu@POX@NDJH\\`@PPXBnAUPAl@@`@F\\NFJNf@LRNn@h@VV@b@FjA`@b@Jn@HjAV^F|@C`AITMN]DQFKd@KNIPQYe@@_@RUf@WtAmAb@uARe@D{@EUK[AOBWBC^WHKB_@Ci@Ge@E_AFaAAo@JmABs@CyAFu@Co@Ie@]iBo@yAQIa@B_@AUQIa@?QBORYVUBK@]_@qANi@Hk@IaAQi@OcADe@C]BWCm@LuAJcBTu@Py@HcA`@aB@MIw@M]@]Ai@YsBCi@WgBKUU]g@e@U[Q[KGIA@E', 'resource_state': 3}",465,126,4,"{'pr_elapsed_time': None, 'pr_date': None, 'pr_visibility': None, 'pr_activity_id': None, 'pr_activity_visibility': None, 'effort_count': 0}","{'kom': '31:05', 'qom': '42:40', 'overall': '31:05', 'destination': {'href': 'strava://segments/27490277/leaderboard', 'type': 'overall', 'name': 'All-Time'}}","{'athlete_id': 59667586, 'title': 'Cavernario Volador', 'profile': 'https://dgalywyr863hv.cloudfront.net/pictures/athletes/59667586/31594831/9/large.jpg', 'effort_description': '6 efforts in the last 90 days', 'effort_count': '6', 'effort_counts': {'overall': '6 efforts', 'female': None}, 'destination': 'strava://segments/27490277/local_legend?categories%5B%5D=overall'}"
26312673,3,pista parque cantera,Run,337.5,0.3,13.3,2292.0,2287.0,"[19.312076, -99.166809]","[19.312089, -99.16684]",https://d3o5xota0a1fcr.cloudfront.net/v6/charts/QR4YRKL7AOBWS2YEGN6WPTA3ALBVTPG54E4VG6ZCXFCDEUP7VLO5GWDP6NNFWGICU2JI4J3CCWJBER67CCJFJXA=,"{'light_url': 'https://d3o5xota0a1fcr.cloudfront.net/v6/charts/QR4YRKL7AOBWS2YEGN6WPTA3ALBVTPG54E4VG6ZCXFCDEUP7VLO5GWDP6NNFWGICU2JI4J3CCWJBER67CCJFJXA=', 'dark_url': 'https://d3o5xota0a1fcr.cloudfront.net/v6/charts/HZILKKSJNH6SYGMHEE33GWFQU235DXKCHAIINNSQ4YEDTLI4VMLTDQKXDXGTRDSKN56DNYRGHC3XIO74ZQFL6NQ='}",0,Ciudad de México,Ciudad de México,Mexico,False,False,False,2020-11-07T03:23:25Z,2021-05-15T02:25:29Z,5.0,"{'id': 's26312673', 'polyline': 'm{ztBpog|QCS@M\\oA@MASEIUKWIW?IDGHGPi@nCCZDHFFh@TPBJCHETu@', 'resource_state': 3}",10749,483,3,"{'pr_elapsed_time': None, 'pr_date': None, 'pr_visibility': None, 'pr_activity_id': None, 'pr_activity_visibility': None, 'effort_count': 0}","{'kom': '58s', 'qom': '1:16', 'overall': '58s', 'destination': {'href': 'strava://segments/26312673/leaderboard', 'type': 'overall', 'name': 'All-Time'}}","{'athlete_id': 163600776, 'title': 'Hugo Ahumada', 'profile': 'https://lh3.googleusercontent.com/a/ACg8ocJgB5Xk_oCI3zCZ6HytJAHjR6hAnGL35o9-FD639Vd7LOvYow=s96-c', 'effort_description': '87 efforts in the last 90 days', 'effort_count': '87', 'effort_counts': {'overall': '87 efforts', 'female': '73 efforts'}, 'destination': 'strava://segments/26312673/local_legend?categories%5B%5D=overall'}"
11659102,3,Botanicus Loop,Run,2054.3,-0.0,6.4,2333.5,2324.9,"[19.311472, -99.196079]","[19.311478, -99.195965]",https://d3o5xota0a1fcr.cloudfront.net/v6/charts/QAOB6YZLIO7OPB2IV2ZXFKNWOOEC75GYRMUDAHJWZNAYNGGR7HLL7D2XQNTUXKRQMYC5DL5N3NI365KDL6GDSUA=,"{'light_url': 'https://d3o5xota0a1fcr.cloudfront.net/v6/charts/QAOB6YZLIO7OPB2IV2ZXFKNWOOEC75GYRMUDAHJWZNAYNGGR7HLL7D2XQNTUXKRQMYC5DL5N3NI365KDL6GDSUA=', 'dark_url': 'https://d3o5xota0a1fcr.cloudfront.net/v6/charts/MZYTTPFNMBRJ3ZVKSPEYSG5CISSMG53X4K2LTHEDHMXUGNTTEN2IVYQ6QWZLQJ5CNMYKYYYDCI2MOCREEW7JPCQ='}",0,Ciudad de México,Distrito Federal,Mexico,False,False,False,2016-03-26T22:35:52Z,2021-05-15T02:17:38Z,11.1,"{'id': 's11659102', 'polyline': 'uwztBnfm|QCHSQWFUVMHWZG@c@DUJ]?OFO@WAODILG?sAU[Uw@M]_@KQSMq@m@WIY@UGG?WLCJWJw@DWLU?yAc@g@Ga@Se@OCAOYMKo@MO@ICKEQBG?UWOIUEa@?e@WSC_@O]USAKCQSK{@MYm@Wo@s@WSBF`@LRNTTXNLf@Jv@HPRLpA`@ZPNDXBf@TbAJb@Vx@PTLNP\\VVNRBRFbAHf@LP@XGf@U`BSXANDVPb@d@ZJHHJb@N\\RHb@Dt@EZ@x@CTBz@K`DqAPU', 'resource_state': 3}",1310,232,1,"{'pr_elapsed_time': None, 'pr_date': None, 'pr_visibility': None, 'pr_activity_id': None, 'pr_activity_visibility': None, 'effort_count': 0}","{'kom': '7:18', 'qom': '9:43', 'overall': '7:18', 'destination': {'href': 'strava://segments/11659102/leaderboard', 'type': 'overall', 'name': 'All-Time'}}","{'athlete_id': 140538672, 'title': 'BRUNO RICARDO LÓPEZ ALEJANDRE', 'profile': 'https://lh3.googleusercontent.com/a/ACg8ocIbgX3BEB0ZOBNGtGLGKwW0Vmk01Ixl7GYmKrCppOf1ZLpzb15gmw=s96-c', 'effort_description': '21 efforts in the last 90 days', 'effort_count': '21', 'effort_counts': {'overall': '21 efforts', 'female': '6 efforts'}, 'destination': 'strava://segments/11659102/local_legend?categories%5B%5D=overall'}"
17538476,3,Trotapista Vergel de Coyoacán,Run,777.4,0.0,0.7,2250.8,2250.0,"[19.301486, -99.13771]","[19.301471, -99.137698]",https://d3o5xota0a1fcr.cloudfront.net/v6/charts/Z5QEEP26RMX7ZHTNPH2DGGXYSPINAU44A5VST5LYMVI43IF7PDLVDEEXXOL4JARYXK6FUCZSKA46CE6AZGTDEEW4,"{'light_url': 'https://d3o5xota0a1fcr.cloudfront.net/v6/charts/Z5QEEP26RMX7ZHTNPH2DGGXYSPINAU44A5VST5LYMVI43IF7PDLVDEEXXOL4JARYXK6FUCZSKA46CE6AZGTDEEW4', 'dark_url': 'https://d3o5xota0a1fcr.cloudfront.net/v6/charts/R4JCXNPG5R7UY2SRAI536SQPAVZC623J6K7FHADG5ORL5X7LRNOT4KAINKB7FUXR62I4PEV7344JXUR7PENSUT4J'}",0,Ciudad de México,Ciudad de México,Mexico,False,False,False,2018-05-01T14:58:45Z,2021-05-15T08:05:17Z,0.0,"{'id': 's17538476', 'polyline': 'gyxtBtya|QAGe@OkASg@ESLg@EC??IGIkASc@Cg@KI@QL[EAUc@KO?MNWCEUe@IO@Id@ZTL?FSTDR\\`@CFG^BFNnB\\b@@\\Gd@J@NFDjC\\b@?DAP_@', 'resource_state': 3}",22939,318,6,"{'pr_elapsed_time': None, 'pr_date': None, 'pr_visibility': None, 'pr_activity_id': None, 'pr_activity_visibility': None, 'effort_count': 0}","{'kom': '2:02', 'qom': '3:14', 'overall': '2:02', 'destination': {'href': 'strava://segments/17538476/leaderboard', 'type': 'overall', 'name': 'All-Time'}}","{'athlete_id': 162838646, 'title': 'Mauricio Munoz', 'profile': 'avatar/athlete/large.png', 'effort_description': '122 efforts in the last 90 days', 'effort_count': '122', 'effort_counts': {'overall': '122 efforts', 'female': '56 efforts'}, 'destination': 'strava://segments/17538476/local_legend?categories%5B%5D=overall'}"
8820746,3,Vuelta Parque Prados Coapa,Run,1144.9,0.0,2.8,2245.0,2241.3,"[19.298533, -99.134091]","[19.298531, -99.134071]",https://d3o5xota0a1fcr.cloudfront.net/v6/charts/PWEFHQRD7VFIIOU4HERN26MU43KRARC7DKJJ6DTMIYEQTSNSNES5PJ3T52R5SQMHBKY55NQ2KVVH7A4ORWRMIRA=,"{'light_url': 'https://d3o5xota0a1fcr.cloudfront.net/v6/charts/PWEFHQRD7VFIIOU4HERN26MU43KRARC7DKJJ6DTMIYEQTSNSNES5PJ3T52R5SQMHBKY55NQ2KVVH7A4ORWRMIRA=', 'dark_url': 'https://d3o5xota0a1fcr.cloudfront.net/v6/charts/KU3SA66TYCAEUE32VAEPDU2HCRX3LYQYEVOWHPGI3QWF5SPXEDNUOCG6YEMDLOYALD5PS3JD2M7QGOR4R6W2SQY='}",0,Ciudad de México,Distrito Federal,Mexico,False,False,False,2015-01-24T17:33:59Z,2021-05-18T08:03:51Z,5.1,"{'id': 's8820746', 'polyline': 'yfxtBbca|Q~BS~AA`AEVq@b@_Bx@aCNi@Fe@QC{ESkCCcB@m@AyB@aADQFCR@pAL|GJNbAElEE', 'resource_state': 3}",16769,153,4,"{'pr_elapsed_time': None, 'pr_date': None, 'pr_visibility': None, 'pr_activity_id': None, 'pr_activity_visibility': None, 'effort_count': 0}","{'kom': '4:11', 'qom': '5:25', 'overall': '4:11', 'destination': {'href': 'strava://segments/8820746/leaderboard', 'type': 'overall', 'name': 'All-Time'}}","{'athlete_id': 88839248, 'title': 'Pedro Tarrasa', 'profile': 'https://dgalywyr863hv.cloudfront.net/pictures/athletes/88839248/23860898/5/large.jpg', 'effort_description': '184 efforts in the last 90 days', 'effort_count': '184', 'effort_counts': {'overall': '184 efforts', 'female': '95 efforts'}, 'destination': 'strava://segments/8820746/local_legend?categories%5B%5D=overall'}"
18895251,3,Vuelta parque la Wafflería,Run,454.8,0.0,16.2,2250.2,2244.3,"[19.297719, -99.141603]","[19.297724, -99.141601]",https://d3o5xota0a1fcr.cloudfront.net/v6/charts/45GZ7GLJJF6BW4RT633UH6BLKPZUJIG75AGRFPNKSZ2MW23BGHPM6IP2YSZGBXIHPHIMFNP66WPADSA5MRZYJVDX,"{'light_url': 'https://d3o5xota0a1fcr.cloudfront.net/v6/charts/45GZ7GLJJF6BW4RT633UH6BLKPZUJIG75AGRFPNKSZ2MW23BGHPM6IP2YSZGBXIHPHIMFNP66WPADSA5MRZYJVDX', 'dark_url': 'https://d3o5xota0a1fcr.cloudfront.net/v6/charts/2QGH7OHFWK32QTQJ5TV23K4OUAYARPNJSNSBHRCAU42TAKEB53DBQBT2E75LM7ALID3LKZI4EO7RIRG2DTGKNPYB'}",0,Ciudad de México,Ciudad de México,Mexico,False,False,False,2018-09-19T18:38:48Z,2021-05-15T02:21:58Z,8.4,"{'id': 's18895251', 'polyline': 'uaxtB`rb|Qm@tCYz@WjAIVAJFHP?FIJc@Bu@Te@Jc@?iBBGZSZa@?UGMGCIBKl@', 'resource_state': 3}",9968,95,2,"{'pr_elapsed_time': None, 'pr_date': None, 'pr_visibility': None, 'pr_activity_id': None, 'pr_activity_visibility': None, 'effort_count': 0}","{'kom': '1:20', 'qom': '22s', 'overall': '22s', 'destination': {'href': 'strava://segments/18895251/leaderboard', 'type': 'overall', 'name': 'All-Time'}}","{'athlete_id': 155827333, 'title': 'Andrea Flores', 'profile': 'https://dgalywyr863hv.cloudfront.net/pictures/athletes/155827333/34935507/1/large.jpg', 'effort_description': '206 efforts in the last 90 days', 'effort_count': '206', 'effort_counts': {'overall': '206 efforts', 'female': '206 efforts'}, 'destination': 'strava://segments/18895251/local_legend?categories%5B%5D=overall'}"
27561437,3,"San Guillermo a san Ricky, por la avenida",Run,565.5,-1.2,7.7,2291.0,2283.0,"[19.311701, -99.162252]","[19.310258, -99.157123]",https://d3o5xota0a1fcr.cloudfront.net/v6/charts/YPV34UBKHO3OCBNH2SVRFYDX6HXY5AZ5YLATM4ZDTJOVR5E4V4HQT2Y4B7PFAX7BVCJLZXXUNLT2MHLH4QEXJ7Q=,"{'light_url': 'https://d3o5xota0a1fcr.cloudfront.net/v6/charts/YPV34UBKHO3OCBNH2SVRFYDX6HXY5AZ5YLATM4ZDTJOVR5E4V4HQT2Y4B7PFAX7BVCJLZXXUNLT2MHLH4QEXJ7Q=', 'dark_url': 'https://d3o5xota0a1fcr.cloudfront.net/v6/charts/BECIHLSHDPNN5FPFM3VUZ7ET5Z2CN3X4DB4UY5CWRZ7YWYUI42Q7EZGX55ZA5IZURDR6ZY56X5GZU25JJDMH4CI='}",0,Ciudad de México,Ciudad de México,Mexico,False,False,False,2021-03-09T21:41:29Z,2021-05-19T08:05:44Z,0.0,"{'id': 's27561437', 'polyline': 'cyztBbsf|QCWH{@\\qA~AuHRmATq@TiAV{@Hq@La@ZeBRw@@MC_@', 'resource_state': 3}",1806,160,0,"{'pr_elapsed_time': None, 'pr_date': None, 'pr_visibility': None, 'pr_activity_id': None, 'pr_activity_visibility': None, 'effort_count': 0}","{'kom': '1:37', 'qom': '1:25', 'overall': '1:25', 'destination': {'href': 'strava://segments/27561437/leaderboard', 'type': 'overall', 'name': 'All-Time'}}","{'athlete_id': 126915893, 'title': 'Angel Ibarra', 'profile': 'https://dgalywyr863hv.cloudfront.net/pictures/athletes/126915893/34458125/3/large.jpg', 'effort_description': '57 efforts in the last 90 days', 'effort_count': '57', 'effort_counts': {'overall': '57 efforts', 'female': '37 efforts'}, 'destination': 'strava://segments/27561437/local_legend?categories%5B%5D=overall'}"
16622662,3,550m Parque Prado Coapa,Run,515.5,-0.5,0.5,2245.8,2243.0,"[19.298069, -99.132618]","[19.298051, -99.132478]",https://d3o5xota0a1fcr.cloudfront.net/v6/charts/X7GCFQJHDZAFQGT3RBGX3Q25HVKGABVC3RZL4MRULDM2NZZBMDFEFURYUTIPRUMT4AUUHDN5IS5N44YEIFOJEKTL,"{'light_url': 'https://d3o5xota0a1fcr.cloudfront.net/v6/charts/X7GCFQJHDZAFQGT3RBGX3Q25HVKGABVC3RZL4MRULDM2NZZBMDFEFURYUTIPRUMT4AUUHDN5IS5N44YEIFOJEKTL', 'dark_url': 'https://d3o5xota0a1fcr.cloudfront.net/v6/charts/3VW2R6JZQNIHSJPGVETHCJRXJS5KDOPROLMZMB5DJQ5R26VNGH5VUITKBZE2B6QBVYJDKOZXQEZ5IKXBEIYLLED7'}",0,,,,False,False,False,2017-12-08T15:50:07Z,2021-05-18T08:05:02Z,0.0,"{'id': 's16622662', 'polyline': '{cxtBzy`|Q@oAU[e@Eg@BExBDtAGf@FnA?l@`@Bh@?VE@i@AsA@oACi@@i@', 'resource_state': 3}",555,56,1,"{'pr_elapsed_time': None, 'pr_date': None, 'pr_visibility': None, 'pr_activity_id': None, 'pr_activity_visibility': None, 'effort_count': 0}","{'kom': '1:10', 'qom': '2:00', 'overall': '1:10', 'destination': {'href': 'strava://segments/16622662/leaderboard', 'type': 'overall', 'name': 'All-Time'}}","{'athlete_id': 162427603, 'title': 'Kytzia Villa', 'profile': 'https://dgalywyr863hv.cloudfront.net/pictures/athletes/162427603/36833272/1/large.jpg', 'effort_description': '5 efforts in the last 90 days', 'effort_count': '5', 'effort_counts': {'overall': '5 efforts', 'female': '5 efforts'}, 'destination': 'strava://segments/16622662/local_legend?categories%5B%5D=overall'}"
12256595,3,Mexico City Backroom staff lap,Run,875.7,-0.1,4.1,2263.6,2258.3,"[19.303709, -99.158948]","[19.30364, -99.158876]",https://d3o5xota0a1fcr.cloudfront.net/v6/charts/T6V5BKUWWYCQJXPER6WAJOJDVKT325WHJ4VQCAEQFGKM5WY3HTPZFVGYOIOLFUX3T3PFORD77C5LLTGUN42HVZZN,"{'light_url': 'https://d3o5xota0a1fcr.cloudfront.net/v6/charts/T6V5BKUWWYCQJXPER6WAJOJDVKT325WHJ4VQCAEQFGKM5WY3HTPZFVGYOIOLFUX3T3PFORD77C5LLTGUN42HVZZN', 'dark_url': 'https://d3o5xota0a1fcr.cloudfront.net/v6/charts/NVGTT6OKGZNOZHFDRRVBPTLZMPTAXFWEPPZZDBES7THPL2NLKPJ37AMEB2THY2VJ2IFDTT2MKJFYDPEUF55K2XPM'}",0,Ciudad de México,Ciudad de México,Mexico,False,False,False,2016-06-02T12:56:50Z,2021-05-15T02:17:57Z,4.8,"{'id': 's12256595', 'polyline': 'cgytBl~e|QSa@Oe@w@yDOm@y@eEA?_@uAi@aCG[@KRYB?FFBH|@lEpCdM^l@Of@?D', 'resource_state': 3}",7811,199,2,"{'pr_elapsed_time': None, 'pr_date': None, 'pr_visibility': None, 'pr_activity_id': None, 'pr_activity_visibility': None, 'effort_count': 0}","{'kom': '3:11', 'qom': '3:59', 'overall': '3:11', 'destination': {'href': 'strava://segments/12256595/leaderboard', 'type': 'overall', 'name': 'All-Time'}}","{'athlete_id': 118710776, 'title': 'richard okmpo', 'profile': 'https://lh3.googleusercontent.com/a/ACg8ocIDIMeEIC-Nnwi7I6uYngyfqgBEfIyvlrRm6fbl76AmPbb_=s96-c', 'effort_description': '121 efforts in the last 90 days', 'effort_count': '121', 'effort_counts': {'overall': '121 efforts', 'female': '68 efforts'}, 'destination': 'strava://segments/12256595/local_legend?categories%5B%5D=overall'}"
21110805,3,Circuito Buenaventura,Run,770.6,0.0,5.5,2273.4,2265.8,"[19.284825, -99.158407]","[19.284816, -99.158306]",https://d3o5xota0a1fcr.cloudfront.net/v6/charts/2OHH5SC3VBKCNZAAKWP3VNGA7P7ZP6XELCHP4RAJF3JPGV5PUZT7WWEKBBZWT76N2AVN7HYTW2WMNXIUBD4SHGA=,"{'light_url': 'https://d3o5xota0a1fcr.cloudfront.net/v6/charts/2OHH5SC3VBKCNZAAKWP3VNGA7P7ZP6XELCHP4RAJF3JPGV5PUZT7WWEKBBZWT76N2AVN7HYTW2WMNXIUBD4SHGA=', 'dark_url': 'https://d3o5xota0a1fcr.cloudfront.net/v6/charts/GPDPTZ7ST3OU6CI5JNINU4OIWOMIHOOF6PKRFZDCPOKVGIENFDIKZDHA5NDZPW4SD4ZZLSVG2MNYS34JEAMNG2Q='}",0,Ciudad de México,Ciudad de México,Mexico,False,False,False,2019-07-09T21:07:04Z,2021-05-15T02:23:31Z,7.6,"{'id': 's21110805', 'polyline': 'cqutB`{e|Qj@RzBjA~@b@pBv@NJl@x@`@XRVZP\\Ld@?ZFDA?ECAeASg@UUSiAuAMMuEqBkAo@q@WYI', 'resource_state': 3}",1371,46,0,"{'pr_elapsed_time': None, 'pr_date': None, 'pr_visibility': None, 'pr_activity_id': None, 'pr_activity_visibility': None, 'effort_count': 0}","{'kom': '3:03', 'qom': '4:07', 'overall': '3:03', 'destination': {'href': 'strava://segments/21110805/leaderboard', 'type': 'overall', 'name': 'All-Time'}}","{'athlete_id': 133585247, 'title': 'Durán Santiago Isaac', 'profile': 'https://dgalywyr863hv.cloudfront.net/pictures/athletes/133585247/38201404/1/large.jpg', 'effort_description': '37 efforts in the last 90 days', 'effort_count': '37', 'effort_counts': {'overall': '37 efforts', 'female': '7 efforts'}, 'destination': 'strava://segments/21110805/local_legend?categories%5B%5D=overall'}"
37827671,3,Vuelta Parque Toriello,Run,404.0,-0.1,2.4,2263.6,2260.6,"[19.293095, -99.160505]","[19.293142, -99.160556]",https://d3o5xota0a1fcr.cloudfront.net/v6/charts/CD6WZCD25CHDMZRNAWRN3DMB5KODF2ESVDQWQ2XLBVQLXAG5EUBGNN3OWU4SKUM556GDQUZJ7UMAGRHNM7VXGZY=,"{'light_url': 'https://d3o5xota0a1fcr.cloudfront.net/v6/charts/CD6WZCD25CHDMZRNAWRN3DMB5KODF2ESVDQWQ2XLBVQLXAG5EUBGNN3OWU4SKUM556GDQUZJ7UMAGRHNM7VXGZY=', 'dark_url': 'https://d3o5xota0a1fcr.cloudfront.net/v6/charts/RYSPGHN7XDTGUDRSZKHID24PS3E6JHBOEFVIKV64ZN2GBYHBTMU7GM4HTDXE6LO32GU56QVQZ4VOCIOTUDE457A='}",0,,Mexico City,Mexico,False,False,False,2024-09-19T17:39:29Z,2024-09-19T17:39:29Z,2.6,"{'id': 's37827671', 'polyline': 'ydwtBdhf|QMP?f@ETUf@Mb@CXFPRLdANf@N\\@LUFa@^uAA[{Bu@m@M', 'resource_state': 3}",5749,175,0,"{'pr_elapsed_time': None, 'pr_date': None, 'pr_visibility': None, 'pr_activity_id': None, 'pr_activity_visibility': None, 'effort_count': 0}","{'kom': '1:05', 'qom': '1:40', 'overall': '1:05', 'destination': {'href': 'strava://segments/37827671/leaderboard', 'type': 'overall', 'name': 'All-Time'}}","{'athlete_id': 29074766, 'title': 'Jorge Tapia Vanegas', 'profile': 'https://graph.facebook.com/1866209610057379/picture?height=256&width=256', 'effort_description': '28 efforts in the last 90 days', 'effort_count': '28', 'effort_counts': {'overall': '28 efforts', 'female': '6 efforts'}, 'destination': 'strava://segments/37827671/local_legend?categories%5B%5D=overall'}"
38988842,3,400m - TEC CCM,Run,434.8,-0.0,5.9,2245.6,2243.2,"[19.286776, -99.142071]","[19.28681, -99.142033]",https://d3o5xota0a1fcr.cloudfront.net/v6/charts/E4SKL5B4HDMARSEWGZMVJRILA2L5TXOFYGD6ZIRFER3TQWHWVIB3IK2FFAS4MVN32L5UKI37ZKQCRETVZPPR4344,"{'light_url': 'https://d3o5xota0a1fcr.cloudfront.net/v6/charts/E4SKL5B4HDMARSEWGZMVJRILA2L5TXOFYGD6ZIRFER3TQWHWVIB3IK2FFAS4MVN32L5UKI37ZKQCRETVZPPR4344', 'dark_url': 'https://d3o5xota0a1fcr.cloudfront.net/v6/charts/3C42A7PJT4CKSOHC2ASEXDOGT7KTK3KXCUQBYJAF6TDLDNEX5PBRKLLZJAVUJJFADQHT5QRG2F6PHNJOIZ3DNHLT'}",0,,Mexico City,Mexico,False,False,False,2025-04-20T03:59:57Z,2025-04-20T03:59:57Z,2.4,"{'id': 's38988842', 'polyline': 'i}utB~tb|Q|AvATJ^D^CTKTWH_@Aa@CKQ[sBiB[Ka@A[JIDKLOZC\\F^DJNP', 'resource_state': 3}",18418,277,1,"{'pr_elapsed_time': None, 'pr_date': None, 'pr_visibility': None, 'pr_activity_id': None, 'pr_activity_visibility': None, 'effort_count': 0}","{'kom': '48s', 'qom': '59s', 'overall': '48s', 'destination': {'href': 'strava://segments/38988842/leaderboard', 'type': 'overall', 'name': 'All-Time'}}","{'athlete_id': 130725285, 'title': 'Michelle Duarte', 'profile': 'https://dgalywyr863hv.cloudfront.net/pictures/athletes/130725285/30883775/3/large.jpg', 'effort_description': '423 efforts in the last 90 days', 'effort_count': '423', 'effort_counts': {'overall': '423 efforts', 'female': '423 efforts'}, 'destination': 'strava://segments/38988842/local_legend?categories%5B%5D=overall'}"
37683052,3,Calle Miguel Hidalgo,Run,423.2,0.2,5.5,2262.2,2260.0,"[19.287526, -99.161751]","[19.286402, -99.157928]",https://d3o5xota0a1fcr.cloudfront.net/v6/charts/5PD7SDU2PL3DNSC6KTKL2ZQPZRJ56TSVXSBM7BYUMQ7RUET2H5SK5RKZEKUPUK3QNML3R2DESTJPK532S3KHZS6T,"{'light_url': 'https://d3o5xota0a1fcr.cloudfront.net/v6/charts/5PD7SDU2PL3DNSC6KTKL2ZQPZRJ56TSVXSBM7BYUMQ7RUET2H5SK5RKZEKUPUK3QNML3R2DESTJPK532S3KHZS6T', 'dark_url': 'https://d3o5xota0a1fcr.cloudfront.net/v6/charts/SULJV7JEIYITHEB3SDY7DWOUXUSKUB3JLDWORLSVWBP3ICRPB6NDACUVELE56IW3CBU7JLOROQLT25N3EUDGOEBZ'}",0,,Mexico City,Mexico,False,False,False,2024-08-30T18:59:20Z,2024-08-30T18:59:20Z,2.2,"{'id': 's37683052', 'polyline': '_bvtB~of|QBSAc@Jg@FI@QPa@JaANa@NeALiAJa@BQ?I`@wANSAELa@Pu@?YB[Vm@', 'resource_state': 3}",243,72,0,"{'pr_elapsed_time': None, 'pr_date': None, 'pr_visibility': None, 'pr_activity_id': None, 'pr_activity_visibility': None, 'effort_count': 0}","{'kom': '1:38', 'qom': '2:02', 'overall': '1:38', 'destination': {'href': 'strava://segments/37683052/leaderboard', 'type': 'overall', 'name': 'All-Time'}}","{'athlete_id': 50617060, 'title': 'Carolina F. Gamboa', 'profile': 'https://dgalywyr863hv.cloudfront.net/pictures/athletes/50617060/13588097/1/large.jpg', 'effort_description': '4 efforts in the last 90 days', 'effort_count': '4', 'effort_counts': {'overall': '4 efforts', 'female': '4 efforts'}, 'destination': 'strava://segments/37683052/local_legend?categories%5B%5D=overall'}"
25439351,3,covid ,Run,8319.9,0.0,1.5,2242.2,2240.4,"[19.288137, -99.103121]","[19.288149, -99.103155]",https://d3o5xota0a1fcr.cloudfront.net/v6/charts/CVV3XCLSIKD7FT5ZKIBYTZLQV5BAEXHGOIV5MWPGGYYILTBBQKIKAX4PFCJTXXZV35WLTS6L3TICKTO6N5P66GQ=,"{'light_url': 'https://d3o5xota0a1fcr.cloudfront.net/v6/charts/CVV3XCLSIKD7FT5ZKIBYTZLQV5BAEXHGOIV5MWPGGYYILTBBQKIKAX4PFCJTXXZV35WLTS6L3TICKTO6N5P66GQ=', 'dark_url': 'https://d3o5xota0a1fcr.cloudfront.net/v6/charts/NOLF5F6MV6CH7YDXSYEIZTIYOEOSNWGB7FHWKM3QULY7KIOBE53DAKTHUT5KVVJSTE224FZN2IICRWZL5TRREOI='}",0,Ciudad de México,Ciudad de México,Mexico,False,False,False,2020-08-23T21:48:25Z,2021-05-15T08:06:24Z,0.0,"{'id': 's25439351', 'polyline': 'yevtBpa{{Q|ENhCNn@@bBLhA@fCNhA@jAHdABjCLvBDhJl@t@Ap@Fl@At@Ht@@nBLfEHzDRlAB^Dz@?nALvBJ`EHdFXd@D`@LLJHP@NIzCEXKNIBW?aCMyCEiDSeBCuDOmAGiAOaAG}DIaAI_FKo@?qBSaBEY@WF[LsAx@KDQ@wAGwBSiBEwAQwBBoBEoAMiG_@yAA{@Ou@Ae@EsBCsDWmA?k@EeAA]Bi@AgAMm@Ai@EOE[][i@i@WC?CDTDPHb@n@TPn@Nd@FhBBnALd@@P?XEf@?tCJb@Dr@DVDn@@b@DbA@d@Dn@NdABrAP~ACxALx@D`BAp@B`CVx@A|@Fp@@n@HXAb@DtA?n@BNCx@k@r@c@XGJ?fBLxBJz@JjCF|@J|@?zEVrB?tBN`@?rAJzADlBPzHTtAHLCFIBIHcCAaACKOUUK_@GeCOmBE{CQwEMe@Ec@@sEMaAIuGWk@EyGY[Ea@CcA@w@GmAEeH[cACsAIwEMm@GoDImEWkEO', 'resource_state': 3}",1409,357,9,"{'pr_elapsed_time': None, 'pr_date': None, 'pr_visibility': None, 'pr_activity_id': None, 'pr_activity_visibility': None, 'effort_count': 0}","{'kom': '31:29', 'qom': '34:41', 'overall': '31:29', 'destination': {'href': 'strava://segments/25439351/leaderboard', 'type': 'overall', 'name': 'All-Time'}}","{'athlete_id': 35557337, 'title': 'Uriel Cortes', 'profile': 'https://dgalywyr863hv.cloudfront.net/pictures/athletes/35557337/10493813/1/large.jpg', 'effort_description': '20 efforts in the last 90 days', 'effort_count': '20', 'effort_counts': {'overall': '20 efforts', 'female': '2 efforts'}, 'destination': 'strava://segments/25439351/local_legend?categories%5B%5D=overall'}"
11293480,3,cuemanco,Run,5066.5,0.0,3.8,2238.4,2233.1,"[19.290553, -99.102785]","[19.289761, -99.102963]",https://d3o5xota0a1fcr.cloudfront.net/v6/charts/7VU7C27XQSIBROSCJQL2WOG2KYX4DRPM2GPFH2MLJVGW52LZQQKABXTMSI7JU7WHYT5XIRUAOEMK4ROKNNH2A5MR,"{'light_url': 'https://d3o5xota0a1fcr.cloudfront.net/v6/charts/7VU7C27XQSIBROSCJQL2WOG2KYX4DRPM2GPFH2MLJVGW52LZQQKABXTMSI7JU7WHYT5XIRUAOEMK4ROKNNH2A5MR', 'dark_url': 'https://d3o5xota0a1fcr.cloudfront.net/v6/charts/URUHUGNLTJNLG6DIRQIWKD5RAN4PEJTDYT47ZKIB3AFCIG63PT2PUBPI5XNKQUQUIOTYI3NJNM74FOBAB5IKU4DB'}",0,Ciudad de México,Distrito Federal,Mexico,False,False,False,2016-01-30T18:18:48Z,2021-05-15T02:17:27Z,8.3,"{'id': 's11293480', 'polyline': '}tvtBl_{{QZHt@DTF`ANbC@hCLzBF`@DxADvCR~DLpAChALp@BZJr@ArCTjFBlDVvAR`AArAJbCBnAHtCHn@DlBBtAJzBHbAJjAC|AJ^FrB@nETd@AfCH`@Jd@T~@v@DJFPBZ@fAAd@IVSLQ@mGWoAA{@Og@C]GaABu@GQBw@@}BQq@?kAMg@Cw@AkDQU@QCwA@kAK]@o@CU@cDWc@?u@M_@Cg@DgAf@q@b@G?{@IwACa@?sAK{@?s@IiAAqBM_@GiACaAGU@}AE[?e@E_AAcCOe@?mAEcBK_AIwAASCk@O_@E_@@gBAsFSS]g@o@oAm@UCe@@WECE@KQSAE@WJe@Ga@Am@@m@DKDCVEhACpBJrB?bAFp@J`BHd@J', 'resource_state': 3}",34499,4771,18,"{'pr_elapsed_time': None, 'pr_date': None, 'pr_visibility': None, 'pr_activity_id': None, 'pr_activity_visibility': None, 'effort_count': 0}","{'kom': '14:26', 'qom': '19:25', 'overall': '14:26', 'destination': {'href': 'strava://segments/11293480/leaderboard', 'type': 'overall', 'name': 'All-Time'}}","{'athlete_id': 79382612, 'title': 'Janette Nava', 'profile': 'https://graph.facebook.com/5375353999143236/picture?height=256&width=256', 'effort_description': '64 efforts in the last 90 days', 'effort_count': '64', 'effort_counts': {'overall': '64 efforts', 'female': '64 efforts'}, 'destination': 'strava://segments/11293480/local_legend?categories%5B%5D=overall'}"
17720109,3,Cuemanco 5k,Run,4993.8,-0.2,22.9,2249.3,2231.3,"[19.288602, -99.103133]","[19.288628, -99.103]",https://d3o5xota0a1fcr.cloudfront.net/v6/charts/T43YHYIMVWAYA3Y5ZHD2JSZL3SINI54OMEXLMCBVDNPMIOXARE27T4HXWZN4UOKUS575BWWEFTXN4MXZIDLHG6I=,"{'light_url': 'https://d3o5xota0a1fcr.cloudfront.net/v6/charts/T43YHYIMVWAYA3Y5ZHD2JSZL3SINI54OMEXLMCBVDNPMIOXARE27T4HXWZN4UOKUS575BWWEFTXN4MXZIDLHG6I=', 'dark_url': 'https://d3o5xota0a1fcr.cloudfront.net/v6/charts/OD3KACU75XXIUVQ4SQJ35IISR7QPXP7TADOKPDIPRFS5ZXR67QZ5HDVY5QDNTSURRW5N5GN7QHHPSNRA2YXQ2AQ='}",0,Ciudad de México,Ciudad de México,Mexico,False,False,False,2018-05-21T00:37:53Z,2021-05-15T02:21:07Z,53.1,"{'id': 's17720109', 'polyline': 'whvtBra{{QXEpDDxGXpDJnH`@vADTCr@B`@DbBDbCNh@D~CJpAHpERhFNb@DbERhA@bEPpCF`DP`A@~AJv@@rAHJ@h@TLRDd@GdA?|AEPGJIFQ?iAGkAOmCK}@Ik@?uDMmBEiH_@mHWoCOk@Aa@EoEMe@D}@\\_Ap@KBc@A}@GsAO_BG_A?i@Ce@GmBI}@?uBImAKcAEe@AcCO{GSgAIiBE}@KoKa@QEIG_AeAa@UQMmAESCUOGQ?sALaABo@DIRErAAdAFhBCv@DjA@\\FDABEEY@QDOJC^@|ALNDLPBd@FJpAFh@?hAF', 'resource_state': 3}",39478,4969,5,"{'pr_elapsed_time': None, 'pr_date': None, 'pr_visibility': None, 'pr_activity_id': None, 'pr_activity_visibility': None, 'effort_count': 0}","{'kom': '14:04', 'qom': '18:46', 'overall': '14:04', 'destination': {'href': 'strava://segments/17720109/leaderboard', 'type': 'overall', 'name': 'All-Time'}}","{'athlete_id': 79382612, 'title': 'Janette Nava', 'profile': 'https://graph.facebook.com/5375353999143236/picture?height=256&width=256', 'effort_description': '56 efforts in the last 90 days', 'effort_count': '56', 'effort_counts': {'overall': '56 efforts', 'female': '56 efforts'}, 'destination': 'strava://segments/17720109/local_legend?categories%5B%5D=overall'}"
14048030,3,Canal Nacional,Run,5024.1,0.0,14.4,2251.9,2232.6,"[19.306537, -99.100146]","[19.306587, -99.100155]",https://d3o5xota0a1fcr.cloudfront.net/v6/charts/MRY762ZBWFU3Q5L2N37VCMWT7YE4D7O4MYSZMT3RR6BO44TQXG4YVZASS6XA26CEE3MBIURMZD27JQJV2HQRZBBQ,"{'light_url': 'https://d3o5xota0a1fcr.cloudfront.net/v6/charts/MRY762ZBWFU3Q5L2N37VCMWT7YE4D7O4MYSZMT3RR6BO44TQXG4YVZASS6XA26CEE3MBIURMZD27JQJV2HQRZBBQ', 'dark_url': 'https://d3o5xota0a1fcr.cloudfront.net/v6/charts/VJ3VHS75QXURUAX7XESOT3HWEEWWXGGMPYGNS5ZOBJYEAYXSLR5FAGL3QBJTTPM2YXW4KGKG3ILMTD7YWG2XYTFM'}",0,Ciudad de México,Ciudad de México,Mexico,False,False,False,2017-01-25T18:55:29Z,2021-05-17T08:06:44Z,96.4,"{'id': 's14048030', 'polyline': 'yxytB|nz{Q@BS@G@CAc@?MAKIOEe@B]?SKQCDBKGCBU@QGa@BMAECWAUBc@IEBUCW@M?m@IU@SECDSEc@@c@G[?OAQ@SGo@@w@Ec@?w@IE@IEG@qAEG@OEo@@_@AW?[EM@e@ES@}@AGCQ@YKG@AFQ?KGE?IDk@I[@i@Ie@?SCS@g@CMBeAMm@@_@Eg@?eAEQ@EBCCI@cAOS@s@EeAHq@Gm@?EAK?[Iu@AMG]@YKa@GS?_@EG@s@AIFK?CE_@HABO@DBG@GEOBO?MDAGOAOG?GOm@@G?FXOBFNEV@j@EHFb@HP?l@ExAH@DPFv@Fd@J^?ZFLCDBFAHI`@ILDVA`@BNBh@AHITJLB`@IT@NDJ@F?NIBBJALFN?JEF@?DD@`@@ZDFA^Jv@@LB?FNCJ@DBp@Cb@NLENBBDTGBJX@HAHGPA`@FZQF?OHBHPID@FDZA?DX?BDR?JBf@@NAF@BDFEF?P@DBf@CEDRHZAVDh@GPBNEDBP@f@IH@@BPJv@?JCT?LGj@HH?^JX?\\@\\GPNH@\\EH@DCXDNEV?FCN@HCH@JJPD\\AF@FC^DLFRAHBF?DEP?EBBCDBP@FGPLLCVBNADDXDAFDCj@?JCNAAEFAN@DDIDL@PEH?NHTALBDCJ?E@?DD@HABABEF?HDd@B`@LJAMBJFBAT?VBD@K@D?BBZA\\FPCN@XEPF^@\\E^BDAJHd@@TCTDh@?NHREBDH@?DF@?GD@BEZ?ZJd@@DBJ?BDJAn@KBFD?h@A`@DDAT@@EV?ZBJFlA@DAHFRCLD\\AF@NALBPERDJ?Bj@Kd@MDCAWDGCE@WI?UCDIEe@AIDAEOADAOBu@CGCWBq@Em@IK?EB_@BWGy@EOEY@EEY@QE]?@Iq@Bs@A_AE[Gm@Ey@@MC_@BCG_@BYCUIa@Aq@@]IY?OAFCYAi@?IC[Ba@G', 'resource_state': 3}",566,97,2,"{'pr_elapsed_time': None, 'pr_date': None, 'pr_visibility': None, 'pr_activity_id': None, 'pr_activity_visibility': None, 'effort_count': 0}","{'kom': '17:49', 'qom': '21:06', 'overall': '17:00', 'destination': {'href': 'strava://segments/14048030/leaderboard', 'type': 'overall', 'name': 'All-Time'}}","{'athlete_id': 48515982, 'title': 'Eddie San', 'profile': 'https://graph.facebook.com/287302186318814/picture?height=256&width=256', 'effort_description': '3 efforts in the last 90 days', 'effort_count': '3', 'effort_counts': {'overall': '3 efforts', 'female': '3 efforts'}, 'destination': 'strava://segments/14048030/local_legend?categories%5B%5D=overall'}"
14048054,3,Sprint final 800m,Run,866.8,0.2,14.4,2244.5,2237.2,"[19.30051, -99.100709]","[19.307914, -99.100039]",https://d3o5xota0a1fcr.cloudfront.net/v6/charts/NVPM35DNC5WGCDAI7BSVZHVKDQF2ETJ4L6VGLQRLTRGPEG6OCWOOUBNRZMBGPMT7EBQHASLKDRC3ZLKHZEGYDTX6,"{'light_url': 'https://d3o5xota0a1fcr.cloudfront.net/v6/charts/NVPM35DNC5WGCDAI7BSVZHVKDQF2ETJ4L6VGLQRLTRGPEG6OCWOOUBNRZMBGPMT7EBQHASLKDRC3ZLKHZEGYDTX6', 'dark_url': 'https://d3o5xota0a1fcr.cloudfront.net/v6/charts/NZV2VB3PQOFSLYWBFOVQCSJBFXTHMQWLBULJFNU2SP4EBEHR7OYDKGBTYUHMQMAXACLNL5DFFDCXB5HF5PFPQXEB'}",0,Ciudad de México,Ciudad de México,Mexico,False,False,False,2017-01-25T18:59:07Z,2021-05-15T02:18:54Z,20.9,"{'id': 's14048054', 'polyline': 'esxtBlrz{QY?IDAEOADAOBu@CGCWBq@Em@IK?EB_@BWGy@EOEY@EEY@QE]?@Iq@Bs@A_AE[Gm@Ey@@MC_@BCG_@BYCUIa@Aq@@]IY?OAFCYAi@?IC[Bu@Kw@?MCE@SCc@I[?SCaA?', 'resource_state': 3}",7410,538,2,"{'pr_elapsed_time': None, 'pr_date': None, 'pr_visibility': None, 'pr_activity_id': None, 'pr_activity_visibility': None, 'effort_count': 0}","{'kom': '1:54', 'qom': '2:08', 'overall': '1:54', 'destination': {'href': 'strava://segments/14048054/leaderboard', 'type': 'overall', 'name': 'All-Time'}}","{'athlete_id': 109020618, 'title': 'Ernesto Lira', 'profile': 'https://dgalywyr863hv.cloudfront.net/pictures/athletes/109020618/25705318/1/large.jpg', 'effort_description': '35 efforts in the last 90 days', 'effort_count': '35', 'effort_counts': {'overall': '35 efforts', 'female': '27 efforts'}, 'destination': 'strava://segments/14048054/local_legend?categories%5B%5D=overall'}"
23696487,3,V. QUIETUD EXTERNO,Run,1025.6,1.2,6.2,2242.0,2229.4,"[19.304835, -99.106259]","[19.304837, -99.106235]",https://d3o5xota0a1fcr.cloudfront.net/v6/charts/Y2FPAYRY63IZUNVLPG3IMGRGNT2W3VPBQO4NFU64YKHNULCI3G3APZ62YMM5HRZGGWITVBFTQLYCV4FANW2AW2Q=,"{'light_url': 'https://d3o5xota0a1fcr.cloudfront.net/v6/charts/Y2FPAYRY63IZUNVLPG3IMGRGNT2W3VPBQO4NFU64YKHNULCI3G3APZ62YMM5HRZGGWITVBFTQLYCV4FANW2AW2Q=', 'dark_url': 'https://d3o5xota0a1fcr.cloudfront.net/v6/charts/OTFVTMAQJ7YJVIBQFNKSM73MXR77ZPLPI5YKRGGAGAH35PXMXD6JAPCTPWTCDYOCXGK2OMKX7S5DNHOZYBPUKFI='}",0,Ciudad de México,Ciudad de México,Mexico,False,False,False,2020-04-28T16:44:00Z,2021-05-15T02:24:35Z,12.6,"{'id': 's23696487', 'polyline': 'enytBbu{{QdAM\\OnAArAQ~@ClBWl@AhAIl@G|@QrBQZSBYAe@Oe@KC{@DqCBiBJaC@{BPa@@_@AaABQHYt@G`@O^UbABJ', 'resource_state': 3}",9880,180,2,"{'pr_elapsed_time': None, 'pr_date': None, 'pr_visibility': None, 'pr_activity_id': None, 'pr_activity_visibility': None, 'effort_count': 0}","{'kom': '3:49', 'qom': '4:08', 'overall': '3:49', 'destination': {'href': 'strava://segments/23696487/leaderboard', 'type': 'overall', 'name': 'All-Time'}}","{'athlete_id': 83136596, 'title': 'Francisco Lopez', 'profile': 'https://dgalywyr863hv.cloudfront.net/pictures/athletes/83136596/23447119/7/large.jpg', 'effort_description': '262 efforts in the last 90 days', 'effort_count': '262', 'effort_counts': {'overall': '262 efforts', 'female': '206 efforts'}, 'destination': 'strava://segments/23696487/local_legend?categories%5B%5D=overall'}"
21549291,3,RUNNING SME 1.1KM,Run,1129.7,-0.1,5.4,2241.8,2237.8,"[19.306382, -99.127954]","[19.306391, -99.127915]",https://d3o5xota0a1fcr.cloudfront.net/v6/charts/M7W6UR2CCDQP76B3ER46G2QWGTRPB7JSPW4D5GI253X5Q7FFI6HTWBH72Q7QAFISFJFF4PGNRWKTWP3AE6A7GWET,"{'light_url': 'https://d3o5xota0a1fcr.cloudfront.net/v6/charts/M7W6UR2CCDQP76B3ER46G2QWGTRPB7JSPW4D5GI253X5Q7FFI6HTWBH72Q7QAFISFJFF4PGNRWKTWP3AE6A7GWET', 'dark_url': 'https://d3o5xota0a1fcr.cloudfront.net/v6/charts/6PXQWRQ6X73HPSWAOSIEIJ6YM5TNPJ2N54ZBXPSUGQDPSCP67J7GA67L5MKTLIMP3UI2YKIYK4K35AUI3D7EBKAE'}",0,Ciudad de México,Ciudad de México,Mexico,False,False,False,2019-08-21T16:09:51Z,2021-05-15T02:23:47Z,3.2,"{'id': 's21549291', 'polyline': '{wytBv|_|Q}@Wg@CSCyAe@mAUaAUc@Ii@AgBo@eBc@EMJ?D@hAFxB^ZNx@j@lCn@hA\\`Cf@`@DZJNJZJX?HCXsAEWyA[QAG@UpACBUF', 'resource_state': 3}",2269,58,0,"{'pr_elapsed_time': None, 'pr_date': None, 'pr_visibility': None, 'pr_activity_id': None, 'pr_activity_visibility': None, 'effort_count': 0}","{'kom': '2:40', 'qom': '4:35', 'overall': '2:40', 'destination': {'href': 'strava://segments/21549291/leaderboard', 'type': 'overall', 'name': 'All-Time'}}","{'athlete_id': 66163955, 'title': 'Toño Garfias', 'profile': 'https://graph.facebook.com/10220199737716844/picture?height=256&width=256', 'effort_description': '43 efforts in the last 90 days', 'effort_count': '43', 'effort_counts': {'overall': '43 efforts', 'female': '13 efforts'}, 'destination': 'strava://segments/21549291/local_legend?categories%5B%5D=overall'}"
31062185,3,St. Cecilia,Run,896.0,0.0,5.7,2239.1,2235.1,"[19.311346, -99.10813]","[19.311422, -99.108065]",https://d3o5xota0a1fcr.cloudfront.net/v6/charts/ZX3PYVQ3X744DH4HIDEQISX6WZYKAXA2LYTDIHTTVJOHZKTFC2MG73R2PMRV54L6WQVXK6JMZYZFW4C2VXRM3BD7,"{'light_url': 'https://d3o5xota0a1fcr.cloudfront.net/v6/charts/ZX3PYVQ3X744DH4HIDEQISX6WZYKAXA2LYTDIHTTVJOHZKTFC2MG73R2PMRV54L6WQVXK6JMZYZFW4C2VXRM3BD7', 'dark_url': 'https://d3o5xota0a1fcr.cloudfront.net/v6/charts/X6LOWYP6XRFZLQOFI5UNZNJKYD6OYPP6FLHUE4DANO74AT6XVF4K26TSG67GFAS4BHFABDTIWOAISWWBWJFAN33I'}",0,,,,False,False,False,2022-02-18T19:51:45Z,2022-02-18T19:51:45Z,2.35,"{'id': 's31062185', 'polyline': '{vztBx`|{QHEDM?IIUQK[@_ACg@IKESAo@Sm@?e@GO?}@QWIMAW@UIa@EU?a@Ii@SS@UAgAQS?SPEJ?DBBXLp@Dx@L`ABtA`@d@BXFr@Dj@Ht@NN@HDV?fBNNAp@PJ?HC', 'resource_state': 3}",10608,115,0,"{'pr_elapsed_time': None, 'pr_date': None, 'pr_visibility': None, 'pr_activity_id': None, 'pr_activity_visibility': None, 'effort_count': 0}","{'kom': '3:13', 'qom': '4:09', 'overall': '3:13', 'destination': {'href': 'strava://segments/31062185/leaderboard', 'type': 'overall', 'name': 'All-Time'}}","{'athlete_id': 35898942, 'title': 'Roberto Genaro Miranda Herrera', 'profile': 'https://dgalywyr863hv.cloudfront.net/pictures/athletes/35898942/10583138/9/large.jpg', 'effort_description': '167 efforts in the last 90 days', 'effort_count': '167', 'effort_counts': {'overall': '167 efforts', 'female': '7 efforts'}, 'destination': 'strava://segments/31062185/local_legend?categories%5B%5D=overall'}"
34719186,3,periferico de Acoxpa a Acoxpa - Dia del Padre,Run,2031.8,0.1,2.4,2237.0,2233.0,"[19.289334, -99.114911]","[19.289453, -99.114869]",https://d3o5xota0a1fcr.cloudfront.net/v6/charts/WCYGRPFZG6PYW7KZ5TEQDZ3FKKDBL52QBKY5IXPSHMHNRLIZB7PZAJIFQDUSF4M3FBV2HWFJAIIUOPTSJEB7PRI=,"{'light_url': 'https://d3o5xota0a1fcr.cloudfront.net/v6/charts/WCYGRPFZG6PYW7KZ5TEQDZ3FKKDBL52QBKY5IXPSHMHNRLIZB7PZAJIFQDUSF4M3FBV2HWFJAIIUOPTSJEB7PRI=', 'dark_url': 'https://d3o5xota0a1fcr.cloudfront.net/v6/charts/4FQ2SGGDWOSSWL2BRHD4ZWHR4V75OOFOAQUAFXWLX3JY6NYZWHEQNLSEY4INMG26HQQH2WJERJISO7J6TN7V5CA='}",0,,Mexico City,Mexico,False,False,False,2023-06-22T22:37:00Z,2023-06-22T22:37:00Z,4.0,"{'id': 's34719186', 'polyline': 'imvtBfk}{Qu@uBeAeDgA{C}@gDiCaIaA}Cy@cCQo@Um@eAiDyBqGKACD@RRp@pDvKh@hBvAdEz@xBl@jBnAzDj@rBtC|INf@Pd@', 'resource_state': 3}",10736,7143,0,"{'pr_elapsed_time': None, 'pr_date': None, 'pr_visibility': None, 'pr_activity_id': None, 'pr_activity_visibility': None, 'effort_count': 0}","{'kom': '6:13', 'qom': '7:21', 'overall': '6:13', 'destination': {'href': 'strava://segments/34719186/leaderboard', 'type': 'overall', 'name': 'All-Time'}}","{'athlete_id': 103791025, 'title': 'Venus Lopez', 'profile': 'https://graph.facebook.com/5310979642257137/picture?height=256&width=256', 'effort_description': '3 efforts in the last 90 days', 'effort_count': '3', 'effort_counts': {'overall': '3 efforts', 'female': '3 efforts'}, 'destination': 'strava://segments/34719186/local_legend?categories%5B%5D=overall'}"
32634212,3,VILLA QUIETUD FULL,Run,1267.2,0.3,3.7,2242.4,2239.2,"[19.304893, -99.106433]","[19.304873, -99.106422]",https://d3o5xota0a1fcr.cloudfront.net/v6/charts/GPMBCGGMHYYDH7AEQ4YX5LEU2N5O63OKBZBI6WUYF44LBUQADQKPNBUQMNOKM3ZVUV4Q7WLKEIZ4R4MFSOP3SOIS,"{'light_url': 'https://d3o5xota0a1fcr.cloudfront.net/v6/charts/GPMBCGGMHYYDH7AEQ4YX5LEU2N5O63OKBZBI6WUYF44LBUQADQKPNBUQMNOKM3ZVUV4Q7WLKEIZ4R4MFSOP3SOIS', 'dark_url': 'https://d3o5xota0a1fcr.cloudfront.net/v6/charts/JQTD5DFOHJJGRG34I2CQOHBNKSAX6CWTWZAX4OPVSTG5RFSSEDVITXP4UNRHGJSP3U6R2ZSDP3TJGC7I55UVW3M5'}",0,Ciudad de México,Ciudad de México,Mexico,False,False,False,2022-08-22T18:52:13Z,2022-08-22T18:52:14Z,3.2,"{'id': 's32634212', 'polyline': 'qnytBfv{{Qb@Gf@KpAI`@Gz@GjAMN?nBW`BMz@Qn@EVAzASV?NIHO?c@Ak@CKIGQAi@@}AHUAk@DIACCE_@G{@AkACOACK?cADGHANDv@@|ACPID[DeA@w@HoA@{@Hs@@s@HIJKVMv@WhACVDH', 'resource_state': 3}",1088,85,1,"{'pr_elapsed_time': None, 'pr_date': None, 'pr_visibility': None, 'pr_activity_id': None, 'pr_activity_visibility': None, 'effort_count': 0}","{'kom': '4:29', 'qom': '5:19', 'overall': '4:29', 'destination': {'href': 'strava://segments/32634212/leaderboard', 'type': 'overall', 'name': 'All-Time'}}","{'athlete_id': 118551837, 'title': 'Fatima Quezada', 'profile': 'https://dgalywyr863hv.cloudfront.net/pictures/athletes/118551837/27388680/3/large.jpg', 'effort_description': '34 efforts in the last 90 days', 'effort_count': '34', 'effort_counts': {'overall': '34 efforts', 'female': '34 efforts'}, 'destination': 'strava://segments/32634212/local_legend?categories%5B%5D=overall'}"
26742792,3,el triángulo canal nacional iztapalapa,Run,4360.7,-0.0,18.4,2243.6,2232.0,"[19.306683, -99.08995]","[19.306969, -99.089785]",https://d3o5xota0a1fcr.cloudfront.net/v6/charts/I3HXEREP7LXTHOXG5PCI43DJ37EUV6IGGO5HJUEPDPGSUCQ5S3B5XWYC3IVG43DJV4ITMUGPXXEALUELZDBVPYB6,"{'light_url': 'https://d3o5xota0a1fcr.cloudfront.net/v6/charts/I3HXEREP7LXTHOXG5PCI43DJ37EUV6IGGO5HJUEPDPGSUCQ5S3B5XWYC3IVG43DJV4ITMUGPXXEALUELZDBVPYB6', 'dark_url': 'https://d3o5xota0a1fcr.cloudfront.net/v6/charts/UTQPWKNQTHXWBF4VLF7IYC6UOV5K6YPAPYYHHFOZWYP4HOJTPJIM7J4LPNH6JUM2ITCVQKKDZWHLOLTDKWI6GSHR'}",0,Ciudad de México,Ciudad de México,Mexico,False,False,False,2020-12-18T05:06:27Z,2021-05-17T08:09:12Z,31.8,"{'id': 's26742792', 'polyline': 'wyytBdox{QKRGBH?CBDFCL@D?d@Bh@Ad@Bf@DLAHCBDDh@zBRb@Np@Pp@b@dA\\pADVXn@Rp@x@~Bj@bCXp@X|@DZN`@DXH\\t@fBLl@Tj@`BjFHTXdATh@f@dBTj@HXAJGL[F_COk@A_@IcAKo@@SEW?_@KkADe@Ec@Aw@M[@WEs@F{CWO@[HgBWu@@KC}@Gg@?m@EM@aBKS@kBMo@BkBG}CWi@B]FWIY?c@IYAKCOMs@Dw@?WC]IS?WEYB]AYBi@JKAk@Mk@DYAk@Ma@Es@D_AI_@?QAu@Hk@Ag@KUKI[?oABUJUX[h@U^e@lB_ATQTW^SX[z@e@~@_Az@o@v@e@lAeAj@Yj@]d@]VWb@WXW\\OZYx@e@\\]hBmARSb@YPSl@_@jA}@n@o@`@UNOx@q@x@g@j@m@^SPQ\\Ub@_@\\QlCyBlA{@JOrAgAJOb@a@XMNA', 'resource_state': 3}",816,156,7,"{'pr_elapsed_time': None, 'pr_date': None, 'pr_visibility': None, 'pr_activity_id': None, 'pr_activity_visibility': None, 'effort_count': 0}","{'kom': '15:46', 'qom': '19:10', 'overall': '15:46', 'destination': {'href': 'strava://segments/26742792/leaderboard', 'type': 'overall', 'name': 'All-Time'}}","{'athlete_id': 127826168, 'title': 'Willy Colin', 'profile': 'https://graph.facebook.com/6891280130957393/picture?height=256&width=256', 'effort_description': '6 efforts in the last 90 days', 'effort_count': '6', 'effort_counts': {'overall': '6 efforts', 'female': '3 efforts'}, 'destination': 'strava://segments/26742792/local_legend?categories%5B%5D=overall'}"
9016746,3,3km Vuelta a Xochimilco,Run,3037.5,0.0,6.8,2241.0,2233.4,"[19.300079, -99.094424]","[19.300122, -99.094363]",https://d3o5xota0a1fcr.cloudfront.net/v6/charts/V2IRMDYKZZTBA26JU7IICBPE6UAAROLAXH2S2TTNY3WGGOZFJ32EVPJUGX2V7YYTLYBZDTCM75N7WOFLIVH25PFI,"{'light_url': 'https://d3o5xota0a1fcr.cloudfront.net/v6/charts/V2IRMDYKZZTBA26JU7IICBPE6UAAROLAXH2S2TTNY3WGGOZFJ32EVPJUGX2V7YYTLYBZDTCM75N7WOFLIVH25PFI', 'dark_url': 'https://d3o5xota0a1fcr.cloudfront.net/v6/charts/XI5NVWKHJLWYUBHI3FO4Q7VTHF4W23KD5IB4YIVV3G3TCQSCSJGNSWU2XGNMN6JOORHXVHBKDO46N7EZRJ6UBFGQ'}",0,Ciudad de México,Distrito Federal,Mexico,False,False,False,2015-03-07T00:32:59Z,2021-05-17T08:05:34Z,8.6,"{'id': 's9016746', 'polyline': 'mpxtBdky{QBgBJ{@Ne@x@_BJa@BS?]I]Yu@Q]USWO{@UUMOOa@o@US}CwBkAoAaBaAaBsA[Ou@MWMQU]_AWY[Wm@So@Cw@@_@BYHOJ[`@Ut@QVQLu@XOLKN[|@y@fAMXId@?ZDb@Np@`AxCR\\n@dANZDb@AdADl@Nr@j@bBP`@JPdAr@R`@D^EdAF^JNPJjA\\^PPLLNLZF\\H~BDd@H\\R^TTVNx@ZZXFLDT?`ABRP^^VRFTB\\Ap@KZ?VB`@Jf@RTRh@h@NJPBHANIFKJe@JaBHgDDwCVeBDe@PsI', 'resource_state': 3}",6149,910,11,"{'pr_elapsed_time': None, 'pr_date': None, 'pr_visibility': None, 'pr_activity_id': None, 'pr_activity_visibility': None, 'effort_count': 0}","{'kom': '7:21', 'qom': '8:16', 'overall': '7:21', 'destination': {'href': 'strava://segments/9016746/leaderboard', 'type': 'overall', 'name': 'All-Time'}}","{'athlete_id': 119561298, 'title': 'Rogelio Cejudo Esquivel', 'profile': 'https://dgalywyr863hv.cloudfront.net/pictures/athletes/119561298/38102105/1/large.jpg', 'effort_description': '49 efforts in the last 90 days', 'effort_count': '49', 'effort_counts': {'overall': '49 efforts', 'female': '26 efforts'}, 'destination': 'strava://segments/9016746/local_legend?categories%5B%5D=overall'}"
19270846,3,3km entrada por canal de chalco,Run,3066.4,0.0,4.3,2245.0,2232.6,"[19.305844, -99.089401]","[19.305899, -99.089392]",https://d3o5xota0a1fcr.cloudfront.net/v6/charts/4FANG7YQQR4FRBQ6C4MWVFPQXT32W7EX5FEBT5OOVJZZACAAP2WN6TGBG2N7LPCYEYIQVRLBL5NOM4TUA2ABBQQ=,"{'light_url': 'https://d3o5xota0a1fcr.cloudfront.net/v6/charts/4FANG7YQQR4FRBQ6C4MWVFPQXT32W7EX5FEBT5OOVJZZACAAP2WN6TGBG2N7LPCYEYIQVRLBL5NOM4TUA2ABBQQ=', 'dark_url': 'https://d3o5xota0a1fcr.cloudfront.net/v6/charts/4RBXJPNLBQDMXOA3NEQRCSFWVUNNMKKQSCXRA3GGBTJCGYIQOSHIUAZG2Z6WOJ56JFIKUP5XDEHQTDT2UPKAWNI='}",0,,,,False,False,False,2018-11-05T19:31:00Z,2021-05-15T02:22:14Z,15.1,"{'id': 's19270846', 'polyline': 'otytBxkx{Q}AdCO^IXE\\D^Ln@|@vCVj@r@jALZJpCJv@Rz@L\\T`@V\\l@j@R^F^@~@Hb@LRPN~Ap@XRNTL\\DZLnCF`@L`@f@`@~@f@ZXJTDPNtAFPLPTP`@FnBCp@DZJNJfA~@VHH@DCNMHSFWHo@PgD@kCBu@f@eDC_EHwCLcBBYDM~@gBJ]D_@@{@Sm@Sa@Y]aBcAoAmAuAy@]WkBkBsBmAsA}@qAm@UOUWg@w@QSYW]Oe@Kw@Ei@@_@FULSRk@`AW^[Xi@\\', 'resource_state': 3}",5478,876,1,"{'pr_elapsed_time': None, 'pr_date': None, 'pr_visibility': None, 'pr_activity_id': None, 'pr_activity_visibility': None, 'effort_count': 0}","{'kom': '7:04', 'qom': '8:11', 'overall': '7:04', 'destination': {'href': 'strava://segments/19270846/leaderboard', 'type': 'overall', 'name': 'All-Time'}}","{'athlete_id': 105895927, 'title': 'Manu Santiago', 'profile': 'https://dgalywyr863hv.cloudfront.net/pictures/athletes/105895927/25189361/6/large.jpg', 'effort_description': '38 efforts in the last 90 days', 'effort_count': '38', 'effort_counts': {'overall': '38 efforts', 'female': '29 efforts'}, 'destination': 'strava://segments/19270846/local_legend?categories%5B%5D=overall'}"
30451002,3,Todo Canal El Bordo,Run,559.0,-0.0,1.1,2248.8,2247.6,"[19.286212, -99.097665]","[19.28536, -99.092492]",https://d3o5xota0a1fcr.cloudfront.net/v6/charts/NOJZSXDOFGETRKMHS627RCJ5S6LHYHO2SVEKYJN7OJNSG3F4YSZR6YB64C2NZNRDSRFYJN2CXEKFUEC2VN4QYEGO,"{'light_url': 'https://d3o5xota0a1fcr.cloudfront.net/v6/charts/NOJZSXDOFGETRKMHS627RCJ5S6LHYHO2SVEKYJN7OJNSG3F4YSZR6YB64C2NZNRDSRFYJN2CXEKFUEC2VN4QYEGO', 'dark_url': 'https://d3o5xota0a1fcr.cloudfront.net/v6/charts/6NCY3A2BV444TF7JNGNFWKIKNSKHSJ3JN3XNWNZEPFYPXKGIPPT7MWXKIV6JZQPWLGAODHTUOO6FSZYYE2YGH3BK'}",0,Mexico City,Mexico City,Mexico,False,False,False,2021-11-22T04:03:07Z,2021-11-22T04:03:07Z,0.0,"{'id': 's30451002', 'polyline': 'yyutBl_z{QHADGJo@NcCToBN}BPeBHmBBWJ[Jg@FiA\\uD?]EO', 'resource_state': 3}",11558,2142,1,"{'pr_elapsed_time': None, 'pr_date': None, 'pr_visibility': None, 'pr_activity_id': None, 'pr_activity_visibility': None, 'effort_count': 0}","{'kom': '1:49', 'qom': '2:12', 'overall': '1:49', 'destination': {'href': 'strava://segments/30451002/leaderboard', 'type': 'overall', 'name': 'All-Time'}}","{'athlete_id': 164490670, 'title': 'Oscar Regalado Pacheco', 'profile': 'https://lh3.googleusercontent.com/a/ACg8ocK-giYbvjxqf8e1ap3Qi_OOQ5BuNkJf-yagfx_JNip-AKftfw=s96-c', 'effort_description': '25 efforts in the last 90 days', 'effort_count': '25', 'effort_counts': {'overall': '25 efforts', 'female': '25 efforts'}, 'destination': 'strava://segments/30451002/local_legend?categories%5B%5D=overall'}"
30451010,3,Ida y vuelta hasta el fondo,Run,1916.4,-0.0,3.1,2247.4,2245.6,"[19.294605, -99.090534]","[19.294568, -99.090557]",https://d3o5xota0a1fcr.cloudfront.net/v6/charts/KHANKFA3EVQALTYO33X3U35KG3IYWTDQ42TQLM46ZYIQL3JMIUZBVAPLKCVTRRTAV2RAAKZUEMRVCSO6WCBLC45D,"{'light_url': 'https://d3o5xota0a1fcr.cloudfront.net/v6/charts/KHANKFA3EVQALTYO33X3U35KG3IYWTDQ42TQLM46ZYIQL3JMIUZBVAPLKCVTRRTAV2RAAKZUEMRVCSO6WCBLC45D', 'dark_url': 'https://d3o5xota0a1fcr.cloudfront.net/v6/charts/WXAWT4TCEQ6XJX7QPZPWKU2MZWDUML5AYCD4UUG7I5HCXMB3R53QOD6GOCERT7QYTUCU7UVUDBWRBLTXCMNBAIGE'}",0,Mexico City,Mexico City,Mexico,False,False,False,2021-11-22T04:05:10Z,2021-11-22T04:05:10Z,0.0,"{'id': 's30451010', 'polyline': 'gnwtBzrx{QSa@UQoBw@]S}@u@e@Ue@M_Ae@c@Qm@a@y@a@cAs@e@Sg@IUGe@[c@SmA{@_A_@}BmAoAg@e@MIAYJiCzBa@Xg@j@o@h@@BDGX]r@q@nByAb@Uf@a@^Gp@Pp@VfB~@hAf@|AfAhAl@`ATTH`@TfAx@b@Pd@XrAp@tAb@nA|@bBx@\\Lb@VTb@', 'resource_state': 3}",9225,2100,1,"{'pr_elapsed_time': None, 'pr_date': None, 'pr_visibility': None, 'pr_activity_id': None, 'pr_activity_visibility': None, 'effort_count': 0}","{'kom': '7:00', 'qom': '7:51', 'overall': '7:00', 'destination': {'href': 'strava://segments/30451010/leaderboard', 'type': 'overall', 'name': 'All-Time'}}","{'athlete_id': 59412049, 'title': 'Sara García', 'profile': 'https://graph.facebook.com/10158075342945617/picture?height=256&width=256', 'effort_description': '18 efforts in the last 90 days', 'effort_count': '18', 'effort_counts': {'overall': '18 efforts', 'female': '18 efforts'}, 'destination': 'strava://segments/30451010/local_legend?categories%5B%5D=overall'}"
30451016,3,por adentro,Run,796.2,-0.1,1.4,2247.8,2246.6,"[19.288669, -99.094901]","[19.294485, -99.091981]",https://d3o5xota0a1fcr.cloudfront.net/v6/charts/TRQ3J4VSOZS5EBIUVT67F4WN5KKMYSTLSGWR5L73UEIRT6OLNLQOL4SPDLTPS6BYUXZIAV3YDVYNPXTIPSFRJZE5,"{'light_url': 'https://d3o5xota0a1fcr.cloudfront.net/v6/charts/TRQ3J4VSOZS5EBIUVT67F4WN5KKMYSTLSGWR5L73UEIRT6OLNLQOL4SPDLTPS6BYUXZIAV3YDVYNPXTIPSFRJZE5', 'dark_url': 'https://d3o5xota0a1fcr.cloudfront.net/v6/charts/4JPEBKQD7ER6AY5IAE7MUGHRB2Q5MOMLJ4QGXI67663CCZEYP3MWNMLJ6S2XKQBMY4KFJJ635YXBFQ2K2FTJEAOA'}",0,Mexico City,Mexico City,Mexico,False,False,False,2021-11-22T04:07:21Z,2021-11-22T04:07:22Z,0.0,"{'id': 's30451016', 'polyline': 'civtBdny{QUOg@u@q@o@SYYQ[OqAg@kCe@_Aa@_@Wq@w@]o@YYc@Oe@Cs@HyBCMLg@n@URc@W]Ya@e@]o@Y]aAk@G@', 'resource_state': 3}",591,301,0,"{'pr_elapsed_time': None, 'pr_date': None, 'pr_visibility': None, 'pr_activity_id': None, 'pr_activity_visibility': None, 'effort_count': 0}","{'kom': '2:44', 'qom': '3:05', 'overall': '2:44', 'destination': {'href': 'strava://segments/30451016/leaderboard', 'type': 'overall', 'name': 'All-Time'}}","{'athlete_id': 149362506, 'title': 'Pavel Ivan', 'profile': 'https://graph.facebook.com/27385071031091477/picture?height=256&width=256', 'effort_description': '4 efforts in the last 90 days', 'effort_count': '4', 'effort_counts': {'overall': '4 efforts', 'female': '3 efforts'}, 'destination': 'strava://segments/30451016/local_legend?categories%5B%5D=overall'}"
30450998,3,Recta para llegar a El Bordo,Run,709.1,0.1,1.4,2247.6,2246.6,"[19.291764, -99.094372]","[19.285897, -99.095598]",https://d3o5xota0a1fcr.cloudfront.net/v6/charts/OWBQXS37GD3DHDBZZ3IEG2NJDKDZKNYSAX4U4RNFH4GTN4HAFLE3C3O3T4DWUMM5BUABWPOPKS3ZLEPIPZWEPUQ=,"{'light_url': 'https://d3o5xota0a1fcr.cloudfront.net/v6/charts/OWBQXS37GD3DHDBZZ3IEG2NJDKDZKNYSAX4U4RNFH4GTN4HAFLE3C3O3T4DWUMM5BUABWPOPKS3ZLEPIPZWEPUQ=', 'dark_url': 'https://d3o5xota0a1fcr.cloudfront.net/v6/charts/4LDRUOXLJP3Z6L3QYNRZSW2WBVQPM42PYQK63NXEY7JWWSZLFBE36DWNUFKN4PIKBGRBGRSIZMDEKX6ONNIA6HQ='}",0,Mexico City,Mexico City,Mexico,False,False,False,2021-11-22T04:01:27Z,2021-11-22T04:01:27Z,0.0,"{'id': 's30450998', 'polyline': 'o|vtBzjy{Q^Xd@Td@Fp@@`@Bb@Ld@TXHfANT?f@Dd@?LAf@Fd@CfA]?VVZT`@VJ`@FlCLd@Cl@U`Ab@x@DzAD', 'resource_state': 3}",10002,2297,2,"{'pr_elapsed_time': None, 'pr_date': None, 'pr_visibility': None, 'pr_activity_id': None, 'pr_activity_visibility': None, 'effort_count': 0}","{'kom': '2:32', 'qom': '2:45', 'overall': '2:26', 'destination': {'href': 'strava://segments/30450998/leaderboard', 'type': 'overall', 'name': 'All-Time'}}","{'athlete_id': 164490670, 'title': 'Oscar Regalado Pacheco', 'profile': 'https://lh3.googleusercontent.com/a/ACg8ocK-giYbvjxqf8e1ap3Qi_OOQ5BuNkJf-yagfx_JNip-AKftfw=s96-c', 'effort_description': '25 efforts in the last 90 days', 'effort_count': '25', 'effort_counts': {'overall': '25 efforts', 'female': '24 efforts'}, 'destination': 'strava://segments/30450998/local_legend?categories%5B%5D=overall'}"
30451000,3,El Bordo hasta topar,Run,468.5,0.1,1.4,2248.6,2247.6,"[19.285854, -99.095599]","[19.285803, -99.095525]",https://d3o5xota0a1fcr.cloudfront.net/v6/charts/7JHD7X2PRDBVWJSTV7FZVLYDUSA2QCGL77GTYFAVOYMXRVSAPNWYX3LU34VNRV4I4L2PFQSOKN5UUC26HU6QCFGP,"{'light_url': 'https://d3o5xota0a1fcr.cloudfront.net/v6/charts/7JHD7X2PRDBVWJSTV7FZVLYDUSA2QCGL77GTYFAVOYMXRVSAPNWYX3LU34VNRV4I4L2PFQSOKN5UUC26HU6QCFGP', 'dark_url': 'https://d3o5xota0a1fcr.cloudfront.net/v6/charts/QYA5TGOX2CUPQZPK27ROQNQE2QK275VX4RA6F3KYHOHILQC2MRFRRGAEG3GGDYB6XQPRRY7E7PF4BRSQVRQTRHGU'}",0,Mexico City,Mexico City,Mexico,False,False,False,2021-11-22T04:02:18Z,2021-11-22T04:02:19Z,0.0,"{'id': 's30451000', 'polyline': 'qwutBnry{QFF?HMxBY~CQlA[T?HDBHADGJo@NcCZwCHuA', 'resource_state': 3}",12502,2266,3,"{'pr_elapsed_time': None, 'pr_date': None, 'pr_visibility': None, 'pr_activity_id': None, 'pr_activity_visibility': None, 'effort_count': 0}","{'kom': '1:43', 'qom': '1:54', 'overall': '1:39', 'destination': {'href': 'strava://segments/30451000/leaderboard', 'type': 'overall', 'name': 'All-Time'}}","{'athlete_id': 61374616, 'title': 'Evelia Maturano Hernandez', 'profile': 'https://dgalywyr863hv.cloudfront.net/pictures/athletes/61374616/16912147/1/large.jpg', 'effort_description': '35 efforts in the last 90 days', 'effort_count': '35', 'effort_counts': {'overall': '35 efforts', 'female': '35 efforts'}, 'destination': 'strava://segments/30451000/local_legend?categories%5B%5D=overall'}"
30451006,3,Ruta exterior completa,Run,2918.8,-0.0,3.1,2248.8,2246.0,"[19.286212, -99.097665]","[19.301849, -99.088262]",https://d3o5xota0a1fcr.cloudfront.net/v6/charts/CBEV7QFE427UGVN3N26ZXM4FNK6FIAQS4N437X2W6R6Y2EEJIDM7WUMK52WC4CVRRFRZTKEFQNYAQZJ7GA4TBFD6,"{'light_url': 'https://d3o5xota0a1fcr.cloudfront.net/v6/charts/CBEV7QFE427UGVN3N26ZXM4FNK6FIAQS4N437X2W6R6Y2EEJIDM7WUMK52WC4CVRRFRZTKEFQNYAQZJ7GA4TBFD6', 'dark_url': 'https://d3o5xota0a1fcr.cloudfront.net/v6/charts/P3G4GZVHBGXR3NKADDFAHGQGEHM4KKKXLJDHSLRL5LP7BKFEODIZJBTF5QY5R4TE2MUEA3WNGVUBR6O5XVZEG2ZQ'}",0,Mexico City,Mexico City,Mexico,False,False,False,2021-11-22T04:04:23Z,2021-11-22T04:04:24Z,0.0,"{'id': 's30451006', 'polyline': 'yyutBl_z{QHADGJo@NcCToBN}BPeBHmBBWJ[Jg@FiA\\uD?]EOY_@cJmF_CeAiAo@iAg@mDB[NU`@cCnGw@`B]\\]CgAg@_B_AeB{@W?QVy@`BW\\KIc@_Aw@yAO_@c@aBMQa@[uAe@a@WSa@UQoBw@]S}@u@e@Ue@M_Ae@c@Qm@a@y@a@cAs@e@Sg@IUGe@[c@SmA{@_A_@}Ay@qAm@cA[IAYJiCzBa@Xg@j@o@h@@B', 'resource_state': 3}",3676,1126,3,"{'pr_elapsed_time': None, 'pr_date': None, 'pr_visibility': None, 'pr_activity_id': None, 'pr_activity_visibility': None, 'effort_count': 0}","{'kom': '10:55', 'qom': '12:58', 'overall': '10:55', 'destination': {'href': 'strava://segments/30451006/leaderboard', 'type': 'overall', 'name': 'All-Time'}}","{'athlete_id': 164490670, 'title': 'Oscar Regalado Pacheco', 'profile': 'https://lh3.googleusercontent.com/a/ACg8ocK-giYbvjxqf8e1ap3Qi_OOQ5BuNkJf-yagfx_JNip-AKftfw=s96-c', 'effort_description': '11 efforts in the last 90 days', 'effort_count': '11', 'effort_counts': {'overall': '11 efforts', 'female': '10 efforts'}, 'destination': 'strava://segments/30451006/local_legend?categories%5B%5D=overall'}"
30450992,3,Empezando el circuito,Run,568.7,0.4,2.3,2245.8,2243.2,"[19.29629, -99.094211]","[19.292945, -99.096524]",https://d3o5xota0a1fcr.cloudfront.net/v6/charts/WTKGAUZBHS3HCDZ2I4NSZGDSL2EUO2IM2JCIOBTYO7AWUFQAZ3MYGNJQVTTG4GX4ZILQL4ZEXBW5MZ7J27M2MVQ=,"{'light_url': 'https://d3o5xota0a1fcr.cloudfront.net/v6/charts/WTKGAUZBHS3HCDZ2I4NSZGDSL2EUO2IM2JCIOBTYO7AWUFQAZ3MYGNJQVTTG4GX4ZILQL4ZEXBW5MZ7J27M2MVQ=', 'dark_url': 'https://d3o5xota0a1fcr.cloudfront.net/v6/charts/D27FKW4437RQYMEDL5AVZIDYVHRXQAAJMQLQIF74XOEOVPLLOFQN7RUBZS7DLXE6X7UUITEMBUOFCX6QGGWDRDA='}",0,Ciudad de México,Ciudad de México,Mexico,False,False,False,2021-11-22T03:59:53Z,2021-11-22T03:59:53Z,2.6,"{'id': 's30450992', 'polyline': 'yxwtBziy{QNh@|@bA\\z@V|@PXd@TjAJ~A\\l@\\ZZf@nAB\\Aj@H\\VFxAMP[Z[DQPU', 'resource_state': 3}",10917,2358,1,"{'pr_elapsed_time': None, 'pr_date': None, 'pr_visibility': None, 'pr_activity_id': None, 'pr_activity_visibility': None, 'effort_count': 0}","{'kom': '1:48', 'qom': '2:12', 'overall': '1:48', 'destination': {'href': 'strava://segments/30450992/leaderboard', 'type': 'overall', 'name': 'All-Time'}}","{'athlete_id': 164490670, 'title': 'Oscar Regalado Pacheco', 'profile': 'https://lh3.googleusercontent.com/a/ACg8ocK-giYbvjxqf8e1ap3Qi_OOQ5BuNkJf-yagfx_JNip-AKftfw=s96-c', 'effort_description': '37 efforts in the last 90 days', 'effort_count': '37', 'effort_counts': {'overall': '37 efforts', 'female': '28 efforts'}, 'destination': 'strava://segments/30450992/local_legend?categories%5B%5D=overall'}"
22908355,3,Vuelta por fuera de la pista,Run,648.1,-0.4,4.8,2244.5,2240.6,"[19.284873, -99.04935]","[19.284887, -99.049354]",https://d3o5xota0a1fcr.cloudfront.net/v6/charts/GHHZQYDVSSSFDMSRM5CIAVAQ5WKGTCY33F7TIKG4RNTFA3MX7K5FIQ7V4ADBAYKKTBUCVMNW5EH5GZY7VWFWPWI=,"{'light_url': 'https://d3o5xota0a1fcr.cloudfront.net/v6/charts/GHHZQYDVSSSFDMSRM5CIAVAQ5WKGTCY33F7TIKG4RNTFA3MX7K5FIQ7V4ADBAYKKTBUCVMNW5EH5GZY7VWFWPWI=', 'dark_url': 'https://d3o5xota0a1fcr.cloudfront.net/v6/charts/FU62RT75KXVEXBDJCDJ3UGG7AEXWM7DILHCF2FTDJ347MUXUG4HVSEFHLQUZXWM75T26UCG4TC272O57RNA32UI='}",0,Ciudad de México,Ciudad de México,Mexico,False,False,False,2020-02-20T21:33:43Z,2021-05-15T02:24:18Z,3.2,"{'id': 's22908355', 'polyline': 'mqutBlqp{QCPDVRPXPzFv@dCPJAFG?SMaBMaAKQQI}BYy@IoA?SFQJ_A|@_@X', 'resource_state': 3}",48023,684,3,"{'pr_elapsed_time': None, 'pr_date': None, 'pr_visibility': None, 'pr_activity_id': None, 'pr_activity_visibility': None, 'effort_count': 0}","{'kom': '1:06', 'qom': '1:25', 'overall': '1:06', 'destination': {'href': 'strava://segments/22908355/leaderboard', 'type': 'overall', 'name': 'All-Time'}}","{'athlete_id': 88190377, 'title': 'Jetro Rodriguez', 'profile': 'https://graph.facebook.com/4055015777885449/picture?height=256&width=256', 'effort_description': '649 efforts in the last 90 days', 'effort_count': '649', 'effort_counts': {'overall': '649 efforts', 'female': '98 efforts'}, 'destination': 'strava://segments/22908355/local_legend?categories%5B%5D=overall'}"
37689787,3,"Running ciclopista ""Lago Los Reyes""",Run,1401.2,0.0,1.3,2242.8,2242.0,"[19.283985, -99.047235]","[19.284086, -99.047237]",https://d3o5xota0a1fcr.cloudfront.net/v6/charts/QOICX4I7HBDPQZQFUFIT5WTM6UI6BCKZVYLU77T5WCUBVSZPMAE2CA4U5CJKDCC5RSTETFS5N4IL6KKLY2ZSRTXC,"{'light_url': 'https://d3o5xota0a1fcr.cloudfront.net/v6/charts/QOICX4I7HBDPQZQFUFIT5WTM6UI6BCKZVYLU77T5WCUBVSZPMAE2CA4U5CJKDCC5RSTETFS5N4IL6KKLY2ZSRTXC', 'dark_url': 'https://d3o5xota0a1fcr.cloudfront.net/v6/charts/DDKECURMMWOBROATQAQLNSSXWWGVT7WMSDO3DI34YJFRZKHQXF2HTDSP7S7PADS3EUUHPBJG5WKG2HROSA6D4IU7'}",0,,Mexico City,Mexico,False,False,False,2024-08-31T17:54:08Z,2024-08-31T17:54:08Z,0.0,"{'id': 's37689787', 'polyline': '{kutBfdp{QLp@NXZd@p@j@PJZJT@`@Cp@Mv@c@p@i@|AaBz@g@VSXc@Nk@B]@cBL}@VoABUA]Ee@M[U_@UQUK_@Ia@CW?YB]L[N]`@Uf@I^MtAI\\W\\SL[L_@F_@@[G_@QSGm@Gc@Au@DSDWLWRY\\Kf@IdA@\\DLJPt@l@vAh@', 'resource_state': 3}",8375,493,2,"{'pr_elapsed_time': None, 'pr_date': None, 'pr_visibility': None, 'pr_activity_id': None, 'pr_activity_visibility': None, 'effort_count': 0}","{'kom': '3:40', 'qom': '3:46', 'overall': '3:27', 'destination': {'href': 'strava://segments/37689787/leaderboard', 'type': 'overall', 'name': 'All-Time'}}","{'athlete_id': 125663766, 'title': 'Arturo Valdez Cruz', 'profile': 'https://dgalywyr863hv.cloudfront.net/pictures/athletes/125663766/31144774/1/large.jpg', 'effort_description': '55 efforts in the last 90 days', 'effort_count': '55', 'effort_counts': {'overall': '55 efforts', 'female': '41 efforts'}, 'destination': 'strava://segments/37689787/local_legend?categories%5B%5D=overall'}"
13465670,3,Deportivo Tlaltenco,Run,441.3,0.0,0.7,2243.3,2242.7,"[19.29002, -99.014491]","[19.290012, -99.014487]",https://d3o5xota0a1fcr.cloudfront.net/v6/charts/7HC4N4DAGJKX6P74MZK2VZ747NKSCZCPANCGWVNMC22ZPX7TB5APEUDEALR3BH6M4744SWGHGMRXESXLGOGWS36O,"{'light_url': 'https://d3o5xota0a1fcr.cloudfront.net/v6/charts/7HC4N4DAGJKX6P74MZK2VZ747NKSCZCPANCGWVNMC22ZPX7TB5APEUDEALR3BH6M4744SWGHGMRXESXLGOGWS36O', 'dark_url': 'https://d3o5xota0a1fcr.cloudfront.net/v6/charts/PU53OCTKDDZWL3UB4STXQSUP4QJPIA543LL4W7ZL5RA6FMEWZOAPZDDE5TVFENNWXPQ5TAOEVL7PUWROIGI4N4AO'}",0,Ciudad de México,Ciudad de México,Mexico,False,False,False,2016-10-18T01:55:49Z,2021-05-15T02:18:38Z,0.0,"{'id': 's13465670', 'polyline': 'qqvtBrwi{QDe@FiAHe@Fy@COkCMc@FSnACh@K|AH@RJ`A?lADB?DG', 'resource_state': 3}",7015,73,3,"{'pr_elapsed_time': None, 'pr_date': None, 'pr_visibility': None, 'pr_activity_id': None, 'pr_activity_visibility': None, 'effort_count': 0}","{'kom': '1:24', 'qom': '1:41', 'overall': '1:24', 'destination': {'href': 'strava://segments/13465670/leaderboard', 'type': 'overall', 'name': 'All-Time'}}","{'athlete_id': 100477689, 'title': 'Alejandro Chavez', 'profile': 'https://lh3.googleusercontent.com/a-/AOh14GiBj5W1X9g_orG3b5HcdoDKZNZTjEyBWtxbNAWcOiI=s96-c', 'effort_description': '116 efforts in the last 90 days', 'effort_count': '116', 'effort_counts': {'overall': '116 efforts', 'female': '34 efforts'}, 'destination': 'strava://segments/13465670/local_legend?categories%5B%5D=overall'}"
24753451,3,San Rafael Atlixco,Run,1296.9,0.4,23.7,2253.6,2239.0,"[19.29612, -99.02174]","[19.287079, -99.014007]",https://d3o5xota0a1fcr.cloudfront.net/v6/charts/P5FE6ZQ26FUSHT4HY5342OECW7AXH4IEKJMHOXZY7N2VOBLRDTUFOGJKWRNGSQWBGX2AESTQ72BPXF2KKLOCZ7SW,"{'light_url': 'https://d3o5xota0a1fcr.cloudfront.net/v6/charts/P5FE6ZQ26FUSHT4HY5342OECW7AXH4IEKJMHOXZY7N2VOBLRDTUFOGJKWRNGSQWBGX2AESTQ72BPXF2KKLOCZ7SW', 'dark_url': 'https://d3o5xota0a1fcr.cloudfront.net/v6/charts/B6TFMWSQD7DBGCVYJSE565Z5JYZ7I3KY2CBMTLJAF7QSKWKVZGTBVAYYU2ELMXA66T7VHTMBULU4VGNA6DH4JDOX'}",0,Ciudad de México,Ciudad de México,Mexico,False,False,False,2020-07-05T02:39:32Z,2021-05-15T02:24:57Z,40.6,"{'id': 's24753451', 'polyline': 'uwwtBzdk{QXe@tCcClHqF|AoAn@a@tAgAbFoDl@e@t@s@r@{@tBuBlBsBp@{@fAeAp@w@pAgAp@e@dAk@b@QrA]', 'resource_state': 3}",260,118,0,"{'pr_elapsed_time': None, 'pr_date': None, 'pr_visibility': None, 'pr_activity_id': None, 'pr_activity_visibility': None, 'effort_count': 0}","{'kom': '2:47', 'qom': '4:17', 'overall': '2:47', 'destination': {'href': 'strava://segments/24753451/leaderboard', 'type': 'overall', 'name': 'All-Time'}}","{'athlete_id': 99998437, 'title': 'Pablo Rosendo', 'profile': 'https://graph.facebook.com/6300624746619324/picture?height=256&width=256', 'effort_description': '4 efforts in the last 90 days', 'effort_count': '4', 'effort_counts': {'overall': '4 efforts', 'female': '1 effort'}, 'destination': 'strava://segments/24753451/local_legend?categories%5B%5D=overall'}"
15975386,3,Circuito-Tlaltenco,Run,5047.3,0.0,3.9,2246.2,2239.5,"[19.291078, -99.009242]","[19.29109, -99.009307]",https://d3o5xota0a1fcr.cloudfront.net/v6/charts/ILNJJW54SGL6QWWUHU2KC53AO3R62G4N3CRMCCCR7MI7F2GYH4TTN2PAT3HDWRJXVBDSPFAUBKIDDVRI6YSLOTY=,"{'light_url': 'https://d3o5xota0a1fcr.cloudfront.net/v6/charts/ILNJJW54SGL6QWWUHU2KC53AO3R62G4N3CRMCCCR7MI7F2GYH4TTN2PAT3HDWRJXVBDSPFAUBKIDDVRI6YSLOTY=', 'dark_url': 'https://d3o5xota0a1fcr.cloudfront.net/v6/charts/OJM462QXD2RS75TUZ6XO2WO3CFS2Z555PNKWRHKGY2GWA6GBCJW6IDRAKMBC7AAFPOL4QJAIGBOUPCT3K7AEOWA='}",0,Guadalupe,Ciudad de México,Mexico,False,False,False,2017-09-08T17:44:35Z,2021-05-15T02:20:03Z,13.3,"{'id': 's15975386', 'polyline': 'exvtBxvh{Qi@Ie@Ae@H]?_BQaAEkBK{Ee@{B_@c@QWe@a@kAI_@UwA?}AB}@JkATeETuBLmBXcC~@mMb@eDd@iGTwBHOh@ClJx@tCRpB\\lAFrEb@pBL~D\\f@BxKdAd@BfF`@rBL`Ff@xDXVR?f@UzD\\Xd@H`@LAv@SzB]jEIrBSvBGpASdD_@hE]hDI~BS`DQtA[`@yBzAe@NsBQsBYgESi@GuCe@wBMuGm@qFo@kAIg@?mCOkAC', 'resource_state': 3}",86,42,2,"{'pr_elapsed_time': None, 'pr_date': None, 'pr_visibility': None, 'pr_activity_id': None, 'pr_activity_visibility': None, 'effort_count': 0}","{'kom': '15:10', 'qom': '18:00', 'overall': '15:10', 'destination': {'href': 'strava://segments/15975386/leaderboard', 'type': 'overall', 'name': 'All-Time'}}",
25080769,3,Puro trail,Run,619.0,2.5,18.0,2249.4,2233.4,"[19.292077, -98.989786]","[19.293438, -98.995181]",https://d3o5xota0a1fcr.cloudfront.net/v6/charts/YQFZH2LZKOLX7AJXH6STNQI7HEDMSHVZES5GEHSV3SHEWCMKWNFC5U3NMTMDQ76H5HSEAQDFMMUXGGAI6EVJT6YC,"{'light_url': 'https://d3o5xota0a1fcr.cloudfront.net/v6/charts/YQFZH2LZKOLX7AJXH6STNQI7HEDMSHVZES5GEHSV3SHEWCMKWNFC5U3NMTMDQ76H5HSEAQDFMMUXGGAI6EVJT6YC', 'dark_url': 'https://d3o5xota0a1fcr.cloudfront.net/v6/charts/XWRPBPBQKRZHT7AVM7WBBTRSGPDS5I2FWNQ3VGC5P2UG4WHVZFRCSTAKAC4KL2Y4H2QZOOEUTPJZWOZH6LAIAE7G'}",0,Ciudad de México,Ciudad de México,Mexico,False,False,False,2020-07-28T16:17:23Z,2021-05-15T02:25:03Z,23.4,"{'id': 's25080769', 'polyline': 'm~vtBd}d{QSCGDCHM~AGZInACHMj@IHQH]^S^[bA?VKz@A`@AJOxBEREl@QfA?r@GN?^QlBB^?X', 'resource_state': 3}",37,11,0,"{'pr_elapsed_time': None, 'pr_date': None, 'pr_visibility': None, 'pr_activity_id': None, 'pr_activity_visibility': None, 'effort_count': 0}","{'kom': '2:57', 'qom': '3:27', 'overall': '2:57', 'destination': {'href': 'strava://segments/25080769/leaderboard', 'type': 'overall', 'name': 'All-Time'}}",
21453099,3,CETIS 1 A Panteon,Run,2898.2,0.0,1.9,2242.9,2238.8,"[19.294013, -98.997705]","[19.305481, -98.974627]",https://d3o5xota0a1fcr.cloudfront.net/v6/charts/2QYBUAMIFAQ4X6WUQF2BQKIBHG3EOJ3RGRCM4QK5HQRHLCIO2SSDFJ2L77OD4JYKNHU2T3SI7RWMWJIANP2O5LHN,"{'light_url': 'https://d3o5xota0a1fcr.cloudfront.net/v6/charts/2QYBUAMIFAQ4X6WUQF2BQKIBHG3EOJ3RGRCM4QK5HQRHLCIO2SSDFJ2L77OD4JYKNHU2T3SI7RWMWJIANP2O5LHN', 'dark_url': 'https://d3o5xota0a1fcr.cloudfront.net/v6/charts/PTAOIPUMQSN7CDNF2YAVKDH63P7OGKTLIZCLT5D7EZ32VHMGYVUGMA7WCG2XFSFCPRINH6MEPSUDWJHXWALHJVS2'}",0,Ciudad de México,Ciudad de México,Mexico,False,False,False,2019-08-12T15:04:40Z,2021-05-19T08:05:05Z,6.2,"{'id': 's21453099', 'polyline': 'qjwtBtnf{QJ}@JcCZmCJiBP{ALyBRqALyADQJgB?_@Fk@Ai@IkAYkA}@iBoAgB[k@a@c@o@mA]a@a@u@SUk@_AYa@Qa@w@cA_@k@a@a@EQOQKSOOYg@Y_@a@{@QWWe@OO[o@[g@WYUa@WYO]SUWk@Y_@GMk@y@IQa@q@WYM]OOq@iAa@a@KSSWm@mAq@y@i@kAq@{@a@q@M[gBgCWe@QUYo@iAqAIc@sAwBKUKMMYe@o@UQEQMU]c@_@o@U]m@cAi@s@OYMOEO]_@Wc@KKWg@M_@W[WWkCcE', 'resource_state': 3}",476,90,0,"{'pr_elapsed_time': None, 'pr_date': None, 'pr_visibility': None, 'pr_activity_id': None, 'pr_activity_visibility': None, 'effort_count': 0}","{'kom': '7:40', 'qom': '11:46', 'overall': '7:40', 'destination': {'href': 'strava://segments/21453099/leaderboard', 'type': 'overall', 'name': 'All-Time'}}","{'athlete_id': 68448051, 'title': 'Lupis Segoviano', 'profile': 'https://graph.facebook.com/3738332052844249/picture?height=256&width=256', 'effort_description': '6 efforts in the last 90 days', 'effort_count': '6', 'effort_counts': {'overall': '6 efforts', 'female': '6 efforts'}, 'destination': 'strava://segments/21453099/local_legend?categories%5B%5D=overall'}"
20418675,3,Marraneras - Panteón,Run,2404.2,-0.0,1.6,2242.9,2238.8,"[19.293347, -98.991841]","[19.306291, -98.9735]",https://d3o5xota0a1fcr.cloudfront.net/v6/charts/DKKOVZFYF7G74QF4IE2DFFAQQYNZDJR6DBTOZUID53QVSDEPG77EPV4TONBNKEOWKOT32BIMVDKBUUYDAA4RGX5W,"{'light_url': 'https://d3o5xota0a1fcr.cloudfront.net/v6/charts/DKKOVZFYF7G74QF4IE2DFFAQQYNZDJR6DBTOZUID53QVSDEPG77EPV4TONBNKEOWKOT32BIMVDKBUUYDAA4RGX5W', 'dark_url': 'https://d3o5xota0a1fcr.cloudfront.net/v6/charts/GDKETUFR6YXOF2CDJBIAYU3SC6JVWMPZOAMKTAIYGNVR3DBH4IYGNMHIMZN5KRF5VDS2UKSS4ONNZRBQG7WU46TZ'}",0,,,,False,False,False,2019-04-25T19:04:53Z,2021-05-19T08:04:56Z,4.1,"{'id': 's20418675', 'polyline': 'kfwtB`je{QMa@_@y@m@cAsAoBk@gAoAcBo@gASc@iAaBk@eAaAoAeA_BkEiHsB}Cm@cAgA_BoF}Im@}@o@eAiA}AcDcF}CgF}CqEwFeJ_B}BiHgL', 'resource_state': 3}",557,97,1,"{'pr_elapsed_time': None, 'pr_date': None, 'pr_visibility': None, 'pr_activity_id': None, 'pr_activity_visibility': None, 'effort_count': 0}","{'kom': '6:10', 'qom': '9:50', 'overall': '6:10', 'destination': {'href': 'strava://segments/20418675/leaderboard', 'type': 'overall', 'name': 'All-Time'}}","{'athlete_id': 68448051, 'title': 'Lupis Segoviano', 'profile': 'https://graph.facebook.com/3738332052844249/picture?height=256&width=256', 'effort_description': '15 efforts in the last 90 days', 'effort_count': '15', 'effort_counts': {'overall': '15 efforts', 'female': '15 efforts'}, 'destination': 'strava://segments/20418675/local_legend?categories%5B%5D=overall'}"
24753435,3,Av San Fco- 3 de Mayo,Run,2576.5,0.1,12.2,2253.0,2241.2,"[19.307798, -98.976166]","[19.296472, -98.995195]",https://d3o5xota0a1fcr.cloudfront.net/v6/charts/OOKME6GY7R5ZOJKUTGWQKOPNLJXTNSLTOCGCMFK5WXVSKRDRY3B2Q6NSAC7XLFDLGQXNPZDIEGSL2TYZ77OCGEA=,"{'light_url': 'https://d3o5xota0a1fcr.cloudfront.net/v6/charts/OOKME6GY7R5ZOJKUTGWQKOPNLJXTNSLTOCGCMFK5WXVSKRDRY3B2Q6NSAC7XLFDLGQXNPZDIEGSL2TYZ77OCGEA=', 'dark_url': 'https://d3o5xota0a1fcr.cloudfront.net/v6/charts/GV7INCLBUWQOTT6QKIMNYD2LVJMYDM63L2ZEAXZ6U7NN64TGRE7Q6KGSDQYNXF7SWEKHJW6XV7Y7ISZU3XUG7GQ='}",0,Santa Catarina Yecahuitzotl,Ciudad de México,Mexico,False,False,False,2020-07-05T02:37:24Z,2021-05-15T02:24:57Z,35.6,"{'id': 's24753435', 'polyline': 'u`ztB`hb{Qt@|@`@ZhBjBbBlAjAdA^ZNFTNb@d@\\j@N\\r@hAp@pAX^Xh@V^r@h@FJHh@Dj@?l@H`ADRRVj@`@\\f@b@ZR\\rAlAxCxDl@^|@t@rA`Ah@b@^T`@Hb@Np@ZXF^@jAMN?f@Pb@RZJNNh@xA`BzD`@hAF\\dAjCFXAXq@vASh@CZAdBR|AXdAHh@Jf@@b@DVZnAj@nDRvAd@jCVdAF|@HjCAvB', 'resource_state': 3}",200,29,0,"{'pr_elapsed_time': None, 'pr_date': None, 'pr_visibility': None, 'pr_activity_id': None, 'pr_activity_visibility': None, 'effort_count': 0}","{'kom': '10:06', 'qom': '11:30', 'overall': '10:06', 'destination': {'href': 'strava://segments/24753435/leaderboard', 'type': 'overall', 'name': 'All-Time'}}","{'athlete_id': 68448051, 'title': 'Lupis Segoviano', 'profile': 'https://graph.facebook.com/3738332052844249/picture?height=256&width=256', 'effort_description': '3 efforts in the last 90 days', 'effort_count': '3', 'effort_counts': {'overall': '3 efforts', 'female': '3 efforts'}, 'destination': 'strava://segments/24753435/local_legend?categories%5B%5D=overall'}"
21453113,3,Panteon a CETIS 1,Run,2906.0,-0.0,1.6,2242.9,2238.8,"[19.305552, -98.974623]","[19.294058, -98.997662]",https://d3o5xota0a1fcr.cloudfront.net/v6/charts/XEPCBMLLX762V54UX7NO7VZL7B6HI3AS6BV5CTGK4TJ676PXNC4YMTIUPLHC7Q4KHA6E6H3SSQG5SWAZCCDIMLY=,"{'light_url': 'https://d3o5xota0a1fcr.cloudfront.net/v6/charts/XEPCBMLLX762V54UX7NO7VZL7B6HI3AS6BV5CTGK4TJ676PXNC4YMTIUPLHC7Q4KHA6E6H3SSQG5SWAZCCDIMLY=', 'dark_url': 'https://d3o5xota0a1fcr.cloudfront.net/v6/charts/EFAEFQDX6XTJ3DQNGO2PC55TFGS66YFDJ6M7Q4VUWTNMF2VFQQMQGR6ZJH56EXMZ66Q7EWSHWC5EGHDWZCVM2LA='}",0,Santa Catarina Yecahuitzotl,Ciudad de México,Mexico,False,False,False,2019-08-12T15:06:02Z,2021-05-15T02:23:44Z,3.9,"{'id': 's21453113', 'polyline': 'urytBl~a{QhCrDT^HRZ\\HNNJLLNd@NX^b@h@|@VXh@fAd@l@b@v@TPNb@LLXl@^\\LXNLRXPLBH@THNj@v@JV\\b@FRXh@XVTV`@n@FP^d@Xh@LNV`@JZ`@f@Vb@f@n@JXx@rAp@t@d@|@b@j@JZd@n@fAbBNb@r@jA\\d@dBjCj@r@Xd@JZlBpCLL^p@TPh@fAj@v@Vb@FPTVXh@x@fAf@|@\\\\\\d@Xh@Pd@NVp@|@LJr@vA\\h@R^Pl@R`AFnAE|@WzCUrBKlBOxAMl@Cp@@RANQbAAZGXGx@?ZCf@Oj@@TEb@GN', 'resource_state': 3}",536,101,1,"{'pr_elapsed_time': None, 'pr_date': None, 'pr_visibility': None, 'pr_activity_id': None, 'pr_activity_visibility': None, 'effort_count': 0}","{'kom': '7:16', 'qom': '10:23', 'overall': '7:16', 'destination': {'href': 'strava://segments/21453113/leaderboard', 'type': 'overall', 'name': 'All-Time'}}","{'athlete_id': 68448051, 'title': 'Lupis Segoviano', 'profile': 'https://graph.facebook.com/3738332052844249/picture?height=256&width=256', 'effort_description': '6 efforts in the last 90 days', 'effort_count': '6', 'effort_counts': {'overall': '6 efforts', 'female': '6 efforts'}, 'destination': 'strava://segments/21453113/local_legend?categories%5B%5D=overall'}"
38769420,3,400 M Deportivo,Run,421.1,-0.2,1.8,2267.0,2265.8,"[19.303075, -98.95607]","[19.302915, -98.95605]",https://d3o5xota0a1fcr.cloudfront.net/v6/charts/C27O7IQM5BF64UGBFTHDPALOSWCVJLMROCPVHW5Q7LOR5YP4MV56GBOLISQD45BISDPWB22IEAMB3KD56BOKOTA=,"{'light_url': 'https://d3o5xota0a1fcr.cloudfront.net/v6/charts/C27O7IQM5BF64UGBFTHDPALOSWCVJLMROCPVHW5Q7LOR5YP4MV56GBOLISQD45BISDPWB22IEAMB3KD56BOKOTA=', 'dark_url': 'https://d3o5xota0a1fcr.cloudfront.net/v6/charts/F4NCKGQU4AML2R2X72E6FN3TIVUHTTB2DWPS4E4FLZ6UCCOW5W3RW5RADECRCMROIXHBL72CTF3H3DIHIR5EU3Q='}",0,,State of Mexico,Mexico,False,False,False,2025-03-17T14:06:19Z,2025-03-17T14:06:19Z,0.0,"{'id': 's38769420', 'polyline': 'ecytBlj~zQ[Ve@f@yAjBG\\D^LXPNXFP@`@KZ[fBcCFYAWESOYc@U', 'resource_state': 3}",10326,88,0,"{'pr_elapsed_time': None, 'pr_date': None, 'pr_visibility': None, 'pr_activity_id': None, 'pr_activity_visibility': None, 'effort_count': 0}","{'kom': '59s', 'qom': '1:49', 'overall': '59s', 'destination': {'href': 'strava://segments/38769420/leaderboard', 'type': 'overall', 'name': 'All-Time'}}","{'athlete_id': 140691054, 'title': 'Abel Jerónimo', 'profile': 'https://graph.facebook.com/10161714999009138/picture?height=256&width=256', 'effort_description': '570 efforts in the last 90 days', 'effort_count': '570', 'effort_counts': {'overall': '570 efforts', 'female': '40 efforts'}, 'destination': 'strava://segments/38769420/local_legend?categories%5B%5D=overall'}"
38769431,3,Vuelta XL Deportivo,Run,1563.3,-0.0,3.8,2204.0,2201.8,"[19.303274, -98.954724]","[19.303271, -98.954697]",https://d3o5xota0a1fcr.cloudfront.net/v6/charts/7JCEG7ZZ7GJTCMPXMBD2GYSAJ4L47ZRJCXVSBL7DRMSQRBVS37JBKCF6G6NOUJZWKLOMVBW7T5WZPMQB3AU74ZQ=,"{'light_url': 'https://d3o5xota0a1fcr.cloudfront.net/v6/charts/7JCEG7ZZ7GJTCMPXMBD2GYSAJ4L47ZRJCXVSBL7DRMSQRBVS37JBKCF6G6NOUJZWKLOMVBW7T5WZPMQB3AU74ZQ=', 'dark_url': 'https://d3o5xota0a1fcr.cloudfront.net/v6/charts/ZMTERJUHVD73WOKK64H76SYP3BTFRN3ZMBAGZHHRQ5NNCMGYISQQKF4O45WFGMTNEK2RNU5SZXPUHVBAUN2I47Q='}",0,,State of Mexico,Mexico,False,False,False,2025-03-17T14:08:13Z,2025-03-17T14:08:13Z,0.0,"{'id': 's38769431', 'polyline': 'mdytB`b~zQS@ID_@j@o@r@GRCd@INk@`@KDgAASHc@b@oAzAIPERHVp@l@xAzAL@HGx@kAv@_AFKDe@l@s@b@c@XSj@MB@?FGJiCxCOTGZ@ZDRPRTNPDXAVIROzAoBT[FUAe@K[UUg@WMU?KH?LHrAzANTF@DAvA}A?OAG[c@_AkAi@i@y@_AKGKCs@@', 'resource_state': 3}",188,19,0,"{'pr_elapsed_time': None, 'pr_date': None, 'pr_visibility': None, 'pr_activity_id': None, 'pr_activity_visibility': None, 'effort_count': 0}","{'kom': '6:34', 'qom': '9:29', 'overall': '6:34', 'destination': {'href': 'strava://segments/38769431/leaderboard', 'type': 'overall', 'name': 'All-Time'}}","{'athlete_id': 140691054, 'title': 'Abel Jerónimo', 'profile': 'https://graph.facebook.com/10161714999009138/picture?height=256&width=256', 'effort_description': '36 efforts in the last 90 days', 'effort_count': '36', 'effort_counts': {'overall': '36 efforts', 'female': '2 efforts'}, 'destination': 'strava://segments/38769431/local_legend?categories%5B%5D=overall'}"
38769448,3,Vuelta S Deportivo,Run,891.6,0.2,3.2,2205.0,2202.6,"[19.303271, -98.954697]","[19.303256, -98.954687]",https://d3o5xota0a1fcr.cloudfront.net/v6/charts/JT3PQ5QVAIZIHEZNDMHPFNRRV4JDUJC2IEPAKSXA2LAE6WSSXG6IQ7QDJGSYRVLOHWAXODYE5WGSHQRBTTEDGRI=,"{'light_url': 'https://d3o5xota0a1fcr.cloudfront.net/v6/charts/JT3PQ5QVAIZIHEZNDMHPFNRRV4JDUJC2IEPAKSXA2LAE6WSSXG6IQ7QDJGSYRVLOHWAXODYE5WGSHQRBTTEDGRI=', 'dark_url': 'https://d3o5xota0a1fcr.cloudfront.net/v6/charts/W5ZECKGKTIVIXIMB6JRTCWCN77KQ3J374PW23DV7J7ZCEGQAEYDWCOIZOGCL5PYYRRUJQKMF3D3FJB4R4AS6EII='}",0,,State of Mexico,Mexico,False,False,False,2025-03-17T14:11:12Z,2025-03-17T14:11:33Z,2.4,"{'id': 's38769448', 'polyline': 'mdytBza~zQQ?KDwAxAGLIv@_@\\[N}@DWFOFWT_AbAc@l@CH?JDLJNrBpBVRF@JG|AgB`@k@Rg@PYtEeF@OM[MSa@a@SKo@@', 'resource_state': 3}",2945,94,0,"{'pr_elapsed_time': None, 'pr_date': None, 'pr_visibility': None, 'pr_activity_id': None, 'pr_activity_visibility': None, 'effort_count': 0}","{'kom': '2:59', 'qom': '4:07', 'overall': '2:59', 'destination': {'href': 'strava://segments/38769448/leaderboard', 'type': 'overall', 'name': 'All-Time'}}","{'athlete_id': 140691054, 'title': 'Abel Jerónimo', 'profile': 'https://graph.facebook.com/10161714999009138/picture?height=256&width=256', 'effort_description': '52 efforts in the last 90 days', 'effort_count': '52', 'effort_counts': {'overall': '52 efforts', 'female': '17 efforts'}, 'destination': 'strava://segments/38769448/local_legend?categories%5B%5D=overall'}"
17751603,3,Cerro del elefante,Run,1111.4,-0.1,16.3,2416.7,2392.2,"[19.295537, -98.914999]","[19.295586, -98.915028]",https://d3o5xota0a1fcr.cloudfront.net/v6/charts/SLF6QIXZKYZYBWIP2DCAW7SULJMZI2AH5FETFFHXH3FBJNWDQ322T3EHJSED677HW3XG3PMM7TEWS4LBVFMVL5I=,"{'light_url': 'https://d3o5xota0a1fcr.cloudfront.net/v6/charts/SLF6QIXZKYZYBWIP2DCAW7SULJMZI2AH5FETFFHXH3FBJNWDQ322T3EHJSED677HW3XG3PMM7TEWS4LBVFMVL5I=', 'dark_url': 'https://d3o5xota0a1fcr.cloudfront.net/v6/charts/3S353FIA5FE5IITWKTXASL3C3ANXH7V63OUY4IZAO67UTMJZFWUNLN3DQV4BZVFABRWKMFCKATXWX2TILGE4WTY='}",0,Ixtapaluca,Estado de México,Mexico,False,False,False,2018-05-24T04:41:37Z,2021-05-19T08:04:32Z,36.1,"{'id': 's17751603', 'polyline': 'atwtBvivzQTFf@Bn@Cd@MXQ^A~@Oj@Sh@KVUDO?MCGMIm@K[OUIKIKSY]Ka@KMKWQ[Uq@Yk@GUMUSQeAi@cAYOASKk@S_@Ee@?_@FS?CDADBF`@b@hBhBxAzBN~@JZKZ@ZAT_@r@?DDDXJHJD^GZ', 'resource_state': 3}",440,84,4,"{'pr_elapsed_time': None, 'pr_date': None, 'pr_visibility': None, 'pr_activity_id': None, 'pr_activity_visibility': None, 'effort_count': 0}","{'kom': '3:55', 'qom': '6:01', 'overall': '3:55', 'destination': {'href': 'strava://segments/17751603/leaderboard', 'type': 'overall', 'name': 'All-Time'}}","{'athlete_id': 162522705, 'title': 'Hugo Garcia', 'profile': 'https://dgalywyr863hv.cloudfront.net/pictures/athletes/162522705/36332825/1/large.jpg', 'effort_description': '9 efforts in the last 90 days', 'effort_count': '9', 'effort_counts': {'overall': '9 efforts', 'female': '2 efforts'}, 'destination': 'strava://segments/17751603/local_legend?categories%5B%5D=overall'}"
27934708,3,Vuelta parque Unión de Guadalupe (Terracería),Run,434.6,0.0,2.2,2232.3,2231.4,"[19.286867, -98.910364]","[19.286867, -98.910346]",https://d3o5xota0a1fcr.cloudfront.net/v6/charts/V2ULL5OO6GVF2OYACWTFRWJESPYAIGI2N736CWM2K7HMW73AAY5UN2Q5KL6QJ6L3CVJWCCRPGGGP5WMJQ7VLBYTH,"{'light_url': 'https://d3o5xota0a1fcr.cloudfront.net/v6/charts/V2ULL5OO6GVF2OYACWTFRWJESPYAIGI2N736CWM2K7HMW73AAY5UN2Q5KL6QJ6L3CVJWCCRPGGGP5WMJQ7VLBYTH', 'dark_url': 'https://d3o5xota0a1fcr.cloudfront.net/v6/charts/ZR7O7NCL6YXKAZL7AL5K6V2CVV2MD27DPR3HF6YN2DX6JZOYTIROS52XO7JJBLQQ25N7QFBBCQ5ZGZOXYE6D6F67'}",0,Chalco de Díaz Covarrubias,Estado de México,Mexico,False,False,False,2021-04-08T15:23:04Z,2021-05-15T02:26:02Z,0.0,"{'id': 's27934708', 'polyline': '{}utBxluzQHm@d@_B@QESIMWKYCK@KFSTUl@Kn@MZWb@K\\?HHNRJBDHj@PPL?VKHM`@}A', 'resource_state': 3}",4775,30,0,"{'pr_elapsed_time': None, 'pr_date': None, 'pr_visibility': None, 'pr_activity_id': None, 'pr_activity_visibility': None, 'effort_count': 0}","{'kom': '1:46', 'qom': '2:00', 'overall': '1:46', 'destination': {'href': 'strava://segments/27934708/leaderboard', 'type': 'overall', 'name': 'All-Time'}}","{'athlete_id': 161604490, 'title': 'Israel  Cardellortiz ', 'profile': 'https://lh3.googleusercontent.com/a/ACg8ocLsTe1FjDjUhxOO211y8-degEPD2_rrz_jOfdmmoqpu0z53GW4CPw=s96-c', 'effort_description': '105 efforts in the last 90 days', 'effort_count': '105', 'effort_counts': {'overall': '105 efforts', 'female': '65 efforts'}, 'destination': 'strava://segments/27934708/local_legend?categories%5B%5D=overall'}"
33706319,3,Ascenso al Elefante ,Run,1171.6,12.9,27.0,2403.6,2252.3,"[19.30143, -98.911991]","[19.295906, -98.914567]",https://d3o5xota0a1fcr.cloudfront.net/v6/charts/U62YYRJGLXUD4H4IVQBT4YXK5QV654RH6SDFMEZJFO7OP64BVL5SBD2MAW54QZ4UJM6WTFBPS7T56WFZGWI46===,"{'light_url': 'https://d3o5xota0a1fcr.cloudfront.net/v6/charts/U62YYRJGLXUD4H4IVQBT4YXK5QV654RH6SDFMEZJFO7OP64BVL5SBD2MAW54QZ4UJM6WTFBPS7T56WFZGWI46===', 'dark_url': 'https://d3o5xota0a1fcr.cloudfront.net/v6/charts/NPLKLEUCFLUQW2SVSYUUNU2YKCXQG74CLZX44BUUZTF2WG5ISXBI7VGG2NVE2K7DYR5IUQVNB6UTGQFHQP3OG==='}",1,,State of Mexico,Mexico,False,False,False,2023-02-05T16:12:58Z,2023-02-05T16:12:58Z,145.958,"{'id': 's33706319', 'polyline': '}xxtB~vuzQNJBJ?NMTC\\On@@NLLTFR?n@Kh@B`B\\z@AFBDFADeAh@a@Je@Pk@P]Da@@a@CM@GJAFDHz@RnACdAOh@Of@Gp@WP?lAe@VORUXIj@GTBl@@d@HR?NRXFVRDHLJHN`@^HBJAVHZD~@`@t@b@ZTn@|@NFJ?', 'resource_state': 3}",731,176,1,"{'pr_elapsed_time': None, 'pr_date': None, 'pr_visibility': None, 'pr_activity_id': None, 'pr_activity_visibility': None, 'effort_count': 0}","{'kom': '7:35', 'qom': '8:49', 'overall': '7:35', 'destination': {'href': 'strava://segments/33706319/leaderboard', 'type': 'overall', 'name': 'All-Time'}}","{'athlete_id': 162522705, 'title': 'Hugo Garcia', 'profile': 'https://dgalywyr863hv.cloudfront.net/pictures/athletes/162522705/36332825/1/large.jpg', 'effort_description': '11 efforts in the last 90 days', 'effort_count': '11', 'effort_counts': {'overall': '11 efforts', 'female': '1 effort'}, 'destination': 'strava://segments/33706319/local_legend?categories%5B%5D=overall'}"
36991910,3,Explanada - Mirador,Run,537.1,2.3,25.2,2414.4,2391.2,"[19.295917, -98.914743]","[19.295223, -98.912423]",https://d3o5xota0a1fcr.cloudfront.net/v6/charts/WGJDIKYXR64VDJECFEACO33FB5XWFJTTYXSRSXHFUYHF2MDEIZEV3NN3ELZZVJDOVS6SP7FYPFQQLL5VIPUMQBA=,"{'light_url': 'https://d3o5xota0a1fcr.cloudfront.net/v6/charts/WGJDIKYXR64VDJECFEACO33FB5XWFJTTYXSRSXHFUYHF2MDEIZEV3NN3ELZZVJDOVS6SP7FYPFQQLL5VIPUMQBA=', 'dark_url': 'https://d3o5xota0a1fcr.cloudfront.net/v6/charts/62T6DZZOJEODRI3VVLLSL6C4Q3JZNG36Q362IXP27TJ4J6ENUDP6354WHZIZMHWKBUQXOH6JB3SS227LHETXU7I='}",0,,State of Mexico,Mexico,False,False,False,2024-05-29T03:01:32Z,2024-05-29T03:01:33Z,21.9536,"{'id': 's36991910', 'polyline': 'mvwtBdhvzQP]Z{@Lk@Dk@Gy@Wq@S[]y@W[[SSUQKk@k@U_@EYtA@rATVF^Nl@NNNZJ', 'resource_state': 3}",2606,168,0,"{'pr_elapsed_time': None, 'pr_date': None, 'pr_visibility': None, 'pr_activity_id': None, 'pr_activity_visibility': None, 'effort_count': 0}","{'kom': '2:12', 'qom': '2:29', 'overall': '2:12', 'destination': {'href': 'strava://segments/36991910/leaderboard', 'type': 'overall', 'name': 'All-Time'}}","{'athlete_id': 162522705, 'title': 'Hugo Garcia', 'profile': 'https://dgalywyr863hv.cloudfront.net/pictures/athletes/162522705/36332825/1/large.jpg', 'effort_description': '27 efforts in the last 90 days', 'effort_count': '27', 'effort_counts': {'overall': '27 efforts', 'female': '19 efforts'}, 'destination': 'strava://segments/36991910/local_legend?categories%5B%5D=overall'}"
36503723,3,Explanada - Vigilante ,Run,461.8,7.3,25.4,2439.3,2405.6,"[19.295842, -98.914663]","[19.299451, -98.915993]",https://d3o5xota0a1fcr.cloudfront.net/v6/charts/3LKGFJRS2RZ5QE63IRT7GDGTOKXAJTOR3Z3LIM3GQOWOTAPMRSABTVCJQ2KDLNC6BQKS6KZC3OAUUDB5K2COOYA=,"{'light_url': 'https://d3o5xota0a1fcr.cloudfront.net/v6/charts/3LKGFJRS2RZ5QE63IRT7GDGTOKXAJTOR3Z3LIM3GQOWOTAPMRSABTVCJQ2KDLNC6BQKS6KZC3OAUUDB5K2COOYA=', 'dark_url': 'https://d3o5xota0a1fcr.cloudfront.net/v6/charts/EKJO4O2I4XTUXPYXDPZ5LRIM3SDH6VEVRHY4JWOWVV4WWTNG5EP7PJFQ7ZMWB4CVWCVJKXN7WVWXVXERZO7XFKQ='}",0,,State of Mexico,Mexico,False,False,False,2024-03-19T02:41:32Z,2024-03-19T02:41:32Z,32.06,"{'id': 's36503723', 'polyline': '_vwtBtgvzQY\\YFeB@_@@_BCc@FsBHUJMLIPQJkAD_@PYFi@Tk@|@GX?HB@', 'resource_state': 3}",577,168,0,"{'pr_elapsed_time': None, 'pr_date': None, 'pr_visibility': None, 'pr_activity_id': None, 'pr_activity_visibility': None, 'effort_count': 0}","{'kom': '2:06', 'qom': '2:58', 'overall': '2:06', 'destination': {'href': 'strava://segments/36503723/leaderboard', 'type': 'overall', 'name': 'All-Time'}}","{'athlete_id': 138669287, 'title': 'Miguel Salas', 'profile': 'https://dgalywyr863hv.cloudfront.net/pictures/athletes/138669287/31528485/2/large.jpg', 'effort_description': '2 efforts in the last 90 days', 'effort_count': '2', 'effort_counts': {'overall': '2 efforts', 'female': '1 effort'}, 'destination': 'strava://segments/36503723/local_legend?categories%5B%5D=overall'}"
38435014,3,Escalada al elefante sur,Run,386.3,43.7,49.5,2423.4,2254.0,"[19.291229, -98.913296]","[19.2936, -98.914552]",https://d3o5xota0a1fcr.cloudfront.net/v6/charts/4XVYBTDVSGWXTNSIISS6JRJRN3EHYGGMHUHE4BKBYM7L6DCKZQV2EWXIGPRVOR3BZRZYTNFMRXHEB4I74IL34RUW,"{'light_url': 'https://d3o5xota0a1fcr.cloudfront.net/v6/charts/4XVYBTDVSGWXTNSIISS6JRJRN3EHYGGMHUHE4BKBYM7L6DCKZQV2EWXIGPRVOR3BZRZYTNFMRXHEB4I74IL34RUW', 'dark_url': 'https://d3o5xota0a1fcr.cloudfront.net/v6/charts/VEVBVPF4M74IAQYBPPVIURPGSSKMVRDC36SNQOJIMDXDKP4LB54MFRIUSLUR73CA2TKXMER7VAT3IALGNKLRXRLG'}",0,,State of Mexico,Mexico,False,False,False,2025-01-13T04:36:07Z,2025-01-13T04:36:07Z,169.4,"{'id': 's38435014', 'polyline': 'cyvtBb_vzQKPKBILKBAPO?IAADK?@BC@O@CCG@CBE?GECBAJG@KH]DCFGCGLG?AEKAYLQ@AJG@CAIHGL@JGDG@EH?NI?GHKAIJMGM?IJ@PCLI@KEk@G', 'resource_state': 3}",54,35,0,"{'pr_elapsed_time': None, 'pr_date': None, 'pr_visibility': None, 'pr_activity_id': None, 'pr_activity_visibility': None, 'effort_count': 0}","{'kom': '7:34', 'qom': '13:53', 'overall': '7:34', 'destination': {'href': 'strava://segments/38435014/leaderboard', 'type': 'overall', 'name': 'All-Time'}}","{'athlete_id': 157543797, 'title': 'David Velasco', 'profile': 'https://dgalywyr863hv.cloudfront.net/pictures/athletes/157543797/36125334/1/large.jpg', 'effort_description': '1 effort in the last 90 days', 'effort_count': '1', 'effort_counts': {'overall': '1 effort', 'female': '1 effort'}, 'destination': 'strava://segments/38435014/local_legend?categories%5B%5D=overall'}"
18351347,3,Vuelta Trota Pista Boulevard de La Luz,Run,722.9,0.0,11.1,2384.0,2379.0,"[19.316428, -99.213162]","[19.316441, -99.213148]",https://d3o5xota0a1fcr.cloudfront.net/v6/charts/E7ZM2MGHPF3TLJNNZV6KSG6ZLBBFJ5LOOBTMZJZQAW54WWZGT33F4MDCKUEUK4VEVVSDUL77GVNK2UQNIWUKSIUY,"{'light_url': 'https://d3o5xota0a1fcr.cloudfront.net/v6/charts/E7ZM2MGHPF3TLJNNZV6KSG6ZLBBFJ5LOOBTMZJZQAW54WWZGT33F4MDCKUEUK4VEVVSDUL77GVNK2UQNIWUKSIUY', 'dark_url': 'https://d3o5xota0a1fcr.cloudfront.net/v6/charts/P4CN6KBQCYURAR3B4VLWXNSD2BPO5KUYSVB7I4R2KYGIB3GDPREZZWWS67XRLTNKCFWJOVY24Z6SANQ7C5EVY6IR'}",0,Ciudad de México,Ciudad de México,Mexico,False,False,False,2018-07-27T05:42:30Z,2021-05-15T02:21:34Z,5.0,"{'id': 's18351347', 'polyline': 'sv{tBhqp|Qc@FYNk@Ja@Lk@J[JSB[Hm@Fi@A[F]AQDUASCID_AJ]A?FBBTC\\DVC`@@^Kp@ELDLCD?h@Lf@CjAk@JKt@SXAr@[bAKHC@GEEE?a@H', 'resource_state': 3}",18930,1636,4,"{'pr_elapsed_time': None, 'pr_date': None, 'pr_visibility': None, 'pr_activity_id': None, 'pr_activity_visibility': None, 'effort_count': 0}","{'kom': '2:03', 'qom': '2:10', 'overall': '2:03', 'destination': {'href': 'strava://segments/18351347/leaderboard', 'type': 'overall', 'name': 'All-Time'}}","{'athlete_id': 153840832, 'title': 'Diego Ibarra', 'profile': 'https://dgalywyr863hv.cloudfront.net/pictures/athletes/153840832/34708386/1/large.jpg', 'effort_description': '36 efforts in the last 90 days', 'effort_count': '36', 'effort_counts': {'overall': '36 efforts', 'female': '35 efforts'}, 'destination': 'strava://segments/18351347/local_legend?categories%5B%5D=overall'}"
22430952,3,Av Toluca-Av San Bernabe,Run,2269.7,2.3,10.4,2400.4,2347.1,"[19.341119, -99.206751]","[19.331588, -99.222455]",https://d3o5xota0a1fcr.cloudfront.net/v6/charts/CHRU2VFHOQCK5JW4AODCIISYCQADM4A77CVJCP7H442T633PNE5KEU6GRWTYD5ISRV7LYUVNK3BZJ255QA5PGPDT,"{'light_url': 'https://d3o5xota0a1fcr.cloudfront.net/v6/charts/CHRU2VFHOQCK5JW4AODCIISYCQADM4A77CVJCP7H442T633PNE5KEU6GRWTYD5ISRV7LYUVNK3BZJ255QA5PGPDT', 'dark_url': 'https://d3o5xota0a1fcr.cloudfront.net/v6/charts/WAFDOQG4OPJCHY74WVSQDZ6L3VZCKONTKVVB2J4EWFI6MWIEMZLABAPB7DMEHVSGXNDSTHSUHDSDFAESKZNATGEL'}",0,Ciudad de México,Ciudad de México,Mexico,False,False,False,2019-12-11T05:09:47Z,2021-05-17T08:08:32Z,55.6,"{'id': 's22430952', 'polyline': '}p`uBfio|Qd@n@Xd@l@p@Tf@ZVf@|@PTZTBN\\`@Td@JDd@nAxArCVx@z@jBTp@T`@Rp@Lp@LtA@d@AfABf@?z@F`A@nCFb@@ZPpA`@|@^h@\\r@Rh@LTd@n@HN\\\\n@t@Xd@FPRXn@l@BF?NPNNTTd@Tx@~@zADh@Nf@^z@`@pAP^Pr@RbABr@D\\Gx@B^Gv@CLILCXLzAZhARXn@`@z@VtALx@OPGTOf@KPIZURGZW^S|@Ub@?', 'resource_state': 3}",5678,609,3,"{'pr_elapsed_time': None, 'pr_date': None, 'pr_visibility': None, 'pr_activity_id': None, 'pr_activity_visibility': None, 'effort_count': 0}","{'kom': '7:03', 'qom': '10:38', 'overall': '7:03', 'destination': {'href': 'strava://segments/22430952/leaderboard', 'type': 'overall', 'name': 'All-Time'}}","{'athlete_id': 153662295, 'title': 'Ángela SB', 'profile': 'https://dgalywyr863hv.cloudfront.net/pictures/athletes/153662295/37995036/1/large.jpg', 'effort_description': '24 efforts in the last 90 days', 'effort_count': '24', 'effort_counts': {'overall': '24 efforts', 'female': '24 efforts'}, 'destination': 'strava://segments/22430952/local_legend?categories%5B%5D=overall'}"
13123635,3,Nubes Norte - Nubes Sur,Run,1350.1,-0.2,7.7,2402.3,2385.5,"[19.321628, -99.216802]","[19.315485, -99.213201]",https://d3o5xota0a1fcr.cloudfront.net/v6/charts/OU2FSQAYOO5G5GO3MKROPWCZPHEJQIUVGPRZVCGQAXSFJHEWSVSAWXY4LSUISMPCTJJMQOCBUHABZEDXNJTTPXI=,"{'light_url': 'https://d3o5xota0a1fcr.cloudfront.net/v6/charts/OU2FSQAYOO5G5GO3MKROPWCZPHEJQIUVGPRZVCGQAXSFJHEWSVSAWXY4LSUISMPCTJJMQOCBUHABZEDXNJTTPXI=', 'dark_url': 'https://d3o5xota0a1fcr.cloudfront.net/v6/charts/PDURGSIVLWUDZDEEP6HBAP3YWBWSWQLGOFI6ONLV6BAZS4D7LP22IBL2UJL5QGFNXBWIJZVAC2UCS6G7N2J7ANA='}",0,Ciudad de México,Ciudad de México,Mexico,False,False,False,2016-09-06T23:30:47Z,2021-05-19T08:03:50Z,14.7,"{'id': 's13123635', 'polyline': 'cw|tB`hq|QPHXDd@Zl@Pj@d@LXVb@Hd@DF|@~@RXPFPER[`@_@LSJIvBuAPQPITGjAPTLNDHF~@zBH|@FLH@h@Gb@Dh@Jb@TVCLEVWJW?a@Su@?y@^eCDk@HU?k@N_Ab@oBTi@Ng@TsAJkBNeA?o@JgA', 'resource_state': 3}",337,114,2,"{'pr_elapsed_time': None, 'pr_date': None, 'pr_visibility': None, 'pr_activity_id': None, 'pr_activity_visibility': None, 'effort_count': 0}","{'kom': '5:01', 'qom': '7:04', 'overall': '5:01', 'destination': {'href': 'strava://segments/13123635/leaderboard', 'type': 'overall', 'name': 'All-Time'}}","{'athlete_id': 121776569, 'title': 'ana karen caballero', 'profile': 'https://lh3.googleusercontent.com/a/AAcHTtcIsenIQIuDCn_UFXxFsyKRBtwVFxVaMSj-f-ni2ePz=s96-c', 'effort_description': '10 efforts in the last 90 days', 'effort_count': '10', 'effort_counts': {'overall': '10 efforts', 'female': '10 efforts'}, 'destination': 'strava://segments/13123635/local_legend?categories%5B%5D=overall'}"
12807039,3,vuelta pista libanés,Run,423.4,-0.0,9.7,2400.7,2390.2,"[19.335011, -99.221256]","[19.335001, -99.22124]",https://d3o5xota0a1fcr.cloudfront.net/v6/charts/DHJC45IUCPHLSAAWUJRRMNU33DCEMGV7EF7LWQAGQ4QUJQWMISUHOJEEKAUM2UC5VCGPWQA3HIG33DYY6Y3Q555Q,"{'light_url': 'https://d3o5xota0a1fcr.cloudfront.net/v6/charts/DHJC45IUCPHLSAAWUJRRMNU33DCEMGV7EF7LWQAGQ4QUJQWMISUHOJEEKAUM2UC5VCGPWQA3HIG33DYY6Y3Q555Q', 'dark_url': 'https://d3o5xota0a1fcr.cloudfront.net/v6/charts/IUIYCA62NSKQYR7JPYDN4AHANYHGW7Q2FJNMJBBARPQ2J75X3SBCZZKA2WMACL3AUZGLQ5NMIWWP66EECEEEQVS6'}",0,Ciudad de México,Ciudad de México,Mexico,False,False,False,2016-08-04T19:09:56Z,2021-05-15T02:18:16Z,14.1,"{'id': 's12807039', 'polyline': 'yj_uBzcr|QEQKQQIWIS@e@JQPKTAJDR?`ANhAN\\Xb@h@JVANIT]La@@MEg@Ge@K_@Es@', 'resource_state': 3}",109957,413,8,"{'pr_elapsed_time': None, 'pr_date': None, 'pr_visibility': None, 'pr_activity_id': None, 'pr_activity_visibility': None, 'effort_count': 0}","{'kom': '1:02', 'qom': '10s', 'overall': '10s', 'destination': {'href': 'strava://segments/12807039/leaderboard', 'type': 'overall', 'name': 'All-Time'}}","{'athlete_id': 32825506, 'title': 'Agustín Pérez', 'profile': 'https://lh5.googleusercontent.com/-SUqoAOnU-8o/AAAAAAAAAAI/AAAAAAAAAAA/AAnnY7oCVXfBVZQTF0jZJn4_0q3Rh-7w9A/mo/photo.jpg', 'effort_description': '472 efforts in the last 90 days', 'effort_count': '472', 'effort_counts': {'overall': '472 efforts', 'female': '327 efforts'}, 'destination': 'strava://segments/12807039/local_legend?categories%5B%5D=overall'}"
26222305,3,Subida Serpiete a Iglesia,Run,2146.7,2.3,8.7,2387.0,2337.0,"[19.33242, -99.204209]","[19.315646, -99.212653]",https://d3o5xota0a1fcr.cloudfront.net/v6/charts/VVT42RRSTHJMGJZJQRXXKR62NQVQI4KY74RTK3WEDU6VYZVDSWB5MCP4MUEY3M4SPHLEW3W3IFSZBJKO6BT5R7YX,"{'light_url': 'https://d3o5xota0a1fcr.cloudfront.net/v6/charts/VVT42RRSTHJMGJZJQRXXKR62NQVQI4KY74RTK3WEDU6VYZVDSWB5MCP4MUEY3M4SPHLEW3W3IFSZBJKO6BT5R7YX', 'dark_url': 'https://d3o5xota0a1fcr.cloudfront.net/v6/charts/K3IY4ASI24RBV24A5AHGXT6MNAS6T4Y2BJNGERLR4FPGW7BIGXGI47DSIJTJESIXGKHUCNNCETR6R4V32LELMK3X'}",0,Ciudad de México,Ciudad de México,Mexico,False,False,False,2020-10-29T23:34:11Z,2021-05-15T02:25:27Z,52.0,"{'id': 's26222305', 'polyline': 'sz~tBhyn|Q|@]fCSlACr@Hz@Z\\BXFfCjAp@h@l@Rb@@nBGt@Dj@Nt@\\XVrAx@vC|AVThAv@pAv@^\\`@Tf@b@^PNDR@XK\\EHATDbBpAp@b@zBbAbB|A`Av@t@t@lA~@fAbAj@\\r@n@\\TnAb@jAp@bAr@XLNR`@Zx@t@t@^tBt@t@JzAb@V@d@Fp@BRDTA\\B\\JFBDN@J?V', 'resource_state': 3}",202,42,0,"{'pr_elapsed_time': None, 'pr_date': None, 'pr_visibility': None, 'pr_activity_id': None, 'pr_activity_visibility': None, 'effort_count': 0}","{'kom': '8:51', 'qom': '10:22', 'overall': '8:51', 'destination': {'href': 'strava://segments/26222305/leaderboard', 'type': 'overall', 'name': 'All-Time'}}","{'athlete_id': 161776884, 'title': 'Valeria Farres', 'profile': 'https://graph.facebook.com/10164975998317598/picture?height=256&width=256', 'effort_description': '27 efforts in the last 90 days', 'effort_count': '27', 'effort_counts': {'overall': '27 efforts', 'female': '27 efforts'}, 'destination': 'strava://segments/26222305/local_legend?categories%5B%5D=overall'}"
6546968,3,a. Cerrada del Potrero Climb,Run,1272.4,5.6,12.3,2440.4,2369.0,"[19.337903, -99.214624]","[19.336711, -99.225347]",https://d3o5xota0a1fcr.cloudfront.net/v6/charts/PE3GXRRJ4FGTCTK4GFFDGAU7R2AKUPCD76SF6V6GT3TP3YIIMRW6MZGX4AOYTS2QBFWAAODVMKUXYXV63EWVFDY=,"{'light_url': 'https://d3o5xota0a1fcr.cloudfront.net/v6/charts/PE3GXRRJ4FGTCTK4GFFDGAU7R2AKUPCD76SF6V6GT3TP3YIIMRW6MZGX4AOYTS2QBFWAAODVMKUXYXV63EWVFDY=', 'dark_url': 'https://d3o5xota0a1fcr.cloudfront.net/v6/charts/4PJEKNNFC7JHZHCFNMEA4OJ7QB7HQBD5OLMYDZWA5CG2F3ZKOOTYZQVEW5EIHLI3NTJKKZI6VWR2HHDMZTYJAMY='}",0,Álvaro Obregón,D.F.,Mexico,False,False,False,2014-01-29T03:01:45Z,2021-05-15T02:14:37Z,71.8,"{'id': 's6546968', 'polyline': '{|_uBlzp|QE@CUKEK@QASGQ?EBGAC@CFQr@AH@b@Cf@FPJr@?r@Et@LfACr@d@xDPp@Hd@R`@Jd@HHB`@DZ^zADVZ`AF^JXHt@Rx@Dd@P`@ANS\\IT?h@EROf@BZDBDJGr@A`@Dd@DN@VPr@?^H^Fr@d@nCJX@VZxAHj@AJ', 'resource_state': 3}",569,88,2,"{'pr_elapsed_time': None, 'pr_date': None, 'pr_visibility': None, 'pr_activity_id': None, 'pr_activity_visibility': None, 'effort_count': 0}","{'kom': '6:16', 'qom': '7:38', 'overall': '6:16', 'destination': {'href': 'strava://segments/6546968/leaderboard', 'type': 'overall', 'name': 'All-Time'}}","{'athlete_id': 120061285, 'title': 'Diego Zavala', 'profile': 'https://dgalywyr863hv.cloudfront.net/pictures/athletes/120061285/27727544/1/large.jpg', 'effort_description': '11 efforts in the last 90 days', 'effort_count': '11', 'effort_counts': {'overall': '11 efforts', 'female': '1 effort'}, 'destination': 'strava://segments/6546968/local_legend?categories%5B%5D=overall'}"
22187421,3,2 unidad,Run,2024.2,-3.0,15.8,2415.5,2354.4,"[19.326447, -99.227067]","[19.331958, -99.213902]",https://d3o5xota0a1fcr.cloudfront.net/v6/charts/PH7YSHQR453OAWQF3TMVZUAWV2JUIT55QW2ZXZD67CLVEMKMZMMCLDIU46DTEWCSH7QKZRMDNGMLI7VRM53MNMA=,"{'light_url': 'https://d3o5xota0a1fcr.cloudfront.net/v6/charts/PH7YSHQR453OAWQF3TMVZUAWV2JUIT55QW2ZXZD67CLVEMKMZMMCLDIU46DTEWCSH7QKZRMDNGMLI7VRM53MNMA=', 'dark_url': 'https://d3o5xota0a1fcr.cloudfront.net/v6/charts/EHUQWE6ICIWE2KENEQS3X2T4KOA44E7YJ7HPZRXK2NLBMBY3YUIVBEF4QZQVRB6ZVDAPLAWFDIRNNTI2SWI4DGI='}",0,,,,False,False,False,2019-10-31T19:01:00Z,2021-05-17T08:08:30Z,15.5,"{'id': 's22187421', 'polyline': 'gu}tBdhs|Q_@e@I@y@y@e@[SIa@Ka@Cq@B]?UC[BcAIQGc@U[YUY]q@i@gDKg@O_@Q[a@i@_@a@a@iA_BsBq@m@c@Yy@QSEIGUYe@}@iAgCe@_BCYQq@o@mAy@iBGWcA{B{@{B{AoD?ONUVMTQJCHGj@a@b@c@`@U`@_@NSb@[TWJ_@?KAKQ]e@oA}@iFBMJER@p@J^NXFv@DJAPGLO', 'resource_state': 3}",188,10,0,"{'pr_elapsed_time': None, 'pr_date': None, 'pr_visibility': None, 'pr_activity_id': None, 'pr_activity_visibility': None, 'effort_count': 0}","{'kom': '8:41', 'qom': '11:01', 'overall': '8:41', 'destination': {'href': 'strava://segments/22187421/leaderboard', 'type': 'overall', 'name': 'All-Time'}}","{'athlete_id': 139885452, 'title': 'Erick Moya', 'profile': 'https://graph.facebook.com/10169560930135131/picture?height=256&width=256', 'effort_description': '9 efforts in the last 90 days', 'effort_count': '9', 'effort_counts': {'overall': '9 efforts', 'female': None}, 'destination': 'strava://segments/22187421/local_legend?categories%5B%5D=overall'}"
38457522,3,Subida Crater,Run,2211.1,2.2,9.7,2383.4,2331.0,"[19.330327, -99.200191]","[19.315354, -99.212392]",https://d3o5xota0a1fcr.cloudfront.net/v6/charts/3DU7J6QJWQUS2JWKNRI6C627ULFX4QWF3K7YAHXGCIWNSUCB46MUWHYRDO2VTZAQCRQBYYHZSWRSFU3VPZGK5U6I,"{'light_url': 'https://d3o5xota0a1fcr.cloudfront.net/v6/charts/3DU7J6QJWQUS2JWKNRI6C627ULFX4QWF3K7YAHXGCIWNSUCB46MUWHYRDO2VTZAQCRQBYYHZSWRSFU3VPZGK5U6I', 'dark_url': 'https://d3o5xota0a1fcr.cloudfront.net/v6/charts/2AZWLHCGVKRTOP7NI47A6CGDBC3ZBMFLZFTJ26DY3UZ2IS5X6NVZSJHFYMAA4LYLLM3I2DYUQ5OUYPLYDXASMMT7'}",0,,Mexico City,Mexico,False,False,False,2025-01-17T16:17:36Z,2025-01-17T16:17:36Z,52.4,"{'id': 's38457522', 'polyline': 'om~tBf`n|QRFLLl@jANNNFr@Rt@Jt@FfB\\t@FZJNLPTRp@Fl@Dp@Hr@FRP`@LNl@d@jBhA`@Zx@b@j@b@|@^f@XZTv@t@lDfB^Vz@`@h@^fAj@b@`@lEhCr@h@b@Nb@Td@N|Bd@b@NLHj@l@|@|Av@`Ap@p@^TZ`@p@p@r@b@d@h@bAz@VNb@LNHPNh@l@^VPDd@@n@H`Bv@RP\\f@Zz@f@pBLjA', 'resource_state': 3}",254,101,2,"{'pr_elapsed_time': None, 'pr_date': None, 'pr_visibility': None, 'pr_activity_id': None, 'pr_activity_visibility': None, 'effort_count': 0}","{'kom': '9:11', 'qom': '9:19', 'overall': '9:11', 'destination': {'href': 'strava://segments/38457522/leaderboard', 'type': 'overall', 'name': 'All-Time'}}","{'athlete_id': 46724308, 'title': 'Alejandro Diaz', 'profile': 'https://dgalywyr863hv.cloudfront.net/pictures/athletes/46724308/34420196/1/large.jpg', 'effort_description': '4 efforts in the last 90 days', 'effort_count': '4', 'effort_counts': {'overall': '4 efforts', 'female': '1 effort'}, 'destination': 'strava://segments/38457522/local_legend?categories%5B%5D=overall'}"
28771273,3,Posentacos Lap,Run,911.9,0.0,7.4,2447.4,2427.8,"[19.336837, -99.226159]","[19.336504, -99.226161]",https://d3o5xota0a1fcr.cloudfront.net/v6/charts/7NIKMLMNI6RYUR55J67XZMP5ORL7BWRATEKEFEBRPUS6GX65M4ECENZCKJDU6ICSXZV74KKTHZBWDW5D5QIS3JQ=,"{'light_url': 'https://d3o5xota0a1fcr.cloudfront.net/v6/charts/7NIKMLMNI6RYUR55J67XZMP5ORL7BWRATEKEFEBRPUS6GX65M4ECENZCKJDU6ICSXZV74KKTHZBWDW5D5QIS3JQ=', 'dark_url': 'https://d3o5xota0a1fcr.cloudfront.net/v6/charts/H2MLDLIP4WN5KRNFLIW4IV55UGGCE2IJOKNDC4ZFZ3H654GQRAOTUHVGEZJG5FBPLX6AF3GP5HCTBIQ2QHWMWFQ='}",0,Ciudad de México,Ciudad de México,Mexico,False,False,False,2021-06-11T03:09:44Z,2021-06-11T03:09:45Z,19.6,"{'id': 's28771273', 'polyline': 'ev_uBnbs|QCB]@GQK{AMa@Mq@GMGe@AwADa@I]EAQq@MWKc@BA?GIgA?UQi@OcAOq@?Gb@IHE`@Fb@~ABXPl@Pz@Ld@Ah@Hd@JVFZVzBB`@FN`@rBF`B', 'resource_state': 3}",142,24,0,"{'pr_elapsed_time': None, 'pr_date': None, 'pr_visibility': None, 'pr_activity_id': None, 'pr_activity_visibility': None, 'effort_count': 0}","{'kom': '4:03', 'qom': '4:13', 'overall': '4:03', 'destination': {'href': 'strava://segments/28771273/leaderboard', 'type': 'overall', 'name': 'All-Time'}}","{'athlete_id': 64341450, 'title': 'Cecy Guevara', 'profile': 'https://dgalywyr863hv.cloudfront.net/pictures/athletes/64341450/16363130/9/large.jpg', 'effort_description': '1 effort in the last 90 days', 'effort_count': '1', 'effort_counts': {'overall': '1 effort', 'female': '1 effort'}, 'destination': 'strava://segments/28771273/local_legend?categories%5B%5D=overall'}"
38586296,3,10k Ciclopista Up & Down | Wo&Oo,Run,10045.8,-0.0,6.2,2476.8,2369.6,"[19.336655, -99.216605]","[19.3368, -99.216418]",https://d3o5xota0a1fcr.cloudfront.net/v6/charts/J6KNRM3VHRAAVQ6VMXKE4L6ZZCX3BBJMSRTVLWOFU7ELXPM3YL45FVMABEV5NOQSTSFU2XKOKCKKUU2GAYZSHRNA,"{'light_url': 'https://d3o5xota0a1fcr.cloudfront.net/v6/charts/J6KNRM3VHRAAVQ6VMXKE4L6ZZCX3BBJMSRTVLWOFU7ELXPM3YL45FVMABEV5NOQSTSFU2XKOKCKKUU2GAYZSHRNA', 'dark_url': 'https://d3o5xota0a1fcr.cloudfront.net/v6/charts/HBWKBVXRYKOBBK4KVIA4JWRWB6KQX73NZZ7MLPZNAY2KGSN3QRSQ26COMFDYJ4I2SLHW45FMHYJEMIDYOVEVASR3'}",0,,Mexico City,Mexico,False,False,False,2025-02-12T04:00:09Z,2025-02-12T04:14:53Z,108.0,"{'id': 's38586296', 'polyline': 'au_uBxfq|Qf@p@xCfD^j@n@jBVfAZ|@LPBNC^Td@DXRTJ\\B`@HNBd@HT?LJf@@bAGj@BRCx@Qp@Hb@Ab@Lf@FLf@b@^Jf@\\D@r@Bh@FZ?TE~@]PKVBTGFBJAfAq@t@YhAMf@Fd@TXR`@^N\\t@x@|AdCh@p@Vd@Nd@TdAF|@VtAZd@RVXTPHfAXZGT@~@M~@FXHPLPV`A`@FFFNPRRHb@f@d@\\ZJJ@RC?Br@Hh@AP@|@WXQZORQJSb@[z@MX@`@B`@Jf@FVRr@XXTXL~BtBd@h@rAnAHDd@f@pA`BVZb@Zh@v@~@~@`@h@d@d@p@f@NVd@ZTRfAXVPTFH?^NZAt@K`@OZS\\[VILSLYV}@DmAJkALm@Tg@Ve@RWb@]fAYfAUtA?h@GfAD|@NVHr@d@Z^PZ^fAJ\\H~@\\dBx@dCH^P|Ad@tBHh@|@~C^x@VfAj@rAZ|@Zr@PXl@tARb@Z|@Tb@J^FFRf@PZZ`@v@f@\\LH?VFVDx@AZ@r@Ax@O`@MZOZIj@Wd@a@d@MHGd@a@V_@VS[Lg@r@c@d@YLq@j@c@T_Bj@}ANuBIm@K{@a@c@g@KW_@g@m@}As@yBk@gA{@oBKa@i@kAW{@IWKw@Ua@a@iAKg@MSS_AQsAmAkGAKYgBM_@Mg@Yk@y@gAq@a@oAYEEWCuABaAFsBXg@Pc@Xi@f@_@r@M^Q~@At@Gl@W~@]v@SXq@b@e@Rm@Ja@AOC_Cw@OQe@SUYGCg@e@W_@kAaAi@{@q@u@o@_AyBwBY_@YYWa@]_@]]w@m@QIqAkAq@_@]KSMe@Ka@Gg@@gAR_@Lk@b@aAn@e@N{@Lm@?a@EgAe@s@q@_AoAiAm@i@Gg@Cc@Bq@Cu@Ae@G}@_@YWS[Yk@Me@WiBWcAUm@c@w@m@w@s@iAsAkBWUi@_@WIqAOk@D{A`@eBdAaA^s@Nm@?a@Es@Sw@o@a@o@Wy@Ic@?y@\\_D@w@Ag@Ic@Q_@}@cC}@qDmAmD_AkAWWaBaCs@}@', 'resource_state': 3}",158,71,2,"{'pr_elapsed_time': None, 'pr_date': None, 'pr_visibility': None, 'pr_activity_id': None, 'pr_activity_visibility': None, 'effort_count': 0}","{'kom': '45:52', 'qom': '52:59', 'overall': '45:52', 'destination': {'href': 'strava://segments/38586296/leaderboard', 'type': 'overall', 'name': 'All-Time'}}","{'athlete_id': 7553987, 'title': 'Ber Izq', 'profile': 'https://dgalywyr863hv.cloudfront.net/pictures/athletes/7553987/2288963/1/large.jpg', 'effort_description': '1 effort in the last 90 days', 'effort_count': '1', 'effort_counts': {'overall': '1 effort', 'female': None}, 'destination': 'strava://segments/38586296/local_legend?categories%5B%5D=overall'}"
9998161,3,Vuelta al Estadio Olímpico,Run,1770.2,0.0,4.9,2311.8,2292.0,"[19.331951, -99.190062]","[19.332113, -99.190045]",https://d3o5xota0a1fcr.cloudfront.net/v6/charts/XRAR6U75GG54EIO4USIV2ABZNHCWAKAYOWFRTIQ4EXCASWHV5QP25OFT3E6ZSI77KWOZJ3ARVGLMQAQKZQIFGMY=,"{'light_url': 'https://d3o5xota0a1fcr.cloudfront.net/v6/charts/XRAR6U75GG54EIO4USIV2ABZNHCWAKAYOWFRTIQ4EXCASWHV5QP25OFT3E6ZSI77KWOZJ3ARVGLMQAQKZQIFGMY=', 'dark_url': 'https://d3o5xota0a1fcr.cloudfront.net/v6/charts/SJBZ7DOYGELOPYHHF3CE4QWABFFJ35BXU77LY252NQFFWXXYPIQBFCFDLG7AJJDNNWWYI6JYZ2Q5E7GD3YW44QQ='}",0,,,,False,False,False,2015-07-20T02:22:54Z,2021-05-17T08:05:48Z,19.7,"{'id': 's9998161', 'polyline': 'uw~tB|`l|Qb@C~@K`@AXBTC`AHxAb@^P\\Tb@^TPZ^T`@P^\\lAThB?`@G`AQz@a@nAa@j@oAtBg@f@{@n@a@X{Ar@_@Ne@HkAL}@FcABg@A_AU}@e@_@_@[_@_@eAI]c@}DO_AIaAEq@LaEBc@Hc@Pa@j@{@TUTKj@K~EU', 'resource_state': 3}",10336,2177,28,"{'pr_elapsed_time': None, 'pr_date': None, 'pr_visibility': None, 'pr_activity_id': None, 'pr_activity_visibility': None, 'effort_count': 0}","{'kom': '5:25', 'qom': '7:20', 'overall': '5:25', 'destination': {'href': 'strava://segments/9998161/leaderboard', 'type': 'overall', 'name': 'All-Time'}}","{'athlete_id': 15881520, 'title': 'Olger Luque', 'profile': 'https://graph.facebook.com/10210943766971562/picture?height=256&width=256', 'effort_description': '19 efforts in the last 90 days', 'effort_count': '19', 'effort_counts': {'overall': '19 efforts', 'female': '16 efforts'}, 'destination': 'strava://segments/9998161/local_legend?categories%5B%5D=overall'}"
24532329,3,Subida al estadio JO68,Run,708.5,4.6,7.0,2325.9,2293.0,"[19.325316, -99.189346]","[19.322995, -99.194381]",https://d3o5xota0a1fcr.cloudfront.net/v6/charts/EP6WH7MDZFIBCAP7QH3TF33HGMIEGKVBOQLU7EJRT7W2XACLHMD2ETZQT6MNTU4KWPL7CEBELRLKILGZOUB7AJQ=,"{'light_url': 'https://d3o5xota0a1fcr.cloudfront.net/v6/charts/EP6WH7MDZFIBCAP7QH3TF33HGMIEGKVBOQLU7EJRT7W2XACLHMD2ETZQT6MNTU4KWPL7CEBELRLKILGZOUB7AJQ=', 'dark_url': 'https://d3o5xota0a1fcr.cloudfront.net/v6/charts/4V3QTXXDLMTEAPYXPQJLK36M5QTKXW4LQ4CYF4HLIXJPNVW4MUKAFTT5IEOUHEH7TG6O5MJD6MSET4QWP75VD3Q='}",0,Ciudad de México,Ciudad de México,Mexico,False,False,False,2020-06-18T16:11:49Z,2021-05-17T08:08:51Z,32.9,"{'id': 's24532329', 'polyline': 'en}tBl|k|QHPd@`@N\\Fj@VpAB^Zp@h@pBP`@R^\\~@lAfAb@r@h@d@D@Z?H@j@p@^Vb@RLLNl@Dn@C\\Of@UXOHW@SCS@', 'resource_state': 3}",34594,13051,16,"{'pr_elapsed_time': None, 'pr_date': None, 'pr_visibility': None, 'pr_activity_id': None, 'pr_activity_visibility': None, 'effort_count': 0}","{'kom': '1:47', 'qom': '2:30', 'overall': '1:47', 'destination': {'href': 'strava://segments/24532329/leaderboard', 'type': 'overall', 'name': 'All-Time'}}","{'athlete_id': 3963212, 'title': 'Clemente Alvarado  Franco', 'profile': 'https://dgalywyr863hv.cloudfront.net/pictures/athletes/3963212/1276976/9/large.jpg', 'effort_description': '43 efforts in the last 90 days', 'effort_count': '43', 'effort_counts': {'overall': '43 efforts', 'female': '14 efforts'}, 'destination': 'strava://segments/24532329/local_legend?categories%5B%5D=overall'}"
23231806,3,Fin de la subida,Run,722.0,0.6,7.6,2318.2,2313.3,"[19.317074, -99.180351]","[19.317162, -99.18652]",https://d3o5xota0a1fcr.cloudfront.net/v6/charts/EJ6AGTAN2Z7DOSAQGC2D2OIRPK7HCXNVWY3SPPJ6MRCE2NOQWKV3CJETHSERVCFYAVD4IVBUIW7HYP6IWGM3KNW3,"{'light_url': 'https://d3o5xota0a1fcr.cloudfront.net/v6/charts/EJ6AGTAN2Z7DOSAQGC2D2OIRPK7HCXNVWY3SPPJ6MRCE2NOQWKV3CJETHSERVCFYAVD4IVBUIW7HYP6IWGM3KNW3', 'dark_url': 'https://d3o5xota0a1fcr.cloudfront.net/v6/charts/FQCXQOPR7ERXPS5SH6KCBIGFEWFPAEY5ZKDC6ST5TVPK2WCXMTLLYCBD62C4COTYHBAB46DSM5KQ3J5CUQ77G6CD'}",0,Ciudad de México,Ciudad de México,Mexico,False,False,False,2020-03-31T03:48:42Z,2021-05-18T08:05:54Z,7.5,"{'id': 's23231806', 'polyline': 'uz{tBfdj|QGtAKt@Cd@Dd@Gf@?x@Gd@AtAShCIf@GxB@f@Ix@AXCFAF?^Ep@?|AE~@SpAHf@NPHBH@PGf@W', 'resource_state': 3}",86524,11683,2,"{'pr_elapsed_time': 248, 'pr_date': '2025-06-01', 'pr_visibility': 'everyone', 'pr_activity_id': 14664373757, 'pr_activity_visibility': 'everyone', 'effort_count': 1}","{'kom': '1:20', 'qom': '1:59', 'overall': '1:20', 'destination': {'href': 'strava://segments/23231806/leaderboard', 'type': 'overall', 'name': 'All-Time'}}","{'athlete_id': 97402245, 'title': 'Benjamin Alvarez', 'profile': 'https://lh3.googleusercontent.com/a-/AOh14Gj-Hd9Gm-Tm7tWG4FhAqDVeyTIw4Z8894-f8Y2Q7Q=s96-c', 'effort_description': '57 efforts in the last 90 days', 'effort_count': '57', 'effort_counts': {'overall': '57 efforts', 'female': '48 efforts'}, 'destination': 'strava://segments/23231806/local_legend?categories%5B%5D=overall'}"
25250158,3,"Circuito Escolar, Junto a paseo de las facultades",Run,769.1,1.3,8.3,2281.2,2271.2,"[19.334108, -99.178619]","[19.336409, -99.185463]",https://d3o5xota0a1fcr.cloudfront.net/v6/charts/TMY72B6K7NGBZWHI5GLZ3Z3FNVLMWWM264J2J3WBAPTXPBX7UN7DJ7OY3SFOF5BGO7YG6ZHSH7GOQAWRDU7FBOIP,"{'light_url': 'https://d3o5xota0a1fcr.cloudfront.net/v6/charts/TMY72B6K7NGBZWHI5GLZ3Z3FNVLMWWM264J2J3WBAPTXPBX7UN7DJ7OY3SFOF5BGO7YG6ZHSH7GOQAWRDU7FBOIP', 'dark_url': 'https://d3o5xota0a1fcr.cloudfront.net/v6/charts/AIS2AF5I7IYWSXTWKAAQ7UKJNRYUI32GVQ7LKR6P6YJTMJILQZB3EMSPDDDIZ2F6JBG62TCUMMWK2RWE5TATZDMU'}",0,Ciudad de México,Ciudad de México,Mexico,False,False,False,2020-08-09T21:27:10Z,2021-05-18T08:06:07Z,10.0,"{'id': 's25250158', 'polyline': 'ce_uBjyi|QQRUn@QpAI^Ed@Wt@Ih@k@fBQx@MXk@hCGPAZKn@Sj@E^IR_@`BW|@c@vBSr@MfAe@lAAXG\\', 'resource_state': 3}",23633,6861,4,"{'pr_elapsed_time': 220, 'pr_date': '2025-06-01', 'pr_visibility': 'everyone', 'pr_activity_id': 14664373757, 'pr_activity_visibility': 'everyone', 'effort_count': 3}","{'kom': '2:12', 'qom': '2:24', 'overall': '2:12', 'destination': {'href': 'strava://segments/25250158/leaderboard', 'type': 'overall', 'name': 'All-Time'}}","{'athlete_id': 152355299, 'title': 'Javier Morales', 'profile': 'avatar/athlete/large.png', 'effort_description': '15 efforts in the last 90 days', 'effort_count': '15', 'effort_counts': {'overall': '15 efforts', 'female': '12 efforts'}, 'destination': 'strava://segments/25250158/local_legend?categories%5B%5D=overall'}"
26615723,3,Recta canchas futbol CU,Run,777.9,1.7,6.5,2354.4,2338.8,"[19.330086, -99.194665]","[19.323093, -99.194859]",https://d3o5xota0a1fcr.cloudfront.net/v6/charts/N5NZCPZ7QX2QRYSKOQGNHJARM7NBNFCKQBOXCN3M7QJQMHOJVLCMBUUS7CMB2THD2XVX5Z24CZXKKVRII2CQ5WDC,"{'light_url': 'https://d3o5xota0a1fcr.cloudfront.net/v6/charts/N5NZCPZ7QX2QRYSKOQGNHJARM7NBNFCKQBOXCN3M7QJQMHOJVLCMBUUS7CMB2THD2XVX5Z24CZXKKVRII2CQ5WDC', 'dark_url': 'https://d3o5xota0a1fcr.cloudfront.net/v6/charts/RAD75MOER742XQSBTDMUEDZHUK2HTZGXJSAINU2ZVGVVBCUDZ5GNLMLFCURBKGFOYEDK7YQZJECUDLQ346JUDWZR'}",0,Ciudad de México,Ciudad de México,Mexico,False,False,False,2020-12-02T16:35:03Z,2021-05-15T02:25:35Z,20.6,"{'id': 's26615723', 'polyline': '_l~tBt}l|QtBFNDpCFtE?vAGnAJl@@tAEl@DbBCj@BLFT@d@Cz@DtACx@Bf@A`@B|@C', 'resource_state': 3}",50570,12762,6,"{'pr_elapsed_time': 234, 'pr_date': '2025-01-12', 'pr_visibility': 'everyone', 'pr_activity_id': 13336332894, 'pr_activity_visibility': 'everyone', 'effort_count': 1}","{'kom': '2:14', 'qom': '2:40', 'overall': '2:14', 'destination': {'href': 'strava://segments/26615723/leaderboard', 'type': 'overall', 'name': 'All-Time'}}","{'athlete_id': 10252166, 'title': 'Coz GL', 'profile': 'https://dgalywyr863hv.cloudfront.net/pictures/athletes/10252166/26929618/1/large.jpg', 'effort_description': '27 efforts in the last 90 days', 'effort_count': '27', 'effort_counts': {'overall': '27 efforts', 'female': '14 efforts'}, 'destination': 'strava://segments/26615723/local_legend?categories%5B%5D=overall'}"
26199979,3,Pendiente Sur Estadio CU,Run,788.3,3.5,6.0,2320.0,2292.8,"[19.332184, -99.190069]","[19.330493, -99.194515]",https://d3o5xota0a1fcr.cloudfront.net/v6/charts/BK2E6NDHIVRYZJGWB5KYWXSCB6CPFZMKO5B5G7LLJCYS22WG62JUC7F4VBIT7PQFI5RRRD5MTQL5YOVTMNMNRK3K,"{'light_url': 'https://d3o5xota0a1fcr.cloudfront.net/v6/charts/BK2E6NDHIVRYZJGWB5KYWXSCB6CPFZMKO5B5G7LLJCYS22WG62JUC7F4VBIT7PQFI5RRRD5MTQL5YOVTMNMNRK3K', 'dark_url': 'https://d3o5xota0a1fcr.cloudfront.net/v6/charts/FSAXN4WX6TGNUUSJPOXNONOYKNSHMDYEUJDY3BIIGCYOK74XLBF27LJJBTE4Q5N5NILBZATWFUYDVE2JGJ5SRQZI'}",0,Ciudad de México,Ciudad de México,Mexico,False,False,False,2020-10-27T18:12:34Z,2021-05-18T08:06:13Z,27.2,"{'id': 's26199979', 'polyline': 'cy~tB|`l|Qf@CvAOt@C\\B\\K\\B`APhAb@n@^RPh@n@Xd@^dARt@ZzAEbBKv@a@nAy@lAMVgAxAYZcAv@', 'resource_state': 3}",19317,3777,3,"{'pr_elapsed_time': None, 'pr_date': None, 'pr_visibility': None, 'pr_activity_id': None, 'pr_activity_visibility': None, 'effort_count': 0}","{'kom': '1:26', 'qom': '1:50', 'overall': '1:26', 'destination': {'href': 'strava://segments/26199979/leaderboard', 'type': 'overall', 'name': 'All-Time'}}","{'athlete_id': 15881520, 'title': 'Olger Luque', 'profile': 'https://graph.facebook.com/10210943766971562/picture?height=256&width=256', 'effort_description': '26 efforts in the last 90 days', 'effort_count': '26', 'effort_counts': {'overall': '26 efforts', 'female': '19 efforts'}, 'destination': 'strava://segments/26199979/local_legend?categories%5B%5D=overall'}"
24501420,3,Kilómetro Rápido…,Run,1005.6,-2.0,3.2,2318.0,2296.9,"[19.317723, -99.186606]","[19.324718, -99.1895]",https://d3o5xota0a1fcr.cloudfront.net/v6/charts/KOCOYKHVWXCBPLXGXOVTMYRPOJTB76IW4UT5UTAW7PPCDZBFAYBNS4UHNI7SRA537JZOMHQQPCGQBOTZWUFR2D4X,"{'light_url': 'https://d3o5xota0a1fcr.cloudfront.net/v6/charts/KOCOYKHVWXCBPLXGXOVTMYRPOJTB76IW4UT5UTAW7PPCDZBFAYBNS4UHNI7SRA537JZOMHQQPCGQBOTZWUFR2D4X', 'dark_url': 'https://d3o5xota0a1fcr.cloudfront.net/v6/charts/TDFZKXEOJM5WZMK3MFAILJ6QBN5DV6S3UP2QNEVHFXZURTHSHGMQTVORWQWMEQH5O6XSPRZQZSCVCWWZWGECOLTX'}",0,Ciudad de México,Ciudad de México,Mexico,False,False,False,2020-06-16T13:21:33Z,2021-05-15T08:06:17Z,3.8,"{'id': 's24501420', 'polyline': 'w~{tBhkk|QCPAlAFj@MhAB`@ARQr@E~@G\\S`@UNg@CmAD]Ca@JOHAHEFUHYAWIe@@_@CM@a@?_@Dw@GM?c@Je@Cg@Bu@?y@J_ADeATsAF_@HkBBgARcB@_@K[C', 'resource_state': 3}",33025,11695,6,"{'pr_elapsed_time': None, 'pr_date': None, 'pr_visibility': None, 'pr_activity_id': None, 'pr_activity_visibility': None, 'effort_count': 0}","{'kom': '1:43', 'qom': '3:20', 'overall': '1:43', 'destination': {'href': 'strava://segments/24501420/leaderboard', 'type': 'overall', 'name': 'All-Time'}}","{'athlete_id': 3963212, 'title': 'Clemente Alvarado  Franco', 'profile': 'https://dgalywyr863hv.cloudfront.net/pictures/athletes/3963212/1276976/9/large.jpg', 'effort_description': '41 efforts in the last 90 days', 'effort_count': '41', 'effort_counts': {'overall': '41 efforts', 'female': '24 efforts'}, 'destination': 'strava://segments/24501420/local_legend?categories%5B%5D=overall'}"
19116459,3,ascenso Mario de la Cueva,Run,794.7,1.6,11.2,2324.4,2311.4,"[19.31684, -99.178798]","[19.317341, -99.186217]",https://d3o5xota0a1fcr.cloudfront.net/v6/charts/4VASJMHMSD3FUAQJ2RGQWB5K6Q536AH3OKJUHB6TMZZBGPW2WEWGCVTMTR3AW2FPLKGKKXOE3PUQDBNVLY67K7Y=,"{'light_url': 'https://d3o5xota0a1fcr.cloudfront.net/v6/charts/4VASJMHMSD3FUAQJ2RGQWB5K6Q536AH3OKJUHB6TMZZBGPW2WEWGCVTMTR3AW2FPLKGKKXOE3PUQDBNVLY67K7Y=', 'dark_url': 'https://d3o5xota0a1fcr.cloudfront.net/v6/charts/G75VYXZRP5SN37DRN3TVXNAHDYC53ZI5ZJVRPFAD5WM6NJH52T6OERWCGHBKKZI3DQ3YA54NYFEN6BJBRC5NSJA='}",0,Ciudad de México,Ciudad de México,Mexico,False,False,False,2018-10-15T23:23:45Z,2021-05-15T02:22:07Z,13.0,"{'id': 's19116459', 'polyline': 'gy{tBnzi|QBNAt@I~C@z@DP@JEVEr@@VIdAM~CMb@UxACz@K`AGbBOpCAxAEhAMnB@\\DJFHLF', 'resource_state': 3}",30271,7606,2,"{'pr_elapsed_time': 303, 'pr_date': '2025-06-01', 'pr_visibility': 'everyone', 'pr_activity_id': 14664373757, 'pr_activity_visibility': 'everyone', 'effort_count': 1}","{'kom': '2:17', 'qom': '2:39', 'overall': '2:17', 'destination': {'href': 'strava://segments/19116459/leaderboard', 'type': 'overall', 'name': 'All-Time'}}","{'athlete_id': 144807884, 'title': 'Valeria Mazas', 'profile': 'https://dgalywyr863hv.cloudfront.net/pictures/athletes/144807884/34596060/2/large.jpg', 'effort_description': '26 efforts in the last 90 days', 'effort_count': '26', 'effort_counts': {'overall': '26 efforts', 'female': '26 efforts'}, 'destination': 'strava://segments/19116459/local_legend?categories%5B%5D=overall'}"
14848597,3,FacEcono+FacQuim,Run,1059.1,-0.0,4.8,2286.6,2277.4,"[19.335201, -99.183328]","[19.330882, -99.181362]",https://d3o5xota0a1fcr.cloudfront.net/v6/charts/BII44GNVKYHPXSYRQU2EPEDC6QCI3OGCTPZTXOBHK5AZZ2JBJJMFQORBOOMQYWQMWKS3LKXOOIWFKGSPEJ42ZASO,"{'light_url': 'https://d3o5xota0a1fcr.cloudfront.net/v6/charts/BII44GNVKYHPXSYRQU2EPEDC6QCI3OGCTPZTXOBHK5AZZ2JBJJMFQORBOOMQYWQMWKS3LKXOOIWFKGSPEJ42ZASO', 'dark_url': 'https://d3o5xota0a1fcr.cloudfront.net/v6/charts/IOGR5K7CFDYNHK3QOJXSEH52Q6PLRRQ7Q2E5SPL6V25E4D5HPILZEOERUBZYGP2LSJ7Z2J62FSJTEYGRXSFHQJPK'}",0,Ciudad de México,Ciudad de México,Mexico,False,False,False,2017-05-11T15:51:50Z,2021-05-18T08:04:47Z,8.4,"{'id': 's14848597', 'polyline': '_l_uBxvj|QIq@BG?UPm@Ji@H_CNqALm@`@iAl@kDt@{CTk@\\[FC@@AAv@Gh@B~@Cf@?r@Fz@EpANf@Lb@Xz@`A\\f@Rh@Jh@LrDAxA', 'resource_state': 3}",19954,6876,2,"{'pr_elapsed_time': None, 'pr_date': None, 'pr_visibility': None, 'pr_activity_id': None, 'pr_activity_visibility': None, 'effort_count': 0}","{'kom': '3:03', 'qom': '3:56', 'overall': None, 'destination': {'href': 'strava://segments/14848597/leaderboard', 'type': 'overall', 'name': 'All-Time'}}","{'athlete_id': 42645301, 'title': 'Sergio Olvera', 'profile': 'https://dgalywyr863hv.cloudfront.net/pictures/athletes/42645301/14855333/2/large.jpg', 'effort_description': '34 efforts in the last 90 days', 'effort_count': '34', 'effort_counts': {'overall': '34 efforts', 'female': '16 efforts'}, 'destination': 'strava://segments/14848597/local_legend?categories%5B%5D=overall'}"
27569695,3,CU Circuito Int - subida anexo ingenieria ,Run,918.5,1.9,4.2,2325.6,2306.6,"[19.329354, -99.179631]","[19.323254, -99.185241]",https://d3o5xota0a1fcr.cloudfront.net/v6/charts/WL7PALVN66KN4G4Q3MERH4XYD2VARYHMR7GJ4OPRMSNBBWLY5NUPNYDY6YVCUQC7O4GOI74622554MNQO2DIGKY=,"{'light_url': 'https://d3o5xota0a1fcr.cloudfront.net/v6/charts/WL7PALVN66KN4G4Q3MERH4XYD2VARYHMR7GJ4OPRMSNBBWLY5NUPNYDY6YVCUQC7O4GOI74622554MNQO2DIGKY=', 'dark_url': 'https://d3o5xota0a1fcr.cloudfront.net/v6/charts/JIGZFWU3WDSRMV6JSZOYNOSLH66K2LH5UEXYXWTDE7DTL4GHV33PT44KK532U2LY4I5W6VVTBWIARPTO5HQYU7Q='}",0,Ciudad de México,Ciudad de México,Mexico,False,False,False,2021-03-10T17:29:47Z,2021-05-20T08:05:50Z,19.0,"{'id': 's27569695', 'polyline': 'mg~tBv_j|Qh@RXRp@ZjAn@`FvBd@\\l@T|Av@v@`@`EbEr@|@nAnAt@dAbApBvAxDHNRR', 'resource_state': 3}",30800,10685,5,"{'pr_elapsed_time': 314, 'pr_date': '2025-06-01', 'pr_visibility': 'everyone', 'pr_activity_id': 14664373757, 'pr_activity_visibility': 'everyone', 'effort_count': 1}","{'kom': '2:01', 'qom': '3:29', 'overall': '2:01', 'destination': {'href': 'strava://segments/27569695/leaderboard', 'type': 'overall', 'name': 'All-Time'}}","{'athlete_id': 164818982, 'title': 'Benjamin Cedillo', 'profile': 'https://dgalywyr863hv.cloudfront.net/pictures/athletes/164818982/36736048/1/large.jpg', 'effort_description': '24 efforts in the last 90 days', 'effort_count': '24', 'effort_counts': {'overall': '24 efforts', 'female': '15 efforts'}, 'destination': 'strava://segments/27569695/local_legend?categories%5B%5D=overall'}"
9523943,3,mq de división a carrillo puerto,Run,1473.1,0.4,3.8,2257.5,2251.0,"[19.3428, -99.149771]","[19.344569, -99.163567]",https://d3o5xota0a1fcr.cloudfront.net/v6/charts/M3P3PPY5OE2G5C6JGDHEYLB2VFZQDN7GMTHOOUXMTNM2CZC6M5BNV3VXGNSTXU6X4RENHA3T5GIREI5D6X7XF2Q=,"{'light_url': 'https://d3o5xota0a1fcr.cloudfront.net/v6/charts/M3P3PPY5OE2G5C6JGDHEYLB2VFZQDN7GMTHOOUXMTNM2CZC6M5BNV3VXGNSTXU6X4RENHA3T5GIREI5D6X7XF2Q=', 'dark_url': 'https://d3o5xota0a1fcr.cloudfront.net/v6/charts/3UVMRLT7UZU3F4XAS53SXSRBMNJKWRZU5ORKUONGTKT3I6NXVTMTGAJ6XSUMXX37TFUODSJE3VUOFS5MIHJCKPQ='}",0,Ciudad de México,Distrito Federal,Mexico,False,False,False,2015-05-19T15:28:47Z,2021-05-15T02:16:25Z,5.2,"{'id': 's9523943', 'polyline': 'o{`uBbed|QA\\E^Ef@@z@MvA@r@If@EhAU`AAXIx@A`@Gb@CjASx@?VEf@An@Ib@EtCG^Ej@GXEp@CVIT@VE\\GlBKl@?VEn@CxAMl@@`@UdB@x@Q`B@x@Q`A?\\EZAn@MbAG~BIn@Aj@MjBUzB?^', 'resource_state': 3}",8232,4026,1,"{'pr_elapsed_time': None, 'pr_date': None, 'pr_visibility': None, 'pr_activity_id': None, 'pr_activity_visibility': None, 'effort_count': 0}","{'kom': '4:06', 'qom': '5:18', 'overall': '4:06', 'destination': {'href': 'strava://segments/9523943/leaderboard', 'type': 'overall', 'name': 'All-Time'}}","{'athlete_id': 159319168, 'title': 'Sara L', 'profile': 'https://lh3.googleusercontent.com/a/ACg8ocJcidiY4sfroNiP__mGBmG4q_7j3WnWXtvqkK0H6rm3crw3tplb=s96-c', 'effort_description': '34 efforts in the last 90 days', 'effort_count': '34', 'effort_counts': {'overall': '34 efforts', 'female': '34 efforts'}, 'destination': 'strava://segments/9523943/local_legend?categories%5B%5D=overall'}"
24173388,3,El Unico terreno blando que puedo encontrar,Run,742.2,-0.1,4.9,2249.2,2247.4,"[19.331149, -99.144381]","[19.325868, -99.140169]",https://d3o5xota0a1fcr.cloudfront.net/v6/charts/QUYPIV5KU5OSFPRPESU3FYJCOYUEWD7OFO3KDEZGXR7FHJKPFWEYLYS4OEJTMSE363X7TZMJLJTIJHU3527L6YA=,"{'light_url': 'https://d3o5xota0a1fcr.cloudfront.net/v6/charts/QUYPIV5KU5OSFPRPESU3FYJCOYUEWD7OFO3KDEZGXR7FHJKPFWEYLYS4OEJTMSE363X7TZMJLJTIJHU3527L6YA=', 'dark_url': 'https://d3o5xota0a1fcr.cloudfront.net/v6/charts/ZKRELCEZO3SO6PSCLCOMIPMV4IPPWVEYJXESXMLBHAU742WLOYUS3NTI3VDYPPI7YXL4QP5XJ7MCG3X67WCCN2A='}",0,Ciudad de México,Ciudad de México,Mexico,False,False,False,2020-05-24T23:37:27Z,2021-05-15T02:24:45Z,0.0,"{'id': 's24173388', 'polyline': 'sr~tBlcc|QjA{@l@[hGmEj@g@z@m@t@m@|AeAdAeA|@c@`@_@|BiBx@i@`A}@', 'resource_state': 3}",1677,696,0,"{'pr_elapsed_time': None, 'pr_date': None, 'pr_visibility': None, 'pr_activity_id': None, 'pr_activity_visibility': None, 'effort_count': 0}","{'kom': '1:41', 'qom': '1:51', 'overall': '1:41', 'destination': {'href': 'strava://segments/24173388/leaderboard', 'type': 'overall', 'name': 'All-Time'}}","{'athlete_id': 87830618, 'title': 'Luis Lopez', 'profile': 'https://dgalywyr863hv.cloudfront.net/pictures/athletes/87830618/30064066/1/large.jpg', 'effort_description': '38 efforts in the last 90 days', 'effort_count': '38', 'effort_counts': {'overall': '38 efforts', 'female': '13 efforts'}, 'destination': 'strava://segments/24173388/local_legend?categories%5B%5D=overall'}"
24173333,3,La pejor pista de 600m del mundo,Run,553.9,0.0,2.0,2245.8,2244.3,"[19.33339, -99.137229]","[19.333347, -99.137201]",https://d3o5xota0a1fcr.cloudfront.net/v6/charts/IEXXXQV5GXF7A2IDM6WOBO5FXJTUHJYUUYBQN2BUFDHIBMRCBZFXSPMXBMDAWDQD64NV66WAVLNDWCEMJNR4O5Y=,"{'light_url': 'https://d3o5xota0a1fcr.cloudfront.net/v6/charts/IEXXXQV5GXF7A2IDM6WOBO5FXJTUHJYUUYBQN2BUFDHIBMRCBZFXSPMXBMDAWDQD64NV66WAVLNDWCEMJNR4O5Y=', 'dark_url': 'https://d3o5xota0a1fcr.cloudfront.net/v6/charts/5KSXMAMV7PHUMOJZIA2W63IB2IJJQXYRTDDNWUFKYM7C7PWVGGNODKEEJAFFRDE4DEYJ7OBDDZLKUQMASBVCYNA='}",0,Ciudad de México,Ciudad de México,Mexico,False,False,False,2020-05-24T23:30:19Z,2021-05-15T02:24:45Z,0.0,"{'id': 's24173333', 'polyline': 'u`_uBtva|QLp@Tp@XrB\\pA\\~BRt@FF@KSo@O{@Ok@M}@s@}DWkA', 'resource_state': 3}",5281,174,0,"{'pr_elapsed_time': None, 'pr_date': None, 'pr_visibility': None, 'pr_activity_id': None, 'pr_activity_visibility': None, 'effort_count': 0}","{'kom': '1:58', 'qom': '2:11', 'overall': '1:58', 'destination': {'href': 'strava://segments/24173333/leaderboard', 'type': 'overall', 'name': 'All-Time'}}","{'athlete_id': 13056373, 'title': 'Saúl Rodríguez', 'profile': 'https://dgalywyr863hv.cloudfront.net/pictures/athletes/13056373/34600381/1/large.jpg', 'effort_description': '194 efforts in the last 90 days', 'effort_count': '194', 'effort_counts': {'overall': '194 efforts', 'female': '161 efforts'}, 'destination': 'strava://segments/24173333/local_legend?categories%5B%5D=overall'}"
28302421,3,aguaaaaas,Run,127.7,-0.2,2.9,2252.8,2251.6,"[19.342814, -99.157342]","[19.341879, -99.156654]",https://d3o5xota0a1fcr.cloudfront.net/v6/charts/FKUBX4ENTJZEYWPQTHDUEWREC5FC44EKYMUVAIEI4U6OQWOECJ4LWAP75S6JMRHQIJZUMOUDIEZGMJYYEJMWKHDS,"{'light_url': 'https://d3o5xota0a1fcr.cloudfront.net/v6/charts/FKUBX4ENTJZEYWPQTHDUEWREC5FC44EKYMUVAIEI4U6OQWOECJ4LWAP75S6JMRHQIJZUMOUDIEZGMJYYEJMWKHDS', 'dark_url': 'https://d3o5xota0a1fcr.cloudfront.net/v6/charts/HFVWLII5PD65TG3FVTGWTM4I4L3PQRWJG3OKLSVUIESW72YO63P6324ABWOT7JFO5KEGQBTHXNNWRMH4H2DFVBJD'}",0,Ciudad de México,Ciudad de México,Mexico,False,False,False,2021-05-04T15:25:07Z,2021-05-15T02:26:11Z,0.0,"{'id': 's28302421', 'polyline': 'q{`uBlte|QNENK^_@d@_@NIRQf@[H?', 'resource_state': 3}",881,111,0,"{'pr_elapsed_time': None, 'pr_date': None, 'pr_visibility': None, 'pr_activity_id': None, 'pr_activity_visibility': None, 'effort_count': 0}","{'kom': '20s', 'qom': '24s', 'overall': '20s', 'destination': {'href': 'strava://segments/28302421/leaderboard', 'type': 'overall', 'name': 'All-Time'}}","{'athlete_id': 87830618, 'title': 'Luis Lopez', 'profile': 'https://dgalywyr863hv.cloudfront.net/pictures/athletes/87830618/30064066/1/large.jpg', 'effort_description': '38 efforts in the last 90 days', 'effort_count': '38', 'effort_counts': {'overall': '38 efforts', 'female': '3 efforts'}, 'destination': 'strava://segments/28302421/local_legend?categories%5B%5D=overall'}"
17338198,3,Huayamilpas,Run,1476.2,0.3,12.0,2266.0,2251.8,"[19.326041, -99.149464]","[19.326053, -99.149441]",https://d3o5xota0a1fcr.cloudfront.net/v6/charts/I4ESKV4CRFFRP3BOLNRQQ6XSONSISR2OSPDF56YYGE4O7S3SV37FZLTTOLI7VNGPKZGMI7X3AJXRNQVSCQWY3PQ=,"{'light_url': 'https://d3o5xota0a1fcr.cloudfront.net/v6/charts/I4ESKV4CRFFRP3BOLNRQQ6XSONSISR2OSPDF56YYGE4O7S3SV37FZLTTOLI7VNGPKZGMI7X3AJXRNQVSCQWY3PQ=', 'dark_url': 'https://d3o5xota0a1fcr.cloudfront.net/v6/charts/UU777RBF3FQHM7ZEM3MYUJTSFCDRRIO2CWWX3QBBHWWLLTN4FGIBOOP7LCSY5HCWIA6EOJO7SQ5CD4N2WRTHM7Q='}",0,Ciudad de México,Ciudad de México,Mexico,False,False,False,2018-04-07T21:59:42Z,2021-05-18T08:05:07Z,19.5,"{'id': 's17338198', 'polyline': 'wr}tBdcd|Q@NIb@NRVr@VVFTHJ`AXNNRlBJb@RTTLD@d@WPDBD?HW\\BLTP^?FL@PLP\\\\Vb@FDFDn@JVGPWTy@@ICE]KOIUY?ORg@@YEEGCc@CGAEGBMRe@Rk@XeA@OS[O[Ky@a@cAOUYSKQYwAGMA_@IYIAIB]\\QFo@De@Gg@F{@DYDsA@w@BQBa@XQf@ATJb@XZVNXBvAG', 'resource_state': 3}",2122,198,3,"{'pr_elapsed_time': None, 'pr_date': None, 'pr_visibility': None, 'pr_activity_id': None, 'pr_activity_visibility': None, 'effort_count': 0}","{'kom': '5:09', 'qom': '6:33', 'overall': '5:09', 'destination': {'href': 'strava://segments/17338198/leaderboard', 'type': 'overall', 'name': 'All-Time'}}","{'athlete_id': 160015352, 'title': 'Jose Angel Olvera Gutierrez', 'profile': 'https://lh3.googleusercontent.com/a/ACg8ocJiMNjYSw9ytJJfqJMrb3nZwX81zKKO7v5TVXO9_YYHJFLOaA=s96-c', 'effort_description': '19 efforts in the last 90 days', 'effort_count': '19', 'effort_counts': {'overall': '19 efforts', 'female': '13 efforts'}, 'destination': 'strava://segments/17338198/local_legend?categories%5B%5D=overall'}"
17338182,3,1 km Huayamilpas,Run,1005.1,0.0,9.8,2260.6,2255.5,"[19.32617, -99.148569]","[19.326904, -99.149061]",https://d3o5xota0a1fcr.cloudfront.net/v6/charts/MN52TYWZ5Z7Q2755P7C3E7LCL3SWHWG5QWOZQVWCQOEFK2LNCBRWYKJX2OQ36KUZUVTZ6FOQIU2CLYNOVM7HH4A=,"{'light_url': 'https://d3o5xota0a1fcr.cloudfront.net/v6/charts/MN52TYWZ5Z7Q2755P7C3E7LCL3SWHWG5QWOZQVWCQOEFK2LNCBRWYKJX2OQ36KUZUVTZ6FOQIU2CLYNOVM7HH4A=', 'dark_url': 'https://d3o5xota0a1fcr.cloudfront.net/v6/charts/RHFPASYLGMSZQALW6ND2GXESNSEAUHZ763HUHXMA4BXKQAP2SMNG3DMPF3ZENOU2XANKHL2FSUHTVRWCEMX2O7Y='}",0,Ciudad de México,Ciudad de México,Mexico,False,False,False,2018-04-07T21:56:33Z,2021-05-18T08:05:07Z,10.0,"{'id': 's17338182', 'polyline': 'qs}tBp}c|QuALQFYRMXCd@BPLV\\Xd@FnCIZENGRSHUDSA]GQWa@UMSEaDLSD[PSb@E^BRFPTVVJXF~BEl@GZONQFOBQ?[Mc@CE]UUGYCiADkAFYLMNSb@CV', 'resource_state': 3}",88097,1537,5,"{'pr_elapsed_time': None, 'pr_date': None, 'pr_visibility': None, 'pr_activity_id': None, 'pr_activity_visibility': None, 'effort_count': 0}","{'kom': '2:21', 'qom': '2:55', 'overall': '2:21', 'destination': {'href': 'strava://segments/17338182/leaderboard', 'type': 'overall', 'name': 'All-Time'}}","{'athlete_id': 87003193, 'title': 'Omar Martinez Vomarmar', 'profile': 'https://dgalywyr863hv.cloudfront.net/pictures/athletes/87003193/20826913/2/large.jpg', 'effort_description': '326 efforts in the last 90 days', 'effort_count': '326', 'effort_counts': {'overall': '326 efforts', 'female': '238 efforts'}, 'destination': 'strava://segments/17338182/local_legend?categories%5B%5D=overall'}"
19647708,3,milla pista huayamilpas,Run,1675.4,0.0,21.8,2257.0,2250.1,"[19.325692, -99.148592]","[19.325903, -99.148624]",https://d3o5xota0a1fcr.cloudfront.net/v6/charts/CMPUXDJ7UYOCCEDSV2HMFQ7KZS2BVCRLEXTDP274Q5KLHRBMA4MJBIQTNHZMV6IUOYRRUXQFIJVOM7CSDWHDDDU2,"{'light_url': 'https://d3o5xota0a1fcr.cloudfront.net/v6/charts/CMPUXDJ7UYOCCEDSV2HMFQ7KZS2BVCRLEXTDP274Q5KLHRBMA4MJBIQTNHZMV6IUOYRRUXQFIJVOM7CSDWHDDDU2', 'dark_url': 'https://d3o5xota0a1fcr.cloudfront.net/v6/charts/TBVCG6KJHQWHVFVDKCDDPXGHTPWAYRTAXA5R2QM4JST5SWNRURQH4JFOIEI5KVOUFSCPUKMW4OILVE763LNYCIAS'}",0,Ciudad de México,Ciudad de México,Mexico,False,False,False,2019-01-09T16:34:23Z,2021-05-18T08:05:28Z,38.6,"{'id': 's19647708', 'polyline': 'qp}tBv}c|QoANyAD]HQRK^@`@LVXT^FdAGfAAPCJGPQJY@]CWIUMOSIUAmCTWHQJMTGR@XFPJPPLPFzCKZGLKNUF]?WIYMOQKUEm@?gBN]FUNMTCTBXLVLNRHTBdCGb@IPIHKFU@YCUO]KOMESCmCLSDSHUTIT?ZHXJNPLRDP@`CIPCTITSFU@a@E_@KOQK[C[@', 'resource_state': 3}",40560,1455,1,"{'pr_elapsed_time': None, 'pr_date': None, 'pr_visibility': None, 'pr_activity_id': None, 'pr_activity_visibility': None, 'effort_count': 0}","{'kom': '4:33', 'qom': '5:39', 'overall': '4:33', 'destination': {'href': 'strava://segments/19647708/leaderboard', 'type': 'overall', 'name': 'All-Time'}}","{'athlete_id': 87003193, 'title': 'Omar Martinez Vomarmar', 'profile': 'https://dgalywyr863hv.cloudfront.net/pictures/athletes/87003193/20826913/2/large.jpg', 'effort_description': '171 efforts in the last 90 days', 'effort_count': '171', 'effort_counts': {'overall': '171 efforts', 'female': '118 efforts'}, 'destination': 'strava://segments/19647708/local_legend?categories%5B%5D=overall'}"
28997646,3,Vuelta corta velocidad,Run,539.6,0.0,2.9,2247.6,2246.2,"[19.318629, -99.144407]","[19.318625, -99.144461]",https://d3o5xota0a1fcr.cloudfront.net/v6/charts/HLSXK7PVGFX6CWPXYAVQRESXTLZ3WJM2UQV2U2IKCI2UGEC2RQ3AO6K6NHLD72MQYU2BCHNLE2CBMQ2ITMRW2WQ=,"{'light_url': 'https://d3o5xota0a1fcr.cloudfront.net/v6/charts/HLSXK7PVGFX6CWPXYAVQRESXTLZ3WJM2UQV2U2IKCI2UGEC2RQ3AO6K6NHLD72MQYU2BCHNLE2CBMQ2ITMRW2WQ=', 'dark_url': 'https://d3o5xota0a1fcr.cloudfront.net/v6/charts/HVFS22U5KYGQUVMBEBUWMNET4XBRF7SXXW42P7H5CJH3I7JDODPVPRCXA32QLXNN6JIJF2JAZUPGGEFS7IKL6BY='}",0,Ciudad de México,Ciudad de México,Mexico,False,False,False,2021-07-01T17:04:27Z,2021-07-01T17:04:28Z,0.0,"{'id': 's28997646', 'polyline': 'kd|tBpcc|QDBT?dAFVJLDJ?NLTHVG^PVCLBFBDLCBq@VqAv@[H]RQ?WEeA_@gBYU[C_@HSXIN?JDNCVIJKXI', 'resource_state': 3}",1048,58,1,"{'pr_elapsed_time': None, 'pr_date': None, 'pr_visibility': None, 'pr_activity_id': None, 'pr_activity_visibility': None, 'effort_count': 0}","{'kom': '2:23', 'qom': '1:28', 'overall': '1:28', 'destination': {'href': 'strava://segments/28997646/leaderboard', 'type': 'overall', 'name': 'All-Time'}}","{'athlete_id': 154540047, 'title': 'Emiliano Molina', 'profile': 'avatar/athlete/large.png', 'effort_description': '58 efforts in the last 90 days', 'effort_count': '58', 'effort_counts': {'overall': '58 efforts', 'female': '5 efforts'}, 'destination': 'strava://segments/28997646/local_legend?categories%5B%5D=overall'}"
28997661,3,Vuelta larga,Run,1166.0,0.0,16.4,2252.2,2243.8,"[19.318309, -99.144542]","[19.318349, -99.144492]",https://d3o5xota0a1fcr.cloudfront.net/v6/charts/DV4WLLHFBGKC42XJWAXFHBOTD3KYDWV4GRLYPH6MIKEUBYKN5RN53FET5TIUUSXKMDVJMOWAQQEG25NATRANBJON,"{'light_url': 'https://d3o5xota0a1fcr.cloudfront.net/v6/charts/DV4WLLHFBGKC42XJWAXFHBOTD3KYDWV4GRLYPH6MIKEUBYKN5RN53FET5TIUUSXKMDVJMOWAQQEG25NATRANBJON', 'dark_url': 'https://d3o5xota0a1fcr.cloudfront.net/v6/charts/V2ZG2D5Z4IZHT7AYJNW53YTGJ4QYBACGZKER6HFL6FATH2CZ2OHSOZ5KSYZM6KFKRVFXCUSKGLDZAXUUI4FTCRNS'}",0,Ciudad de México,Ciudad de México,Mexico,False,False,False,2021-07-01T17:06:10Z,2021-07-01T17:06:10Z,7.8,"{'id': 's28997661', 'polyline': 'kb|tBldc|QFAj@RL@VAPBfATl@H\\NVDRE`@e@PKT@b@\\`@F|@\\BPLRHX?HIF[f@k@b@KFaAR[IIBe@?YEOBMC[Mc@Cu@Ma@Wa@Qm@Ma@QEMm@S[GIB]~@EEAKBc@ASc@MI@EDGTCd@?VHy@I_@}ALFEZI~@SDQLGD?FE?IEKVYFAZJTKZANDZIP@', 'resource_state': 3}",1441,95,1,"{'pr_elapsed_time': None, 'pr_date': None, 'pr_visibility': None, 'pr_activity_id': None, 'pr_activity_visibility': None, 'effort_count': 0}","{'kom': '4:41', 'qom': '5:26', 'overall': '4:41', 'destination': {'href': 'strava://segments/28997661/leaderboard', 'type': 'overall', 'name': 'All-Time'}}","{'athlete_id': 12668770, 'title': 'Irv Pi', 'profile': 'https://dgalywyr863hv.cloudfront.net/pictures/athletes/12668770/4419774/2/large.jpg', 'effort_description': '22 efforts in the last 90 days', 'effort_count': '22', 'effort_counts': {'overall': '22 efforts', 'female': '10 efforts'}, 'destination': 'strava://segments/28997661/local_legend?categories%5B%5D=overall'}"
29207047,3,200m,Run,205.7,-0.2,1.0,2215.0,2214.2,"[19.317568, -99.14509]","[19.319289, -99.145077]",https://d3o5xota0a1fcr.cloudfront.net/v6/charts/FA4YLWAQHCJAET2HO6ZEL5WBF44BB72UQXH6HNPJG7TS4ZHEL7EY4S4W6EKXVBUWVJUXDCDWEOWLWBXTTX3H4MI=,"{'light_url': 'https://d3o5xota0a1fcr.cloudfront.net/v6/charts/FA4YLWAQHCJAET2HO6ZEL5WBF44BB72UQXH6HNPJG7TS4ZHEL7EY4S4W6EKXVBUWVJUXDCDWEOWLWBXTTX3H4MI=', 'dark_url': 'https://d3o5xota0a1fcr.cloudfront.net/v6/charts/GUVL3FKFLDONAGFCKI2LZP5BAOSCG2WSG2LOF4CNYXLHJVMFUIEXFKDCCZYONMIQMQIZS44FR4GCKHN5PPMP64Q='}",0,Ciudad de México,Ciudad de México,Mexico,False,False,False,2021-07-20T16:39:46Z,2021-07-20T16:39:46Z,0.0,"{'id': 's29207047', 'polyline': 'w}{tBxgc|Qu@^[X]F]AeCm@cAS', 'resource_state': 3}",5523,155,1,"{'pr_elapsed_time': None, 'pr_date': None, 'pr_visibility': None, 'pr_activity_id': None, 'pr_activity_visibility': None, 'effort_count': 0}","{'kom': '32s', 'qom': '33s', 'overall': '32s', 'destination': {'href': 'strava://segments/29207047/leaderboard', 'type': 'overall', 'name': 'All-Time'}}","{'athlete_id': 154540047, 'title': 'Emiliano Molina', 'profile': 'avatar/athlete/large.png', 'effort_description': '95 efforts in the last 90 days', 'effort_count': '95', 'effort_counts': {'overall': '95 efforts', 'female': '30 efforts'}, 'destination': 'strava://segments/29207047/local_legend?categories%5B%5D=overall'}"
11685984,3,Vuelta completa,Run,1496.1,0.0,6.2,2249.1,2243.0,"[19.320092, -99.124007]","[19.320053, -99.123989]",https://d3o5xota0a1fcr.cloudfront.net/v6/charts/FC7JBTFJ5Q4PHFQOUG2YODDUQUZFQXAAKQKHQTRXCBFCXQ3RHJI4UZGZ3YQK57A2AT5IRQ3Z3HIAGZIMV6UMNOY=,"{'light_url': 'https://d3o5xota0a1fcr.cloudfront.net/v6/charts/FC7JBTFJ5Q4PHFQOUG2YODDUQUZFQXAAKQKHQTRXCBFCXQ3RHJI4UZGZ3YQK57A2AT5IRQ3Z3HIAGZIMV6UMNOY=', 'dark_url': 'https://d3o5xota0a1fcr.cloudfront.net/v6/charts/IXPIIGGLX77PBAV4LA6DUYBQ4DMRBMMMCOA4ODYKHVSBHY2OWLI4PZSJE7TV6WHY3TK3BZ2YEZTQKI37ZXAUXPY='}",0,Ciudad de México,Distrito Federal,Mexico,False,False,False,2016-03-29T21:16:34Z,2021-05-15T02:17:39Z,10.8,"{'id': 's11685984', 'polyline': 'qm|tB`d_|QUUCW?Ij@yABk@d@qAD[Xg@DaA?QGU?c@BOFITGv@c@\\e@f@OE]@]Cs@CGIOCe@QSSECGFe@Bs@DI`@WPUXOJQFEd@ERIV@TCLFHHFN@JGr@?dAHn@Mh@En@DZCNRd@@TAHMXGVBPHNB`@Cv@Uh@GFYTAf@Bp@K`@WTGRS\\CZCFKFS`@Ih@CVIX?RGNGDGAMIEMGg@ESKKEAE?i@Zg@ASIWEGBQTGB', 'resource_state': 3}",57320,1419,19,"{'pr_elapsed_time': None, 'pr_date': None, 'pr_visibility': None, 'pr_activity_id': None, 'pr_activity_visibility': None, 'effort_count': 0}","{'kom': '5:10', 'qom': '5:07', 'overall': '5:07', 'destination': {'href': 'strava://segments/11685984/leaderboard', 'type': 'overall', 'name': 'All-Time'}}","{'athlete_id': 141685652, 'title': 'Jorge Eithan Treviño Selles', 'profile': 'https://graph.facebook.com/2229759587457229/picture?height=256&width=256', 'effort_description': '233 efforts in the last 90 days', 'effort_count': '233', 'effort_counts': {'overall': '233 efforts', 'female': '84 efforts'}, 'destination': 'strava://segments/11685984/local_legend?categories%5B%5D=overall'}"
17133828,3,Primeros 500m,Run,530.0,-2.0,7.7,2255.7,2242.4,"[19.318703, -99.119133]","[19.318753, -99.123125]",https://d3o5xota0a1fcr.cloudfront.net/v6/charts/KZHPYCH6WPTUZZ7YI5DGBZJQRUWFLG5B76OZFDXG6PGHEYIKASCSJULX2LAARVVIQVVMA6UCK2XMQJDVDTJQEETI,"{'light_url': 'https://d3o5xota0a1fcr.cloudfront.net/v6/charts/KZHPYCH6WPTUZZ7YI5DGBZJQRUWFLG5B76OZFDXG6PGHEYIKASCSJULX2LAARVVIQVVMA6UCK2XMQJDVDTJQEETI', 'dark_url': 'https://d3o5xota0a1fcr.cloudfront.net/v6/charts/JJYFXQFJIT5A7BAYBOTURVUZVJ5MNKXO23VGHGWREKDQXSIZ7C6TCOYX33FO3EDJ73FK3EBL2I3OFK4FUYCB2KK7'}",0,Ciudad de México,Ciudad de México,Mexico,False,False,False,2018-03-08T08:19:20Z,2021-05-15T02:20:43Z,7.7,"{'id': 's17133828', 'polyline': '{d|tBre~{Qd@O^Db@P`@dADR@RC`ADVATDLAXDd@GRAXS^JTBn@M`@QdAEBCb@GJARBBCRBF?LGJC^SZ[NYVSF', 'resource_state': 3}",76853,1513,4,"{'pr_elapsed_time': None, 'pr_date': None, 'pr_visibility': None, 'pr_activity_id': None, 'pr_activity_visibility': None, 'effort_count': 0}","{'kom': '1:29', 'qom': '1:45', 'overall': '1:29', 'destination': {'href': 'strava://segments/17133828/leaderboard', 'type': 'overall', 'name': 'All-Time'}}","{'athlete_id': 141685652, 'title': 'Jorge Eithan Treviño Selles', 'profile': 'https://graph.facebook.com/2229759587457229/picture?height=256&width=256', 'effort_description': '234 efforts in the last 90 days', 'effort_count': '234', 'effort_counts': {'overall': '234 efforts', 'female': '90 efforts'}, 'destination': 'strava://segments/17133828/local_legend?categories%5B%5D=overall'}"
17133833,3,Vuelta 1200m,Run,1174.5,0.4,22.0,2255.9,2242.4,"[19.318925, -99.120619]","[19.318948, -99.120654]",https://d3o5xota0a1fcr.cloudfront.net/v6/charts/OL5YL66H6ZYKLOXJVJSNELAJVKUQOYH7NVW4WUEVC2426NIAQ2AI5O6YHYUNAGYZ72PBKV4UPPTV2EFTLEBHIL4D,"{'light_url': 'https://d3o5xota0a1fcr.cloudfront.net/v6/charts/OL5YL66H6ZYKLOXJVJSNELAJVKUQOYH7NVW4WUEVC2426NIAQ2AI5O6YHYUNAGYZ72PBKV4UPPTV2EFTLEBHIL4D', 'dark_url': 'https://d3o5xota0a1fcr.cloudfront.net/v6/charts/J7MSDA5B26HAE2EI4R6WVBH5F7GEUF2ZSNUA7UXYXR2B5MEH42RU3M2UDTBJEWPUUE62JJGXY2EJ2WKQ32CZ5O7V'}",0,Ciudad de México,Ciudad de México,Mexico,False,False,False,2018-03-08T08:20:37Z,2021-05-15T02:20:43Z,34.4,"{'id': 's17133833', 'polyline': 'gf|tBzn~{Q?{AMYQKCKAUBUCm@@GLMTGVWH?HI\\MFA^Db@Pd@lAB^C`ADVATDLAXD^Ir@S^JTBn@M`@QdAEBCb@IR?JBBCRBF?LGJC^MVSLMDYV[JGHQHMJGBKCSUOAQFi@TKCUOEOSUEOBg@DO@g@Z]JSDUCmBNUp@g@`@UZ[N_@Eg@', 'resource_state': 3}",61701,1422,5,"{'pr_elapsed_time': None, 'pr_date': None, 'pr_visibility': None, 'pr_activity_id': None, 'pr_activity_visibility': None, 'effort_count': 0}","{'kom': '4:04', 'qom': '4:59', 'overall': '4:04', 'destination': {'href': 'strava://segments/17133833/leaderboard', 'type': 'overall', 'name': 'All-Time'}}","{'athlete_id': 141685652, 'title': 'Jorge Eithan Treviño Selles', 'profile': 'https://graph.facebook.com/2229759587457229/picture?height=256&width=256', 'effort_description': '204 efforts in the last 90 days', 'effort_count': '204', 'effort_counts': {'overall': '204 efforts', 'female': '64 efforts'}, 'destination': 'strava://segments/17133833/local_legend?categories%5B%5D=overall'}"
31810138,3,Poligono Tepetlapa,Run,662.8,0.0,1.0,2241.8,2241.2,"[19.318095, -99.115267]","[19.31809, -99.115283]",https://d3o5xota0a1fcr.cloudfront.net/v6/charts/QZQCDQPPIPVWAW3CDGWKKY2ZM327P4B2HDZD5OYFL5E7DC62ZTTY5GW4SWLHVBI762GPGAIUWAYAV6ALLGAUV6A=,"{'light_url': 'https://d3o5xota0a1fcr.cloudfront.net/v6/charts/QZQCDQPPIPVWAW3CDGWKKY2ZM327P4B2HDZD5OYFL5E7DC62ZTTY5GW4SWLHVBI762GPGAIUWAYAV6ALLGAUV6A=', 'dark_url': 'https://d3o5xota0a1fcr.cloudfront.net/v6/charts/DZGXCGWM2EDZS4ILME7NJIRUT4D5DGRYV6OIUCO5FJBYATMVWVT5JBSXY7CVRETKCOMRWLSON6CL2ZJCMNY7RDI='}",0,Ciudad de México,Ciudad de México,Mexico,False,False,False,2022-05-21T00:35:05Z,2022-05-21T00:35:05Z,0.0,"{'id': 's31810138', 'polyline': 'aa|tBlm}{QGaDEYKMMAgAAwBDMBCDAHBXXpAJhANp@XtCBNFJTB`@ClACHAHIDUCsA@g@Ag@?W', 'resource_state': 3}",2386,96,0,"{'pr_elapsed_time': None, 'pr_date': None, 'pr_visibility': None, 'pr_activity_id': None, 'pr_activity_visibility': None, 'effort_count': 0}","{'kom': '2:15', 'qom': '2:55', 'overall': '2:15', 'destination': {'href': 'strava://segments/31810138/leaderboard', 'type': 'overall', 'name': 'All-Time'}}","{'athlete_id': 96749642, 'title': 'Juan Ibarra', 'profile': 'https://lh3.googleusercontent.com/a/ACg8ocJ0Cgj4EcNUWxPZ0KyqAPVhqUx0jq2T49Bi4NIt3y6eh5pTiA2m=s96-c', 'effort_description': '25 efforts in the last 90 days', 'effort_count': '25', 'effort_counts': {'overall': '25 efforts', 'female': '20 efforts'}, 'destination': 'strava://segments/31810138/local_legend?categories%5B%5D=overall'}"
5546986,3,Almendros Climb,Run,565.9,7.3,37.2,2453.3,2411.9,"[19.343925, -99.092578]","[19.344151, -99.09008]",https://d3o5xota0a1fcr.cloudfront.net/v6/charts/RQEROIXBMOBXZ6ZGZBZFOQ5NXRGIUY7IJMXE6BYF2BGUXSRSVJYH7VEF3XEYKYYCKHQ57EAJY7QQO27XWO4JYKQ=,"{'light_url': 'https://d3o5xota0a1fcr.cloudfront.net/v6/charts/RQEROIXBMOBXZ6ZGZBZFOQ5NXRGIUY7IJMXE6BYF2BGUXSRSVJYH7VEF3XEYKYYCKHQ57EAJY7QQO27XWO4JYKQ=', 'dark_url': 'https://d3o5xota0a1fcr.cloudfront.net/v6/charts/Y3QMPKKXTDNCSNRZGO7LA6PMQDEVOTBGCXSXACG3JV4EQZCELLXTKRECS4G554BVLOSYXFQ3XVQAPDL4V2BYXZY='}",0,Mexico City,D.F.,Mexico,False,False,False,2013-09-20T14:18:03Z,2021-05-19T08:02:35Z,61.9,"{'id': 's5546986', 'polyline': 'obauBr_y{QT?JELm@@MIoAOk@BOFKLMBGBg@C[LUBOE]R]H[Xu@TYPi@By@_@m@i@UGAc@@QDUVQj@?b@KJOb@GV', 'resource_state': 3}",5322,405,7,"{'pr_elapsed_time': None, 'pr_date': None, 'pr_visibility': None, 'pr_activity_id': None, 'pr_activity_visibility': None, 'effort_count': 0}","{'kom': '2:15', 'qom': '3:24', 'overall': '2:15', 'destination': {'href': 'strava://segments/5546986/leaderboard', 'type': 'overall', 'name': 'All-Time'}}","{'athlete_id': 14952996, 'title': 'Christian Ramírez', 'profile': 'https://dgalywyr863hv.cloudfront.net/pictures/athletes/14952996/4217821/1/large.jpg', 'effort_description': '28 efforts in the last 90 days', 'effort_count': '28', 'effort_counts': {'overall': '28 efforts', 'female': '8 efforts'}, 'destination': 'strava://segments/5546986/local_legend?categories%5B%5D=overall'}"
24853931,3,La rampa,Run,499.7,8.1,17.7,2412.7,2370.4,"[19.340165, -99.094019]","[19.343596, -99.091362]",https://d3o5xota0a1fcr.cloudfront.net/v6/charts/CIA3G22NZCZV5OCD7TOMTLXPCCL5LXWMLJUBQ3PCLRERPFAW26YXXCE6CJJPKLI6JC46UEYHJ3HIQUSX2CRLAWA=,"{'light_url': 'https://d3o5xota0a1fcr.cloudfront.net/v6/charts/CIA3G22NZCZV5OCD7TOMTLXPCCL5LXWMLJUBQ3PCLRERPFAW26YXXCE6CJJPKLI6JC46UEYHJ3HIQUSX2CRLAWA=', 'dark_url': 'https://d3o5xota0a1fcr.cloudfront.net/v6/charts/VES2VTBE3KMHIEXMYTXWLUE3IJEDEV2RBSCNC45JTUJSJ43IK5FITHM4RWFJOAJJI5CY3UAHFVLMKGGNIKW4CGQ='}",0,Ciudad de México,Ciudad de México,Mexico,False,False,False,2020-07-12T17:16:01Z,2021-05-15T08:06:19Z,42.3,"{'id': 's24853931', 'polyline': '_k`uBrhy{Qy@o@OGk@e@Y[_@?KCk@_@q@k@c@Y[Ge@BOCWWYQc@Sc@MEK[MSQUKKMG_@U[Mg@IGKUESC@', 'resource_state': 3}",752,121,3,"{'pr_elapsed_time': None, 'pr_date': None, 'pr_visibility': None, 'pr_activity_id': None, 'pr_activity_visibility': None, 'effort_count': 0}","{'kom': '2:25', 'qom': '3:15', 'overall': '2:25', 'destination': {'href': 'strava://segments/24853931/leaderboard', 'type': 'overall', 'name': 'All-Time'}}","{'athlete_id': 41888500, 'title': 'Mario Cervantes / ""Star Hill Team"" ⛰️', 'profile': 'https://dgalywyr863hv.cloudfront.net/pictures/athletes/41888500/13757040/14/large.jpg', 'effort_description': '6 efforts in the last 90 days', 'effort_count': '6', 'effort_counts': {'overall': '6 efforts', 'female': '3 efforts'}, 'destination': 'strava://segments/24853931/local_legend?categories%5B%5D=overall'}"
6763016,3,Almendros Climb,Run,832.7,5.8,12.9,2320.0,2271.5,"[19.344044, -99.081294]","[19.341104, -99.085622]",https://d3o5xota0a1fcr.cloudfront.net/v6/charts/5EG7O3JZ5YYRC2MOSBGPGCIVK6XGTTTX23OBJCRJCRTOZVIDYXUK2UFK2IC4BPJQZV2OCZTEIZSXWKPNX7EUXYX5,"{'light_url': 'https://d3o5xota0a1fcr.cloudfront.net/v6/charts/5EG7O3JZ5YYRC2MOSBGPGCIVK6XGTTTX23OBJCRJCRTOZVIDYXUK2UFK2IC4BPJQZV2OCZTEIZSXWKPNX7EUXYX5', 'dark_url': 'https://d3o5xota0a1fcr.cloudfront.net/v6/charts/XE6NLIZV2E66BJKM3KAZIJZWMM6TPODL75L7BCJL4YV53NM4GD54YCPHIIOSMVWXLYHUEUKP577HUSEIWCMT7ZMI'}",0,Mexico City,D.F.,Mexico,False,False,False,2014-02-26T16:18:25Z,2021-05-15T02:14:44Z,49.4,"{'id': 's6763016', 'polyline': 'gcauBbyv{QGHk@HWNSTg@^g@l@WP_@`@K^Cd@Rt@JLLH^DVGb@]`@An@Vd@\\f@P`@R\\VXF\\Pd@XPP\\Tp@l@^h@^z@Rp@RVLHRHH@^A`@HLFHNLt@JNPH', 'resource_state': 3}",131,44,0,"{'pr_elapsed_time': None, 'pr_date': None, 'pr_visibility': None, 'pr_activity_id': None, 'pr_activity_visibility': None, 'effort_count': 0}","{'kom': '2:44', 'qom': '6:06', 'overall': '2:44', 'destination': {'href': 'strava://segments/6763016/leaderboard', 'type': 'overall', 'name': 'All-Time'}}",
6763015,3,Almendros Climb,Run,1140.3,4.5,8.4,2339.5,2288.7,"[19.3295, -99.092916]","[19.339052, -99.08924]",https://d3o5xota0a1fcr.cloudfront.net/v6/charts/QRVV7FS433QTPXJPTKFUVD7YZOYIF4NTU4WDRLPC2CGRFQGW4KWHHX4YUHH6S3YI64WHWKJB4ZYB3ZGGLOLE45IA,"{'light_url': 'https://d3o5xota0a1fcr.cloudfront.net/v6/charts/QRVV7FS433QTPXJPTKFUVD7YZOYIF4NTU4WDRLPC2CGRFQGW4KWHHX4YUHH6S3YI64WHWKJB4ZYB3ZGGLOLE45IA', 'dark_url': 'https://d3o5xota0a1fcr.cloudfront.net/v6/charts/B62UYQXCOLEOKAXLAKVMTPBC7FYEFVAFD2ULHB7PETQRSV3SFA5LLIWCB5VLBRONPDX66MYQVFPFI3BIUWGIXF44'}",0,Mexico City,D.F.,Mexico,False,False,False,2014-02-26T16:18:24Z,2021-05-15T02:14:44Z,50.2,"{'id': 's6763015', 'polyline': 'kh~tBvay{Qa@Q]GUMS?MI]CQM_@KOIWCYKwA[YOWGm@KcA[MI_@Mg@KwAe@QE[A_@Ki@YgAWu@U_Ba@y@Y[E{@UqBk@sAe@aCg@s@U_@IQMQGaAOiBo@mBk@', 'resource_state': 3}",159,57,0,"{'pr_elapsed_time': None, 'pr_date': None, 'pr_visibility': None, 'pr_activity_id': None, 'pr_activity_visibility': None, 'effort_count': 0}","{'kom': '4:25', 'qom': '7:13', 'overall': '4:25', 'destination': {'href': 'strava://segments/6763015/leaderboard', 'type': 'overall', 'name': 'All-Time'}}",
19942685,3,Panteón de Lomas al Cerro,Run,699.0,4.5,7.5,2339.6,2307.8,"[19.333069, -99.091517]","[19.338851, -99.089357]",https://d3o5xota0a1fcr.cloudfront.net/v6/charts/3ROOGNNXBTTDCDE5CZ7J5DQD6VGOYKQJBWQVC7Z4RGFUB7EZCZMMCL2EQFGRYUDWSYKJZCUS4IL5HKRTUEG42ECL,"{'light_url': 'https://d3o5xota0a1fcr.cloudfront.net/v6/charts/3ROOGNNXBTTDCDE5CZ7J5DQD6VGOYKQJBWQVC7Z4RGFUB7EZCZMMCL2EQFGRYUDWSYKJZCUS4IL5HKRTUEG42ECL', 'dark_url': 'https://d3o5xota0a1fcr.cloudfront.net/v6/charts/HU3HBAQO62DDNISEFE4O6PUWXQNRZ3KJDLX2ETPZTFI4STCOMFLZVAZMGC272XJFBJVE5ZQG3ODVZ45NSS37W4CG'}",0,Ciudad de México,Ciudad de México,Mexico,False,False,False,2019-02-25T00:14:37Z,2021-05-15T02:22:41Z,31.8,"{'id': 's19942685', 'polyline': 's~~tB~xx{QEEc@Sk@MGEyAY[Eg@MaAQm@Ym@Qc@KKG{CaAuCy@cAWc@IyAg@yA[q@Y{@E', 'resource_state': 3}",284,74,0,"{'pr_elapsed_time': None, 'pr_date': None, 'pr_visibility': None, 'pr_activity_id': None, 'pr_activity_visibility': None, 'effort_count': 0}","{'kom': '2:44', 'qom': '4:10', 'overall': '2:44', 'destination': {'href': 'strava://segments/19942685/leaderboard', 'type': 'overall', 'name': 'All-Time'}}",
37970059,3,Circuito Bahamas (Caseta a Caseta),Run,1296.0,-0.1,4.1,2255.0,2243.5,"[19.322878, -99.097115]","[19.321939, -99.091879]",https://d3o5xota0a1fcr.cloudfront.net/v6/charts/GQXTTPGCLHWXNAQIJ6U7ZGMIT7EBHMOO7BHAART4KCU6YOSUP262IBYW4FHA7WDXPWS4Z3FDF7TZQV44TUFSNRI=,"{'light_url': 'https://d3o5xota0a1fcr.cloudfront.net/v6/charts/GQXTTPGCLHWXNAQIJ6U7ZGMIT7EBHMOO7BHAART4KCU6YOSUP262IBYW4FHA7WDXPWS4Z3FDF7TZQV44TUFSNRI=', 'dark_url': 'https://d3o5xota0a1fcr.cloudfront.net/v6/charts/6SN44XNPKDEL2MX4WOJMJUEKXMN433IWRV6D3VFIQGLLSM2UWVFIAUYEUFI33R73ETO76XYHLPAUX3PRTL7YQAA='}",0,,Mexico City,Mexico,False,False,False,2024-10-15T03:13:42Z,2024-10-15T03:13:42Z,10.2992,"{'id': 's37970059', 'polyline': '}~|tB~{y{QEEm@QOO_A[uA]m@G[M{@UOOsBm@SMo@Q]Qi@OGIEm@Ia@O]Im@G_AMy@OWOK]]Oa@?GLmBNs@Z_@f@y@TmANa@hAcAz@o@PGb@Cl@D|D`@fBXbAJ~@LfBJv@LDG', 'resource_state': 3}",129,29,0,"{'pr_elapsed_time': None, 'pr_date': None, 'pr_visibility': None, 'pr_activity_id': None, 'pr_activity_visibility': None, 'effort_count': 0}","{'kom': '4:32', 'qom': '5:16', 'overall': '4:32', 'destination': {'href': 'strava://segments/37970059/leaderboard', 'type': 'overall', 'name': 'All-Time'}}","{'athlete_id': 101250495, 'title': 'Luis Vargas', 'profile': 'https://dgalywyr863hv.cloudfront.net/pictures/athletes/101250495/26860864/4/large.jpg', 'effort_description': '1 effort in the last 90 days', 'effort_count': '1', 'effort_counts': {'overall': '1 effort', 'female': None}, 'destination': 'strava://segments/37970059/local_legend?categories%5B%5D=overall'}"
29097017,3,Almendros Bajada Panteón,Run,635.5,-4.8,-0.8,2339.6,2308.8,"[19.338687, -99.089379]","[19.33322, -99.091446]",https://d3o5xota0a1fcr.cloudfront.net/v6/charts/2Z6KLROUFXQBET22CAVRFTKHI4Y4K7CYSZJHVBGWIRYKU6MKVWCF2PLHTZTL6EBFMNC3YMERUTAE5HZ55C7ZOANG,"{'light_url': 'https://d3o5xota0a1fcr.cloudfront.net/v6/charts/2Z6KLROUFXQBET22CAVRFTKHI4Y4K7CYSZJHVBGWIRYKU6MKVWCF2PLHTZTL6EBFMNC3YMERUTAE5HZ55C7ZOANG', 'dark_url': 'https://d3o5xota0a1fcr.cloudfront.net/v6/charts/BZICQW27ZLT5AFWZQOPKQLEDCPY6BCME274YTVSIV3GRNQ2L7XMZVBTJ7NYEPT7YNTZDZRSPRKUMANCWDDNBNNFQ'}",0,Ciudad de México,Ciudad de México,Mexico,False,False,False,2021-07-10T20:53:44Z,2021-07-10T20:56:13Z,0.0,"{'id': 's29097017', 'polyline': 'wa`uBrkx{QVL~@XhAXf@Rv@TXLfAP|Bl@pAb@t@P`Bd@^DzDjA`@H~@Xx@P', 'resource_state': 3}",159,48,0,"{'pr_elapsed_time': None, 'pr_date': None, 'pr_visibility': None, 'pr_activity_id': None, 'pr_activity_visibility': None, 'effort_count': 0}","{'kom': '2:24', 'qom': '3:08', 'overall': '2:24', 'destination': {'href': 'strava://segments/29097017/leaderboard', 'type': 'overall', 'name': 'All-Time'}}",
32812797,3,Cerro vuelta,Run,542.0,-0.3,18.8,2428.6,2413.8,"[19.343542, -99.090775]","[19.343522, -99.090752]",https://d3o5xota0a1fcr.cloudfront.net/v6/charts/Z2O6G4MD62BLX6YODDJVLBSENXRJUFQVRU2BASELL6OQKPMEYRS53ZSG4U5U4AOMILRBAOUYKU7PS3DSVCT3RK7G,"{'light_url': 'https://d3o5xota0a1fcr.cloudfront.net/v6/charts/Z2O6G4MD62BLX6YODDJVLBSENXRJUFQVRU2BASELL6OQKPMEYRS53ZSG4U5U4AOMILRBAOUYKU7PS3DSVCT3RK7G', 'dark_url': 'https://d3o5xota0a1fcr.cloudfront.net/v6/charts/CRK2JTCUVZTT3T7O6L7IROU7XKGXTGH2INGKOYYTGD5QXTVQRJBFB7B45F2Y7IB4L2GO7744IYE75Q24WAWUVSDF'}",0,Mexico City,Mexico City,Mexico,False,False,False,2022-09-11T22:03:58Z,2022-09-11T22:03:58Z,13.4,"{'id': 's32812797', 'polyline': 'c`auBjtx{QHUJQNa@P_@b@iAHs@?WIc@GIKGa@Mu@IM?]FMLGNw@|BMt@Gb@CH@PJVZXn@VTPLDF?LIRg@', 'resource_state': 3}",20977,875,1,"{'pr_elapsed_time': None, 'pr_date': None, 'pr_visibility': None, 'pr_activity_id': None, 'pr_activity_visibility': None, 'effort_count': 0}","{'kom': '1:35', 'qom': '2:15', 'overall': '1:35', 'destination': {'href': 'strava://segments/32812797/leaderboard', 'type': 'overall', 'name': 'All-Time'}}","{'athlete_id': 2997771, 'title': 'Vlad Meriin', 'profile': 'avatar/athlete/large.png', 'effort_description': '312 efforts in the last 90 days', 'effort_count': '312', 'effort_counts': {'overall': '312 efforts', 'female': '46 efforts'}, 'destination': 'strava://segments/32812797/local_legend?categories%5B%5D=overall'}"
34614277,3,"Star Hill ""Climb""",Run,402.8,12.9,41.6,2352.0,2300.2,"[19.344611, -99.085124]","[19.341957, -99.087074]",https://d3o5xota0a1fcr.cloudfront.net/v6/charts/UOTO6A6X7VHSANB4SVWQS4ZNRETNSYNHW2AZ63HAF47MLTKGQGQEVYRJACZQDRTTK3OZNYKEB6VXXXUXFRG35S4X,"{'light_url': 'https://d3o5xota0a1fcr.cloudfront.net/v6/charts/UOTO6A6X7VHSANB4SVWQS4ZNRETNSYNHW2AZ63HAF47MLTKGQGQEVYRJACZQDRTTK3OZNYKEB6VXXXUXFRG35S4X', 'dark_url': 'https://d3o5xota0a1fcr.cloudfront.net/v6/charts/AUPBSWX7AKYCER5QYEHQ5VNH475UE7DNEUUCQ4B7DCBYJ2UFCEU7ERE42OUENNME7CEZSD4YRKWNK664L3AXI2JO'}",0,,Mexico City,Mexico,False,False,False,2023-06-10T07:49:30Z,2025-06-13T06:59:19Z,44.6162,"{'id': 's34614277', 'polyline': 'yfauB`qw{QpAVTNXf@Bf@Rj@N^RNH@lAKd@HLNPl@Zr@t@d@dBX', 'resource_state': 3}",2400,331,1,"{'pr_elapsed_time': None, 'pr_date': None, 'pr_visibility': None, 'pr_activity_id': None, 'pr_activity_visibility': None, 'effort_count': 0}","{'kom': '2:05', 'qom': '3:09', 'overall': '2:05', 'destination': {'href': 'strava://segments/34614277/leaderboard', 'type': 'overall', 'name': 'All-Time'}}","{'athlete_id': 41888500, 'title': 'Mario Cervantes / ""Star Hill Team"" ⛰️', 'profile': 'https://dgalywyr863hv.cloudfront.net/pictures/athletes/41888500/13757040/14/large.jpg', 'effort_description': '22 efforts in the last 90 days', 'effort_count': '22', 'effort_counts': {'overall': '22 efforts', 'female': '6 efforts'}, 'destination': 'strava://segments/34614277/local_legend?categories%5B%5D=overall'}"
38988472,3,"Star Hill ""Climber""",Run,787.4,7.1,21.2,2437.0,2379.8,"[19.341791, -99.092489]","[19.343254, -99.089179]",https://d3o5xota0a1fcr.cloudfront.net/v6/charts/NTGDSH32ADXB52JKKCJ6LJSRX7KWPAGG5JMI7ZVHEEDAGJSIZZ3YE2CGOPDOVT2HODQMKEZVYZKPKC22AHDWKVI=,"{'light_url': 'https://d3o5xota0a1fcr.cloudfront.net/v6/charts/NTGDSH32ADXB52JKKCJ6LJSRX7KWPAGG5JMI7ZVHEEDAGJSIZZ3YE2CGOPDOVT2HODQMKEZVYZKPKC22AHDWKVI=', 'dark_url': 'https://d3o5xota0a1fcr.cloudfront.net/v6/charts/IG563RRBVQ624GKOP3FZBFM7PG3S7PK5H6RHKZ4O5HS5ALKTA23PWQ234L5VSQS7VX2FLDUOL7HLBRLW4PBXHYI='}",0,,Mexico City,Mexico,False,False,False,2025-04-20T01:07:08Z,2025-04-20T01:07:08Z,57.2,"{'id': 's38988472', 'polyline': 'eu`uB`_y{QMYUUc@o@Me@@EFCd@JFCHOd@i@\\g@DWLSDMBUAKCCy@]YGI@SIGMKECGAYGCAAGDEJ?H[^CBEACG?ELS@SAIDYHYJm@b@]V]NINQP[@k@CCICa@EUL_@FGCe@TUFe@Cc@BWCk@B', 'resource_state': 3}",1128,194,2,"{'pr_elapsed_time': None, 'pr_date': None, 'pr_visibility': None, 'pr_activity_id': None, 'pr_activity_visibility': None, 'effort_count': 0}","{'kom': '3:40', 'qom': '4:43', 'overall': '3:40', 'destination': {'href': 'strava://segments/38988472/leaderboard', 'type': 'overall', 'name': 'All-Time'}}","{'athlete_id': 55687179, 'title': 'Gustavo Falcon', 'profile': 'https://lh3.googleusercontent.com/a/ACg8ocLFEMlvjWEGcQuMF6NClw-J7QzA8e6Kbqc-0zp5OBFMwv6OvAIX=s96-c', 'effort_description': '7 efforts in the last 90 days', 'effort_count': '7', 'effort_counts': {'overall': '7 efforts', 'female': '4 efforts'}, 'destination': 'strava://segments/38988472/local_legend?categories%5B%5D=overall'}"
18492180,3,5k,Run,5029.9,-0.0,13.7,2251.1,2243.7,"[19.344055, -99.048241]","[19.343744, -99.048988]",https://d3o5xota0a1fcr.cloudfront.net/v6/charts/YZ64CBK3HOJAQOAYTWRN3ZJYDNHZWXT5EJLP4KEJ4OVG5XV5PCZWUNLQW3VVE5FM5IDDP2POOSYXSWM3MKTBAVY=,"{'light_url': 'https://d3o5xota0a1fcr.cloudfront.net/v6/charts/YZ64CBK3HOJAQOAYTWRN3ZJYDNHZWXT5EJLP4KEJ4OVG5XV5PCZWUNLQW3VVE5FM5IDDP2POOSYXSWM3MKTBAVY=', 'dark_url': 'https://d3o5xota0a1fcr.cloudfront.net/v6/charts/627O4WE2HZAGYG2ZOCOEKO4XKDTEKJZNB5LPFZU7FXEEZ6MRLEOZI6525IXKKSGT2RGESAIEXY6WE5FA57W5RXA='}",0,Ciudad de México,Ciudad de México,Mexico,False,False,False,2018-08-10T02:59:03Z,2021-05-15T02:21:41Z,126.6,"{'id': 's18492180', 'polyline': 'icauBpjp{QO@SNQPCLL~@DLJJNDfBFJAlABJCLEJINWB[?]GYIKGIWG}DK]LKDUb@CZ@LXj@ZN^FNAhADbAH^ELIRs@@YGc@EMKMMG[GoDK]FMJSXEN@`@J`@FLLHZHb@A|CDXGJKFO@_@Ge@M_@EGMGQAu@EO?QAwACa@FMHKLI\\?RDb@^j@b@HvB@bAC\\MFGH_@Aa@Uq@IGa@Is@Es@BsAEMBMJQ^E^@TFPTZLFr@H`@CbA?p@DZEJKLa@@QEm@EOOMOG}@Gc@BcB?_@DKHKJEPEp@@PHPNJb@J|@@P@z@Ef@@PCPEZUDQAe@EUQa@MKOEy@CwAAa@@SBMDMJS\\CJDr@JPJLPJ|AFx@Ef@?d@INMHIBOKy@IO[SSCe@GkACeA?OHMLMJIP?PHf@P`@LLz@@zAAd@B`@IPKT]E{@EOIKc@QSAiBEy@BODi@d@CLAPDTPb@LNLFlACnABd@APENIXWDOOy@KOQImCSi@BSCMDSL[h@?LDb@P^LJd@Hz@CpB?`@SJIFO?e@Qs@MKQGS?{@B{AGc@BOHUXIN@d@Pf@FFNHd@Jv@?|@Cz@?PGXUBOC[Kc@IQQKqBOcB?WNMPEPAJD`@J^RTTDz@A', 'resource_state': 3}",3384,259,3,"{'pr_elapsed_time': None, 'pr_date': None, 'pr_visibility': None, 'pr_activity_id': None, 'pr_activity_visibility': None, 'effort_count': 0}","{'kom': '16:28', 'qom': '19:49', 'overall': '16:28', 'destination': {'href': 'strava://segments/18492180/leaderboard', 'type': 'overall', 'name': 'All-Time'}}","{'athlete_id': 2997771, 'title': 'Vlad Meriin', 'profile': 'avatar/athlete/large.png', 'effort_description': '42 efforts in the last 90 days', 'effort_count': '42', 'effort_counts': {'overall': '42 efforts', 'female': '32 efforts'}, 'destination': 'strava://segments/18492180/local_legend?categories%5B%5D=overall'}"
30365409,3,Parque Avíón DUQ Correr,Run,617.9,0.0,2.7,2252.9,2250.9,"[19.329596, -99.043491]","[19.329497, -99.043518]",https://d3o5xota0a1fcr.cloudfront.net/v6/charts/HSPYHEOOZ7KRMXHR747WPLJTE5SPPCQ5ZUSB7PM4FLEU3ZP5DBT55L3I7TUPDCCO7KWY6HJNA63P53SHQAXOGJY=,"{'light_url': 'https://d3o5xota0a1fcr.cloudfront.net/v6/charts/HSPYHEOOZ7KRMXHR747WPLJTE5SPPCQ5ZUSB7PM4FLEU3ZP5DBT55L3I7TUPDCCO7KWY6HJNA63P53SHQAXOGJY=', 'dark_url': 'https://d3o5xota0a1fcr.cloudfront.net/v6/charts/Z34ALZMO2QNKGGF3PHOKXJYF3QOXREMPFXRX2C2YW7PJTSEJO7ORCXXPWFUMOSEEETZEOWSKWWOVV5PN2SQUI4A='}",0,Ciudad de México,Ciudad de México,Mexico,False,False,False,2021-11-10T15:20:46Z,2021-11-10T15:20:47Z,0.0,"{'id': 's30365409', 'polyline': '}h~tBzlo{QKPGXLZAdAHtAE`@@p@Ab@FnACr@BpABFH@FC?CAgBBqAEcAFs@A]DWE[Aw@@e@J{@AGC@MK', 'resource_state': 3}",1506,41,1,"{'pr_elapsed_time': None, 'pr_date': None, 'pr_visibility': None, 'pr_activity_id': None, 'pr_activity_visibility': None, 'effort_count': 0}","{'kom': '1:56', 'qom': '2:16', 'overall': '1:56', 'destination': {'href': 'strava://segments/30365409/leaderboard', 'type': 'overall', 'name': 'All-Time'}}","{'athlete_id': 119700465, 'title': 'Narciso Alvarez', 'profile': 'https://lh3.googleusercontent.com/a/AAcHTteic7pKL7ZietSgkODKPK3UM1mVMqqhNl3wowlcQCI=s96-c', 'effort_description': '33 efforts in the last 90 days', 'effort_count': '33', 'effort_counts': {'overall': '33 efforts', 'female': '6 efforts'}, 'destination': 'strava://segments/30365409/local_legend?categories%5B%5D=overall'}"
17586689,3,Vuelta a la pista de atletismo 400mts,Run,427.7,-0.0,9.7,2251.0,2243.7,"[19.343995, -99.048254]","[19.344039, -99.048257]",https://d3o5xota0a1fcr.cloudfront.net/v6/charts/6HIUST57CZNDBIX4V4WNTH3TNISBVBT7KMESRUC22U6I3L3D67KOLW66UKBLPOIE4PZN6VAOMKDQNPIHDT4RPICR,"{'light_url': 'https://d3o5xota0a1fcr.cloudfront.net/v6/charts/6HIUST57CZNDBIX4V4WNTH3TNISBVBT7KMESRUC22U6I3L3D67KOLW66UKBLPOIE4PZN6VAOMKDQNPIHDT4RPICR', 'dark_url': 'https://d3o5xota0a1fcr.cloudfront.net/v6/charts/ORM7W3MQOJYR6FQMUIAYGNDLCCRO23IODAFDUXYG2PWC5F6YTF4I3KYMFRGOFJDJW5LWLNX5GAPFBVXH6HOEGOHV'}",0,Ciudad de México,Ciudad de México,Mexico,False,False,False,2018-05-06T19:57:22Z,2021-05-15T02:21:02Z,10.2,"{'id': 's17586689', 'polyline': '}bauBrjp{Q]BOFGHGP?`@F\\NZLFbADv@@tAE\\MDIB_@Ei@O]IGSIwCD]A', 'resource_state': 3}",57940,506,5,"{'pr_elapsed_time': None, 'pr_date': None, 'pr_visibility': None, 'pr_activity_id': None, 'pr_activity_visibility': None, 'effort_count': 0}","{'kom': '1:00', 'qom': '1:12', 'overall': '1:00', 'destination': {'href': 'strava://segments/17586689/leaderboard', 'type': 'overall', 'name': 'All-Time'}}","{'athlete_id': 156961113, 'title': 'Brandon Said Enriquez Hernández', 'profile': 'https://dgalywyr863hv.cloudfront.net/pictures/athletes/156961113/35071770/1/large.jpg', 'effort_description': '599 efforts in the last 90 days', 'effort_count': '599', 'effort_counts': {'overall': '599 efforts', 'female': '454 efforts'}, 'destination': 'strava://segments/17586689/local_legend?categories%5B%5D=overall'}"
18367238,3,1km en la pista,Run,1046.9,0.1,10.2,2251.2,2243.7,"[19.343979, -99.04824]","[19.342994, -99.048972]",https://d3o5xota0a1fcr.cloudfront.net/v6/charts/OQJGAW3DGAIKKB6UBCHGC5R2Q2OM5UFTVFIY2ADMTQQEGG75NPHH4VPWYUVOXZWS5MKWEWYUPK4ELZ2N4UI6JBI=,"{'light_url': 'https://d3o5xota0a1fcr.cloudfront.net/v6/charts/OQJGAW3DGAIKKB6UBCHGC5R2Q2OM5UFTVFIY2ADMTQQEGG75NPHH4VPWYUVOXZWS5MKWEWYUPK4ELZ2N4UI6JBI=', 'dark_url': 'https://d3o5xota0a1fcr.cloudfront.net/v6/charts/CAZSIGUXKGDROLAI4ZTKHDZNJHOWMCPAAPQEDSIIBCYGFMOCUTLMOST7CEZHJYUK47XS3T2UFYN3N7NQS7H25TI='}",0,Ciudad de México,Ciudad de México,Mexico,False,False,False,2018-07-29T01:40:46Z,2021-05-15T02:21:35Z,28.8,"{'id': 's18367238', 'polyline': 'ybauBnjp{Qg@TM`@AXFb@JPJFTD^D~AAL@RALCTKV]Ba@EUCMMQIEoEKKBMLM`@CTD^BJLLJFx@FdC@REJGLOF_@Ee@GQEKQGa@EeDCK@OHIPGb@Dd@BLNLRHdADpA@|@E', 'resource_state': 3}",19862,449,0,"{'pr_elapsed_time': None, 'pr_date': None, 'pr_visibility': None, 'pr_activity_id': None, 'pr_activity_visibility': None, 'effort_count': 0}","{'kom': '2:53', 'qom': '3:17', 'overall': '2:53', 'destination': {'href': 'strava://segments/18367238/leaderboard', 'type': 'overall', 'name': 'All-Time'}}","{'athlete_id': 156961113, 'title': 'Brandon Said Enriquez Hernández', 'profile': 'https://dgalywyr863hv.cloudfront.net/pictures/athletes/156961113/35071770/1/large.jpg', 'effort_description': '234 efforts in the last 90 days', 'effort_count': '234', 'effort_counts': {'overall': '234 efforts', 'female': '165 efforts'}, 'destination': 'strava://segments/18367238/local_legend?categories%5B%5D=overall'}"
19527619,3,10000 metros,Run,10099.6,-0.0,22.7,2251.2,2243.7,"[19.343196, -99.048905]","[19.34403, -99.048213]",https://d3o5xota0a1fcr.cloudfront.net/v6/charts/W7OBVCZA35FTHALFHUBEJVYR67EJVDRK75U6762PT6IQUKGFGAKM3AKKK7CLKFWYLJZOEZABRLOXGTZR5YGA7BA=,"{'light_url': 'https://d3o5xota0a1fcr.cloudfront.net/v6/charts/W7OBVCZA35FTHALFHUBEJVYR67EJVDRK75U6762PT6IQUKGFGAKM3AKKK7CLKFWYLJZOEZABRLOXGTZR5YGA7BA=', 'dark_url': 'https://d3o5xota0a1fcr.cloudfront.net/v6/charts/PUYCIDOYOMCACXXWFFYEOWIBBYLYOUHUCIVRVG4VM34XGX2YVP5AQMJ2Q4PMEZI6SLG54VKBKKICI4NEPBI5AQI='}",0,Ciudad de México,Ciudad de México,Mexico,False,False,False,2018-12-22T20:42:07Z,2021-05-15T02:22:24Z,276.4,"{'id': 's19527619', 'polyline': '}}`uBtnp{QH@LEHIJOJq@ASESOOg@Oc@Ci@?[BKDw@FQFIFMPCJC^DZHTRLPDxD?NCJGFIFQDa@E[KWMKo@GqCC[DKFILIZAXBXJPNHNFb@D|AE~@BLCJGFGDMDWA[K]QSQE]?]Ey@?w@C[DKDU^ER?\\DLT\\LHN@zADtAAZMPWFY?YG[GKQISCgAEmB?QFIHIPER?XBZJVHJLDXBxBCn@BNENMJ]B]Ec@GQQKa@GgD@QDOPIXAV?NBRPXLHh@DxC?RGNKJ[@k@G]IKIGWGeC@q@CQDOPKVCT?VBNJTPRf@BvAEhABTILOJm@Ks@GKKGMCkACm@EaA@QBOJINEZ?`@DVHNRJf@BxBAd@@PEJIL]@YCYIYQOOCsDCWFKFGJITA`@BVFRLNJFRBrDETKJKFUB[?OEWMQQK_@A}@?_AEs@?MFKNGRAX@^FRJPPJ^DjDCNIJKH[B_@C[ISGGSIuDGWBQHKPCNA`@@RJ\\LPJDf@@d@C`CALGJQFSB_@CYGOOOQIYCqD?OJKNERATBVH\\LNLHd@Bv@Gv@Al@@NCPMDKFY?WI_@KSSIcBEc@@}@AOBKJGTCZ@\\FVJNLHl@Bv@?~ABNGJMHWBYAWIWMOQGcCEaA@MFKLGTCPD`@HXJNFDv@B`AEvAAHELMFUBWCYGQMOOGYCmACaB@OHKNENCXBXFVLPNH`@@rCARCJENUDS@SAYGQKOQG_@CmDAMFINENA\\Ff@NTLJp@?~AAp@@HANIHQBW@YAQGQKOQGi@C_D?KDKLEJCX@ZFXHPLJp@@x@A~A@NGFIL]@SAWEOIQOISCcAAsAE_@@QFKJGPCXBZDTLPNJn@DzA@x@ANEHGJSDUBa@EQMWOKg@K}AAu@Ca@PIHINEPCZDTJXJJLDRBjD@LELGHMDSB]Ga@MSQKy@CiC@ODMHKPCP?XF\\FNPNJ@l@@|@AxA@HCJKJWBQA_@GYQQQGOCsD@ODKJGVA`@DZFPNNPDN@lBAt@@PCLIJMDW@YC[GQMMQG{CAk@BOHKLGVATBRJ\\JLNFbE?NIJMHW@[CYIQGGQIsCEs@@OFKLITAV@RHVLNNJr@BtCCLGJOH]?KC[EQKMOIq@CcCAY@MHKLGT?R@RJ\\JLLHn@B|ACz@@HCJMJ[BWCYIWIIOGQAuDEOHKLGPCX@TFXLPNHPBpBCfA@JCLMHYBS?SGYIOOKe@E{B?]CEA', 'resource_state': 3}",536,62,1,"{'pr_elapsed_time': None, 'pr_date': None, 'pr_visibility': None, 'pr_activity_id': None, 'pr_activity_visibility': None, 'effort_count': 0}","{'kom': '37:40', 'qom': '49:14', 'overall': '37:40', 'destination': {'href': 'strava://segments/19527619/leaderboard', 'type': 'overall', 'name': 'All-Time'}}","{'athlete_id': 2997771, 'title': 'Vlad Meriin', 'profile': 'avatar/athlete/large.png', 'effort_description': '13 efforts in the last 90 days', 'effort_count': '13', 'effort_counts': {'overall': '13 efforts', 'female': '4 efforts'}, 'destination': 'strava://segments/19527619/local_legend?categories%5B%5D=overall'}"
13782830,3,Faldas-Punta del CG,Run,840.5,39.8,50.0,2738.8,2404.2,"[19.317489, -99.000168]","[19.323592, -98.999912]",https://d3o5xota0a1fcr.cloudfront.net/v6/charts/G4THH7DCSXAV5FDN3NMKBDH2UCDKW4CE5MX3IUIKM763RJSSGNIT5DHZ6NVT7OUFQBP3UWLUQIKOZNLX24QC7MWA,"{'light_url': 'https://d3o5xota0a1fcr.cloudfront.net/v6/charts/G4THH7DCSXAV5FDN3NMKBDH2UCDKW4CE5MX3IUIKM763RJSSGNIT5DHZ6NVT7OUFQBP3UWLUQIKOZNLX24QC7MWA', 'dark_url': 'https://d3o5xota0a1fcr.cloudfront.net/v6/charts/A3ZQZMKVAFFPSXWKHZJYJU4X2WIWOB4YHZCRX2OBHM53BACVWKWL6GROYA3TLGA4APVCP362SFTLMSYYY3JTRUAS'}",0,Ciudad de México,Ciudad de México,Mexico,False,False,False,2016-12-09T22:27:43Z,2021-05-15T02:18:47Z,334.6,"{'id': 's13782830', 'polyline': 'g}{tB`~f{QWOYEME_A@MCU@cBGs@QAICA@ISMMEO@EG?E@@e@G[JEAIFCAa@JQAUBY?e@PY@MEOB[Lm@CeAP[AWFOHa@?[Da@EO?ABKCCBOa@C?E@QGc@REAGFGGI@MQI@IC[DEDUBOJEEAM', 'resource_state': 3}",35,22,1,"{'pr_elapsed_time': None, 'pr_date': None, 'pr_visibility': None, 'pr_activity_id': None, 'pr_activity_visibility': None, 'effort_count': 0}","{'kom': None, 'qom': '37:24', 'overall': None, 'destination': {'href': 'strava://segments/13782830/leaderboard', 'type': 'overall', 'name': 'All-Time'}}","{'athlete_id': 169470585, 'title': 'Michel Mares Becerril', 'profile': 'https://lh3.googleusercontent.com/a/ACg8ocI8KvkY0AZg4UZscw0V_E0yIfpcTGhfl_DDJKCphhMz99WZSpci=s96-c', 'effort_description': '1 effort in the last 90 days', 'effort_count': '1', 'effort_counts': {'overall': '1 effort', 'female': None}, 'destination': 'strava://segments/13782830/local_legend?categories%5B%5D=overall'}"
13662102,3,Desviación,Run,603.1,9.7,19.1,2433.0,2373.6,"[19.315047, -99.000917]","[19.3188, -99.00234]",https://d3o5xota0a1fcr.cloudfront.net/v6/charts/W3GMCQC6HWGRBACWUOJPE5P7M4GFBIEPQUIHEUP42PZMHY3CIMGHR6NK5PBW2JK4RLTRQMW5QU7OG23LH6Z5WKA=,"{'light_url': 'https://d3o5xota0a1fcr.cloudfront.net/v6/charts/W3GMCQC6HWGRBACWUOJPE5P7M4GFBIEPQUIHEUP42PZMHY3CIMGHR6NK5PBW2JK4RLTRQMW5QU7OG23LH6Z5WKA=', 'dark_url': 'https://d3o5xota0a1fcr.cloudfront.net/v6/charts/GXFCG6TLNQH2PZ7GUNDD6ZWMQYLCV3EQQ6TI7WZUMID4BUD7UPL3Y4OU7COOYUKGVKAAANMTE4DPIS25LWHOOUA='}",0,Ciudad de México,Ciudad de México,Mexico,False,False,False,2016-11-16T21:52:12Z,2021-05-17T08:06:40Z,59.4,"{'id': 's13662102', 'polyline': '_n{tBvbg{Qa@OKMOe@S_@a@GaBEy@Mc@?}@IwCMkAhBQb@Gf@Af@If@KL_Ah@g@d@Id@Hh@', 'resource_state': 3}",851,138,2,"{'pr_elapsed_time': None, 'pr_date': None, 'pr_visibility': None, 'pr_activity_id': None, 'pr_activity_visibility': None, 'effort_count': 0}","{'kom': '3:04', 'qom': '4:29', 'overall': '3:04', 'destination': {'href': 'strava://segments/13662102/leaderboard', 'type': 'overall', 'name': 'All-Time'}}","{'athlete_id': 106300631, 'title': 'Ardilla Casta', 'profile': 'https://dgalywyr863hv.cloudfront.net/pictures/athletes/106300631/26039603/2/large.jpg', 'effort_description': '5 efforts in the last 90 days', 'effort_count': '5', 'effort_counts': {'overall': '5 efforts', 'female': '5 efforts'}, 'destination': 'strava://segments/13662102/local_legend?categories%5B%5D=overall'}"
13662111,3,Ultima Meseta,Run,326.5,12.4,20.7,2586.3,2543.2,"[19.324162, -99.008445]","[19.324764, -99.005903]",https://d3o5xota0a1fcr.cloudfront.net/v6/charts/4HVNM2MB4BUAIOWHP22V367FCXUYX2MZ5NWSFCDE6NZDUM424SLWOR45P5HZOVIFYRL7BXMOLHCRRDVK6YNWUHEB,"{'light_url': 'https://d3o5xota0a1fcr.cloudfront.net/v6/charts/4HVNM2MB4BUAIOWHP22V367FCXUYX2MZ5NWSFCDE6NZDUM424SLWOR45P5HZOVIFYRL7BXMOLHCRRDVK6YNWUHEB', 'dark_url': 'https://d3o5xota0a1fcr.cloudfront.net/v6/charts/AGFJQVMEDKU22H5FYMZYNJKW664VKQIVJGB45A2VKLIQR2JWPGP36TY2WILF2IYSOPHYEVR4W7DDDXTJFTRDOWAV'}",0,Ciudad de México,Ciudad de México,Mexico,False,False,False,2016-11-16T21:54:27Z,2021-05-15T02:18:43Z,43.1,"{'id': 's13662111', 'polyline': '_g}tBxqh{QZOP_@@[AMEUQa@Y]i@Yg@KY[E]B]Em@@c@Co@?e@AOBU', 'resource_state': 3}",711,175,4,"{'pr_elapsed_time': None, 'pr_date': None, 'pr_visibility': None, 'pr_activity_id': None, 'pr_activity_visibility': None, 'effort_count': 0}","{'kom': '1:51', 'qom': '2:55', 'overall': '1:51', 'destination': {'href': 'strava://segments/13662111/leaderboard', 'type': 'overall', 'name': 'All-Time'}}","{'athlete_id': 115319740, 'title': 'ELBA MARTINEZ', 'profile': 'https://dgalywyr863hv.cloudfront.net/pictures/athletes/115319740/36729495/1/large.jpg', 'effort_description': '9 efforts in the last 90 days', 'effort_count': '9', 'effort_counts': {'overall': '9 efforts', 'female': '9 efforts'}, 'destination': 'strava://segments/13662111/local_legend?categories%5B%5D=overall'}"
17356507,3,Volcan Guadalupe,Run,1021.3,0.5,26.8,2744.8,2722.8,"[19.323675, -98.999642]","[19.323696, -99.000363]",https://d3o5xota0a1fcr.cloudfront.net/v6/charts/IY4VRMBEYYDTVITM3LHZ5UPLQAKXDVDXFR56XANO5Y6TBIX24HFLENENUUWYLQVNIQHMVWPYOXKYOCVGNGF7NPP2,"{'light_url': 'https://d3o5xota0a1fcr.cloudfront.net/v6/charts/IY4VRMBEYYDTVITM3LHZ5UPLQAKXDVDXFR56XANO5Y6TBIX24HFLENENUUWYLQVNIQHMVWPYOXKYOCVGNGF7NPP2', 'dark_url': 'https://d3o5xota0a1fcr.cloudfront.net/v6/charts/JB4XJ74WUN6KY66DM4RB5LW32CHUA52A2OSNMOP2LELQCZYOIIB72POTWT2ZDFO47TTGPJIFMRZKW6BYCGKN3IUD'}",0,Ciudad de México,Ciudad de México,Mexico,False,False,False,2018-04-09T23:59:04Z,2021-05-15T02:20:52Z,31.0,"{'id': 's17356507', 'polyline': '}c}tBxzf{QM}@c@kAGIo@m@}@y@GCK??Ea@?_@]ME[BIGWCa@JB@WL_@^g@Be@LONKDICW`@Qf@Wz@KnAAl@DtAHt@LVPj@r@v@DPhAPjA?nAI`@InBk@ZE@IVONo@v@}@', 'resource_state': 3}",365,51,2,"{'pr_elapsed_time': None, 'pr_date': None, 'pr_visibility': None, 'pr_activity_id': None, 'pr_activity_visibility': None, 'effort_count': 0}","{'kom': '4:39', 'qom': None, 'overall': '4:39', 'destination': {'href': 'strava://segments/17356507/leaderboard', 'type': 'overall', 'name': 'All-Time'}}","{'athlete_id': 57146973, 'title': ""Moni'Que ✨✨✨🚀"", 'profile': 'https://dgalywyr863hv.cloudfront.net/pictures/athletes/57146973/14776534/1/large.jpg', 'effort_description': '2 efforts in the last 90 days', 'effort_count': '2', 'effort_counts': {'overall': '2 efforts', 'female': '2 efforts'}, 'destination': 'strava://segments/17356507/local_legend?categories%5B%5D=overall'}"
35413399,3,del arenal rojo al OTSO,Run,3620.8,4.3,30.4,2385.6,2230.2,"[19.316854, -99.019971]","[19.322342, -99.008567]",https://d3o5xota0a1fcr.cloudfront.net/v6/charts/64C7X3FZFNBQG66IQK3CRXUEOOQVBFI6B76G3CIZZM5NA4VA4BVMQHCVQDU2JDGM7N7OJJQG5NH4VV6OWRDS7RDD,"{'light_url': 'https://d3o5xota0a1fcr.cloudfront.net/v6/charts/64C7X3FZFNBQG66IQK3CRXUEOOQVBFI6B76G3CIZZM5NA4VA4BVMQHCVQDU2JDGM7N7OJJQG5NH4VV6OWRDS7RDD', 'dark_url': 'https://d3o5xota0a1fcr.cloudfront.net/v6/charts/MPS3HXISECOLXLUCNIG3FXI35T6WAIYDKCIVISR53BY6JSUI4KSBZAGYJ273OOWIIJG5ZK2RYPZJKH4GLQDA7DY6'}",1,,Mexico City,Mexico,False,False,False,2023-09-12T00:16:42Z,2023-09-12T00:20:09Z,201.0,"{'id': 's35413399', 'polyline': 'iy{tBzyj{QVcA^}@R]?QF_@DIF]HOFUNs@AQH[ZMVO\\GXKA_@Hm@CiAJw@DKTAZNhA`@^FFGR_@FUBm@GQSYCG?q@KcBRe@FUB]ASWSQ[]iAaAuBIYi@gAI?MV@XP~@?HCDGCCECMa@EMK]C]]KGUAYBE?IIASHsDD]n@oBBSO_@Do@AEUSAYISy@i@SWE?oAjAOJg@PKCM@SEi@DUKM?KCKMIYGiBF[T]v@aA@UIM_@QMa@QUi@WU[SUk@yBKS?OVu@BUA[_@k@ASNk@NSLGJ@`@KPO`@SHO@q@Pu@G_AAc@H{@Ey@B]RI^E^M^oABYC]aAiCEGKCe@Ym@}@a@WKEU@C@CHBh@Ej@_@dA?NHp@B\\GrAMp@ENMhAa@dBIl@C`@IXQRc@z@SV]L[Dw@@]F_@NYRODo@`@]Zu@jAMHWf@_@f@[x@a@t@SN', 'resource_state': 3}",497,87,0,"{'pr_elapsed_time': None, 'pr_date': None, 'pr_visibility': None, 'pr_activity_id': None, 'pr_activity_visibility': None, 'effort_count': 0}","{'kom': '20:07', 'qom': '29:40', 'overall': '20:07', 'destination': {'href': 'strava://segments/35413399/leaderboard', 'type': 'overall', 'name': 'All-Time'}}","{'athlete_id': 115319740, 'title': 'ELBA MARTINEZ', 'profile': 'https://dgalywyr863hv.cloudfront.net/pictures/athletes/115319740/36729495/1/large.jpg', 'effort_description': '10 efforts in the last 90 days', 'effort_count': '10', 'effort_counts': {'overall': '10 efforts', 'female': '10 efforts'}, 'destination': 'strava://segments/35413399/local_legend?categories%5B%5D=overall'}"
35413363,3,del C5 al Guaje,Run,1937.9,5.7,19.1,2406.4,2293.6,"[19.315563, -99.017912]","[19.318777, -99.006668]",https://d3o5xota0a1fcr.cloudfront.net/v6/charts/ORH2A3CUKLY2VW5QBJ3HT72YCKRAXQZUW2PGMLL2R2YP7N64D4BCPQXMYAAIBOBJEC4M5U7ZWND5RKOQCIOU34A=,"{'light_url': 'https://d3o5xota0a1fcr.cloudfront.net/v6/charts/ORH2A3CUKLY2VW5QBJ3HT72YCKRAXQZUW2PGMLL2R2YP7N64D4BCPQXMYAAIBOBJEC4M5U7ZWND5RKOQCIOU34A=', 'dark_url': 'https://d3o5xota0a1fcr.cloudfront.net/v6/charts/I2MT46ILF5KITSDTAPLR2LOFXKFLIT36KYIL4RHZI52S4WOXIYHHJ32YBSJBORJ4K7VET2UGVEFOYUIFLBN6DJQ='}",1,,Mexico City,Mexico,False,False,False,2023-09-12T00:05:38Z,2023-09-12T00:10:33Z,115.4,"{'id': 's35413363', 'polyline': 'gq{tB~lj{QEIAQFkALuBNUhCv@TCN[LcAAOEMMOI[@e@EmA@SPe@HY@OEUa@c@_@i@c@qAOw@_@eAWg@KKIAIBETD\\J`@?\\EDICAMIIQ?SMSCUGWWWE[@SECWBQ?uAFqAH_@b@mALc@EOMSDm@]e@E]u@i@OYICE@MLa@Xg@b@a@NMB]GQ?SFU@[KQCMKEKCUCoA@WDOb@w@PQR]BI?MKO[MIOG_@OO]MOMQWOMGI[_BUk@@MTs@B]EQ_@a@EWTq@RYLA', 'resource_state': 3}",1572,183,0,"{'pr_elapsed_time': None, 'pr_date': None, 'pr_visibility': None, 'pr_activity_id': None, 'pr_activity_visibility': None, 'effort_count': 0}","{'kom': '9:10', 'qom': '11:45', 'overall': '9:10', 'destination': {'href': 'strava://segments/35413363/leaderboard', 'type': 'overall', 'name': 'All-Time'}}","{'athlete_id': 75132281, 'title': 'Pedro Salas', 'profile': 'https://dgalywyr863hv.cloudfront.net/pictures/athletes/75132281/23337392/1/large.jpg', 'effort_description': '19 efforts in the last 90 days', 'effort_count': '19', 'effort_counts': {'overall': '19 efforts', 'female': '10 efforts'}, 'destination': 'strava://segments/35413363/local_legend?categories%5B%5D=overall'}"
35413405,3,Al OTSO por la rompe piernas,Run,807.4,15.4,48.2,2486.6,2362.6,"[19.31682, -99.010509]","[19.322669, -99.008646]",https://d3o5xota0a1fcr.cloudfront.net/v6/charts/MQXH3AJHDFZN52DGKGA4CLSZFLKXEBPCHO3VW5LSOCDG2ZK4HKYO46WITY4QWNYU4I5RUVR4DBUOGVYK775R2C3C,"{'light_url': 'https://d3o5xota0a1fcr.cloudfront.net/v6/charts/MQXH3AJHDFZN52DGKGA4CLSZFLKXEBPCHO3VW5LSOCDG2ZK4HKYO46WITY4QWNYU4I5RUVR4DBUOGVYK775R2C3C', 'dark_url': 'https://d3o5xota0a1fcr.cloudfront.net/v6/charts/4QXYBORO4OJNTHXNZFECN24R7OQG3J4LV6UZRCAYHQU737LINPTD3AFCR7YQDIDJXJHVFXV32LJESP6QY45KRUJE'}",1,,Mexico City,Mexico,False,False,False,2023-09-12T00:18:48Z,2023-09-12T00:19:41Z,124.0,"{'id': 's35413405', 'polyline': 'cy{tBt~h{Q}@v@OVe@POJK?IIi@Ck@@YIK?KGGBWAe@SKBKICSOMMESQSAYIEKc@Ds@MSHa@SQAGCCG]Fe@EUKGQCDKH_@Ks@GWBKDYCUYs@MOG}@a@YSEMU_@CW]_AEQ?a@', 'resource_state': 3}",89,33,0,"{'pr_elapsed_time': None, 'pr_date': None, 'pr_visibility': None, 'pr_activity_id': None, 'pr_activity_visibility': None, 'effort_count': 0}","{'kom': '6:36', 'qom': '11:05', 'overall': '6:36', 'destination': {'href': 'strava://segments/35413405/leaderboard', 'type': 'overall', 'name': 'All-Time'}}","{'athlete_id': 115319740, 'title': 'ELBA MARTINEZ', 'profile': 'https://dgalywyr863hv.cloudfront.net/pictures/athletes/115319740/36729495/1/large.jpg', 'effort_description': '9 efforts in the last 90 days', 'effort_count': '9', 'effort_counts': {'overall': '9 efforts', 'female': '9 efforts'}, 'destination': 'strava://segments/35413405/local_legend?categories%5B%5D=overall'}"
34830068,3,brujita climb,Run,869.8,20.8,50.0,2532.8,2343.2,"[19.320698, -99.018458]","[19.320914, -99.013514]",https://d3o5xota0a1fcr.cloudfront.net/v6/charts/SJNG6BGGFS5WYN54H7OKJ4S5H7V77AFNWIGIRD5JUADWHSGNMV3GCJQ5LANJ5UZVFCQMDDLFGUOKGYYPCXR5ZFDX,"{'light_url': 'https://d3o5xota0a1fcr.cloudfront.net/v6/charts/SJNG6BGGFS5WYN54H7OKJ4S5H7V77AFNWIGIRD5JUADWHSGNMV3GCJQ5LANJ5UZVFCQMDDLFGUOKGYYPCXR5ZFDX', 'dark_url': 'https://d3o5xota0a1fcr.cloudfront.net/v6/charts/GPSNQVYIC2CPRYTNC35XR47JCYU6PZZDYOEQT6GPAADKGUZQF2GTJY675IX6G4HZZAA4A7B2YZBD6QMFAIFZGYRS'}",2,,Mexico City,Mexico,False,False,False,2023-07-06T03:48:24Z,2023-09-26T21:31:46Z,193.0,"{'id': 's34830068', 'polyline': 'iq|tBjpj{QFMLO?WCIBGGY?_@AEII?IIGCOE@EGI[NUVQHM?M?CG?IH]JQEK@ACFILAHIFODYDMFGNERY?WI]E?KZYHGAI@IQ?EMG[PUDOAIKSADG\\QRQHYAYBCGIA@CAEKGAa@u@KGCaACEE@CEAI@GAGKCCGECAGI?[]XYVURO`@Q^k@JITMLUDSNKAK', 'resource_state': 3}",53,33,0,"{'pr_elapsed_time': None, 'pr_date': None, 'pr_visibility': None, 'pr_activity_id': None, 'pr_activity_visibility': None, 'effort_count': 0}","{'kom': '14:18', 'qom': '16:47', 'overall': '14:18', 'destination': {'href': 'strava://segments/34830068/leaderboard', 'type': 'overall', 'name': 'All-Time'}}","{'athlete_id': 115319740, 'title': 'ELBA MARTINEZ', 'profile': 'https://dgalywyr863hv.cloudfront.net/pictures/athletes/115319740/36729495/1/large.jpg', 'effort_description': '2 efforts in the last 90 days', 'effort_count': '2', 'effort_counts': {'overall': '2 efforts', 'female': '2 efforts'}, 'destination': 'strava://segments/34830068/local_legend?categories%5B%5D=overall'}"
38331442,3,Cima Tecuauhtzin,Run,415.3,23.0,50.0,2633.5,2536.3,"[19.325306, -99.009001]","[19.326941, -99.010998]",https://d3o5xota0a1fcr.cloudfront.net/v6/charts/BXTIULVRDUDQ2XBTDZFO4DGAV4VVWPXURAZ5X6UDWEW4Z3JTLVE573HHPSC4QJ2XCXY3EJELBZBYNTG2LNUJTLGV,"{'light_url': 'https://d3o5xota0a1fcr.cloudfront.net/v6/charts/BXTIULVRDUDQ2XBTDZFO4DGAV4VVWPXURAZ5X6UDWEW4Z3JTLVE573HHPSC4QJ2XCXY3EJELBZBYNTG2LNUJTLGV', 'dark_url': 'https://d3o5xota0a1fcr.cloudfront.net/v6/charts/RKPYKUSMSBATICY5YE36FKCRG25DGIW3CQB4TSKBTJIQYAP2BH5IE4AQYDBESDDQGWYY4E5MIYCV4CDE6YJQUJWU'}",1,,Mexico City,Mexico,False,False,False,2024-12-25T03:50:14Z,2024-12-25T03:50:14Z,119.4,"{'id': 's38331442', 'polyline': 'cn}tBhuh{QCFC?KKE?KHKEIFKA?GCDCJCBEL@ADDABAAABIDCDBC?DCB?GBI@DGJBCDD?TE@ACOCAFDDCB@DG@ABC@@B?@O?ED@JM@@HG@GLD@GBBDFBIAE@ELBDACEDCPBJCJc@NGJ@DOLJHADBDCBD@@DDBKFMGGBELAHMFKN?FIDBCA@IGKJ', 'resource_state': 3}",78,46,0,"{'pr_elapsed_time': None, 'pr_date': None, 'pr_visibility': None, 'pr_activity_id': None, 'pr_activity_visibility': None, 'effort_count': 0}","{'kom': '8:00', 'qom': '9:16', 'overall': '8:00', 'destination': {'href': 'strava://segments/38331442/leaderboard', 'type': 'overall', 'name': 'All-Time'}}",
37487591,3,Cruz de Alma,Run,804.6,32.4,50.0,2742.6,2480.4,"[19.319983, -99.006421]","[19.323373, -99.001026]",https://d3o5xota0a1fcr.cloudfront.net/v6/charts/53LNCX3GY6JY5MRUP6OEOXG5J7IYUYVIVUNWTX5C2BOQ4Z572JAU7YTPY6JLE5T72YSWOC2UBKW6MVNPICLSB2Y=,"{'light_url': 'https://d3o5xota0a1fcr.cloudfront.net/v6/charts/53LNCX3GY6JY5MRUP6OEOXG5J7IYUYVIVUNWTX5C2BOQ4Z572JAU7YTPY6JLE5T72YSWOC2UBKW6MVNPICLSB2Y=', 'dark_url': 'https://d3o5xota0a1fcr.cloudfront.net/v6/charts/DKXIXXI3ZRI2HOAWKGKYDMESK3PNNOEXPH4XCT72CHM7DCXU4XU3QQT4D2HY5WINBZN424NSJLWY3UYX7CI7LZI='}",0,,Mexico City,Mexico,False,False,False,2024-08-05T21:46:45Z,2024-08-05T21:46:46Z,266.2,"{'id': 's37487591', 'polyline': '{l|tBdeh{QECAEIACC@ECGAOKUMIQOGSOM[a@Ke@EMGE?IM@ECEMMKGQIGk@GQYMIMOASCEE@GCQc@MKKWYSCQ@GGIAKGS?CQY?IU]Ka@IOMG?EOWA]KWMQAKKSAGECISC@CCCOE?AI@EEKA??ECIIE?GGGKEGKECCQIK?AMK?GEECK?IIQAOBa@', 'resource_state': 3}",121,47,0,"{'pr_elapsed_time': None, 'pr_date': None, 'pr_visibility': None, 'pr_activity_id': None, 'pr_activity_visibility': None, 'effort_count': 0}","{'kom': '17:10', 'qom': '20:43', 'overall': '17:10', 'destination': {'href': 'strava://segments/37487591/leaderboard', 'type': 'overall', 'name': 'All-Time'}}","{'athlete_id': 69404070, 'title': 'IvonNe MooNir', 'profile': 'https://graph.facebook.com/3756610424372486/picture?height=256&width=256', 'effort_description': '1 effort in the last 90 days', 'effort_count': '1', 'effort_counts': {'overall': '1 effort', 'female': None}, 'destination': 'strava://segments/37487591/local_legend?categories%5B%5D=overall'}"
38773590,3,Tetlalmanche KOM,Run,3559.1,9.6,49.5,2747.8,2405.2,"[19.316734, -98.997727]","[19.326299, -98.998565]",https://d3o5xota0a1fcr.cloudfront.net/v6/charts/474D4XVYQHYH3XAACWZ3DVFMHFIZAWQWRHKTGP3NNMKNOELTBT522TGCNIYEJDB7Z4W2SVBNRSQLMT7O4FB2KJVU,"{'light_url': 'https://d3o5xota0a1fcr.cloudfront.net/v6/charts/474D4XVYQHYH3XAACWZ3DVFMHFIZAWQWRHKTGP3NNMKNOELTBT522TGCNIYEJDB7Z4W2SVBNRSQLMT7O4FB2KJVU', 'dark_url': 'https://d3o5xota0a1fcr.cloudfront.net/v6/charts/X77RLHYZJRRKK5R3I5FVI7JSL4BXGXOI53OZE56KTJMGRSJH3OMDKD6DZTOT6TMKZHNU6HMGWP6RZI2VGZFTDZWA'}",3,,Mexico City,Mexico,False,False,False,2025-03-18T07:28:06Z,2025-03-18T07:28:06Z,350.0,"{'id': 's38773590', 'polyline': 'qx{tBxnf{QDO?UGcBJoCN{@Cm@Bu@EKIEM@WFwAPQDk@DYEo@QKFQXIFK@ISBe@AUCMGOQWw@a@YUGSGu@c@o@e@}Ac@i@GAe@Bc@HSCGCEGC[KWWSGQKGUEy@@OCQIO_@KKk@_@GCu@HcA[MOKW?SBKGQYK_AMSDMCGIMa@a@_@u@mAY[M]_@_@IWKQu@YQKUWa@GIGBi@KQ[CQEc@YMCiAECGB[EEE?MD[XM?SCq@LMCa@Uo@LaAAMBYLw@Ro@XONYJg@BKD]`@m@^e@l@_@B[n@KBa@EEBGJNVGx@Jr@Bh@V\\DL@~@Kn@JnAHRX\\LVLN\\@VITAZRFHHZ\\f@\\NL@ZOJKr@YLALK@GAIIWCQEMS[AG?IDQJEH@`AZ\\b@ZFLHVXNZFZ?HI\\S`@AF@VT^@VPb@DZ?f@L~@HVPVAPJBDJEH?JBD?ZHL?JLLD@@DF@BB@ABDPD@BJDYFUVLH?@ED?FH@FAPF?BE@BDUV@FJBAFEB@BLBDCBDe@l@DDC??FHDEB@BDFIBEHFJGRMPQBMHY@c@P@NCNCFOPEN?FIFCFBJINBD', 'resource_state': 3}",64,24,0,"{'pr_elapsed_time': None, 'pr_date': None, 'pr_visibility': None, 'pr_activity_id': None, 'pr_activity_visibility': None, 'effort_count': 0}","{'kom': '23:59', 'qom': '33:47', 'overall': '23:59', 'destination': {'href': 'strava://segments/38773590/leaderboard', 'type': 'overall', 'name': 'All-Time'}}",
34830040,3,tetlalmanche cabaña,Run,1113.6,21.1,50.0,2755.0,2518.6,"[19.327258, -98.989626]","[19.326315, -98.998635]",https://d3o5xota0a1fcr.cloudfront.net/v6/charts/PLNFUPZ5YMJLHJXFFQC36CGH7IPZ7AODTXHYUHED6YHSD4UXHCDRDUYV3FSXOQE6PWFNGJPNRYS7SNJQAB2O4OI=,"{'light_url': 'https://d3o5xota0a1fcr.cloudfront.net/v6/charts/PLNFUPZ5YMJLHJXFFQC36CGH7IPZ7AODTXHYUHED6YHSD4UXHCDRDUYV3FSXOQE6PWFNGJPNRYS7SNJQAB2O4OI=', 'dark_url': 'https://d3o5xota0a1fcr.cloudfront.net/v6/charts/7YTC4F27WUGHPN5CTREDNQIPUSNTW3VWGQZVVOV7T3UYMFZI7J7VK6CYBGP2BBT7OKP5TNVPY2KC5AKRZJD3B4Q='}",2,,Mexico City,Mexico,False,False,False,2023-07-06T03:40:42Z,2023-09-26T21:31:46Z,243.0,"{'id': 's34830040', 'polyline': 'iz}tBd|d{QHv@Nd@B^DLLJHPBLRf@JHDHBRBH?ZHXVPEZHPFXAb@FrAJrAEf@@`@DNTZNVF\\ATMv@Ad@GKL\\Fb@Pf@RvBFLLRJn@N`@@FENFVLL?DBDCT@@@HEN@@CJ@DCF@F?LBNEJB@@DADEBD@BH?BCBBVDDF?BJBBGH@FCFBDAHF@CPYd@m@PUPSDOPGJI^AN@NGf@?I?H', 'resource_state': 3}",100,58,0,"{'pr_elapsed_time': None, 'pr_date': None, 'pr_visibility': None, 'pr_activity_id': None, 'pr_activity_visibility': None, 'effort_count': 0}","{'kom': '11:25', 'qom': '20:25', 'overall': '11:25', 'destination': {'href': 'strava://segments/34830040/leaderboard', 'type': 'overall', 'name': 'All-Time'}}","{'athlete_id': 2974480, 'title': 'Javier QuirozS', 'profile': 'https://dgalywyr863hv.cloudfront.net/pictures/athletes/2974480/1251559/1/large.jpg', 'effort_description': '2 efforts in the last 90 days', 'effort_count': '2', 'effort_counts': {'overall': '2 efforts', 'female': None}, 'destination': 'strava://segments/34830040/local_legend?categories%5B%5D=overall'}"
34671313,3,Ascenso Volcán Guadalupe,Run,1333.5,19.9,49.5,2752.4,2487.1,"[19.33051, -98.994792]","[19.326359, -98.998536]",https://d3o5xota0a1fcr.cloudfront.net/v6/charts/FHLLR3T6SB67JDT2KSBX3MIXGQYBX7IUSDLRHSNDCT34AJWUFZTH3LBFGHD5SVHBEKHMZ6FWH7ERVWZHCF4IIWY=,"{'light_url': 'https://d3o5xota0a1fcr.cloudfront.net/v6/charts/FHLLR3T6SB67JDT2KSBX3MIXGQYBX7IUSDLRHSNDCT34AJWUFZTH3LBFGHD5SVHBEKHMZ6FWH7ERVWZHCF4IIWY=', 'dark_url': 'https://d3o5xota0a1fcr.cloudfront.net/v6/charts/6ANZ5CIBPS2RX6FTUGMDEGBZQ3IM7VUTDTYO24R37XSQ27YO3FXZJEIIMVT6MHAP6IODAAFR6MRKGSZEBNHDPWQ='}",2,,Mexico City,Mexico,False,False,False,2023-06-17T07:33:50Z,2023-10-15T06:58:53Z,257.796,"{'id': 's34671313', 'polyline': 'un~tBn|e{QP?VCXKTSLGX@b@I\\@VCXGJG`@EDCRWLw@L_@Jq@PQPE`@QXIJ@TRFPX^^PJB\\GXKNOVINMDMCSOWCUDEz@QL?VJl@NVPXb@@D@LQ`AEh@D^L^Jz@L`BBNPXLZTdACPH\\`@TPDNLWHENQJPJCBGBh@N?@G@@DALOLBDHDEH@BND@BU\\CTBF?DEHAJBHIT}@\\w@p@Q^ERARI\\', 'resource_state': 3}",30,17,0,"{'pr_elapsed_time': None, 'pr_date': None, 'pr_visibility': None, 'pr_activity_id': None, 'pr_activity_visibility': None, 'effort_count': 0}","{'kom': '12:46', 'qom': '39:07', 'overall': '12:46', 'destination': {'href': 'strava://segments/34671313/leaderboard', 'type': 'overall', 'name': 'All-Time'}}","{'athlete_id': 41888500, 'title': 'Mario Cervantes / ""Star Hill Team"" ⛰️', 'profile': 'https://dgalywyr863hv.cloudfront.net/pictures/athletes/41888500/13757040/14/large.jpg', 'effort_description': '1 effort in the last 90 days', 'effort_count': '1', 'effort_counts': {'overall': '1 effort', 'female': None}, 'destination': 'strava://segments/34671313/local_legend?categories%5B%5D=overall'}"
34830080,3,media circunvalacion,Run,1602.7,6.3,23.3,2526.6,2417.6,"[19.316671, -98.995471]","[19.327271, -98.989555]",https://d3o5xota0a1fcr.cloudfront.net/v6/charts/URZCJPPYUQFZYX4C3467KBVB65CLHA4FCJRZJN66P2UTELLX7EDXV3XNBW5QY242QWGCFG7BAR4NMFTP7GW2NXQ=,"{'light_url': 'https://d3o5xota0a1fcr.cloudfront.net/v6/charts/URZCJPPYUQFZYX4C3467KBVB65CLHA4FCJRZJN66P2UTELLX7EDXV3XNBW5QY242QWGCFG7BAR4NMFTP7GW2NXQ=', 'dark_url': 'https://d3o5xota0a1fcr.cloudfront.net/v6/charts/OGFBKJPNN5URI5SWVPJK25H3JOYCTMWQ327WOCJCTLNLTZCBQCVZNF7GKZ4XE7AJRA7MKGKZMU7HT5IXQM4NZCA='}",1,,Mexico City,Mexico,False,False,False,2023-07-06T03:54:25Z,2023-09-26T21:31:46Z,114.2,"{'id': 's34830080', 'polyline': 'ex{tBv`f{QGCQ@i@HuBNe@CWIK?G@_@^I@GM?_@AUMe@QWy@i@QOGOU_A_@q@g@uA]i@UEw@LQ?MKI_@i@w@]M}@@UCMKYc@k@c@IAMDo@?[GYOWWGOCOBUGQYMKCy@AUKGGQa@QOYc@SUQ_@KIJLABY_@Yg@]]Se@UMg@O][[CGCCM?a@KMw@QSQMGe@EIC[_@KEJ?DGSFe@Xm@DWFS?k@SqAHk@Ag@Ni@J', 'resource_state': 3}",441,104,0,"{'pr_elapsed_time': None, 'pr_date': None, 'pr_visibility': None, 'pr_activity_id': None, 'pr_activity_visibility': None, 'effort_count': 0}","{'kom': '7:49', 'qom': '9:44', 'overall': '7:49', 'destination': {'href': 'strava://segments/34830080/leaderboard', 'type': 'overall', 'name': 'All-Time'}}","{'athlete_id': 48751732, 'title': 'Samuel Castillo', 'profile': 'https://lh3.googleusercontent.com/a-/AAuE7mBmTEw1dI8IXqSxwhXHc0aDqOv6mjxLrq1GHUNc', 'effort_description': '4 efforts in the last 90 days', 'effort_count': '4', 'effort_counts': {'overall': '4 efforts', 'female': '3 efforts'}, 'destination': 'strava://segments/34830080/local_legend?categories%5B%5D=overall'}"
24753417,3,Parque el Zapote,Run,2251.5,-0.4,47.3,2259.6,2227.4,"[19.31862, -98.964761]","[19.318603, -98.964771]",https://d3o5xota0a1fcr.cloudfront.net/v6/charts/PJV2Y6HKC7V5HSX4SVSP3OFVTRG5ABI4KDBZPSLLBVMNSAINMV4MX5OVYDVXCP6HSRGNGTNLQSWP2MQWCES45QWC,"{'light_url': 'https://d3o5xota0a1fcr.cloudfront.net/v6/charts/PJV2Y6HKC7V5HSX4SVSP3OFVTRG5ABI4KDBZPSLLBVMNSAINMV4MX5OVYDVXCP6HSRGNGTNLQSWP2MQWCES45QWC', 'dark_url': 'https://d3o5xota0a1fcr.cloudfront.net/v6/charts/PD7ERGUH6ZBH6FSLMMD2MF5DQUY2JSAOBG2KEK5PVMQOLPT7GJODT43Y5N66TJJP245RXXDB6XFYLLPC6JF4R5PE'}",0,Ciudad de México,Ciudad de México,Mexico,False,False,False,2020-07-05T02:33:51Z,2021-05-15T02:24:57Z,64.2,"{'id': 's24753417', 'polyline': 'kd|tBx``{QMX_@b@YTMDiC\\SAw@N_Eh@yCh@mAVc@Bc@Hm@FcATuANaATwARs@N]DeAVq@FS?c@Dq@NABFFFRZbCFv@DFFBd@DhAFp@CLGBKCu@Fm@LUXSHEz@Q`AQr@?|@I\\?^@RFHFP`@HLz@n@t@`@d@LRHzAv@dAp@p@\\LDNCVQh@Ir@GnB[|@EhBWVURq@Ca@?o@C_@i@kDMmADsAN_BKc@@I', 'resource_state': 3}",202,18,0,"{'pr_elapsed_time': None, 'pr_date': None, 'pr_visibility': None, 'pr_activity_id': None, 'pr_activity_visibility': None, 'effort_count': 0}","{'kom': '12:15', 'qom': '14:20', 'overall': '12:15', 'destination': {'href': 'strava://segments/24753417/leaderboard', 'type': 'overall', 'name': 'All-Time'}}","{'athlete_id': 68448051, 'title': 'Lupis Segoviano', 'profile': 'https://graph.facebook.com/3738332052844249/picture?height=256&width=256', 'effort_description': '6 efforts in the last 90 days', 'effort_count': '6', 'effort_counts': {'overall': '6 efforts', 'female': '6 efforts'}, 'destination': 'strava://segments/24753417/local_legend?categories%5B%5D=overall'}"
10994036,3,parque perritos entrada romulo,Run,1200.3,-0.2,14.7,2351.4,2325.3,"[19.352981, -99.206679]","[19.352976, -99.206703]",https://d3o5xota0a1fcr.cloudfront.net/v6/charts/35D36E3WHMSWYZ3O4WWGCE7GW4YHV3HLUQAYMJUT2R33CA3F6MXNZHM2KCOTILAXBQVUXISZ2OQHF3CIGNCTE3TR,"{'light_url': 'https://d3o5xota0a1fcr.cloudfront.net/v6/charts/35D36E3WHMSWYZ3O4WWGCE7GW4YHV3HLUQAYMJUT2R33CA3F6MXNZHM2KCOTILAXBQVUXISZ2OQHF3CIGNCTE3TR', 'dark_url': 'https://d3o5xota0a1fcr.cloudfront.net/v6/charts/YRSOZBOC4QYK2NI56UIWIWSE5CAMRDCM46CYLRLWJKKOGXE52HAX6NTYUEA6Q6TSMHMFI5LZ2W6SFDAMM6DEON62'}",0,Ciudad de México,Distrito Federal,Mexico,False,False,False,2015-12-07T15:57:59Z,2021-05-15T02:17:18Z,25.2,"{'id': 's10994036', 'polyline': 'c{buBvho|QH?DI?OFANJRFfAN`@@VJd@@PIZ_BBq@Lc@Aa@G_@M_@e@q@a@mAa@i@o@mAa@c@w@]S?OEa@C_Bg@GG[Mc@WMAIBGHCDAJBDJ@HTABMd@E`@K^E\\Wn@Uz@Bf@JPBV@fBDV?^DNBf@DFLDXVXN@BPHb@DL?TDf@ALBl@MD?DH', 'resource_state': 3}",5474,214,1,"{'pr_elapsed_time': None, 'pr_date': None, 'pr_visibility': None, 'pr_activity_id': None, 'pr_activity_visibility': None, 'effort_count': 0}","{'kom': '4:02', 'qom': '5:56', 'overall': '4:02', 'destination': {'href': 'strava://segments/10994036/leaderboard', 'type': 'overall', 'name': 'All-Time'}}","{'athlete_id': 540077, 'title': 'Memo Orozco', 'profile': 'https://lh3.googleusercontent.com/a/AATXAJzKiuxnjouM2VgX6I5RMRlpYOYsfTlBzhFmU6_6=s96-c', 'effort_description': '39 efforts in the last 90 days', 'effort_count': '39', 'effort_counts': {'overall': '39 efforts', 'female': '10 efforts'}, 'destination': 'strava://segments/10994036/local_legend?categories%5B%5D=overall'}"
4973371,3,Puerto Benito Juárez Climb,Run,691.6,6.1,25.4,2433.9,2392.0,"[19.364802, -99.226308]","[19.365056, -99.228961]",https://d3o5xota0a1fcr.cloudfront.net/v6/charts/O2SU62RG4GZ7T7DACE64IAWV62PWKG3ZQ5O6XCQ7KVKO2VBM7F6VFX36OKUXRIGMU56A5HKV6C5XZ7FWBW5UEUY4,"{'light_url': 'https://d3o5xota0a1fcr.cloudfront.net/v6/charts/O2SU62RG4GZ7T7DACE64IAWV62PWKG3ZQ5O6XCQ7KVKO2VBM7F6VFX36OKUXRIGMU56A5HKV6C5XZ7FWBW5UEUY4', 'dark_url': 'https://d3o5xota0a1fcr.cloudfront.net/v6/charts/E27CIE7IW757SNH4MC5J23QUEBZNTGYNVZOXKYV3FXOASQ6ZZXEZUDODZVT4JEDMT464TZ7WFFEGLLR7CFJE7SLH'}",0,Mexico City,D.F.,Mexico,False,False,False,2013-08-03T16:04:15Z,2021-05-15T02:13:41Z,45.0,"{'id': 's4973371', 'polyline': '_eeuBlcs|QC\\@\\J`@JRAHBTNj@Jf@@LJ\\ADPPTZBPJP@LJZ@LTj@DVN\\@NJNLFFL?NJ^HNBRCH@VHLADFNAFB\\G\\EBYB_AmAq@kA][GAY[E?KKMEQOOEWO', 'resource_state': 3}",845,111,4,"{'pr_elapsed_time': None, 'pr_date': None, 'pr_visibility': None, 'pr_activity_id': None, 'pr_activity_visibility': None, 'effort_count': 0}","{'kom': '2:56', 'qom': '4:06', 'overall': '2:56', 'destination': {'href': 'strava://segments/4973371/leaderboard', 'type': 'overall', 'name': 'All-Time'}}","{'athlete_id': 22651004, 'title': 'Rafael Serrano', 'profile': 'https://dgalywyr863hv.cloudfront.net/pictures/athletes/22651004/17452029/1/large.jpg', 'effort_description': '6 efforts in the last 90 days', 'effort_count': '6', 'effort_counts': {'overall': '6 efforts', 'female': '2 efforts'}, 'destination': 'strava://segments/4973371/local_legend?categories%5B%5D=overall'}"
15607671,3,Vuelta de aguilas,Run,964.6,-0.0,19.5,2342.3,2324.0,"[19.35373, -99.204204]","[19.353751, -99.204206]",https://d3o5xota0a1fcr.cloudfront.net/v6/charts/VQL6MA27LVXRNPFWTXSE3SWFZ5R2APC3QHC3ACNNTYQZRJZAYDRBB5HOYSHLUMWNLRP3JSS57Z45MBMRDYBHCUY=,"{'light_url': 'https://d3o5xota0a1fcr.cloudfront.net/v6/charts/VQL6MA27LVXRNPFWTXSE3SWFZ5R2APC3QHC3ACNNTYQZRJZAYDRBB5HOYSHLUMWNLRP3JSS57Z45MBMRDYBHCUY=', 'dark_url': 'https://d3o5xota0a1fcr.cloudfront.net/v6/charts/E5F6UWPVQBG5RI5K35MI7QKAM4S3CVOEJPWZTNSKI24YQGN4JBZSX6ZQTCP6HMRGF5LIMUXOSNE5BLWBRHUUOII='}",0,Ciudad de México,Ciudad de México,Mexico,False,False,False,2017-08-02T02:11:08Z,2021-05-20T08:04:20Z,30.0,"{'id': 's15607671', 'polyline': 'w_cuBhyn|QOj@QjAMj@@RDDHBL@XIRMRILCH@LHTb@@\\M\\a@`@[Pq@LgAb@QN?HBF`@VTHP@p@ENG^AnBUr@DZHV@p@EPEPIBG?EWW_@g@SQ}@cAQc@QUk@e@]S[]UQ]i@YWOEMB', 'resource_state': 3}",12174,452,3,"{'pr_elapsed_time': None, 'pr_date': None, 'pr_visibility': None, 'pr_activity_id': None, 'pr_activity_visibility': None, 'effort_count': 0}","{'kom': '3:27', 'qom': '4:20', 'overall': '3:27', 'destination': {'href': 'strava://segments/15607671/leaderboard', 'type': 'overall', 'name': 'All-Time'}}","{'athlete_id': 42161565, 'title': 'Rodrigo Barragan', 'profile': 'https://dgalywyr863hv.cloudfront.net/pictures/athletes/42161565/12061795/6/large.jpg', 'effort_description': '114 efforts in the last 90 days', 'effort_count': '114', 'effort_counts': {'overall': '114 efforts', 'female': '113 efforts'}, 'destination': 'strava://segments/15607671/local_legend?categories%5B%5D=overall'}"
22430948,3,Guadalupe-Av Santiago y vuelta 8km,Run,8059.8,0.0,10.4,2419.6,2340.8,"[19.34566, -99.208481]","[19.345235, -99.208824]",https://d3o5xota0a1fcr.cloudfront.net/v6/charts/23H4KAF2FLWNXETEBK2FVY2EHNRPPRV63GXKSS7CAS66DYS7H23Z5HZ4PGYFFPJO6PXGTLTI4ONWFZKRYDOL72C3,"{'light_url': 'https://d3o5xota0a1fcr.cloudfront.net/v6/charts/23H4KAF2FLWNXETEBK2FVY2EHNRPPRV63GXKSS7CAS66DYS7H23Z5HZ4PGYFFPJO6PXGTLTI4ONWFZKRYDOL72C3', 'dark_url': 'https://d3o5xota0a1fcr.cloudfront.net/v6/charts/CEUVG6MQ4E5RGAG43F6UXUKEJK4JYGONA5HSDVSPKSQPWRE44M3PLXH6SDKFF5YZA5AA24564PRHKVQLZT4KCXBF'}",0,Ciudad de México,Ciudad de México,Mexico,False,False,False,2019-12-11T05:08:05Z,2021-05-15T02:24:07Z,92.8,"{'id': 's22430948', 'polyline': 'imauB`to|Qa@UKAM@OIMOG_@OSUo@Gm@Do@Ry@b@wAp@u@Va@f@c@j@o@jAq@x@[f@Gf@IPIh@GZBf@E^DPFZAnATVNn@TzAr@^`@Zx@^^`@j@v@t@p@dAl@p@Tf@ZVf@|@PTZTBN\\`@Td@JDd@nAxArCVx@z@jBTp@T`@Rp@Lp@LtA@d@AfABf@?z@F`A@nCFb@@ZPpA`@|@^h@\\r@Rh@LTd@n@HN\\\\n@t@Xd@FPRXn@l@BF?NPNNTTd@Tx@~@zADh@Nf@^z@`@pAP^Pr@RbABr@D\\Gx@B^Gv@CLILAb@LxAX`ALRZVXNz@VtALx@OPGTOf@KPIZURGZW^S|@UNA\\Bx@RNHPRVFNJj@n@Vb@RJ|@~A`@l@ZXFNb@r@`@pAZxBP`@H^LP|@p@~@Vd@DzB@tAZ~@`@n@v@VNb@b@y@u@U]g@e@m@YcAWk@EyA@}@I[GWMg@_@e@i@Q[Oe@Kg@QsA]mAWi@Y_@k@k@M]GW[m@[]QUi@c@S[GMMKeA_@m@IM?g@RYFeA`@_@V_@\\_Af@oAJ_AI_AYe@Yq@q@_@y@Ks@Ds@?k@\\qB?YIeAMq@Wy@Yo@Sw@Qa@Si@EUe@{AIe@Ym@EWWc@Uk@gBuBMWmA{AGOeAmAUc@Y_@KWMQWu@QOEKC[[eBGq@I{DEcA@a@EcBOmBSaAc@cAY}@o@iB_@q@Uq@aAeBSu@W_@Ui@MS_@c@QMOU]YKUYa@Yq@u@aAk@k@Yc@[]aAuAGGO[MMUQuAm@SO_@Se@KSMy@IgAAoCNYFWN_@H{@h@_@^{AnA{@bA]p@K^SZGZEj@@h@Ln@j@r@TNRTh@ZnAjA', 'resource_state': 3}",99,40,0,"{'pr_elapsed_time': None, 'pr_date': None, 'pr_visibility': None, 'pr_activity_id': None, 'pr_activity_visibility': None, 'effort_count': 0}","{'kom': '39:06', 'qom': '45:36', 'overall': '39:06', 'destination': {'href': 'strava://segments/22430948/leaderboard', 'type': 'overall', 'name': 'All-Time'}}","{'athlete_id': 155644672, 'title': 'ULTRALUX Ultralux', 'profile': 'https://lh3.googleusercontent.com/a/ACg8ocI8RJGbhL5vf4tdei-v8-68ZkrVhBuXMPbKiQ7AAgUotG4EHxTd=s96-c', 'effort_description': '2 efforts in the last 90 days', 'effort_count': '2', 'effort_counts': {'overall': '2 efforts', 'female': '1 effort'}, 'destination': 'strava://segments/22430948/local_legend?categories%5B%5D=overall'}"
26685553,3,Los más planito de Colinas,Run,592.5,-2.0,3.7,2439.0,2427.4,"[19.365146, -99.228619]","[19.366967, -99.2234]",https://d3o5xota0a1fcr.cloudfront.net/v6/charts/CS5UKL7YS77ZUFT7ZKDVCHXBZTBFIJZR2O4BJCZQYEYDNRHZWKNFZ6A6ZC3KXM7G5YXPG2G75PYXG2PTITHNAM7A,"{'light_url': 'https://d3o5xota0a1fcr.cloudfront.net/v6/charts/CS5UKL7YS77ZUFT7ZKDVCHXBZTBFIJZR2O4BJCZQYEYDNRHZWKNFZ6A6ZC3KXM7G5YXPG2G75PYXG2PTITHNAM7A', 'dark_url': 'https://d3o5xota0a1fcr.cloudfront.net/v6/charts/B7QF2M4HKZAN5QM4M5PJIBRMCOJBGCTWFETUO3SFBXZOIWZLYEDSVV3WFWNOZZ5VLD5YPZS2TW7IJG63KCRSMT5E'}",0,Ciudad de México,Ciudad de México,Mexico,False,False,False,2020-12-11T02:47:42Z,2021-05-15T02:25:37Z,2.2,"{'id': 's26685553', 'polyline': 'cgeuBzqs|QUqBa@cBWw@K_AMUCe@Kc@S_@U_AIe@Mc@[g@y@{CKYy@eESW', 'resource_state': 3}",2726,175,2,"{'pr_elapsed_time': None, 'pr_date': None, 'pr_visibility': None, 'pr_activity_id': None, 'pr_activity_visibility': None, 'effort_count': 0}","{'kom': '1:56', 'qom': '2:14', 'overall': '1:56', 'destination': {'href': 'strava://segments/26685553/leaderboard', 'type': 'overall', 'name': 'All-Time'}}","{'athlete_id': 22651004, 'title': 'Rafael Serrano', 'profile': 'https://dgalywyr863hv.cloudfront.net/pictures/athletes/22651004/17452029/1/large.jpg', 'effort_description': '12 efforts in the last 90 days', 'effort_count': '12', 'effort_counts': {'overall': '12 efforts', 'female': '9 efforts'}, 'destination': 'strava://segments/26685553/local_legend?categories%5B%5D=overall'}"
5611998,3,Calzada de Las Aguilas Climb,Run,833.5,5.1,10.5,2354.6,2311.8,"[19.357714, -99.198563]","[19.358293, -99.206236]",https://d3o5xota0a1fcr.cloudfront.net/v6/charts/ZRGA6GB6ZW7KIAHQUGTNZCFS3NATEXKSQCWZJO46TMGHM6Q6ROZBRS4MEYWZU3WP33HXPL5A4I2RTMVA3WCSWYQ=,"{'light_url': 'https://d3o5xota0a1fcr.cloudfront.net/v6/charts/ZRGA6GB6ZW7KIAHQUGTNZCFS3NATEXKSQCWZJO46TMGHM6Q6ROZBRS4MEYWZU3WP33HXPL5A4I2RTMVA3WCSWYQ=', 'dark_url': 'https://d3o5xota0a1fcr.cloudfront.net/v6/charts/HHA4P66NXOWAZMVQXO4X2VLR6UCMBOIAOXAGDO75LVMOQMWNUHTSZGCWA2P272KVHROH4YETOFCFALYMZCECVNY='}",0,Mexico City,D.F.,Mexico,False,False,False,2013-09-27T02:06:54Z,2021-05-18T08:03:19Z,42.8,"{'id': 's5611998', 'polyline': 'uxcuB`vm|QW@GDELIrB@t@CPCr@GR?\\Db@EV@VEf@Cz@HZDx@AVI^If@A\\D`A?h@GPBf@Er@ENGfAAnADh@I~@CxA@LIbACz@@NCZ@r@@D', 'resource_state': 3}",576,141,1,"{'pr_elapsed_time': None, 'pr_date': None, 'pr_visibility': None, 'pr_activity_id': None, 'pr_activity_visibility': None, 'effort_count': 0}","{'kom': '3:14', 'qom': '1:50', 'overall': '1:50', 'destination': {'href': 'strava://segments/5611998/leaderboard', 'type': 'overall', 'name': 'All-Time'}}","{'athlete_id': 19811059, 'title': 'Juan Trejo', 'profile': 'https://dgalywyr863hv.cloudfront.net/pictures/athletes/19811059/5680781/2/large.jpg', 'effort_description': '7 efforts in the last 90 days', 'effort_count': '7', 'effort_counts': {'overall': '7 efforts', 'female': '1 effort'}, 'destination': 'strava://segments/5611998/local_legend?categories%5B%5D=overall'}"
23660432,3,Fujiyama ida y vuelta,Run,1007.5,0.0,5.0,2314.0,2305.2,"[19.362896, -99.20097]","[19.362904, -99.200967]",https://d3o5xota0a1fcr.cloudfront.net/v6/charts/F3JFXPJBKPREIIAC64Y2TU2KQQIIC6NEEQ4CYL7KKJFWOIINRTJK6CY3KZQHM5HUN5ELXEC7OSHAZJE54ASKHUXE,"{'light_url': 'https://d3o5xota0a1fcr.cloudfront.net/v6/charts/F3JFXPJBKPREIIAC64Y2TU2KQQIIC6NEEQ4CYL7KKJFWOIINRTJK6CY3KZQHM5HUN5ELXEC7OSHAZJE54ASKHUXE', 'dark_url': 'https://d3o5xota0a1fcr.cloudfront.net/v6/charts/BD6PY7K2RSHEAWLSGG4MKNR7YNJGA77IZDTDWZ5EKOZMABRL4MC66TV2ZR6Y5ZERZSBMLIW67ZI4A5MPJBVW2X7J'}",0,Ciudad de México,Ciudad de México,Mexico,False,False,False,2020-04-26T17:14:32Z,2021-05-15T02:24:34Z,8.8,"{'id': 's23660432', 'polyline': 'ayduB`en|QVgCBeA?mAKeH@a@Cm@@iACaBC]Bm@?q@FDJ^@RGnAC|AFzBCbABdCBv@?fBBbAGt@_@rB', 'resource_state': 3}",1515,68,3,"{'pr_elapsed_time': None, 'pr_date': None, 'pr_visibility': None, 'pr_activity_id': None, 'pr_activity_visibility': None, 'effort_count': 0}","{'kom': '3:30', 'qom': '4:07', 'overall': '3:30', 'destination': {'href': 'strava://segments/23660432/leaderboard', 'type': 'overall', 'name': 'All-Time'}}","{'athlete_id': 104374523, 'title': 'Alejandro Olmos', 'profile': 'https://lh3.googleusercontent.com/a/AATXAJy_0LvyXO-VWZtfHsfoykgMF5Mmh9ukv9mQtyIi=s96-c', 'effort_description': '25 efforts in the last 90 days', 'effort_count': '25', 'effort_counts': {'overall': '25 efforts', 'female': '2 efforts'}, 'destination': 'strava://segments/23660432/local_legend?categories%5B%5D=overall'}"
26685548,3,Vuelta Charrería,Run,1150.9,-0.5,12.3,2428.6,2407.2,"[19.367621, -99.222659]","[19.367688, -99.222667]",https://d3o5xota0a1fcr.cloudfront.net/v6/charts/JEGPGOUYBCPQ37QCGUHRM5R55EQKF2YDKK5JKSIYB53OKWO5S67TXYCUKADPYBF5XFG3NKMONNUXUQI5DPEXIGY=,"{'light_url': 'https://d3o5xota0a1fcr.cloudfront.net/v6/charts/JEGPGOUYBCPQ37QCGUHRM5R55EQKF2YDKK5JKSIYB53OKWO5S67TXYCUKADPYBF5XFG3NKMONNUXUQI5DPEXIGY=', 'dark_url': 'https://d3o5xota0a1fcr.cloudfront.net/v6/charts/723HR6BLTE3VTDPMUJU2G7UYBQRDWPKUR5B5GXALB2FOP5ZJRDIZ2VATEMDVW2AVW3JRVSYFGE3SVHT4GMZOWKQ='}",0,Ciudad de México,Ciudad de México,Mexico,False,False,False,2020-12-11T02:46:21Z,2021-05-15T02:25:37Z,15.8,"{'id': 's26685548', 'polyline': 'sveuBrlr|QIYYg@A_AMq@Ba@AMm@kAI_Ac@oACa@Ia@G[KUOsAMo@Im@K[Y]KYIw@WiAIm@GOAB@Db@tAPb@Fp@d@bA`@bBLt@Dz@\\fAFr@BPZp@@\\Ld@Bn@Fn@DXJTDREZHl@Xz@', 'resource_state': 3}",352,55,2,"{'pr_elapsed_time': None, 'pr_date': None, 'pr_visibility': None, 'pr_activity_id': None, 'pr_activity_visibility': None, 'effort_count': 0}","{'kom': '3:47', 'qom': '5:07', 'overall': '3:47', 'destination': {'href': 'strava://segments/26685548/leaderboard', 'type': 'overall', 'name': 'All-Time'}}","{'athlete_id': 22651004, 'title': 'Rafael Serrano', 'profile': 'https://dgalywyr863hv.cloudfront.net/pictures/athletes/22651004/17452029/1/large.jpg', 'effort_description': '6 efforts in the last 90 days', 'effort_count': '6', 'effort_counts': {'overall': '6 efforts', 'female': '3 efforts'}, 'destination': 'strava://segments/26685548/local_legend?categories%5B%5D=overall'}"
30104691,3,Av. Hidalgo: Extrema Subida de Olivar del Conde - Coppel O. del Conde,Run,214.5,8.3,13.3,2393.4,2375.4,"[19.373251, -99.21181]","[19.372831, -99.21379]",https://d3o5xota0a1fcr.cloudfront.net/v6/charts/PWUPM6HCM4CR4HQJUWRCDRPLP77CS6S2FNX4SKNYHG7DOLD4KY6CASVGZ3Q6SFIZUS34V2YWLHYQIMEBNL6BTNQ=,"{'light_url': 'https://d3o5xota0a1fcr.cloudfront.net/v6/charts/PWUPM6HCM4CR4HQJUWRCDRPLP77CS6S2FNX4SKNYHG7DOLD4KY6CASVGZ3Q6SFIZUS34V2YWLHYQIMEBNL6BTNQ=', 'dark_url': 'https://d3o5xota0a1fcr.cloudfront.net/v6/charts/GMUR2MQ4NG44GHWHLA4JZNOKJCGZHOOLKEJOU3ZIAX2IWQL2TRMSMXMLAWM64DPE63KXL5WWFN22R3OVUIRSOAA='}",0,Ciudad de México,Ciudad de México,Mexico,False,False,False,2021-10-10T17:49:53Z,2021-10-10T18:19:43Z,18.0,"{'id': 's30104691', 'polyline': 'yyfuBxhp|QFVd@fFJh@?PXnA', 'resource_state': 3}",47,27,0,"{'pr_elapsed_time': None, 'pr_date': None, 'pr_visibility': None, 'pr_activity_id': None, 'pr_activity_visibility': None, 'effort_count': 0}","{'kom': '31s', 'qom': '30s', 'overall': '30s', 'destination': {'href': 'strava://segments/30104691/leaderboard', 'type': 'overall', 'name': 'All-Time'}}","{'athlete_id': 3727946, 'title': 'Sandra Ibarra', 'profile': 'https://dgalywyr863hv.cloudfront.net/pictures/athletes/3727946/26041804/2/large.jpg', 'effort_description': '1 effort in the last 90 days', 'effort_count': '1', 'effort_counts': {'overall': '1 effort', 'female': '1 effort'}, 'destination': 'strava://segments/30104691/local_legend?categories%5B%5D=overall'}"
12611862,3,Subida Meseta-Las Águilas,Run,653.6,9.4,24.5,2382.2,2320.6,"[19.348001, -99.216181]","[19.351125, -99.21837]",https://d3o5xota0a1fcr.cloudfront.net/v6/charts/H2QYINVATF75SQCLBUXCW4YSBXPRJUIRH7CNFVYFRTAEY4OFH3N3X5YQZGDIOFJ323OSVFAFL4DL3ZX7PY2QOPMG,"{'light_url': 'https://d3o5xota0a1fcr.cloudfront.net/v6/charts/H2QYINVATF75SQCLBUXCW4YSBXPRJUIRH7CNFVYFRTAEY4OFH3N3X5YQZGDIOFJ323OSVFAFL4DL3ZX7PY2QOPMG', 'dark_url': 'https://d3o5xota0a1fcr.cloudfront.net/v6/charts/V4JX5DPLU3KIU6SFGNFRB2IK5V7BDDLRFPODYAXBZRKTR7DHUVQFWE4SERYJRD545CUA6Y6MPOZJA7XL4JGXFHP3'}",0,Ciudad de México,Ciudad de México,Mexico,False,False,False,2016-07-13T17:58:49Z,2021-05-15T02:18:09Z,61.6,"{'id': 's12611862', 'polyline': '_|auBddq|QQ?QDIHU`AkArE_@~Aa@fAOFE?M}AO[UIG@EFEVInBYZQFC?m@k@c@Uc@IUAc@EuA?', 'resource_state': 3}",15,11,1,"{'pr_elapsed_time': None, 'pr_date': None, 'pr_visibility': None, 'pr_activity_id': None, 'pr_activity_visibility': None, 'effort_count': 0}","{'kom': '3:55', 'qom': '10:56', 'overall': '3:55', 'destination': {'href': 'strava://segments/12611862/leaderboard', 'type': 'overall', 'name': 'All-Time'}}","{'athlete_id': 163322227, 'title': 'Federico López Luna', 'profile': 'https://graph.facebook.com/24583135244609384/picture?height=256&width=256', 'effort_description': '3 efforts in the last 90 days', 'effort_count': '3', 'effort_counts': {'overall': '3 efforts', 'female': None}, 'destination': 'strava://segments/12611862/local_legend?categories%5B%5D=overall'}"
1653354,3,Pista larga Viveros,Run,2158.65,-0.0,1.6,2263.4,2258.2,"[19.35616717581091, -99.16919814393717]","[19.356170017325088, -99.16922815193026]",https://d3o5xota0a1fcr.cloudfront.net/v6/charts/OCACPRLNUAMYGZ3WBUMXFDZKW62JLTQWDQ24EZACGKEPBPFLRNC5DXH7LEOQV2N5BOC4MWOFBLEI7ELDS5XMH5Q=,"{'light_url': 'https://d3o5xota0a1fcr.cloudfront.net/v6/charts/OCACPRLNUAMYGZ3WBUMXFDZKW62JLTQWDQ24EZACGKEPBPFLRNC5DXH7LEOQV2N5BOC4MWOFBLEI7ELDS5XMH5Q=', 'dark_url': 'https://d3o5xota0a1fcr.cloudfront.net/v6/charts/LIKZYQH5L3I477W3EYYWWWLGJ42QGAE4VVN7ED5HQN2GUL3Q3A7VMPQMSTCF34TC2NYI2UFWA4ELGUSNUWAMUVY='}",0,Ciudad De México,DF,Mexico,False,False,False,2012-06-29T21:22:26Z,2024-09-19T17:26:19Z,4.9,"{'id': 's1653354', 'polyline': 'eocuBn~g|QeAfOMtBBH~DrDrLxKZOPHPB?DJBBDGI?CJBBAZ?rEaVrAkJAOsPyFK?IBeBbCS?iAq@IBe@n@M?oAgA[\\Ed@', 'resource_state': 3}",661623,21087,229,"{'pr_elapsed_time': 558, 'pr_date': '2024-10-22', 'pr_visibility': 'everyone', 'pr_activity_id': 12718638352, 'pr_activity_visibility': 'everyone', 'effort_count': 34}","{'kom': '6:14', 'qom': '7:07', 'overall': '6:14', 'destination': {'href': 'strava://segments/1653354/leaderboard', 'type': 'overall', 'name': 'All-Time'}}","{'athlete_id': 22531570, 'title': 'Mario Alberto Sánchez Jaramillo ', 'profile': 'https://dgalywyr863hv.cloudfront.net/pictures/athletes/22531570/15667274/6/large.jpg', 'effort_description': '396 efforts in the last 90 days', 'effort_count': '396', 'effort_counts': {'overall': '396 efforts', 'female': '175 efforts'}, 'destination': 'strava://segments/1653354/local_legend?categories%5B%5D=overall'}"
14513229,3,Viveros 0-2000,Run,1943.7,-0.0,10.5,2263.8,2253.4,"[19.353027, -99.175326]","[19.353393, -99.175175]",https://d3o5xota0a1fcr.cloudfront.net/v6/charts/7GIZSVALNUOXYSL3JZUFPL6JYM27PK6EWGQG4T5JMDPVXZPOEOMNGZOCTBGXC4722EC37Y2TBS46OB347KCS67JC,"{'light_url': 'https://d3o5xota0a1fcr.cloudfront.net/v6/charts/7GIZSVALNUOXYSL3JZUFPL6JYM27PK6EWGQG4T5JMDPVXZPOEOMNGZOCTBGXC4722EC37Y2TBS46OB347KCS67JC', 'dark_url': 'https://d3o5xota0a1fcr.cloudfront.net/v6/charts/C5VWETT3UJH5SFTRJ4565KGZVHCEJTIFQBPH6RGT5ZVOARGDV65V7UUZ5BZM23OKQRXJUX3HKEJENYR5B3A3R2O2'}",0,Ciudad de México,Ciudad de México,Mexico,False,False,False,2017-04-04T16:32:53Z,2021-05-20T08:04:10Z,16.9,"{'id': 's14513229', 'polyline': 'k{buBxdi|QNuAd@cBNkAf@_CXgBz@_Eh@kGD{AHs@AUGIKGyBk@oE_BsCu@O?MDQNq@z@ULODUAm@SSEUB]\\KBKCm@WQ@IFEJGXCxA[hFCpAUbB?j@D\\P^Zd@dBfB~AfBjBbBz@r@fAfAbBfAZN', 'resource_state': 3}",717043,21541,37,"{'pr_elapsed_time': 516, 'pr_date': '2024-10-22', 'pr_visibility': 'everyone', 'pr_activity_id': 12718638352, 'pr_activity_visibility': 'everyone', 'effort_count': 40}","{'kom': '6:05', 'qom': '7:08', 'overall': '6:05', 'destination': {'href': 'strava://segments/14513229/leaderboard', 'type': 'overall', 'name': 'All-Time'}}","{'athlete_id': 22531570, 'title': 'Mario Alberto Sánchez Jaramillo ', 'profile': 'https://dgalywyr863hv.cloudfront.net/pictures/athletes/22531570/15667274/6/large.jpg', 'effort_description': '394 efforts in the last 90 days', 'effort_count': '394', 'effort_counts': {'overall': '394 efforts', 'female': '171 efforts'}, 'destination': 'strava://segments/14513229/local_legend?categories%5B%5D=overall'}"
21685914,3,Minverva to Viveros,Run,1130.3,-0.2,10.2,2268.6,2262.3,"[19.362805, -99.179284]","[19.352856, -99.177146]",https://d3o5xota0a1fcr.cloudfront.net/v6/charts/ZFSQ7YKWE7VDDQE3TFC4QG3WDKJHF2JKSHCSPTOZBOD6OVHKCVQ36YPEAAPMC2WHVBGRY4PWTRILM5KQFRJFRXJ2,"{'light_url': 'https://d3o5xota0a1fcr.cloudfront.net/v6/charts/ZFSQ7YKWE7VDDQE3TFC4QG3WDKJHF2JKSHCSPTOZBOD6OVHKCVQ36YPEAAPMC2WHVBGRY4PWTRILM5KQFRJFRXJ2', 'dark_url': 'https://d3o5xota0a1fcr.cloudfront.net/v6/charts/RKH4EBOOJ2KPG6E3R32I5ZSBV5ZRGIRYZRSGTJEX77DY3EZ2RT2ZSIL3FGQIKIGXFJEJAGA2IXZ2DCRDH6A2AJSE'}",0,Ciudad de México,Ciudad de México,Mexico,False,False,False,2019-09-03T15:55:20Z,2021-05-18T08:05:46Z,9.5,"{'id': 's21685914', 'polyline': 'oxduBp}i|QRCz@Ap@Ez@W\\QPEjDYdAUtAMp@Of@ChAYx@Gr@Ml@E|@SV?j@WhBUn@A`@G`@AdAYbAQfBIlBWhACl@KjAGjEs@', 'resource_state': 3}",22448,1722,6,"{'pr_elapsed_time': None, 'pr_date': None, 'pr_visibility': None, 'pr_activity_id': None, 'pr_activity_visibility': None, 'effort_count': 0}","{'kom': '2:51', 'qom': '4:38', 'overall': '2:51', 'destination': {'href': 'strava://segments/21685914/leaderboard', 'type': 'overall', 'name': 'All-Time'}}","{'athlete_id': 17836063, 'title': 'Carlos A. Trujillo', 'profile': 'https://graph.facebook.com/1259182774131762/picture?height=256&width=256', 'effort_description': '32 efforts in the last 90 days', 'effort_count': '32', 'effort_counts': {'overall': '32 efforts', 'female': '17 efforts'}, 'destination': 'strava://segments/21685914/local_legend?categories%5B%5D=overall'}"
20072918,3,G. Pérez Valenzuela,Run,806.8,-1.1,1.9,2264.9,2256.3,"[19.351795, -99.177421]","[19.350942, -99.169888]",https://d3o5xota0a1fcr.cloudfront.net/v6/charts/42TG4A4KP2WBSZMKIUHRH45J6MN2QB6AEP6VLATVJGQC6OM7BUECGY7QWG6OJN2NYIXI53VKKLSPEHFOADL3T5A=,"{'light_url': 'https://d3o5xota0a1fcr.cloudfront.net/v6/charts/42TG4A4KP2WBSZMKIUHRH45J6MN2QB6AEP6VLATVJGQC6OM7BUECGY7QWG6OJN2NYIXI53VKKLSPEHFOADL3T5A=', 'dark_url': 'https://d3o5xota0a1fcr.cloudfront.net/v6/charts/DR6EXG4H5R4O7MDX7OKWUPL2UIWJE56ODCAFF2NOJRJPMBC2RRSJSOH4T6OHOUB5WRFXQZSK6XTSGRAAJN3XXEQ='}",0,Ciudad de México,Ciudad de México,Mexico,False,False,False,2019-03-15T16:40:12Z,2021-05-17T08:08:04Z,0.0,"{'id': 's20072918', 'polyline': 'usbuB|qi|QRa@j@oFj@aDBe@\\wBBe@?qAI}CDsABeDAsBBg@BeDH{@FC', 'resource_state': 3}",12468,2126,1,"{'pr_elapsed_time': None, 'pr_date': None, 'pr_visibility': None, 'pr_activity_id': None, 'pr_activity_visibility': None, 'effort_count': 0}","{'kom': '1:49', 'qom': '1:47', 'overall': '1:47', 'destination': {'href': 'strava://segments/20072918/leaderboard', 'type': 'overall', 'name': 'All-Time'}}","{'athlete_id': 91433411, 'title': 'JUAN ENRIQUE LOPEZ RUIZ', 'profile': 'https://graph.facebook.com/10165682859775013/picture?height=256&width=256', 'effort_description': '24 efforts in the last 90 days', 'effort_count': '24', 'effort_counts': {'overall': '24 efforts', 'female': '20 efforts'}, 'destination': 'strava://segments/20072918/local_legend?categories%5B%5D=overall'}"
10366698,3,Viveros puerta 1 a puerta 3,Run,559.2,0.4,3.8,2259.0,2256.5,"[19.351854, -99.16968]","[19.356121, -99.16914]",https://d3o5xota0a1fcr.cloudfront.net/v6/charts/WUN6OKH4QH3IF6YTFKPXIJ6Q72344KVXUGCT2OUSG74FCVXCXS6E5REMFJOXJXFXA7P74YU2NNFEY2C3S262WZ7N,"{'light_url': 'https://d3o5xota0a1fcr.cloudfront.net/v6/charts/WUN6OKH4QH3IF6YTFKPXIJ6Q72344KVXUGCT2OUSG74FCVXCXS6E5REMFJOXJXFXA7P74YU2NNFEY2C3S262WZ7N', 'dark_url': 'https://d3o5xota0a1fcr.cloudfront.net/v6/charts/OZ5XTABBY66J7OPMBR5DWMIGAQ4CQ4XLBNYVJBPSAJUNXQR6PAIAXDDMCBDI7FM33GY4TP4RHEFHWGC4IDOYBHDP'}",0,Ciudad de México,Distrito Federal,Mexico,False,False,False,2015-08-31T20:38:26Z,2021-05-20T08:03:32Z,2.5,"{'id': 's10366698', 'polyline': 'atbuBnah|QwAg@oAi@yAg@_@Qy@Sw@]m@IWIO?QLq@bAa@d@OBOAQKQQUKSBYZMFG@MAa@a@QEUDON', 'resource_state': 3}",868293,23185,11,"{'pr_elapsed_time': 138, 'pr_date': '2025-03-23', 'pr_visibility': 'everyone', 'pr_activity_id': 13968344694, 'pr_activity_visibility': 'everyone', 'effort_count': 43}","{'kom': '7s', 'qom': '44s', 'overall': '7s', 'destination': {'href': 'strava://segments/10366698/leaderboard', 'type': 'overall', 'name': 'All-Time'}}","{'athlete_id': 22531570, 'title': 'Mario Alberto Sánchez Jaramillo ', 'profile': 'https://dgalywyr863hv.cloudfront.net/pictures/athletes/22531570/15667274/6/large.jpg', 'effort_description': '396 efforts in the last 90 days', 'effort_count': '396', 'effort_counts': {'overall': '396 efforts', 'female': '176 efforts'}, 'destination': 'strava://segments/10366698/local_legend?categories%5B%5D=overall'}"
21217001,3,Parque la bola ,Run,329.6,-0.0,8.1,2278.0,2274.2,"[19.366158, -99.184551]","[19.366176, -99.184561]",https://d3o5xota0a1fcr.cloudfront.net/v6/charts/UULS2AVPBF4RQ4KN7VWGSAKEIRT2GCGXQPUQJHZXSYR4EFSF6ROAM4WZWSZO3B4SEWVBEIWALWOV4IXBUX4K2KCP,"{'light_url': 'https://d3o5xota0a1fcr.cloudfront.net/v6/charts/UULS2AVPBF4RQ4KN7VWGSAKEIRT2GCGXQPUQJHZXSYR4EFSF6ROAM4WZWSZO3B4SEWVBEIWALWOV4IXBUX4K2KCP', 'dark_url': 'https://d3o5xota0a1fcr.cloudfront.net/v6/charts/GB2LHNLKTXEGZVQVTTWVZKJB2DTUFVKN4YJLMP374QTTYL2NC6SJI653XD72OQIUGR7NH2QNJ5C5BMCPOSW6EM3Y'}",0,Ciudad de México,Ciudad de México,Mexico,False,False,False,2019-07-20T19:21:22Z,2021-05-17T08:08:20Z,2.3,"{'id': 's21217001', 'polyline': 'mmeuBn~j|QNd@JJNb@RXJBT?REROHO@QK[IQ[Y[cAOQQGSAQDMNK\\?TTb@', 'resource_state': 3}",53659,1341,5,"{'pr_elapsed_time': None, 'pr_date': None, 'pr_visibility': None, 'pr_activity_id': None, 'pr_activity_visibility': None, 'effort_count': 0}","{'kom': '49s', 'qom': '44s', 'overall': '44s', 'destination': {'href': 'strava://segments/21217001/leaderboard', 'type': 'overall', 'name': 'All-Time'}}","{'athlete_id': 114878631, 'title': 'Daniel Pulido', 'profile': 'https://lh3.googleusercontent.com/a/AGNmyxbSPqbg24rzsg-bNUFL_DQ7Jrk5xPGLZjUNLziBrQ=s96-c', 'effort_description': '562 efforts in the last 90 days', 'effort_count': '562', 'effort_counts': {'overall': '562 efforts', 'female': '231 efforts'}, 'destination': 'strava://segments/21217001/local_legend?categories%5B%5D=overall'}"
21217013,3,Parque la vola invertido,Run,351.6,-0.0,6.0,2278.0,2274.2,"[19.365473, -99.184751]","[19.365388, -99.184719]",https://d3o5xota0a1fcr.cloudfront.net/v6/charts/G7E4TF27RTLLU6MXFRIHAIJYBILCQPJUUWOITR4THBUTEVCDS3NQVQ54LKQXUMGNBZNNHWFDZ6M7M272VFSDV6Q=,"{'light_url': 'https://d3o5xota0a1fcr.cloudfront.net/v6/charts/G7E4TF27RTLLU6MXFRIHAIJYBILCQPJUUWOITR4THBUTEVCDS3NQVQ54LKQXUMGNBZNNHWFDZ6M7M272VFSDV6Q=', 'dark_url': 'https://d3o5xota0a1fcr.cloudfront.net/v6/charts/55J3NCX62MFWVGBPLM7BOPKHIMY7MR5Y7WNTCOHW72EMZIVOCZLKG6PK234ECCM5WZRSNY57GJ2BJJIWCFGGQ7Q='}",0,Ciudad de México,Ciudad de México,Mexico,False,False,False,2019-07-20T19:23:03Z,2021-05-15T02:23:35Z,3.0,"{'id': 's21217013', 'polyline': 'eieuBv_k|QADHR@VMX[LOCMGMIYc@m@uASYEK@GFQJKLEbAEH?HDVl@b@p@DL@P', 'resource_state': 3}",44641,1095,4,"{'pr_elapsed_time': None, 'pr_date': None, 'pr_visibility': None, 'pr_activity_id': None, 'pr_activity_visibility': None, 'effort_count': 0}","{'kom': '1:00', 'qom': '1:09', 'overall': '1:00', 'destination': {'href': 'strava://segments/21217013/leaderboard', 'type': 'overall', 'name': 'All-Time'}}","{'athlete_id': 114878631, 'title': 'Daniel Pulido', 'profile': 'https://lh3.googleusercontent.com/a/AGNmyxbSPqbg24rzsg-bNUFL_DQ7Jrk5xPGLZjUNLziBrQ=s96-c', 'effort_description': '534 efforts in the last 90 days', 'effort_count': '534', 'effort_counts': {'overall': '534 efforts', 'female': '219 efforts'}, 'destination': 'strava://segments/21217013/local_legend?categories%5B%5D=overall'}"
10003359,3,Vito a Viveros,Run,630.6,-1.2,0.0,2272.0,2264.5,"[19.351472, -99.183976]","[19.352183, -99.178056]",https://d3o5xota0a1fcr.cloudfront.net/v6/charts/KHRRQZBQ6KVLGW42ACYFLF4CFVWWYVT26SQN6S3RR6DQDELJJYRXTS5WH5PVEA3I5DWRTUSKWDAW2IJUTQNIJAY=,"{'light_url': 'https://d3o5xota0a1fcr.cloudfront.net/v6/charts/KHRRQZBQ6KVLGW42ACYFLF4CFVWWYVT26SQN6S3RR6DQDELJJYRXTS5WH5PVEA3I5DWRTUSKWDAW2IJUTQNIJAY=', 'dark_url': 'https://d3o5xota0a1fcr.cloudfront.net/v6/charts/RTVMHKO52KRA2WEGH7MZLO3LRAJBOVPPVWCKYGOABSIBJISPEJNT7J6RR37VR26R3NXOL7XJEV3OBXNWX6NHNWQ='}",0,Ciudad de México,Distrito Federal,Mexico,False,False,False,2015-07-20T17:15:21Z,2021-05-15T02:16:43Z,0.0,"{'id': 's10003359', 'polyline': 'uqbuBzzj|QHo@?o@KyA@_@Ce@GU?WM_AC}@Oy@Gm@MqBBUM{AIa@K_AAe@I_AGYG{@@e@OcB', 'resource_state': 3}",26177,2585,6,"{'pr_elapsed_time': None, 'pr_date': None, 'pr_visibility': None, 'pr_activity_id': None, 'pr_activity_visibility': None, 'effort_count': 0}","{'kom': '15s', 'qom': '1:21', 'overall': '15s', 'destination': {'href': 'strava://segments/10003359/leaderboard', 'type': 'overall', 'name': 'All-Time'}}","{'athlete_id': 93952790, 'title': 'Joaquín Miranda', 'profile': 'https://dgalywyr863hv.cloudfront.net/pictures/athletes/93952790/26620736/2/large.jpg', 'effort_description': '35 efforts in the last 90 days', 'effort_count': '35', 'effort_counts': {'overall': '35 efforts', 'female': '28 efforts'}, 'destination': 'strava://segments/10003359/local_legend?categories%5B%5D=overall'}"
24398393,3,Último kilómetro!,Run,1003.1,0.4,11.5,2269.9,2265.5,"[19.358543, -99.178291]","[19.367149, -99.180577]",https://d3o5xota0a1fcr.cloudfront.net/v6/charts/LKY2JCXWEBHER5JGBX35XIT2TSX6RYHR25II7QAFC6FE7UY6J4GEXS7XP4BHUPQNKKPUCLKAKUMCN4XGMMMQSW2J,"{'light_url': 'https://d3o5xota0a1fcr.cloudfront.net/v6/charts/LKY2JCXWEBHER5JGBX35XIT2TSX6RYHR25II7QAFC6FE7UY6J4GEXS7XP4BHUPQNKKPUCLKAKUMCN4XGMMMQSW2J', 'dark_url': 'https://d3o5xota0a1fcr.cloudfront.net/v6/charts/GOMGPFPXFSAHOA2QX57T5T3LYDN4VQWZA7D3GRSQICE6VWBWYEESDL5OIRYIJTGN6TAKX5GIF5BSV2JXUCIPLRDG'}",0,Ciudad de México,Ciudad de México,Mexico,False,False,False,2020-06-09T04:04:06Z,2021-05-20T08:05:31Z,4.4,"{'id': 's24398393', 'polyline': '{}cuBjwi|Qa@LoEn@m@LO@c@Ni@Fe@Re@Js@?s@LeADaARc@@WEM@]P[Dc@NKRGDG@_@GSASB[LSP]Hk@Xa@@a@Fo@AY@eA^a@Jg@Hs@DgAP_A`@QBUDc@@qAR', 'resource_state': 3}",9629,1008,0,"{'pr_elapsed_time': None, 'pr_date': None, 'pr_visibility': None, 'pr_activity_id': None, 'pr_activity_visibility': None, 'effort_count': 0}","{'kom': '2:26', 'qom': '4:23', 'overall': '2:26', 'destination': {'href': 'strava://segments/24398393/leaderboard', 'type': 'overall', 'name': 'All-Time'}}","{'athlete_id': 73612394, 'title': 'Diego Nava', 'profile': 'https://dgalywyr863hv.cloudfront.net/pictures/athletes/73612394/25494087/1/large.jpg', 'effort_description': '34 efforts in the last 90 days', 'effort_count': '34', 'effort_counts': {'overall': '34 efforts', 'female': '20 efforts'}, 'destination': 'strava://segments/24398393/local_legend?categories%5B%5D=overall'}"
24560410,3,Quesos a barranca,Run,926.7,-0.1,9.4,2282.8,2278.8,"[19.354299, -99.188698]","[19.361563, -99.185019]",https://d3o5xota0a1fcr.cloudfront.net/v6/charts/3AFLP6YK6WNLZL6INXSV77HRC4W5OHH7LALDALW6AYRDBX2WVFWW7D3HYTQTVFJC4BH2QKGUA7LX26YBZDQTB4EK,"{'light_url': 'https://d3o5xota0a1fcr.cloudfront.net/v6/charts/3AFLP6YK6WNLZL6INXSV77HRC4W5OHH7LALDALW6AYRDBX2WVFWW7D3HYTQTVFJC4BH2QKGUA7LX26YBZDQTB4EK', 'dark_url': 'https://d3o5xota0a1fcr.cloudfront.net/v6/charts/XD536MWKYKGK4MVXSBNH7YNFFCB4HVF6SW3TNKJDR6QWXMVDUHIOBRDHZSFE5K2A3XVFQ2YTDQ5ADRM6JUIMLWBN'}",0,Ciudad de México,Ciudad de México,Mexico,False,False,False,2020-06-20T19:21:52Z,2021-05-18T08:06:03Z,6.0,"{'id': 's24560410', 'polyline': 'iccuBjxk|QSAg@_@e@Q}A}@iAi@_Am@qAm@UGw@JM?MEKKGMEo@IIwCgAkAo@u@[uAu@{@k@]MOOyCsAk@O[Es@?yAM]I[B', 'resource_state': 3}",5172,358,3,"{'pr_elapsed_time': None, 'pr_date': None, 'pr_visibility': None, 'pr_activity_id': None, 'pr_activity_visibility': None, 'effort_count': 0}","{'kom': '3:10', 'qom': '3:42', 'overall': '3:10', 'destination': {'href': 'strava://segments/24560410/leaderboard', 'type': 'overall', 'name': 'All-Time'}}","{'athlete_id': 20408049, 'title': 'Andrés Monroy Vallejo', 'profile': 'https://dgalywyr863hv.cloudfront.net/pictures/athletes/20408049/17315508/12/large.jpg', 'effort_description': '26 efforts in the last 90 days', 'effort_count': '26', 'effort_counts': {'overall': '26 efforts', 'female': '11 efforts'}, 'destination': 'strava://segments/24560410/local_legend?categories%5B%5D=overall'}"
22915024,3,1 vuelta pista,Run,381.7,-0.2,4.8,2189.6,2187.4,"[19.372355, -99.159523]","[19.372347, -99.159531]",https://d3o5xota0a1fcr.cloudfront.net/v6/charts/TJFGVPW57AAEGS4NCCAMQKL7QYKZM3BIGF77RAJTRMLQ65SZO2NMGNC7BXQNFAOCMRA5MST6NK6FZEUBXEZH7MLL,"{'light_url': 'https://d3o5xota0a1fcr.cloudfront.net/v6/charts/TJFGVPW57AAEGS4NCCAMQKL7QYKZM3BIGF77RAJTRMLQ65SZO2NMGNC7BXQNFAOCMRA5MST6NK6FZEUBXEZH7MLL', 'dark_url': 'https://d3o5xota0a1fcr.cloudfront.net/v6/charts/Z3UOSR4EO3PU4EUJ3OMWCRS6WHVMWSRVTKWDMO65MHNBBHPGJ664RYF5RSCNA7FJJ5QO4JYBVQCAISL6T5WLLA6I'}",0,Ciudad de México,Ciudad de México,Mexico,False,False,False,2020-02-21T22:58:08Z,2021-05-18T08:05:53Z,0.0,"{'id': 's22915024', 'polyline': 'etfuB`bf|Q?\\H^d@Vf@LjALn@MVWJi@Ec@GOWYQK{AUK?WDOF[PKPE\\', 'resource_state': 3}",641276,3736,23,"{'pr_elapsed_time': 66, 'pr_date': '2025-04-03', 'pr_visibility': 'everyone', 'pr_activity_id': 14073832661, 'pr_activity_visibility': 'everyone', 'effort_count': 154}","{'kom': '37s', 'qom': '45s', 'overall': '37s', 'destination': {'href': 'strava://segments/22915024/leaderboard', 'type': 'overall', 'name': 'All-Time'}}","{'athlete_id': 40448450, 'title': 'Luis Vidal', 'profile': 'https://dgalywyr863hv.cloudfront.net/pictures/athletes/40448450/37507889/1/large.jpg', 'effort_description': '1025 efforts in the last 90 days', 'effort_count': '1025', 'effort_counts': {'overall': '1025 efforts', 'female': '363 efforts'}, 'destination': 'strava://segments/22915024/local_legend?categories%5B%5D=overall'}"
20363599,3,Parque Los Venados Vuelta Exterior,Run,1100.2,0.0,13.0,2253.9,2245.5,"[19.370473, -99.156501]","[19.370484, -99.156533]",https://d3o5xota0a1fcr.cloudfront.net/v6/charts/3YT6VPOLFKD3HNPJLY5XPWEDNBAK5F6TWS4SU52TK774SIDGD6CJEAX6SCLTOAN7SLWNTTZ6DZ5LSHHUJJI6BO7W,"{'light_url': 'https://d3o5xota0a1fcr.cloudfront.net/v6/charts/3YT6VPOLFKD3HNPJLY5XPWEDNBAK5F6TWS4SU52TK774SIDGD6CJEAX6SCLTOAN7SLWNTTZ6DZ5LSHHUJJI6BO7W', 'dark_url': 'https://d3o5xota0a1fcr.cloudfront.net/v6/charts/EBXZPUT5OLWC4VO4JECW5EIUB2LB5ZYDN7QSS6WQLCLPQ446WBVZXC5PN3J3QDWDU5YJ7JQYFLSZZIEWREVTZY4U'}",0,Ciudad de México,Ciudad de México,Mexico,False,False,False,2019-04-20T16:25:35Z,2021-05-15T08:05:46Z,10.6,"{'id': 's20363599', 'polyline': 'mhfuBdoe|QRcAVuB@_@CSsA]_C_@oBSo@OsAKyAW{AOABIPAR?RJr@GtAKl@AZEfD@VGj@?RZVz@Af@Cd@Kl@GdDo@f@GrCu@p@ELQ', 'resource_state': 3}",147719,4279,20,"{'pr_elapsed_time': None, 'pr_date': None, 'pr_visibility': None, 'pr_activity_id': None, 'pr_activity_visibility': None, 'effort_count': 0}","{'kom': '3:47', 'qom': '4:27', 'overall': '3:15', 'destination': {'href': 'strava://segments/20363599/leaderboard', 'type': 'overall', 'name': 'All-Time'}}","{'athlete_id': 171666857, 'title': 'Marco Cuevas', 'profile': 'https://dgalywyr863hv.cloudfront.net/pictures/athletes/171666857/37984831/1/large.jpg', 'effort_description': '174 efforts in the last 90 days', 'effort_count': '174', 'effort_counts': {'overall': '174 efforts', 'female': '107 efforts'}, 'destination': 'strava://segments/20363599/local_legend?categories%5B%5D=overall'}"
27142316,3,Zapata a Ermita y vuelta  † ,Run,881.0,0.1,6.5,2242.2,2239.0,"[19.363531, -99.138515]","[19.363522, -99.138554]",https://d3o5xota0a1fcr.cloudfront.net/v6/charts/PZ6X54KJL4E4KORUSQFD2D6WOZUVC5ZIPWV63SIDQQNKELCXSPT5CO6O22OOBAXVXH5OQIS4TQGTFKLK5DG4CSNY,"{'light_url': 'https://d3o5xota0a1fcr.cloudfront.net/v6/charts/PZ6X54KJL4E4KORUSQFD2D6WOZUVC5ZIPWV63SIDQQNKELCXSPT5CO6O22OOBAXVXH5OQIS4TQGTFKLK5DG4CSNY', 'dark_url': 'https://d3o5xota0a1fcr.cloudfront.net/v6/charts/HW5NN3KG7J4Y24FHRI53EIFWXGY4YOESC5R4DSJPSDADATOVD2R6TB4GMN5NTCFZ377SY5ZLSB2YRZR2X4QWT5YR'}",0,Ciudad de México,Ciudad de México,Mexico,False,False,False,2021-01-29T03:05:59Z,2021-05-20T08:05:48Z,3.2,"{'id': 's27142316', 'polyline': 'a}duBv~a|QdAJ|@V`AF~ATj@DjAPf@Jj@?\\LT@fAVh@@nBZC@SEeAO_AGcC_@[?g@Gg@M_CU{@QoAOaBYI?', 'resource_state': 3}",1914,106,0,"{'pr_elapsed_time': None, 'pr_date': None, 'pr_visibility': None, 'pr_activity_id': None, 'pr_activity_visibility': None, 'effort_count': 0}","{'kom': '3:34', 'qom': '3:58', 'overall': '3:34', 'destination': {'href': 'strava://segments/27142316/leaderboard', 'type': 'overall', 'name': 'All-Time'}}","{'athlete_id': 18028245, 'title': 'Andres Neria', 'profile': 'https://dgalywyr863hv.cloudfront.net/pictures/athletes/18028245/8913072/2/large.jpg', 'effort_description': '32 efforts in the last 90 days', 'effort_count': '32', 'effort_counts': {'overall': '32 efforts', 'female': '13 efforts'}, 'destination': 'strava://segments/27142316/local_legend?categories%5B%5D=overall'}"
17821093,3,Recta DIvNte,Run,326.9,-0.4,0.9,2259.8,2258.2,"[19.373499, -99.157379]","[19.370684, -99.156473]",https://d3o5xota0a1fcr.cloudfront.net/v6/charts/EP7DMB376Z4JAAZH5PM4BKQU4E4EH5NINV3TRGU6P5TPJFGVFFNVELMNTJ3SKJ72HZ2ELIVGARTUFQCKQSLL6HEE,"{'light_url': 'https://d3o5xota0a1fcr.cloudfront.net/v6/charts/EP7DMB376Z4JAAZH5PM4BKQU4E4EH5NINV3TRGU6P5TPJFGVFFNVELMNTJ3SKJ72HZ2ELIVGARTUFQCKQSLL6HEE', 'dark_url': 'https://d3o5xota0a1fcr.cloudfront.net/v6/charts/KT3AEL4VT7UD4HUO5OURNKI4YL5EPJQGLW4RFITBZMUAVI4XHJPR3SBUFMWKBT4P4JGOECQ55I6ACIDXOIXMDUTS'}",0,Ciudad de México,Ciudad de México,Mexico,False,False,False,2018-05-31T14:06:26Z,2021-05-20T08:04:40Z,0.0,"{'id': 's17821093', 'polyline': 'i{fuBrte|QrBk@|Bg@`@OrA[dAUrBWNE', 'resource_state': 3}",209294,5814,8,"{'pr_elapsed_time': 104, 'pr_date': '2025-01-05', 'pr_visibility': 'everyone', 'pr_activity_id': 13274790590, 'pr_activity_visibility': 'everyone', 'effort_count': 2}","{'kom': '5s', 'qom': '22s', 'overall': '5s', 'destination': {'href': 'strava://segments/17821093/leaderboard', 'type': 'overall', 'name': 'All-Time'}}","{'athlete_id': 171666857, 'title': 'Marco Cuevas', 'profile': 'https://dgalywyr863hv.cloudfront.net/pictures/athletes/171666857/37984831/1/large.jpg', 'effort_description': '191 efforts in the last 90 days', 'effort_count': '191', 'effort_counts': {'overall': '191 efforts', 'female': '134 efforts'}, 'destination': 'strava://segments/17821093/local_legend?categories%5B%5D=overall'}"
26908397,3,Pato corto,Run,723.0,0.1,8.0,2237.8,2235.8,"[19.354237, -99.131748]","[19.35423, -99.131777]",https://d3o5xota0a1fcr.cloudfront.net/v6/charts/ZELNO2M647GK2SOHFNRDRJL3SKRVZDWKCPDLNP7HGRTKIBSIOSIUFDEUU36RDJCMEZEVGSFQWQGJ245WCYQ5PXNH,"{'light_url': 'https://d3o5xota0a1fcr.cloudfront.net/v6/charts/ZELNO2M647GK2SOHFNRDRJL3SKRVZDWKCPDLNP7HGRTKIBSIOSIUFDEUU36RDJCMEZEVGSFQWQGJ245WCYQ5PXNH', 'dark_url': 'https://d3o5xota0a1fcr.cloudfront.net/v6/charts/3AFAVNMFHCFNFR5UE2M4YJDQOXFIXSJN26UOJXRZ7TU5WLU726SDZH5YGFMLQVO3ITSVB7I6LMOIGJWGXQFYCYWZ'}",0,Ciudad de México,Ciudad de México,Mexico,False,False,False,2021-01-04T21:54:50Z,2021-05-17T08:09:13Z,0.0,"{'id': 's26908397', 'polyline': '}bcuBlt`|QaA~@a@h@WRs@x@CJUVCH?DFLLBb@WTWj@a@j@g@dBuBpAwA^YhA}AFI@KEEQIGBURo@b@gC~CWP', 'resource_state': 3}",9517,355,4,"{'pr_elapsed_time': None, 'pr_date': None, 'pr_visibility': None, 'pr_activity_id': None, 'pr_activity_visibility': None, 'effort_count': 0}","{'kom': '2:44', 'qom': '3:08', 'overall': '2:44', 'destination': {'href': 'strava://segments/26908397/leaderboard', 'type': 'overall', 'name': 'All-Time'}}","{'athlete_id': 4083657, 'title': 'Jesús Ortega', 'profile': 'https://dgalywyr863hv.cloudfront.net/pictures/athletes/4083657/26795155/7/large.jpg', 'effort_description': '52 efforts in the last 90 days', 'effort_count': '52', 'effort_counts': {'overall': '52 efforts', 'female': '34 efforts'}, 'destination': 'strava://segments/26908397/local_legend?categories%5B%5D=overall'}"
27132384,3,Desde Sur75a +,Run,808.6,-0.0,8.3,2240.4,2235.8,"[19.361103, -99.132372]","[19.361091, -99.132384]",https://d3o5xota0a1fcr.cloudfront.net/v6/charts/KBFYONEJ3DAXM2WNBU4ZS3ZGBRW2G2ZSHPQYGT5TJUQZ6ENU3UW4KRMNEHCTK3MA33CRRJA2KSGYGKAUCHVF5ZI=,"{'light_url': 'https://d3o5xota0a1fcr.cloudfront.net/v6/charts/KBFYONEJ3DAXM2WNBU4ZS3ZGBRW2G2ZSHPQYGT5TJUQZ6ENU3UW4KRMNEHCTK3MA33CRRJA2KSGYGKAUCHVF5ZI=', 'dark_url': 'https://d3o5xota0a1fcr.cloudfront.net/v6/charts/VDN4DQS6TI4KC76YBOCDJFNXCNMI2KDZ2SUUU33DH4BH2ASBJIH6ISSEXSE7EQSP6JCLHAJHXDKQW7QUMQGLDJA='}",0,Ciudad de México,Ciudad de México,Mexico,False,False,False,2021-01-28T00:28:39Z,2021-05-20T08:05:48Z,7.8,"{'id': 's27132384', 'polyline': '{mduBjx`|QBk@Hk@JuCHi@HqADSBARBFDBFD`@ChAi@xHMrC@NO~@At@EFSFICCEA{@NeEHsA', 'resource_state': 3}",9101,190,3,"{'pr_elapsed_time': None, 'pr_date': None, 'pr_visibility': None, 'pr_activity_id': None, 'pr_activity_visibility': None, 'effort_count': 0}","{'kom': '2:53', 'qom': '3:42', 'overall': '2:53', 'destination': {'href': 'strava://segments/27132384/leaderboard', 'type': 'overall', 'name': 'All-Time'}}","{'athlete_id': 127796403, 'title': 'Gustavo E Guerrero', 'profile': 'https://dgalywyr863hv.cloudfront.net/pictures/athletes/127796403/33837977/1/large.jpg', 'effort_description': '152 efforts in the last 90 days', 'effort_count': '152', 'effort_counts': {'overall': '152 efforts', 'female': '47 efforts'}, 'destination': 'strava://segments/27132384/local_legend?categories%5B%5D=overall'}"
25191662,3,Puente Tlapan,Run,210.1,5.8,17.2,2259.0,2241.0,"[19.364676, -99.144895]","[19.364402, -99.142918]",https://d3o5xota0a1fcr.cloudfront.net/v6/charts/YIDBA5Q62ZNGBTIG4WZ7KLWZRDIVQTTUHEGMKX3XNXLQ7QF6A5X2TTVYW5NTAC4AZPTVG3YS5SMY5EXEASF7NAA=,"{'light_url': 'https://d3o5xota0a1fcr.cloudfront.net/v6/charts/YIDBA5Q62ZNGBTIG4WZ7KLWZRDIVQTTUHEGMKX3XNXLQ7QF6A5X2TTVYW5NTAC4AZPTVG3YS5SMY5EXEASF7NAA=', 'dark_url': 'https://d3o5xota0a1fcr.cloudfront.net/v6/charts/R5CD46I4V7DNMDPH6KY2Z6FLNJQUOPGPCYKSISER2IT4SIQME5NY74ZCFJ6GPE7GJNFGXK6BNAX4UFJXRNRI3ZI='}",0,Ciudad de México,Ciudad de México,Mexico,False,False,False,2020-08-05T13:52:21Z,2021-05-15T02:25:06Z,18.0,"{'id': 's25191662', 'polyline': 'edeuBrfc|QJaB?eC@SZqBJ]', 'resource_state': 3}",442,153,0,"{'pr_elapsed_time': None, 'pr_date': None, 'pr_visibility': None, 'pr_activity_id': None, 'pr_activity_visibility': None, 'effort_count': 0}","{'kom': '14s', 'qom': '29s', 'overall': '14s', 'destination': {'href': 'strava://segments/25191662/leaderboard', 'type': 'overall', 'name': 'All-Time'}}","{'athlete_id': 159316980, 'title': 'Fernanda Gutierrez', 'profile': 'avatar/athlete/large.png', 'effort_description': '1 effort in the last 90 days', 'effort_count': '1', 'effort_counts': {'overall': '1 effort', 'female': '1 effort'}, 'destination': 'strava://segments/25191662/local_legend?categories%5B%5D=overall'}"
27684069,3,Sinatel por los dos sentidos. †,Run,732.0,-0.8,8.8,2278.4,2260.2,"[19.364582, -99.133561]","[19.364705, -99.133551]",https://d3o5xota0a1fcr.cloudfront.net/v6/charts/4KJFYDXA5SWDU6L5LBQUQRRTTJG4I3TWLG6UMBJWQPRICGMXXG2TLFMAM4UBD7L2PBWGPLUQ6GOYD5EURJ3EUR2F,"{'light_url': 'https://d3o5xota0a1fcr.cloudfront.net/v6/charts/4KJFYDXA5SWDU6L5LBQUQRRTTJG4I3TWLG6UMBJWQPRICGMXXG2TLFMAM4UBD7L2PBWGPLUQ6GOYD5EURJ3EUR2F', 'dark_url': 'https://d3o5xota0a1fcr.cloudfront.net/v6/charts/UKHRFTC4TJR6ZUE4MTAQZ7GR5FBW2RRV4J67Y77SAJTF27VZGV63PFX33V236EP4URVJLP6JI53ZXIG3VVRDFD2A'}",0,Ciudad de México,Ciudad de México,Mexico,False,False,False,2021-03-20T20:16:42Z,2021-05-20T08:05:51Z,11.4,"{'id': 's27684069', 'polyline': 'sceuBx_a|Q?wAFeA?{AC_@BuCBm@GeECMICEFEh@GzC?|ADdAG|D@lADt@', 'resource_state': 3}",83,11,2,"{'pr_elapsed_time': None, 'pr_date': None, 'pr_visibility': None, 'pr_activity_id': None, 'pr_activity_visibility': None, 'effort_count': 0}","{'kom': '3:05', 'qom': '3:58', 'overall': '3:05', 'destination': {'href': 'strava://segments/27684069/leaderboard', 'type': 'overall', 'name': 'All-Time'}}","{'athlete_id': 147879185, 'title': 'vicente  albarran ', 'profile': 'https://dgalywyr863hv.cloudfront.net/pictures/athletes/147879185/33324226/1/large.jpg', 'effort_description': '1 effort in the last 90 days', 'effort_count': '1', 'effort_counts': {'overall': '1 effort', 'female': None}, 'destination': 'strava://segments/27684069/local_legend?categories%5B%5D=overall'}"
28245325,3,Egipto a Zapata +,Run,205.7,0.7,17.1,2268.4,2266.2,"[19.361637, -99.138944]","[19.363459, -99.138511]",https://d3o5xota0a1fcr.cloudfront.net/v6/charts/OSC4U7Z3NNFYHS2XOY3734R75RICDVVXSRHSWHEX6CS63DFPOJ6UZH3GGYH7GJUV3HDFMFNYKQA2M2Y4PCUBM7A=,"{'light_url': 'https://d3o5xota0a1fcr.cloudfront.net/v6/charts/OSC4U7Z3NNFYHS2XOY3734R75RICDVVXSRHSWHEX6CS63DFPOJ6UZH3GGYH7GJUV3HDFMFNYKQA2M2Y4PCUBM7A=', 'dark_url': 'https://d3o5xota0a1fcr.cloudfront.net/v6/charts/WFJN2AU47RQNXNSNIRJDMZ4VZHZTXTDOUULAI7CBVPZBAHHNWBB256OIIQKYORP7CTMGOGYFPIB3DXLGGPCGQEA='}",0,Ciudad de México,Ciudad de México,Mexico,False,False,False,2021-04-30T15:37:11Z,2021-05-20T08:05:54Z,2.2,"{'id': 's28245325', 'polyline': 'eqduBlab|Qo@OkAK_AWs@IYAe@Km@EMC', 'resource_state': 3}",6409,284,0,"{'pr_elapsed_time': None, 'pr_date': None, 'pr_visibility': None, 'pr_activity_id': None, 'pr_activity_visibility': None, 'effort_count': 0}","{'kom': '19s', 'qom': '31s', 'overall': '19s', 'destination': {'href': 'strava://segments/28245325/leaderboard', 'type': 'overall', 'name': 'All-Time'}}","{'athlete_id': 18028245, 'title': 'Andres Neria', 'profile': 'https://dgalywyr863hv.cloudfront.net/pictures/athletes/18028245/8913072/2/large.jpg', 'effort_description': '81 efforts in the last 90 days', 'effort_count': '81', 'effort_counts': {'overall': '81 efforts', 'female': '23 efforts'}, 'destination': 'strava://segments/28245325/local_legend?categories%5B%5D=overall'}"
21675386,3,fIN JOKER PIRNITAS DE NENA,Run,1377.7,-0.1,1.2,2226.8,2223.4,"[19.358119, -99.153368]","[19.370018, -99.156584]",https://d3o5xota0a1fcr.cloudfront.net/v6/charts/4O5U5CTGAIXVS5MQCQRQJVF4EY6SQYAEHSBKZ24FSVSGORKK72BL2A3SOVYRGOGCLQAHLK7B32BX4NBUSHIHMQA=,"{'light_url': 'https://d3o5xota0a1fcr.cloudfront.net/v6/charts/4O5U5CTGAIXVS5MQCQRQJVF4EY6SQYAEHSBKZ24FSVSGORKK72BL2A3SOVYRGOGCLQAHLK7B32BX4NBUSHIHMQA=', 'dark_url': 'https://d3o5xota0a1fcr.cloudfront.net/v6/charts/IIL4S2ADMIYXIQJEFSO3REZS575BRLJQDJICLCBZ5PLG265PQLKDD4BG5GSBXXBVTFWOTKDTLRPDM2VTZE3U6AI='}",0,Ciudad de México,Ciudad de México,Mexico,False,False,False,2019-09-02T15:39:30Z,2021-05-15T02:23:51Z,0.0,"{'id': 's21675386', 'polyline': 'e{cuBp{d|QkABeCf@c@Bq@Ly@X[Ag@@m@L]@_@Jk@ZoC^w@?qAXm@Tm@N{B^}@Hs@Lc@ToAVaAVu@LeCVuATmA\\g@HwA\\i@Hs@Py@Vq@Lu@EqAN{Cr@e@R', 'resource_state': 3}",9000,4755,0,"{'pr_elapsed_time': None, 'pr_date': None, 'pr_visibility': None, 'pr_activity_id': None, 'pr_activity_visibility': None, 'effort_count': 0}","{'kom': '3:31', 'qom': '4:08', 'overall': '3:31', 'destination': {'href': 'strava://segments/21675386/leaderboard', 'type': 'overall', 'name': 'All-Time'}}","{'athlete_id': 34331904, 'title': 'Daniel Canto', 'profile': 'https://graph.facebook.com/10154365411456448/picture?height=256&width=256', 'effort_description': '13 efforts in the last 90 days', 'effort_count': '13', 'effort_counts': {'overall': '13 efforts', 'female': '8 efforts'}, 'destination': 'strava://segments/21675386/local_legend?categories%5B%5D=overall'}"
1359637,3,Patos,Run,2149.88,0.0,4.2,2246.5,2243.0,"[19.350965977142152, -99.12678681803862]","[19.35093479875498, -99.12681408570565]",https://d3o5xota0a1fcr.cloudfront.net/v6/charts/LI7WFJL2DIXWEZOTCZGRUTEREG5WP5XTBOVGIRSCQKTNU2AUFY7O6C4YMBPG5RO2SAQLMXG4GK2RG77BIISFETA=,"{'light_url': 'https://d3o5xota0a1fcr.cloudfront.net/v6/charts/LI7WFJL2DIXWEZOTCZGRUTEREG5WP5XTBOVGIRSCQKTNU2AUFY7O6C4YMBPG5RO2SAQLMXG4GK2RG77BIISFETA=', 'dark_url': 'https://d3o5xota0a1fcr.cloudfront.net/v6/charts/L2CO4H75QKBF7ZCET5XPV4PYPM5Y3TXNNTFN7HTI4ALO2I2HDXJB3NE57H5OQ4QOTOO7VAAQ6KCGTESDZQZ2TVQ='}",0,Ciudad De México,DF,Mexico,False,False,False,2012-05-10T18:33:35Z,2021-05-15T08:02:40Z,5.26187,"{'id': 's1359637', 'polyline': 'onbuBlu_|QHgDEiAFyACwDD}A?gDFaGJ{AHa@X}@@QGOM?Q@MFIRMb@Il@Mf@G\\BnAEbAA~BBlACr@@d@IvC?VH~@CVCtABtBCp@@bDCLGpDElAG^Ot@Q\\qBzBw@l@GPDNN@`@Cv@e@zAgBPWXo@T}@LmADuD?_B', 'resource_state': 3}",45421,1481,27,"{'pr_elapsed_time': None, 'pr_date': None, 'pr_visibility': None, 'pr_activity_id': None, 'pr_activity_visibility': None, 'effort_count': 0}","{'kom': '7:39', 'qom': '8:12', 'overall': '7:39', 'destination': {'href': 'strava://segments/1359637/leaderboard', 'type': 'overall', 'name': 'All-Time'}}","{'athlete_id': 21805961, 'title': 'Ismael R⚡', 'profile': 'https://dgalywyr863hv.cloudfront.net/pictures/athletes/21805961/6564404/13/large.jpg', 'effort_description': '154 efforts in the last 90 days', 'effort_count': '154', 'effort_counts': {'overall': '154 efforts', 'female': '105 efforts'}, 'destination': 'strava://segments/1359637/local_legend?categories%5B%5D=overall'}"
27664503,3,Ermita Vía Lactea - Patos,Run,702.9,0.2,6.4,2261.4,2258.0,"[19.358363, -99.130194]","[19.352139, -99.130075]",https://d3o5xota0a1fcr.cloudfront.net/v6/charts/XUOOFIZXWKGJW2PWHBNAFHLBVP2Q5YCOILEENUF5AZESSBS4FG7BLITP44Q4XUM3HNWIJX3NU5GG5C752QRNK6I=,"{'light_url': 'https://d3o5xota0a1fcr.cloudfront.net/v6/charts/XUOOFIZXWKGJW2PWHBNAFHLBVP2Q5YCOILEENUF5AZESSBS4FG7BLITP44Q4XUM3HNWIJX3NU5GG5C752QRNK6I=', 'dark_url': 'https://d3o5xota0a1fcr.cloudfront.net/v6/charts/E7AZVLGXCWL7THOBSTCNVGIXH2PNHF75UQO44QQ6BWVYHTMSIRXACQZIVWWSEGFIRINGO2RIOVIO4SDXBBMVFCY='}",0,Ciudad de México,Ciudad de México,Mexico,False,False,False,2021-03-19T00:30:58Z,2021-05-15T02:25:56Z,3.4,"{'id': 's27664503', 'polyline': 'w|cuBvj`|QH[\\I\\BpA@v@E|AAdBKZFh@GjB?`AD\\F`AGr@@~@FnAA\\Cd@D`@A\\@NDh@ArBF', 'resource_state': 3}",2154,215,0,"{'pr_elapsed_time': None, 'pr_date': None, 'pr_visibility': None, 'pr_activity_id': None, 'pr_activity_visibility': None, 'effort_count': 0}","{'kom': '2:35', 'qom': '3:37', 'overall': '2:35', 'destination': {'href': 'strava://segments/27664503/leaderboard', 'type': 'overall', 'name': 'All-Time'}}","{'athlete_id': 105363867, 'title': 'Pablo Sotelo', 'profile': 'https://graph.facebook.com/10159828030118500/picture?height=256&width=256', 'effort_description': '16 efforts in the last 90 days', 'effort_count': '16', 'effort_counts': {'overall': '16 efforts', 'female': '13 efforts'}, 'destination': 'strava://segments/27664503/local_legend?categories%5B%5D=overall'}"
17222503,3,P[arque las Montañas,Run,804.9,-0.2,14.2,2251.1,2241.9,"[19.347372, -99.123209]","[19.347469, -99.123202]",https://d3o5xota0a1fcr.cloudfront.net/v6/charts/552SI33LIYIFHFUUI7MPHQGAJ5CTRZLTFJSXI3UUBUFQTTAPFRKME4PFNICDMVBQCMLIOAFKL34WEZL3B4HN7KA=,"{'light_url': 'https://d3o5xota0a1fcr.cloudfront.net/v6/charts/552SI33LIYIFHFUUI7MPHQGAJ5CTRZLTFJSXI3UUBUFQTTAPFRKME4PFNICDMVBQCMLIOAFKL34WEZL3B4HN7KA=', 'dark_url': 'https://d3o5xota0a1fcr.cloudfront.net/v6/charts/ONFD2SYQI4C72EVCKLRXGXDF7TJVKW7P5VN7DU4BFLEJOSE34JKGXDKJNIV4UD4RR5D3OPDFY2ZJXNF5VKYCK2Q='}",0,Ciudad de México,Ciudad de México,Mexico,False,False,False,2018-03-22T17:42:41Z,2021-05-18T08:05:06Z,11.3,"{'id': 's17222503', 'polyline': 'axauB`__|Q?WEMFs@G}BYQUE]As@Io@?OBGDITCl@@l@AL?`ABFB\\DD@FAz@CR@XAHKVBd@EN?P\\xAPPBFj@H\\EL@VCBCFaASyBDUFe@Ci@@I`@UDG', 'resource_state': 3}",10535,320,6,"{'pr_elapsed_time': None, 'pr_date': None, 'pr_visibility': None, 'pr_activity_id': None, 'pr_activity_visibility': None, 'effort_count': 0}","{'kom': '2:31', 'qom': '3:40', 'overall': '2:31', 'destination': {'href': 'strava://segments/17222503/leaderboard', 'type': 'overall', 'name': 'All-Time'}}","{'athlete_id': 116304055, 'title': 'Roberto Sainz', 'profile': 'https://graph.facebook.com/10159364930133004/picture?height=256&width=256', 'effort_description': '96 efforts in the last 90 days', 'effort_count': '96', 'effort_counts': {'overall': '96 efforts', 'female': '43 efforts'}, 'destination': 'strava://segments/17222503/local_legend?categories%5B%5D=overall'}"
26685025,3,SUR 107 200m,Run,246.0,0.3,7.0,2271.2,2267.0,"[19.363391, -99.117061]","[19.363385, -99.117084]",https://d3o5xota0a1fcr.cloudfront.net/v6/charts/SZQ5TGN6MJZQ52S6EA4MYKBJFEXYBVZ2HRUGOI6T2MEPKES4NU6F33EZMFEKYXVEEXYWLQQOD4DQUANRJZKRXUQ=,"{'light_url': 'https://d3o5xota0a1fcr.cloudfront.net/v6/charts/SZQ5TGN6MJZQ52S6EA4MYKBJFEXYBVZ2HRUGOI6T2MEPKES4NU6F33EZMFEKYXVEEXYWLQQOD4DQUANRJZKRXUQ=', 'dark_url': 'https://d3o5xota0a1fcr.cloudfront.net/v6/charts/F2CTHTVB6TULUTA6RB32N7HAZGEMNF2DRXDWG2EFKQZZW74X45VAVRIMEOHNPQKGFQWLJQ5S42UNM7G7MFHX6XA='}",0,Ciudad de México,Ciudad de México,Mexico,False,False,False,2020-12-11T00:13:31Z,2021-05-15T02:25:37Z,4.0,"{'id': 's26685025', 'polyline': 'e|duBtx}{QLGDWJuAAi@BYAGQKG@KJSrCFd@NHB?', 'resource_state': 3}",4962,79,1,"{'pr_elapsed_time': None, 'pr_date': None, 'pr_visibility': None, 'pr_activity_id': None, 'pr_activity_visibility': None, 'effort_count': 0}","{'kom': '31s', 'qom': '1:01', 'overall': '31s', 'destination': {'href': 'strava://segments/26685025/leaderboard', 'type': 'overall', 'name': 'All-Time'}}","{'athlete_id': 168236696, 'title': 'Gabo Arellano', 'profile': 'https://graph.facebook.com/2557672667917916/picture?height=256&width=256', 'effort_description': '137 efforts in the last 90 days', 'effort_count': '137', 'effort_counts': {'overall': '137 efforts', 'female': '6 efforts'}, 'destination': 'strava://segments/26685025/local_legend?categories%5B%5D=overall'}"
19553388,3,EJE 2 OTE Derecha: CTO Bicentenario (Churubusco) → EJE 8 SUR,Run,1200.1,0.1,5.7,2272.4,2269.6,"[19.36876, -99.122148]","[19.357889, -99.12168]",https://d3o5xota0a1fcr.cloudfront.net/v6/charts/HSY6GTLSWNXTZPUB3TZSOLTAZUEQEUB3B2WFNU2ZGT4HZ6OOLP34HKB6LZWU6QHT5JV7RTZJTLC52DZNGI2XVGY=,"{'light_url': 'https://d3o5xota0a1fcr.cloudfront.net/v6/charts/HSY6GTLSWNXTZPUB3TZSOLTAZUEQEUB3B2WFNU2ZGT4HZ6OOLP34HKB6LZWU6QHT5JV7RTZJTLC52DZNGI2XVGY=', 'dark_url': 'https://d3o5xota0a1fcr.cloudfront.net/v6/charts/ZE3P72AXS2QJRDQMQVAEOVN7VU2OKO56NYKY33UPRYTDMIHXBZC4AP3ZSFD7KHGHVWBUJRS3BQKFDIE5KHE7N4Y='}",0,Ciudad de México,Ciudad de México,Mexico,False,False,False,2018-12-27T13:06:46Z,2021-05-17T08:07:58Z,4.8,"{'id': 's19553388', 'polyline': 'w}euBlx~{Q^G`@?ZEl@Hn@?f@Gf@IXCRBl@Tl@Hr@@b@B`@KR@l@EbA?f@Cf@BlAA\\El@A\\GZA`AFz@KlAB`A?rAFv@?lE_@~AGpA?TBf@GN?NDfAAj@Fn@Af@Iz@Wr@MP?', 'resource_state': 3}",328,54,3,"{'pr_elapsed_time': None, 'pr_date': None, 'pr_visibility': None, 'pr_activity_id': None, 'pr_activity_visibility': None, 'effort_count': 0}","{'kom': '4:44', 'qom': '6:33', 'overall': '4:44', 'destination': {'href': 'strava://segments/19553388/leaderboard', 'type': 'overall', 'name': 'All-Time'}}","{'athlete_id': 83329644, 'title': 'Uriel Gomez Diaz', 'profile': 'https://dgalywyr863hv.cloudfront.net/pictures/athletes/83329644/38029177/1/large.jpg', 'effort_description': '3 efforts in the last 90 days', 'effort_count': '3', 'effort_counts': {'overall': '3 efforts', 'female': None}, 'destination': 'strava://segments/19553388/local_legend?categories%5B%5D=overall'}"
19553397,3,EJE 2 OTE Derecha: EJE 8 SUR → EJE 6 SUR,Run,1949.0,-0.2,2.9,2272.4,2268.2,"[19.357887, -99.1217]","[19.375348, -99.122593]",https://d3o5xota0a1fcr.cloudfront.net/v6/charts/ETZXDHOTUGJ26WZ36LPT6MRLH7ZEIAYV4G6J4N6IWI5KEFXEXFPTKDND7AK7CJRTAMZK4SMB6SBLESFIHV2OR4I=,"{'light_url': 'https://d3o5xota0a1fcr.cloudfront.net/v6/charts/ETZXDHOTUGJ26WZ36LPT6MRLH7ZEIAYV4G6J4N6IWI5KEFXEXFPTKDND7AK7CJRTAMZK4SMB6SBLESFIHV2OR4I=', 'dark_url': 'https://d3o5xota0a1fcr.cloudfront.net/v6/charts/A4H6BFZREHYVV3URYXRJRYIDFWVYK3PWCSYDFGXT4HGHM3N2N2LKBNMDH3WPDCFNWDLUU5N52XFDXN57QDQJJFY='}",0,Ciudad de México,Ciudad de México,Mexico,False,False,False,2018-12-27T13:07:56Z,2021-05-15T02:22:25Z,4.0,"{'id': 's19553397', 'polyline': 'wycuBru~{QIFO?URYL_APc@FwABWBe@@m@MmAC{BD}@HcAB_@?o@G{@FsAR{A?cABgAEu@BqAEiBH}@H_@@a@AWBc@Ie@EcA@wFReAEe@D[A_@MY@EFSDcAE_AFiBEW@wA?UDi@Cs@HqABaADaA?_AIm@@g@D_@Ae@@kAI}@?aAHY?YB{AZqAB', 'resource_state': 3}",128,61,0,"{'pr_elapsed_time': None, 'pr_date': None, 'pr_visibility': None, 'pr_activity_id': None, 'pr_activity_visibility': None, 'effort_count': 0}","{'kom': '5:03', 'qom': '6:00', 'overall': '5:03', 'destination': {'href': 'strava://segments/19553397/leaderboard', 'type': 'overall', 'name': 'All-Time'}}","{'athlete_id': 142422342, 'title': 'Felipe Castillo', 'profile': 'https://lh3.googleusercontent.com/a/ACg8ocJ9iOuilR_CZ0gyRTJdlOErNgUs1tveniiCwtakkzREPDrBiCI=s96-c', 'effort_description': '7 efforts in the last 90 days', 'effort_count': '7', 'effort_counts': {'overall': '7 efforts', 'female': '1 effort'}, 'destination': 'strava://segments/19553397/local_legend?categories%5B%5D=overall'}"
19553382,3,EJE 2 OTE Derecha: EJE 6 SUR → CTO Bicentenario (Churubusco),Run,609.0,0.4,4.6,2272.0,2269.8,"[19.375387, -99.122267]","[19.369832, -99.122217]",https://d3o5xota0a1fcr.cloudfront.net/v6/charts/HGVHT7JAD5KYDFR5E5OYEIC7FW4WMABAKV2W26LKDE6UVJNB7HPZFFEI2BBJUQVSEUVOMWJKTCDK653L53H5WCFL,"{'light_url': 'https://d3o5xota0a1fcr.cloudfront.net/v6/charts/HGVHT7JAD5KYDFR5E5OYEIC7FW4WMABAKV2W26LKDE6UVJNB7HPZFFEI2BBJUQVSEUVOMWJKTCDK653L53H5WCFL', 'dark_url': 'https://d3o5xota0a1fcr.cloudfront.net/v6/charts/GPDOW427ETZTKUBROAOXQMXUHO2VST4YLOFNJ435L6YY27JOFZEVUSIWY6ARYVYSUG4Y2G6JTXA7KOWOKO36YORK'}",0,Ciudad de México,Ciudad de México,Mexico,False,False,False,2018-12-27T13:05:51Z,2021-05-15T02:22:25Z,2.2,"{'id': 's19553382', 'polyline': 'cgguBdy~{Qr@MhARjCG`AIj@Db@Ex@O`@H|@Cr@DXAdAKbA@fAGZ?`BP`CF', 'resource_state': 3}",409,80,2,"{'pr_elapsed_time': None, 'pr_date': None, 'pr_visibility': None, 'pr_activity_id': None, 'pr_activity_visibility': None, 'effort_count': 0}","{'kom': '1:35', 'qom': '3:20', 'overall': '1:35', 'destination': {'href': 'strava://segments/19553382/leaderboard', 'type': 'overall', 'name': 'All-Time'}}","{'athlete_id': 22862427, 'title': 'Ⓥictoria Romero Soto', 'profile': 'https://dgalywyr863hv.cloudfront.net/pictures/athletes/22862427/19433618/3/large.jpg', 'effort_description': '5 efforts in the last 90 days', 'effort_count': '5', 'effort_counts': {'overall': '5 efforts', 'female': '5 efforts'}, 'destination': 'strava://segments/19553382/local_legend?categories%5B%5D=overall'}"
32015807,3,Churubusco rocks ,Run,2210.7,-0.3,18.7,2244.8,2235.6,"[19.369507, -99.115771]","[19.369522, -99.115892]",https://d3o5xota0a1fcr.cloudfront.net/v6/charts/6XUOW5O7VCTICL2AUOEBNAFV5SZNDS7Q2SRUKDWUOZAYVFWH3K6QEZAVHCAEF7PPAV2TAIIJAG76MB7FXSSML6DK,"{'light_url': 'https://d3o5xota0a1fcr.cloudfront.net/v6/charts/6XUOW5O7VCTICL2AUOEBNAFV5SZNDS7Q2SRUKDWUOZAYVFWH3K6QEZAVHCAEF7PPAV2TAIIJAG76MB7FXSSML6DK', 'dark_url': 'https://d3o5xota0a1fcr.cloudfront.net/v6/charts/GW4PEMDAOZRY6IWYF5H4SEHU575WPQIBRSOCZLIKQUJZJDQ5FAXIFKZXOYBRZSUX5BZIWBVHFEXETZRDPITWPKBE'}",0,Ciudad de México,Ciudad de México,Mexico,False,False,False,2022-06-14T15:14:51Z,2022-06-14T15:14:51Z,0.0,"{'id': 's32015807', 'polyline': 'kbfuBrp}{QEAAK?g@Ms@CaACW@i@Gw@?gAEkB@aBMuBEQ?g@Cg@@sAIoALp@@lBDl@@`AB\\@z@Fv@A\\JjCAj@FbAGTDj@Ah@NnACVDx@Ap@BX?^Fb@Ad@P|DEbA@LA`@Db@FJ?x@DX@r@AL?bAD`AAR@nADd@?ZB\\Bv@Fz@CK?u@MeB?}@CQEmAESCyCEu@@c@?CGCCO@mAK_D?{@GgB?yABS', 'resource_state': 3}",110,13,0,"{'pr_elapsed_time': None, 'pr_date': None, 'pr_visibility': None, 'pr_activity_id': None, 'pr_activity_visibility': None, 'effort_count': 0}","{'kom': '11:34', 'qom': '13:52', 'overall': '11:34', 'destination': {'href': 'strava://segments/32015807/leaderboard', 'type': 'overall', 'name': 'All-Time'}}","{'athlete_id': 22862427, 'title': 'Ⓥictoria Romero Soto', 'profile': 'https://dgalywyr863hv.cloudfront.net/pictures/athletes/22862427/19433618/3/large.jpg', 'effort_description': '1 effort in the last 90 days', 'effort_count': '1', 'effort_counts': {'overall': '1 effort', 'female': '1 effort'}, 'destination': 'strava://segments/32015807/local_legend?categories%5B%5D=overall'}"
37551375,3,Parque Portal Churubusco,Run,345.0,0.2,9.7,2246.2,2243.0,"[19.368072, -99.120456]","[19.368144, -99.120508]",https://d3o5xota0a1fcr.cloudfront.net/v6/charts/ONI7SJY5FUXLBZRA3S7QGKVVKWMMPNEDWK2WFIWDR32I2UTBRORXUZ63UKWCGH4RFL2QCQJTNPX4NBUSDR5OUUWX,"{'light_url': 'https://d3o5xota0a1fcr.cloudfront.net/v6/charts/ONI7SJY5FUXLBZRA3S7QGKVVKWMMPNEDWK2WFIWDR32I2UTBRORXUZ63UKWCGH4RFL2QCQJTNPX4NBUSDR5OUUWX', 'dark_url': 'https://d3o5xota0a1fcr.cloudfront.net/v6/charts/BMZPRLYIQ7WIMBNRPAWOUEHC5TYMEHVXJO3FQEZHV2RZMZEBUPDLQ4CXKLLOXVH7LRZBUQISOMV345PVKXYCLMRB'}",0,,Mexico City,Mexico,False,False,False,2024-08-14T05:36:45Z,2024-08-14T05:36:47Z,3.2,"{'id': 's37551375', 'polyline': 'myeuBzm~{QMpB@fAMtB?LDD@SE[?}@Bg@Hq@BiAA_@EG', 'resource_state': 3}",4838,101,1,"{'pr_elapsed_time': None, 'pr_date': None, 'pr_visibility': None, 'pr_activity_id': None, 'pr_activity_visibility': None, 'effort_count': 0}","{'kom': '1:21', 'qom': '1:36', 'overall': '1:21', 'destination': {'href': 'strava://segments/37551375/leaderboard', 'type': 'overall', 'name': 'All-Time'}}","{'athlete_id': 45638544, 'title': 'Gustavo Bobadilla Ambrosio', 'profile': 'https://dgalywyr863hv.cloudfront.net/pictures/athletes/45638544/28096145/4/large.jpg', 'effort_description': '217 efforts in the last 90 days', 'effort_count': '217', 'effort_counts': {'overall': '217 efforts', 'female': '51 efforts'}, 'destination': 'strava://segments/37551375/local_legend?categories%5B%5D=overall'}"
33360437,3,"7,8km †",Run,7809.4,-0.0,11.9,2275.4,2269.6,"[19.352152, -99.129908]","[19.351296, -99.124349]",https://d3o5xota0a1fcr.cloudfront.net/v6/charts/XY2TUI5REOA5WFDKNE2NRNB4753ZTT7HJ7H2ZMO5FCYIH2573V22GA7LSX7O4KZIHA5EVYU6QQ325WJVJLWSZOTQ,"{'light_url': 'https://d3o5xota0a1fcr.cloudfront.net/v6/charts/XY2TUI5REOA5WFDKNE2NRNB4753ZTT7HJ7H2ZMO5FCYIH2573V22GA7LSX7O4KZIHA5EVYU6QQ325WJVJLWSZOTQ', 'dark_url': 'https://d3o5xota0a1fcr.cloudfront.net/v6/charts/SFF5GJKIDC3NOE2HV5RCLMBH4RJEJSGADAT55W46ECHBJNXAG65TIC2ACTD7UTF43DMQ4JJGF4XTKOBW4VJQR636'}",0,Ciudad de México,Ciudad de México,Mexico,False,False,False,2022-11-29T04:49:15Z,2022-11-29T04:49:39Z,16.6,"{'id': 's33360437', 'polyline': '}ubuB|h`|QVKNMjAiAz@kARa@H[VmBHoBGgFBqBCkABgBAsADmB@oE@}@EcB@aABuAHw@N}@LYR]@GC?c@DMHc@tAKx@Az@?hDEnAAnBE`A?n@ErADdIEhBIzB@fAA\\@z@Ej@_@fAe@v@[n@QVMT_AlACLFLHDJ?b@KtAqA`@e@h@gANm@N_ADs@@qAAk@LkDGcAAuADkBE}ABwBAyCHgBAs@@uABa@AoABe@HiAVaAPc@AGGAa@BGDOXSn@Kj@Gp@E`A@jAC`@@vAKpC?dADn@GfAB`@EbCBxCI`EDb@EnDKdAOn@Yf@_@d@OZ{AhBGZHLNFXIt@m@fAeA^u@Vq@RaAH}@?oAFwEEyCFeCCu@BcGAm@FoCAwABiAAy@FqAR_AJ_@LY?IEC]@IBUb@WlAKt@Eh@BrBGvCBdBGrABZChABj@IxBA~CCZA`FDlAAv@CZOv@EHG`@KX_@r@y@nAkAnACFHJNFJ?ZG`BaBb@o@h@kAX}ABc@FgDCsBD}CA}@DwBASCqADuA?a@Dy@@cACYDsAEiBFs@H{CLs@\\cAAGC?gAFGDSb@IZIp@Ed@A~A@vBERUh@Nn@Al@?~@BZ?nC', 'resource_state': 3}",3192,429,0,"{'pr_elapsed_time': None, 'pr_date': None, 'pr_visibility': None, 'pr_activity_id': None, 'pr_activity_visibility': None, 'effort_count': 0}","{'kom': '28:36', 'qom': '37:33', 'overall': '28:36', 'destination': {'href': 'strava://segments/33360437/leaderboard', 'type': 'overall', 'name': 'All-Time'}}","{'athlete_id': 21805961, 'title': 'Ismael R⚡', 'profile': 'https://dgalywyr863hv.cloudfront.net/pictures/athletes/21805961/6564404/13/large.jpg', 'effort_description': '29 efforts in the last 90 days', 'effort_count': '29', 'effort_counts': {'overall': '29 efforts', 'female': '3 efforts'}, 'destination': 'strava://segments/33360437/local_legend?categories%5B%5D=overall'}"
20573182,3,la polvosa ,Run,2064.8,0.4,12.0,2362.2,2344.6,"[19.348161, -99.091792]","[19.347461, -99.092402]",https://d3o5xota0a1fcr.cloudfront.net/v6/charts/5Z7HBZSNFTLJSTGTIB53CHY3UMTSMRUNIIWYG7ZG4GSY2L5EFA23UTQYZDJYXAF2AN7L6U67COUFMOGCUNPCLGI=,"{'light_url': 'https://d3o5xota0a1fcr.cloudfront.net/v6/charts/5Z7HBZSNFTLJSTGTIB53CHY3UMTSMRUNIIWYG7ZG4GSY2L5EFA23UTQYZDJYXAF2AN7L6U67COUFMOGCUNPCLGI=', 'dark_url': 'https://d3o5xota0a1fcr.cloudfront.net/v6/charts/BWQJZYVD3ZR3HO5CR5MYQ5J2RWL3F36NR6HKVGVVPDD4YYYQFX5KZL3XMOYMYAIWABHS473MG67AEK7UEBXIUSA='}",0,Ciudad de México,Ciudad de México,Mexico,False,False,False,2019-05-12T19:43:45Z,2021-05-20T08:05:04Z,23.2,"{'id': 's20573182', 'polyline': '_}auBvzx{Qf@t@hA`Af@|@NPj@\\ZVt@\\b@FTTVt@NTr@j@p@d@l@Zx@^VFTNXHp@b@d@J`@Bx@At@Jx@R\\BXCh@Nf@Dr@@VD^JZRVJr@JH?JGf@i@HCbBJ\\LgB[WGWY_@SSS}Ac@[Ca@KOCQ@y@HmACm@F[PU?y@Ik@Yi@Ci@Qo@ESM{@[YQIIKU[[}@{BUUa@G[DWC_@QUWqB_BkAo@aAu@QGABb@b@ZLv@h@RZ', 'resource_state': 3}",7299,305,7,"{'pr_elapsed_time': None, 'pr_date': None, 'pr_visibility': None, 'pr_activity_id': None, 'pr_activity_visibility': None, 'effort_count': 0}","{'kom': '6:06', 'qom': '7:17', 'overall': '6:06', 'destination': {'href': 'strava://segments/20573182/leaderboard', 'type': 'overall', 'name': 'All-Time'}}","{'athlete_id': 41888500, 'title': 'Mario Cervantes / ""Star Hill Team"" ⛰️', 'profile': 'https://dgalywyr863hv.cloudfront.net/pictures/athletes/41888500/13757040/14/large.jpg', 'effort_description': '23 efforts in the last 90 days', 'effort_count': '23', 'effort_counts': {'overall': '23 efforts', 'female': '13 efforts'}, 'destination': 'strava://segments/20573182/local_legend?categories%5B%5D=overall'}"
4542539,3,Fuentes Climb,Run,784.2,5.7,12.1,2352.3,2307.7,"[19.346459, -99.097555]","[19.347548, -99.092128]",https://d3o5xota0a1fcr.cloudfront.net/v6/charts/NDQKDQLHPO7DBGRL4K3FGRH724M6QED6VRPC34JKHEKXRD7HWF7CSISLIO6XIUDEMRNAUDF7QIKJIF7ZNPGHM2I=,"{'light_url': 'https://d3o5xota0a1fcr.cloudfront.net/v6/charts/NDQKDQLHPO7DBGRL4K3FGRH724M6QED6VRPC34JKHEKXRD7HWF7CSISLIO6XIUDEMRNAUDF7QIKJIF7ZNPGHM2I=', 'dark_url': 'https://d3o5xota0a1fcr.cloudfront.net/v6/charts/GITKO3PGYJCVCNQMJJJX4AP2LUPK6N37UYDDOCULJTTGJXAEDKCI4B3RTW4JW4Z2DCYL5UUDJAAGMUEVUCXMTOY='}",0,Mexico City,D.F.,Mexico,False,False,False,2013-06-27T14:24:44Z,2021-05-17T08:04:29Z,45.8,"{'id': 's4542539', 'polyline': 'irauBv~y{QS[M]QQYOaA_@[SGKCQ?m@La@@u@JUPUJe@?IKe@MWWK[QOESAg@]]YMWMq@K_@Wa@Wo@MoAWu@CUAOJYl@w@FCd@G`@W^WN_@HGZJ', 'resource_state': 3}",3510,407,6,"{'pr_elapsed_time': None, 'pr_date': None, 'pr_visibility': None, 'pr_activity_id': None, 'pr_activity_visibility': None, 'effort_count': 0}","{'kom': '2:58', 'qom': '4:08', 'overall': '2:58', 'destination': {'href': 'strava://segments/4542539/leaderboard', 'type': 'overall', 'name': 'All-Time'}}","{'athlete_id': 96360791, 'title': 'Alfredo Kasakult', 'profile': 'avatar/athlete/large.png', 'effort_description': '91 efforts in the last 90 days', 'effort_count': '91', 'effort_counts': {'overall': '91 efforts', 'female': '7 efforts'}, 'destination': 'strava://segments/4542539/local_legend?categories%5B%5D=overall'}"
4542538,3,Fuentes Climb,Run,995.7,6.1,12.1,2352.1,2291.7,"[19.35442, -99.090604]","[19.347505, -99.0922]",https://d3o5xota0a1fcr.cloudfront.net/v6/charts/JAPUX7EOAOYW6UGB3ZRPEZ7QS37FA5KKYEIID4X2GFDUC5YLXK5AB5IFZH7NTEEE3EHZ37N2XXSNCWM47CSBP7I=,"{'light_url': 'https://d3o5xota0a1fcr.cloudfront.net/v6/charts/JAPUX7EOAOYW6UGB3ZRPEZ7QS37FA5KKYEIID4X2GFDUC5YLXK5AB5IFZH7NTEEE3EHZ37N2XXSNCWM47CSBP7I=', 'dark_url': 'https://d3o5xota0a1fcr.cloudfront.net/v6/charts/RV6RFKJAL6UQHPQEYR3DDXGY5DC5QTQ74D5SSOQRMKO5FH2TJE4OF2TPUPUXL3FCPMGXUSDO4VWF57PGSHY7NNA='}",0,Mexico City,D.F.,Mexico,False,False,False,2013-06-27T14:24:43Z,2021-05-15T08:03:06Z,60.6,"{'id': 's4542538', 'polyline': 'cdcuBhsx{QVHL?vB^`@Ap@J`@LpBKNBd@NRNNRPJTZNVTp@@LZn@HBPED@DT^r@j@h@NRTPLV`@Zj@Vv@BVIJOHm@FMV{@^u@FKdBiAr@Qr@GV@JD|AnA`@VDA', 'resource_state': 3}",2240,358,3,"{'pr_elapsed_time': None, 'pr_date': None, 'pr_visibility': None, 'pr_activity_id': None, 'pr_activity_visibility': None, 'effort_count': 0}","{'kom': '4:03', 'qom': '5:29', 'overall': '4:03', 'destination': {'href': 'strava://segments/4542538/leaderboard', 'type': 'overall', 'name': 'All-Time'}}","{'athlete_id': 14952996, 'title': 'Christian Ramírez', 'profile': 'https://dgalywyr863hv.cloudfront.net/pictures/athletes/14952996/4217821/1/large.jpg', 'effort_description': '19 efforts in the last 90 days', 'effort_count': '19', 'effort_counts': {'overall': '19 efforts', 'female': '6 efforts'}, 'destination': 'strava://segments/4542538/local_legend?categories%5B%5D=overall'}"
22271116,3,Vuelta 400m,Run,401.9,-0.7,9.5,2239.0,2234.4,"[19.367462, -99.073247]","[19.367805, -99.072673]",https://d3o5xota0a1fcr.cloudfront.net/v6/charts/JJ5W4TMB32447665MWFUVPYDGUCHL7BRAGFRDF6WR6WB6T4BUCQW6GL56DAX4CXEUHLGP5VRVYTKWGKXF6UGJWY=,"{'light_url': 'https://d3o5xota0a1fcr.cloudfront.net/v6/charts/JJ5W4TMB32447665MWFUVPYDGUCHL7BRAGFRDF6WR6WB6T4BUCQW6GL56DAX4CXEUHLGP5VRVYTKWGKXF6UGJWY=', 'dark_url': 'https://d3o5xota0a1fcr.cloudfront.net/v6/charts/MYNPDZZI5IIXLOBQK3ZSHZJAWEXF7V6747NEFCX5SH7SCK3LY3USZ737CEDWCB2TTUXRZN7FNQT33BWUNP4CSLY='}",0,Ciudad de México,Ciudad de México,Mexico,False,False,False,2019-11-13T04:50:14Z,2021-05-15T02:24:04Z,6.6,"{'id': 's22271116', 'polyline': 'sueuBxfu{QJKLi@r@cB`@q@Zy@Ve@BMCI}Aa@_AdBi@tA_@v@', 'resource_state': 3}",13256,123,0,"{'pr_elapsed_time': None, 'pr_date': None, 'pr_visibility': None, 'pr_activity_id': None, 'pr_activity_visibility': None, 'effort_count': 0}","{'kom': '44s', 'qom': '1:29', 'overall': '44s', 'destination': {'href': 'strava://segments/22271116/leaderboard', 'type': 'overall', 'name': 'All-Time'}}","{'athlete_id': 130317906, 'title': 'ARIZBETH MARTINEZ', 'profile': 'https://dgalywyr863hv.cloudfront.net/pictures/athletes/130317906/29723277/6/large.jpg', 'effort_description': '105 efforts in the last 90 days', 'effort_count': '105', 'effort_counts': {'overall': '105 efforts', 'female': '105 efforts'}, 'destination': 'strava://segments/22271116/local_legend?categories%5B%5D=overall'}"
37343603,3,"Circuito Corto, puestos a museo  (TGrana2)",Run,3824.1,0.3,40.0,2339.6,2258.6,"[19.349469, -99.091068]","[19.34828, -99.091741]",https://d3o5xota0a1fcr.cloudfront.net/v6/charts/VN5LRX6D5GX4LIVSRWTPU5VXQEQ32M5HPQFIOTLFQV6ISHE73GEN2P4KP2XFFZ35KA5HAPEKYI2Q26HQIM2LDUEV,"{'light_url': 'https://d3o5xota0a1fcr.cloudfront.net/v6/charts/VN5LRX6D5GX4LIVSRWTPU5VXQEQ32M5HPQFIOTLFQV6ISHE73GEN2P4KP2XFFZ35KA5HAPEKYI2Q26HQIM2LDUEV', 'dark_url': 'https://d3o5xota0a1fcr.cloudfront.net/v6/charts/R2S4EQBK3A4SLYTFKVYF563GG4MXDKVLYOUBOCZUJRDT4O27PJIJFPX26IAYUAKP7WCWQQZF2NJA6LWGDZMTYQ2G'}",0,,Mexico City,Mexico,False,False,False,2024-07-17T23:17:16Z,2025-06-16T16:50:01Z,117.2,"{'id': 's37343603', 'polyline': 'cebuBdvx{Q@g@PuAFQRUJYBa@Ia@?SBQNK^MVYTk@@]C]?SS_@OKYEYKQKY[CG@YHYPa@V_@ZYlAm@~@q@HKFYv@aAPa@X[bAu@TE^PDLLJHLABf@d@R\\HXHNRRh@J^NFEAUHU|AcCn@]LMRUL[j@o@VUZE~@JZJNZVZAJEH@RRj@LT@FF@BFH@^GX?RE\\?PDFJARHF@LDB@LB@DLLFDD@NJVL?LHJ?b@JX?|@Xd@FNDTBZPn@T~Ax@jAd@V\\R~@DZA\\Up@GD]t@AJ@NCPQZCT|@Th@Ab@@bALj@RRPPRN^PhAY~AAZ?h@iAXUJm@RKPDVIDAFATDF?HCVGNKLSx@OVUNM@SHGL@^Uf@A`@GTDRb@VRn@?LGXYh@Ct@G`@IV@J_@De@Km@Ec@I]Oo@Oc@WGG]IQMy@UIEcBEaABKCa@FKDGHKBIEQAY@II]F{@HWQ]A[OWESAKIs@Em@i@YKUOIAwAeAIKS}@EIgAWuA}@k@s@O_@CQk@Wa@a@s@c@OGAIDG', 'resource_state': 3}",39,16,1,"{'pr_elapsed_time': None, 'pr_date': None, 'pr_visibility': None, 'pr_activity_id': None, 'pr_activity_visibility': None, 'effort_count': 0}","{'kom': '18:11', 'qom': '26:48', 'overall': '18:11', 'destination': {'href': 'strava://segments/37343603/leaderboard', 'type': 'overall', 'name': 'All-Time'}}","{'athlete_id': 48244286, 'title': 'Ale Medero', 'profile': 'https://dgalywyr863hv.cloudfront.net/pictures/athletes/48244286/15363994/13/large.jpg', 'effort_description': '8 efforts in the last 90 days', 'effort_count': '8', 'effort_counts': {'overall': '8 efforts', 'female': '1 effort'}, 'destination': 'strava://segments/37343603/local_legend?categories%5B%5D=overall'}"
35631101,3,"Star Hill ""Circuit""",Run,1555.0,0.0,15.5,2346.4,2305.7,"[19.345318, -99.094307]","[19.345359, -99.094263]",https://d3o5xota0a1fcr.cloudfront.net/v6/charts/ARK6PWQWHIFGE7224H3FFJGJLL5L2DC7DI6C3QUZKNFV2D65O5DD5HIANDZNKPZFCF6T6Z3DQAOCEVMUXQBW3BJH,"{'light_url': 'https://d3o5xota0a1fcr.cloudfront.net/v6/charts/ARK6PWQWHIFGE7224H3FFJGJLL5L2DC7DI6C3QUZKNFV2D65O5DD5HIANDZNKPZFCF6T6Z3DQAOCEVMUXQBW3BJH', 'dark_url': 'https://d3o5xota0a1fcr.cloudfront.net/v6/charts/FJ5ERIYT4GW5PLSPRH56VP3WHS7BMDW5L6OOFR6TUNKE3WR6CBKQZJVULOOSKGJL4JH6KEZA4SQK5PF3TW6BNZFT'}",0,,Mexico City,Mexico,False,False,False,2023-10-11T03:00:25Z,2025-06-13T06:58:34Z,40.1985,"{'id': 's35631101', 'polyline': 'ekauBljy{QEPORWJYHKDIPA`@Ph@Fn@El@ELOVCVQb@Mh@Ap@Oz@g@j@Wf@EL@HERIXIDKAOWK]Yg@c@]eAc@SQCWDSDo@Nm@RWTc@@SEWQ_@}@y@[SkAa@KIOWOa@UeAQc@EUIk@Ka@Go@Si@?OHM|@k@l@Of@GJKHONQHSFGFADBZZd@`ANRZX`@Z\\Nb@Xn@XVPNp@LV~AdAv@\\', 'resource_state': 3}",2098,234,1,"{'pr_elapsed_time': None, 'pr_date': None, 'pr_visibility': None, 'pr_activity_id': None, 'pr_activity_visibility': None, 'effort_count': 0}","{'kom': '5:35', 'qom': '8:27', 'overall': '5:35', 'destination': {'href': 'strava://segments/35631101/leaderboard', 'type': 'overall', 'name': 'All-Time'}}","{'athlete_id': 96360791, 'title': 'Alfredo Kasakult', 'profile': 'avatar/athlete/large.png', 'effort_description': '74 efforts in the last 90 days', 'effort_count': '74', 'effort_counts': {'overall': '74 efforts', 'female': '5 efforts'}, 'destination': 'strava://segments/35631101/local_legend?categories%5B%5D=overall'}"
22271118,3,Vuelta 500m,Run,500.5,0.2,14.9,2239.2,2234.4,"[19.367462, -99.073247]","[19.367638, -99.073231]",https://d3o5xota0a1fcr.cloudfront.net/v6/charts/U7KAV5C5YTVVS55IPP6UCXMZGOILQEVPR6BDXO5DNSDVRGM5GSM4Z7F4W4UVOH224XGFP3MQHAYIKIUSVF4OU2MJ,"{'light_url': 'https://d3o5xota0a1fcr.cloudfront.net/v6/charts/U7KAV5C5YTVVS55IPP6UCXMZGOILQEVPR6BDXO5DNSDVRGM5GSM4Z7F4W4UVOH224XGFP3MQHAYIKIUSVF4OU2MJ', 'dark_url': 'https://d3o5xota0a1fcr.cloudfront.net/v6/charts/3ISW553Y3RGSNMHFYG2RHYXAY5KZBRMIZZUXXNNNVWIK6LHN27LYGWS3HFRHS2KCHNB334VG3SKNRIIJB43GGSMY'}",0,Ciudad de México,Ciudad de México,Mexico,False,False,False,2019-11-13T04:51:04Z,2021-05-15T02:24:04Z,10.7,"{'id': 's22271118', 'polyline': 'sueuBxfu{QJKLi@r@cB`@q@t@gB@ECIs@Qa@OG?CBENq@hAm@|AmAdC?FJFbAP', 'resource_state': 3}",13038,124,0,"{'pr_elapsed_time': None, 'pr_date': None, 'pr_visibility': None, 'pr_activity_id': None, 'pr_activity_visibility': None, 'effort_count': 0}","{'kom': '1:30', 'qom': '2:06', 'overall': '1:30', 'destination': {'href': 'strava://segments/22271118/leaderboard', 'type': 'overall', 'name': 'All-Time'}}","{'athlete_id': 130317906, 'title': 'ARIZBETH MARTINEZ', 'profile': 'https://dgalywyr863hv.cloudfront.net/pictures/athletes/130317906/29723277/6/large.jpg', 'effort_description': '101 efforts in the last 90 days', 'effort_count': '101', 'effort_counts': {'overall': '101 efforts', 'female': '101 efforts'}, 'destination': 'strava://segments/22271118/local_legend?categories%5B%5D=overall'}"
22271134,3,1000m,Run,1003.4,0.1,15.3,2239.2,2234.4,"[19.367462, -99.073247]","[19.367804, -99.073183]",https://d3o5xota0a1fcr.cloudfront.net/v6/charts/WRO7ID72UYGPDFWQXM73XMDCPKBYG326YWYYPQUPRMUISOUDSOLR5YNTGLRCRBUKCRUI54VQ46DQJDAOMZR55NY=,"{'light_url': 'https://d3o5xota0a1fcr.cloudfront.net/v6/charts/WRO7ID72UYGPDFWQXM73XMDCPKBYG326YWYYPQUPRMUISOUDSOLR5YNTGLRCRBUKCRUI54VQ46DQJDAOMZR55NY=', 'dark_url': 'https://d3o5xota0a1fcr.cloudfront.net/v6/charts/5SAC2DQHWTZZVDR5XOE7SNRRNBW22AOGPCDTRQZULAYYXRYLPLW5WXGO6PRJ7DW4IY75ODADCWP6ZJI37WJ5RDQ='}",0,Ciudad de México,Ciudad de México,Mexico,False,False,False,2019-11-13T05:10:50Z,2021-05-15T02:24:04Z,21.3,"{'id': 's22271134', 'polyline': 'sueuBxfu{QJKLi@r@cB`@q@t@gB@ECIs@Q[MMACBENq@hAm@|AmAdC?FJF`@F~@RJCBGT{@Vq@jBeECMQ?[QG?YOM@IHWn@u@|AKX{@nBM^ADDH`@F', 'resource_state': 3}",5746,122,0,"{'pr_elapsed_time': None, 'pr_date': None, 'pr_visibility': None, 'pr_activity_id': None, 'pr_activity_visibility': None, 'effort_count': 0}","{'kom': '3:20', 'qom': None, 'overall': '3:20', 'destination': {'href': 'strava://segments/22271134/leaderboard', 'type': 'overall', 'name': 'All-Time'}}","{'athlete_id': 130317906, 'title': 'ARIZBETH MARTINEZ', 'profile': 'https://dgalywyr863hv.cloudfront.net/pictures/athletes/130317906/29723277/6/large.jpg', 'effort_description': '43 efforts in the last 90 days', 'effort_count': '43', 'effort_counts': {'overall': '43 efforts', 'female': '43 efforts'}, 'destination': 'strava://segments/22271134/local_legend?categories%5B%5D=overall'}"
30280675,3,Ovalo Peri-Oriente,Run,2655.1,0.0,8.1,2240.3,2235.6,"[19.351619, -99.059613]","[19.351692, -99.059562]",https://d3o5xota0a1fcr.cloudfront.net/v6/charts/X6EBQNQIGIBADVSODM4KPX3LPPD4JKBDU2KQD2AESWQNITONSYESKQUGSLSGZPYRL32NMJKKLBZRBDRQCNXLT5Q=,"{'light_url': 'https://d3o5xota0a1fcr.cloudfront.net/v6/charts/X6EBQNQIGIBADVSODM4KPX3LPPD4JKBDU2KQD2AESWQNITONSYESKQUGSLSGZPYRL32NMJKKLBZRBDRQCNXLT5Q=', 'dark_url': 'https://d3o5xota0a1fcr.cloudfront.net/v6/charts/ZW34DCK44RMZ5NEQEQBIZF5X4RGK5LSK4MHH6SYPWK6M7BXBK4FWQZL7NJBARIA733LXDXWD6U5L36DSCPC73CY='}",0,Ciudad de México,Ciudad de México,Mexico,False,False,False,2021-10-30T22:57:32Z,2021-10-30T22:57:33Z,4.7,"{'id': 's30280675', 'polyline': 'qrbuBrqr{QqDi@yC]wFkA_DUwBe@iDa@}AWiAI_BA]CeHeAiEi@qAMaHWz@L~CZ~BLp@Hf@JzBj@ZFtBThEn@zD`@bEv@`Ed@nEr@fBDvB?fFd@j@BSE', 'resource_state': 3}",3718,351,4,"{'pr_elapsed_time': None, 'pr_date': None, 'pr_visibility': None, 'pr_activity_id': None, 'pr_activity_visibility': None, 'effort_count': 0}","{'kom': '10:31', 'qom': '11:55', 'overall': '9:42', 'destination': {'href': 'strava://segments/30280675/leaderboard', 'type': 'overall', 'name': 'All-Time'}}","{'athlete_id': 61312298, 'title': 'Israel Izquierdo', 'profile': 'https://lh3.googleusercontent.com/a/ACg8ocL8hkQaqQkAz7kkQl2O-EclX_9LbNEtRhlfr_9fNQYmSx1Yzf5x=s96-c', 'effort_description': '25 efforts in the last 90 days', 'effort_count': '25', 'effort_counts': {'overall': '25 efforts', 'female': '12 efforts'}, 'destination': 'strava://segments/30280675/local_legend?categories%5B%5D=overall'}"
16820215,3,Vuelta Parque Cuitláhuac,Run,2173.1,0.0,10.8,2255.6,2246.8,"[19.364718, -99.04104]","[19.364661, -99.041101]",https://d3o5xota0a1fcr.cloudfront.net/v6/charts/A4V4FDMEN456IUNA3JQOR46G4UNT3PJOIX4WNDOBXY3Q2ZSZYWHBDV67WY6E73UOJ47ZVOARGESNTLYAEC3OL65M,"{'light_url': 'https://d3o5xota0a1fcr.cloudfront.net/v6/charts/A4V4FDMEN456IUNA3JQOR46G4UNT3PJOIX4WNDOBXY3Q2ZSZYWHBDV67WY6E73UOJ47ZVOARGESNTLYAEC3OL65M', 'dark_url': 'https://d3o5xota0a1fcr.cloudfront.net/v6/charts/WA2P4FNSDDBJNM5VV7JDDXGQ34EDMW67M66LEKX65IEPPZQJHF7JZXANOQTRQDQRT2AX6TIOSU63GOZ6JZDPF55C'}",0,Ciudad de México,Ciudad de México,Mexico,False,False,False,2018-01-14T16:14:47Z,2021-05-15T02:20:33Z,0.0,"{'id': 's16820215', 'polyline': 'mdeuBn}n{Q}Ai@QCIBy@b@w@f@GLCd@ETSZULKPWVw@d@s@TKH_@rBFZ\\f@FR@\\G`@Sl@o@j@iAt@ST]tAc@tBWz@Ih@?TDJpAv@PRVb@Pz@NN`@DfCQzBc@~Bg@J@ND`@XX@pC[rAG`AKJKLUDKFi@HgAJs@JsAIq@c@oAA]D[RiCz@gHKo@JoA?SAEICo@QmADgBCa@Bs@Ge@M', 'resource_state': 3}",7851,246,8,"{'pr_elapsed_time': None, 'pr_date': None, 'pr_visibility': None, 'pr_activity_id': None, 'pr_activity_visibility': None, 'effort_count': 0}","{'kom': '8:15', 'qom': '10:22', 'overall': '8:15', 'destination': {'href': 'strava://segments/16820215/leaderboard', 'type': 'overall', 'name': 'All-Time'}}","{'athlete_id': 147830920, 'title': 'Rodrigo Rivas', 'profile': 'https://dgalywyr863hv.cloudfront.net/pictures/athletes/147830920/33277624/1/large.jpg', 'effort_description': '83 efforts in the last 90 days', 'effort_count': '83', 'effort_counts': {'overall': '83 efforts', 'female': '61 efforts'}, 'destination': 'strava://segments/16820215/local_legend?categories%5B%5D=overall'}"
33581003,3,Parque lineal GN,Run,1766.8,0.0,2.6,2251.4,2248.6,"[19.364593, -99.056493]","[19.364796, -99.056892]",https://d3o5xota0a1fcr.cloudfront.net/v6/charts/BNB7732LGUB4HLD77ZHK72E4XH5VGVIECCHEVOWX6YIDSVLRR6KH3WUDEADLTYWGNG5RVGELW626PB4RNUT5RTA=,"{'light_url': 'https://d3o5xota0a1fcr.cloudfront.net/v6/charts/BNB7732LGUB4HLD77ZHK72E4XH5VGVIECCHEVOWX6YIDSVLRR6KH3WUDEADLTYWGNG5RVGELW626PB4RNUT5RTA=', 'dark_url': 'https://d3o5xota0a1fcr.cloudfront.net/v6/charts/VUVNMPUU6FPLCSK7Q5EOTUZ6OA4OCAMQXVU6JAL5G5PS57VQVWMWVJT2JZ2WSE4SUDMM5M2YEY4SXG5OKTSRE5I='}",0,,Mexico City,Mexico,False,False,False,2023-01-13T17:13:24Z,2023-01-13T17:13:24Z,5.0,"{'id': 's33581003', 'polyline': 'uceuBb~q{Qq@U{@QuASgBEs@BqCf@SFo@ZwA^g@Fi@P}B`@SHsDv@_AR_Cp@mDr@[Lw@PYT@RBBb@Lb@FZCfAWtCi@bDaA~AW|Aa@zA[b@Oh@IbCi@b@Qt@If@SrAYp@A`AHvDh@', 'resource_state': 3}",2838,184,3,"{'pr_elapsed_time': None, 'pr_date': None, 'pr_visibility': None, 'pr_activity_id': None, 'pr_activity_visibility': None, 'effort_count': 0}","{'kom': '7:06', 'qom': '7:55', 'overall': '7:06', 'destination': {'href': 'strava://segments/33581003/leaderboard', 'type': 'overall', 'name': 'All-Time'}}","{'athlete_id': 162922950, 'title': 'Angel Hernández', 'profile': 'https://dgalywyr863hv.cloudfront.net/pictures/athletes/162922950/36399488/1/large.jpg', 'effort_description': '49 efforts in the last 90 days', 'effort_count': '49', 'effort_counts': {'overall': '49 efforts', 'female': '7 efforts'}, 'destination': 'strava://segments/33581003/local_legend?categories%5B%5D=overall'}"
31676212,3,Ovalo Inverso Colonial,Run,943.9,0.0,2.0,2241.4,2238.4,"[19.348308, -99.057235]","[19.348036, -99.057287]",https://d3o5xota0a1fcr.cloudfront.net/v6/charts/DYRQEMAJD4EE5M6W6PBR4AQVVSES2USKCWWDM4VT643L6LSIWDTA3X5FTJY4ZR7R2ULM35GFPZDYMOHYCVVZUQY=,"{'light_url': 'https://d3o5xota0a1fcr.cloudfront.net/v6/charts/DYRQEMAJD4EE5M6W6PBR4AQVVSES2USKCWWDM4VT643L6LSIWDTA3X5FTJY4ZR7R2ULM35GFPZDYMOHYCVVZUQY=', 'dark_url': 'https://d3o5xota0a1fcr.cloudfront.net/v6/charts/MKI55HMZ23YEXUTAYJRAPYTJXBF3XW7RTX5ULWXG7L7ZN7XZIKOS4G6VZVTMHBSJCQNJT42IIBG27EUQBXHBGWY='}",0,Ciudad de México,Ciudad de México,Mexico,False,False,False,2022-05-04T21:54:27Z,2022-05-04T21:56:01Z,3.0,"{'id': 's31676212', 'polyline': '{}auBvbr{QSWGe@Am@No@Ak@DOHi@L[Dk@Jk@Dg@L]Hs@L_@Fe@Tq@D]Le@NqALa@^Ob@@NFR`@BNAd@Gd@K^_@hBOhAYbAShA@LA^MXSjAM^[jCKNE?', 'resource_state': 3}",157,13,2,"{'pr_elapsed_time': None, 'pr_date': None, 'pr_visibility': None, 'pr_activity_id': None, 'pr_activity_visibility': None, 'effort_count': 0}","{'kom': '4:07', 'qom': '6:32', 'overall': '4:07', 'destination': {'href': 'strava://segments/31676212/leaderboard', 'type': 'overall', 'name': 'All-Time'}}","{'athlete_id': 162009174, 'title': 'Perla Fabiola Cortez Dorantes', 'profile': 'https://graph.facebook.com/10232888591868978/picture?height=256&width=256', 'effort_description': '2 efforts in the last 90 days', 'effort_count': '2', 'effort_counts': {'overall': '2 efforts', 'female': '2 efforts'}, 'destination': 'strava://segments/31676212/local_legend?categories%5B%5D=overall'}"
33580996,3,Peri a GN,Run,2811.7,-0.1,3.0,2254.0,2249.0,"[19.347388, -99.060769]","[19.371426, -99.057886]",https://d3o5xota0a1fcr.cloudfront.net/v6/charts/MCNB5O3JNOHGGX6DTKEC6FCVXEGI5FIBBQ3CAM524RVHBZNBY2VYFBUSRGRIC65OUPYHEMBIKRA75VAPSFPA7OJB,"{'light_url': 'https://d3o5xota0a1fcr.cloudfront.net/v6/charts/MCNB5O3JNOHGGX6DTKEC6FCVXEGI5FIBBQ3CAM524RVHBZNBY2VYFBUSRGRIC65OUPYHEMBIKRA75VAPSFPA7OJB', 'dark_url': 'https://d3o5xota0a1fcr.cloudfront.net/v6/charts/ZOMRJ3QJVPTXJMRPI2W7I7HSVTSIG4YZM5F5ABMUEAMWQU52ZFS37LIRNGGN3A7MS4JRYYWMQ6JTTZM42I4OW4QD'}",0,,Mexico City,Mexico,False,False,False,2023-01-13T17:12:11Z,2023-01-13T17:14:18Z,8.0,"{'id': 's33580996', 'polyline': 'cxauBxxr{Q_@OAOCC[IcBS}A[s@Ks@Sa@IoC[_AE}@Us@JO?]G[Oe@MYOgAQ]?[E_@SKCeAIqB_@oHeAo@Mc@C]Jk@CiBWqAWkDa@sC_@o@O{B]cBOo@MkA@[Iw@IoAUu@U]CkAFmBSo@Ma@CSY[Y[?IX[UOE}Be@GEGe@SKaDw@uASgBEi@@}B^q@Po@ZwA^g@Fi@P}B`@SHsDv@_AR_Cp@eARi@N', 'resource_state': 3}",1457,164,1,"{'pr_elapsed_time': None, 'pr_date': None, 'pr_visibility': None, 'pr_activity_id': None, 'pr_activity_visibility': None, 'effort_count': 0}","{'kom': '6:40', 'qom': '14:20', 'overall': '6:40', 'destination': {'href': 'strava://segments/33580996/leaderboard', 'type': 'overall', 'name': 'All-Time'}}","{'athlete_id': 162922950, 'title': 'Angel Hernández', 'profile': 'https://dgalywyr863hv.cloudfront.net/pictures/athletes/162922950/36399488/1/large.jpg', 'effort_description': '34 efforts in the last 90 days', 'effort_count': '34', 'effort_counts': {'overall': '34 efforts', 'female': '9 efforts'}, 'destination': 'strava://segments/33580996/local_legend?categories%5B%5D=overall'}"
32033108,3,Barras - Fronton Peri Oriente,Run,1514.9,-0.1,3.2,2242.6,2238.4,"[19.353537, -99.059209]","[19.353497, -99.059423]",https://d3o5xota0a1fcr.cloudfront.net/v6/charts/TYN5SEETUTFOU6MSXDOQOJ3PBUI5CV47UIXH6S3URFWPJD4KJO6K67HRKOLT3FPPAFU6Y3TPZ2SS24EZNMDZRVUR,"{'light_url': 'https://d3o5xota0a1fcr.cloudfront.net/v6/charts/TYN5SEETUTFOU6MSXDOQOJ3PBUI5CV47UIXH6S3URFWPJD4KJO6K67HRKOLT3FPPAFU6Y3TPZ2SS24EZNMDZRVUR', 'dark_url': 'https://d3o5xota0a1fcr.cloudfront.net/v6/charts/C7GL7SMUFHAUT7FFCQ2IAGNVNTNWSWUDVEOBQB2B5MSMNZP4OV7OLI2MZFW7YGGQZDB6Y2YZCGMV7ONDNDVEEYJM'}",0,Ciudad de México,Ciudad de México,Mexico,False,False,False,2022-06-16T17:09:13Z,2022-06-16T17:09:13Z,5.0,"{'id': 's32033108', 'polyline': 'q~buB`or{Qc@KcEq@e@Gs@C_@Ko@Sc@Im@CoC_@sAEuAa@_@B]Fq@E_@Iu@IsASyAYk@AaAS[@EH@PNFlBRtB\\lBRd@J~Df@p@JhBb@|ATx@HZ?r@PxCh@hD^PGDE', 'resource_state': 3}",14269,441,2,"{'pr_elapsed_time': None, 'pr_date': None, 'pr_visibility': None, 'pr_activity_id': None, 'pr_activity_visibility': None, 'effort_count': 0}","{'kom': '5:31', 'qom': '5:43', 'overall': '5:31', 'destination': {'href': 'strava://segments/32033108/leaderboard', 'type': 'overall', 'name': 'All-Time'}}","{'athlete_id': 94480343, 'title': 'Marco Bastida', 'profile': 'avatar/athlete/large.png', 'effort_description': '166 efforts in the last 90 days', 'effort_count': '166', 'effort_counts': {'overall': '166 efforts', 'female': '62 efforts'}, 'destination': 'strava://segments/32033108/local_legend?categories%5B%5D=overall'}"
31270462,3,Ovalo de colonial,Run,896.3,-0.0,11.9,2241.0,2235.3,"[19.348187, -99.05715]","[19.348328, -99.057105]",https://d3o5xota0a1fcr.cloudfront.net/v6/charts/HAMURHQDBZFN3WY3232GLOO5ZVI6TXQKQGAOWVYPGFA2QCXZ4AJOAL5U5YPIRDBL5UHTZHQPXJVOLWWTOPAWAVI=,"{'light_url': 'https://d3o5xota0a1fcr.cloudfront.net/v6/charts/HAMURHQDBZFN3WY3232GLOO5ZVI6TXQKQGAOWVYPGFA2QCXZ4AJOAL5U5YPIRDBL5UHTZHQPXJVOLWWTOPAWAVI=', 'dark_url': 'https://d3o5xota0a1fcr.cloudfront.net/v6/charts/XX54CZHQJ6I4LD3QH5S3FHL46SG4HADK5SIDX5K4Z7IEFVXFD75C5OGWBIYFGRJQZRYKEICY53QDLO6CUQXPWJQ='}",0,Ciudad de México,Ciudad de México,Mexico,False,False,False,2022-03-18T16:19:20Z,2022-03-18T16:19:21Z,5.4,"{'id': 's31270462', 'polyline': 'c}auBdbr{QV@HG\\yALeAXm@DMTwC^kBNk@b@mCRg@@OAOEKMMOEU?c@Ro@vCW|@MbA]tAUtBOx@KnBKf@?`@FP', 'resource_state': 3}",4828,65,2,"{'pr_elapsed_time': None, 'pr_date': None, 'pr_visibility': None, 'pr_activity_id': None, 'pr_activity_visibility': None, 'effort_count': 0}","{'kom': '3:12', 'qom': '3:54', 'overall': '3:12', 'destination': {'href': 'strava://segments/31270462/leaderboard', 'type': 'overall', 'name': 'All-Time'}}","{'athlete_id': 157500547, 'title': 'Ramon Garcia', 'profile': 'https://dgalywyr863hv.cloudfront.net/pictures/athletes/157500547/35167272/1/large.jpg', 'effort_description': '64 efforts in the last 90 days', 'effort_count': '64', 'effort_counts': {'overall': '64 efforts', 'female': '28 efforts'}, 'destination': 'strava://segments/31270462/local_legend?categories%5B%5D=overall'}"
31425153,3,Colonial Completo,Run,1797.3,-0.0,2.6,2167.2,2163.8,"[19.347625, -99.056559]","[19.347918, -99.056701]",https://d3o5xota0a1fcr.cloudfront.net/v6/charts/BPQSVCSQIC4DXQFOAX5WZIDO4AZVVHDXUPK3X7OM4VWTKOSBUIE4JXJGOZSBZFWVNV2XWS24GBTLDCJTDLKPUYA=,"{'light_url': 'https://d3o5xota0a1fcr.cloudfront.net/v6/charts/BPQSVCSQIC4DXQFOAX5WZIDO4AZVVHDXUPK3X7OM4VWTKOSBUIE4JXJGOZSBZFWVNV2XWS24GBTLDCJTDLKPUYA=', 'dark_url': 'https://d3o5xota0a1fcr.cloudfront.net/v6/charts/IGXDMPBFQ7GRWZW2KTITMDLGGSYVL2G4FV2RIOP6HDJHDCFVM5HFCFWS2MRA422RAMF3D75QCIIM2QRRTDRDIIQ='}",0,Ciudad de México,Ciudad de México,Mexico,False,False,False,2022-04-06T21:47:37Z,2022-04-06T21:47:37Z,3.4,"{'id': 's31425153', 'polyline': 'syauBn~q{QPF|@DNHb@Hf@DzCd@rAZt@DpB^dAJ`BVJAEE{AIo@Ii@AKCg@Se@GE?g@I{@CuB]sAO}A[k@Gk@Ke@OCK@Mf@iCR{@JcAPs@BSf@yCRy@Hg@?KO]SG[?MHKXGbAGVWhAM`A[rAEf@SlAU`AOjAMlC?DLf@XBPOHy@F[', 'resource_state': 3}",427,13,1,"{'pr_elapsed_time': None, 'pr_date': None, 'pr_visibility': None, 'pr_activity_id': None, 'pr_activity_visibility': None, 'effort_count': 0}","{'kom': '7:08', 'qom': '10:50', 'overall': '7:08', 'destination': {'href': 'strava://segments/31425153/leaderboard', 'type': 'overall', 'name': 'All-Time'}}",
19539228,3,5 Vueltas Parque Cuitláhuac,Run,10915.7,0.0,8.8,2245.8,2235.4,"[19.364754, -99.041007]","[19.364673, -99.041105]",https://d3o5xota0a1fcr.cloudfront.net/v6/charts/YS2SOC2RNCB23EY4WRXEMDZY3FETIHWXTRFTWSRCJFQGVEWRERRG46QDSZSKN6LUDH3S4ZLRR2NZHGQTYHNHVAY=,"{'light_url': 'https://d3o5xota0a1fcr.cloudfront.net/v6/charts/YS2SOC2RNCB23EY4WRXEMDZY3FETIHWXTRFTWSRCJFQGVEWRERRG46QDSZSKN6LUDH3S4ZLRR2NZHGQTYHNHVAY=', 'dark_url': 'https://d3o5xota0a1fcr.cloudfront.net/v6/charts/JBMTLATSOANAQ47RU4XBWGKYIGGZ3YUIQS2SFLJXNG6BVMBFZLC5OHM7V5UGJABPBNX5NKSVWCYCGVET2NZQEAY='}",0,Ciudad de México,Ciudad de México,Mexico,False,False,False,2018-12-24T20:37:18Z,2021-05-15T02:22:24Z,72.8,"{'id': 's19539228', 'polyline': 'udeuBh}n{QeBi@K@m@Vs@`@YRCJ?b@CTe@n@cA|@]Nm@NMJg@tBANFR`@v@BLAXMp@OXyB`BQRa@nBs@jCGb@A`@FNx@f@b@\\\\d@Np@JPRNPBJ?`AQxAQvBg@nAQVGXBb@ZJBJ?jBWrDYZOPWNmBPkCCWc@wAE_@`@sEV_B^}C?UKm@D{AIIs@SkG@QCs@Y}@g@YCUHaBz@KTCj@KTaBbBeAZIDGHc@zBBJb@bAFXQfAEJMNe@^kAv@QR_ArDa@dBEZ@VNR`An@XVT`@Tr@DHNHJBP?dC[hEu@t@UL@JDd@^X?pAU`CQbAMVKLKDKDS?k@DaATmB@YI]e@uAC[HeAd@aEP}@Jy@HqAG_@?QLm@Bc@?OMMc@KWC_CHaCAu@UoAm@WGM@q@\\aAn@EHAn@GNa@h@u@v@OHiAXMJe@rBBR\\p@J\\?LGf@M^QTcCvB}AtGC^?RDJFFbAj@VRXb@Xz@VRNB~F{@xAUj@OR@d@ZPB`CW`D[ZIT[FYBiATyCASGW_@oAAKVgD|@qH?KEm@DkAA[KKq@O{@DuAC{B?SGgBy@SGSDmBfAGH?f@GTSXgAjA[R{@PSL_@vB@JXn@Nh@?RKl@MVML_ClBEHaAnDYbBAl@HNlAr@RPXh@Pv@PNTDTA~@Ob@CpAWt@IdCk@VBf@XZB~AMzDc@PGRWDKDcAFc@?c@VmBCQk@gBAM?SFa@PkDZiBPcBHg@?[Ge@NiAAQKKi@QmAHe@?_DEiAa@q@_@WIODoBbAEL?l@AJKNaBzAOH}@VIDGHc@vBBP^v@FX?JKn@OZcCrBKNuApGEX@ZJLl@^n@f@NZV~@DHLHZD|BUbGiAPBn@\\Z?n@IzBQrAOf@KVWHSRcBTiC?SGWa@}@IUAMFi@TuANuADw@\\kCHcAGu@LuAAOCGMIo@KMAeAHiD?]CWM', 'resource_state': 3}",307,57,1,"{'pr_elapsed_time': None, 'pr_date': None, 'pr_visibility': None, 'pr_activity_id': None, 'pr_activity_visibility': None, 'effort_count': 0}","{'kom': '44:43', 'qom': '55:02', 'overall': '44:43', 'destination': {'href': 'strava://segments/19539228/leaderboard', 'type': 'overall', 'name': 'All-Time'}}","{'athlete_id': 147830920, 'title': 'Rodrigo Rivas', 'profile': 'https://dgalywyr863hv.cloudfront.net/pictures/athletes/147830920/33277624/1/large.jpg', 'effort_description': '10 efforts in the last 90 days', 'effort_count': '10', 'effort_counts': {'overall': '10 efforts', 'female': '2 efforts'}, 'destination': 'strava://segments/19539228/local_legend?categories%5B%5D=overall'}"
34200435,3,Circuito Mercado Consti,Run,675.9,0.0,4.4,2253.4,2249.4,"[19.34758, -99.060701]","[19.347608, -99.060689]",https://d3o5xota0a1fcr.cloudfront.net/v6/charts/JKTI7WWVSCGU7TT2BYNLEN6SRLNRYAGC6YVMGREKHQQHM3OBW7JOMOORBLGCLHVYZ5W6FEBUKXXJO3PQGLLNSJCA,"{'light_url': 'https://d3o5xota0a1fcr.cloudfront.net/v6/charts/JKTI7WWVSCGU7TT2BYNLEN6SRLNRYAGC6YVMGREKHQQHM3OBW7JOMOORBLGCLHVYZ5W6FEBUKXXJO3PQGLLNSJCA', 'dark_url': 'https://d3o5xota0a1fcr.cloudfront.net/v6/charts/VDHM5EK2ZHHPQ4FYJLAG7FGHYIWUF2B3GNTMWIXN7DMLIJMYYYW4NDTONCZNLFWHHYYV7PTYS6UE5QMTXXIH2CMQ'}",0,,Mexico City,Mexico,False,False,False,2023-04-21T17:25:56Z,2023-04-21T17:25:57Z,4.0,"{'id': 's34200435', 'polyline': 'kyauBlxr{Q?YMGm@CsAOaE{@eBWcBOQLC\\RTb@HxCZt@LdAJxA\\RBhB@FO', 'resource_state': 3}",17616,318,0,"{'pr_elapsed_time': None, 'pr_date': None, 'pr_visibility': None, 'pr_activity_id': None, 'pr_activity_visibility': None, 'effort_count': 0}","{'kom': '2:28', 'qom': '2:46', 'overall': '2:28', 'destination': {'href': 'strava://segments/34200435/leaderboard', 'type': 'overall', 'name': 'All-Time'}}","{'athlete_id': 154684738, 'title': 'Alan Josué Vázquez', 'profile': 'https://dgalywyr863hv.cloudfront.net/pictures/athletes/154684738/34773732/3/large.jpg', 'effort_description': '363 efforts in the last 90 days', 'effort_count': '363', 'effort_counts': {'overall': '363 efforts', 'female': '79 efforts'}, 'destination': 'strava://segments/34200435/local_legend?categories%5B%5D=overall'}"
29324246,3,Av del Pino | Av Puebla - Av Valle de los Reyes,Run,1205.4,-0.3,1.5,2236.2,2232.2,"[19.359303, -98.982961]","[19.369871, -98.980404]",https://d3o5xota0a1fcr.cloudfront.net/v6/charts/57IUTAROT2SXE7YP4LPWWBMPS4UX63WP4SOQS2UNU5YFOFFXXIBFW4PTZYHL2SIJ3YRVGMPGDXH6URCFF7BYE7VY,"{'light_url': 'https://d3o5xota0a1fcr.cloudfront.net/v6/charts/57IUTAROT2SXE7YP4LPWWBMPS4UX63WP4SOQS2UNU5YFOFFXXIBFW4PTZYHL2SIJ3YRVGMPGDXH6URCFF7BYE7VY', 'dark_url': 'https://d3o5xota0a1fcr.cloudfront.net/v6/charts/NJZJCBPYEWBI5SGYF66Y5VVMOH5I2XIQJG2DXUM3A3YXHJK6E5UNMW4MNVIH3SR6IN7SQ4NTFVI7IHETBTL2CHB5'}",0,Los Reyes Acaquilpan,Estado de México,Mexico,False,False,False,2021-07-30T19:12:29Z,2021-07-30T19:12:30Z,0.0,"{'id': 's29324246', 'polyline': 'sbduBprc{Qe@GsCg@mAMe@KmAGe@ImAWg@Ec@KiAO_@KaBYW@c@Oc@IeDe@sBUeCa@kAMsBe@e@Iq@A]GUKsAMoBc@}Dk@kB[', 'resource_state': 3}",191,15,0,"{'pr_elapsed_time': None, 'pr_date': None, 'pr_visibility': None, 'pr_activity_id': None, 'pr_activity_visibility': None, 'effort_count': 0}","{'kom': '4:57', 'qom': '5:48', 'overall': '4:57', 'destination': {'href': 'strava://segments/29324246/leaderboard', 'type': 'overall', 'name': 'All-Time'}}","{'athlete_id': 71884820, 'title': 'Eduardo Rivera', 'profile': 'https://dgalywyr863hv.cloudfront.net/pictures/athletes/71884820/19442414/4/large.jpg', 'effort_description': '4 efforts in the last 90 days', 'effort_count': '4', 'effort_counts': {'overall': '4 efforts', 'female': '1 effort'}, 'destination': 'strava://segments/29324246/local_legend?categories%5B%5D=overall'}"
29242277,3,Andres Molina | Panti - Lerma,Run,354.1,0.1,0.4,2233.9,2233.4,"[19.369275, -98.969031]","[19.366414, -98.970506]",https://d3o5xota0a1fcr.cloudfront.net/v6/charts/BOH6OGAHEAFUO33Z2Q3JG2IEWYFKU7WUSKMWZAKX6L7RBVQQHDRVUTKQ24IRJVHORWGBHANR6V7DN4UGKRCTZCQ=,"{'light_url': 'https://d3o5xota0a1fcr.cloudfront.net/v6/charts/BOH6OGAHEAFUO33Z2Q3JG2IEWYFKU7WUSKMWZAKX6L7RBVQQHDRVUTKQ24IRJVHORWGBHANR6V7DN4UGKRCTZCQ=', 'dark_url': 'https://d3o5xota0a1fcr.cloudfront.net/v6/charts/3BIY645ULVUVDM3PVGW6KBDRJJR7JNFZIKOFQ42V7I4HNKSCZYFTRW26OTPN4GCTFK577M7LN3C74WHSPY5MSSA='}",0,Los Reyes Acaquilpan,Estado de México,Mexico,False,False,False,2021-07-23T18:02:00Z,2021-07-23T18:02:01Z,0.0,"{'id': 's29242277', 'polyline': '}`fuBn{`{QNHbA`@RL|@b@|@X\\RbA^\\V`@Pt@X~Bt@', 'resource_state': 3}",1027,48,0,"{'pr_elapsed_time': None, 'pr_date': None, 'pr_visibility': None, 'pr_activity_id': None, 'pr_activity_visibility': None, 'effort_count': 0}","{'kom': '56s', 'qom': '1:57', 'overall': '56s', 'destination': {'href': 'strava://segments/29242277/leaderboard', 'type': 'overall', 'name': 'All-Time'}}","{'athlete_id': 71884820, 'title': 'Eduardo Rivera', 'profile': 'https://dgalywyr863hv.cloudfront.net/pictures/athletes/71884820/19442414/4/large.jpg', 'effort_description': '30 efforts in the last 90 days', 'effort_count': '30', 'effort_counts': {'overall': '30 efforts', 'female': None}, 'destination': 'strava://segments/29242277/local_legend?categories%5B%5D=overall'}"
29300495,3,Loma Bonita | Ote 1 - Av Floresta,Run,373.0,0.8,1.8,2235.2,2232.4,"[19.37359, -98.985962]","[19.371991, -98.982859]",https://d3o5xota0a1fcr.cloudfront.net/v6/charts/6JDMTOOB7VXO2A53QWE2PYM7WGE2KWLP7BWU62OBARP25FTLWJE4KQIVFG4HWAFLECMPUHDKC6QAP32YWEPFOAZS,"{'light_url': 'https://d3o5xota0a1fcr.cloudfront.net/v6/charts/6JDMTOOB7VXO2A53QWE2PYM7WGE2KWLP7BWU62OBARP25FTLWJE4KQIVFG4HWAFLECMPUHDKC6QAP32YWEPFOAZS', 'dark_url': 'https://d3o5xota0a1fcr.cloudfront.net/v6/charts/XHZ2WWE6YCXHJJPAAAUDSNGTRSRYY3QSQSUAZU75JZF44KFMBRI7KDYVPHLA32XCYLTRGTCJAF5O7MMKTBMHNIKQ'}",0,Nezahualcóyotl,Estado de México,Mexico,False,False,False,2021-07-28T16:50:21Z,2021-07-28T16:50:22Z,2.8,"{'id': 's29300495', 'polyline': '}{fuBhed{QF[z@_CpAwC\\Y`AkCf@iA`@iA', 'resource_state': 3}",617,18,0,"{'pr_elapsed_time': None, 'pr_date': None, 'pr_visibility': None, 'pr_activity_id': None, 'pr_activity_visibility': None, 'effort_count': 0}","{'kom': '1:29', 'qom': '2:20', 'overall': '1:29', 'destination': {'href': 'strava://segments/29300495/leaderboard', 'type': 'overall', 'name': 'All-Time'}}","{'athlete_id': 164423554, 'title': 'Alfredo Cruz', 'profile': 'https://lh3.googleusercontent.com/a/ACg8ocLbXFC248-H1H3-0uuEs-od-cQoaIrIJPU365LKhAa8djRrHQ=s96-c', 'effort_description': '22 efforts in the last 90 days', 'effort_count': '22', 'effort_counts': {'overall': '22 efforts', 'female': '3 efforts'}, 'destination': 'strava://segments/29300495/local_legend?categories%5B%5D=overall'}"
29324196,3,Av Puebla | Torres - Simón Bolivar,Run,1141.1,-0.1,4.5,2243.0,2239.6,"[19.358381, -98.968899]","[19.358839, -98.979515]",https://d3o5xota0a1fcr.cloudfront.net/v6/charts/RE4HPR4JD73ZNJZCWOCINIXF24KQYXP4HZ4E67KE3S7ZSENPVDNE4SLIFDYEKXMGTLFSYI7WDHBRR7Z3WJPZCUI=,"{'light_url': 'https://d3o5xota0a1fcr.cloudfront.net/v6/charts/RE4HPR4JD73ZNJZCWOCINIXF24KQYXP4HZ4E67KE3S7ZSENPVDNE4SLIFDYEKXMGTLFSYI7WDHBRR7Z3WJPZCUI=', 'dark_url': 'https://d3o5xota0a1fcr.cloudfront.net/v6/charts/2ODAOAWXO2GBPV2A5F5GM5PECMLC7IOKUS3GTQ7E2CQ6SHBSUWMTPH7IXCXQHDZX3HLAORCGI2ZR6MPJTWZKMDA='}",0,Los Reyes Acaquilpan,Estado de México,Mexico,False,False,False,2021-07-30T19:08:33Z,2021-07-30T19:08:34Z,2.4,"{'id': 's29324196', 'polyline': '{|cuBrz`{Qw@pCSfA[fAu@~De@~EC|@QpAAf@A|BZ|DFlARtCLtDLnAJh@Nb@VdE@hAElA', 'resource_state': 3}",418,57,0,"{'pr_elapsed_time': None, 'pr_date': None, 'pr_visibility': None, 'pr_activity_id': None, 'pr_activity_visibility': None, 'effort_count': 0}","{'kom': '3:27', 'qom': '4:21', 'overall': '3:27', 'destination': {'href': 'strava://segments/29324196/leaderboard', 'type': 'overall', 'name': 'All-Time'}}","{'athlete_id': 41318506, 'title': 'roman romero', 'profile': 'avatar/athlete/large.png', 'effort_description': '4 efforts in the last 90 days', 'effort_count': '4', 'effort_counts': {'overall': '4 efforts', 'female': '2 efforts'}, 'destination': 'strava://segments/29324196/local_legend?categories%5B%5D=overall'}"
29324461,3,Av del Pino | Av Valle de los Reyes - Av Puebla,Run,1209.8,0.3,1.5,2236.3,2232.2,"[19.369857, -98.980349]","[19.359255, -98.982963]",https://d3o5xota0a1fcr.cloudfront.net/v6/charts/B5AZCMZBMTHT4IQ3NDGDUYXAQJYZ6OZMQR2M2U7WGXGUPKCRWUHYC2VOM2IXLV75AZFOUH53WI5EUBZWYNA35BVD,"{'light_url': 'https://d3o5xota0a1fcr.cloudfront.net/v6/charts/B5AZCMZBMTHT4IQ3NDGDUYXAQJYZ6OZMQR2M2U7WGXGUPKCRWUHYC2VOM2IXLV75AZFOUH53WI5EUBZWYNA35BVD', 'dark_url': 'https://d3o5xota0a1fcr.cloudfront.net/v6/charts/YRQGRFA2IDCF2YMQURIP44E4SHXU5HHUG6K5EVWJOFFGCWXQYWEBU5JR3M72KE7D3HM5EFD26AZKWOVXBM5DXU3M'}",0,Los Reyes Acaquilpan,Estado de México,Mexico,False,False,False,2021-07-30T19:38:33Z,2021-07-30T19:38:33Z,4.1,"{'id': 's29324461', 'polyline': 'qdfuBdbc{QlBf@jAJlB`@jALlB\\lBTnBXvDr@f@DjAVbFj@nBf@f@?`@LfAPfALhAVf@DlB\\f@BnB\\rBVb@J\\B', 'resource_state': 3}",439,17,0,"{'pr_elapsed_time': None, 'pr_date': None, 'pr_visibility': None, 'pr_activity_id': None, 'pr_activity_visibility': None, 'effort_count': 0}","{'kom': '4:53', 'qom': '6:01', 'overall': '4:53', 'destination': {'href': 'strava://segments/29324461/leaderboard', 'type': 'overall', 'name': 'All-Time'}}","{'athlete_id': 164423554, 'title': 'Alfredo Cruz', 'profile': 'https://lh3.googleusercontent.com/a/ACg8ocLbXFC248-H1H3-0uuEs-od-cQoaIrIJPU365LKhAa8djRrHQ=s96-c', 'effort_description': '6 efforts in the last 90 days', 'effort_count': '6', 'effort_counts': {'overall': '6 efforts', 'female': None}, 'destination': 'strava://segments/29324461/local_legend?categories%5B%5D=overall'}"
29242387,3,Av Lerma | Calle 9 - Av Valle de los Reyes,Run,495.1,0.0,1.2,2233.0,2232.1,"[19.368143, -98.975159]","[19.370058, -98.979395]",https://d3o5xota0a1fcr.cloudfront.net/v6/charts/MVNF4TN5GPXTF5BLKQ3BKPUTEKJLSMHEXTDTNOXQ74MG5XS6Z5EVFEMPQQOW4NI5E6FSXMQHDMUDASH3ZYTV2AVJ,"{'light_url': 'https://d3o5xota0a1fcr.cloudfront.net/v6/charts/MVNF4TN5GPXTF5BLKQ3BKPUTEKJLSMHEXTDTNOXQ74MG5XS6Z5EVFEMPQQOW4NI5E6FSXMQHDMUDASH3ZYTV2AVJ', 'dark_url': 'https://d3o5xota0a1fcr.cloudfront.net/v6/charts/IZNJHPWOPVLEIW5VTFCAAS67QDWOJF27DSXFKTXPY2H36CG7HIUZW2H2CE4KWXUNQMCTAHKSQGBXEL6EQOAWFOQG'}",0,Los Reyes Acaquilpan,Estado de México,Mexico,False,False,False,2021-07-23T18:13:34Z,2021-07-23T18:13:35Z,0.0,"{'id': 's29242387', 'polyline': '{yeuBvab{Qe@xAOVk@hBUz@e@fAU\\m@nBIb@U`@u@lBKf@Mb@S`@W~@', 'resource_state': 3}",451,24,0,"{'pr_elapsed_time': None, 'pr_date': None, 'pr_visibility': None, 'pr_activity_id': None, 'pr_activity_visibility': None, 'effort_count': 0}","{'kom': '1:24', 'qom': '3:04', 'overall': '1:24', 'destination': {'href': 'strava://segments/29242387/leaderboard', 'type': 'overall', 'name': 'All-Time'}}","{'athlete_id': 75230690, 'title': 'Benjamín Zarate', 'profile': 'https://dgalywyr863hv.cloudfront.net/pictures/athletes/75230690/18252680/9/large.jpg', 'effort_description': '5 efforts in the last 90 days', 'effort_count': '5', 'effort_counts': {'overall': '5 efforts', 'female': None}, 'destination': 'strava://segments/29242387/local_legend?categories%5B%5D=overall'}"
29324310,3,Andres Molina | Av Texcoco - Lerma,Run,681.1,-0.5,0.2,2237.2,2233.8,"[19.360683, -98.97354]","[19.366264, -98.970868]",https://d3o5xota0a1fcr.cloudfront.net/v6/charts/HHJ64GGHDCPWHD55FSQ3FGCMPKMN5BCXNOHXNLLUQO4TW3QZSPGRANP5ZXNQT6XGV54WNMFRGS5X624XWAELZLY=,"{'light_url': 'https://d3o5xota0a1fcr.cloudfront.net/v6/charts/HHJ64GGHDCPWHD55FSQ3FGCMPKMN5BCXNOHXNLLUQO4TW3QZSPGRANP5ZXNQT6XGV54WNMFRGS5X624XWAELZLY=', 'dark_url': 'https://d3o5xota0a1fcr.cloudfront.net/v6/charts/CKFHWHJHYPZWWTYNKOHDHZSEEKXHQOMR5WXOOZ3M7K46EAU5OHYUHO3S7XBEJGGF5ADACQIQTPIVYB5MAWRGSDQ='}",0,Los Reyes Acaquilpan,Estado de México,Mexico,False,False,False,2021-07-30T19:20:41Z,2021-07-30T19:20:41Z,0.0,"{'id': 's29324310', 'polyline': 'gkduBrwa{Qc@E}@c@a@Ia@O_@Wc@Sc@KqAk@uEgB_@SoBq@c@SkBk@y@_@e@Ge@Ke@QyAy@', 'resource_state': 3}",547,41,0,"{'pr_elapsed_time': None, 'pr_date': None, 'pr_visibility': None, 'pr_activity_id': None, 'pr_activity_visibility': None, 'effort_count': 0}","{'kom': '1:59', 'qom': '3:31', 'overall': '1:59', 'destination': {'href': 'strava://segments/29324310/leaderboard', 'type': 'overall', 'name': 'All-Time'}}","{'athlete_id': 71884820, 'title': 'Eduardo Rivera', 'profile': 'https://dgalywyr863hv.cloudfront.net/pictures/athletes/71884820/19442414/4/large.jpg', 'effort_description': '30 efforts in the last 90 days', 'effort_count': '30', 'effort_counts': {'overall': '30 efforts', 'female': None}, 'destination': 'strava://segments/29324310/local_legend?categories%5B%5D=overall'}"
29242486,3,Loma Bonita | Av Floresta - Ote 1,Run,354.2,-0.8,0.4,2235.6,2232.5,"[19.371819, -98.983028]","[19.373334, -98.985986]",https://d3o5xota0a1fcr.cloudfront.net/v6/charts/7UXHZMC5CMB7GBJYOCP5DZO6TM52PL3CYM7TWNI4ZQSWK7TJZOCO2PEOW2JSQFJRPRKFX7G4SLZRK2UD74YUE6A=,"{'light_url': 'https://d3o5xota0a1fcr.cloudfront.net/v6/charts/7UXHZMC5CMB7GBJYOCP5DZO6TM52PL3CYM7TWNI4ZQSWK7TJZOCO2PEOW2JSQFJRPRKFX7G4SLZRK2UD74YUE6A=', 'dark_url': 'https://d3o5xota0a1fcr.cloudfront.net/v6/charts/Z2ZWKUCXMTFGAKHUJESNWEJDHK4KIG47RDGQEQWC4CFA4HHAQ6S5QJHFFEVVOP75DFT4NBEAXP3MRWPK5YFLV2A='}",0,Nezahualcóyotl,Estado de México,Mexico,False,False,False,2021-07-23T18:26:12Z,2021-07-23T18:26:12Z,0.0,"{'id': 's29242486', 'polyline': 'ypfuB|rc{Qc@dAoApCeArCW^k@vAU`@[hA', 'resource_state': 3}",532,22,0,"{'pr_elapsed_time': None, 'pr_date': None, 'pr_visibility': None, 'pr_activity_id': None, 'pr_activity_visibility': None, 'effort_count': 0}","{'kom': '54s', 'qom': '2:04', 'overall': '54s', 'destination': {'href': 'strava://segments/29242486/leaderboard', 'type': 'overall', 'name': 'All-Time'}}","{'athlete_id': 164423554, 'title': 'Alfredo Cruz', 'profile': 'https://lh3.googleusercontent.com/a/ACg8ocLbXFC248-H1H3-0uuEs-od-cQoaIrIJPU365LKhAa8djRrHQ=s96-c', 'effort_description': '16 efforts in the last 90 days', 'effort_count': '16', 'effort_counts': {'overall': '16 efforts', 'female': '2 efforts'}, 'destination': 'strava://segments/29242486/local_legend?categories%5B%5D=overall'}"
29300588,3,Av Lerma | Calle 9 - Andres Molina,Run,472.1,0.2,1.1,2234.2,2233.1,"[19.368211, -98.974975]","[19.366426, -98.970899]",https://d3o5xota0a1fcr.cloudfront.net/v6/charts/SL73Y7NFDAGVGG6LTUQQTWF7VCEO5PIIBLHYCMRFTDYW5PZDTPMIDTQSRCGIAGX3MRMGON2ZYTCJBHSPU5QN2SQ=,"{'light_url': 'https://d3o5xota0a1fcr.cloudfront.net/v6/charts/SL73Y7NFDAGVGG6LTUQQTWF7VCEO5PIIBLHYCMRFTDYW5PZDTPMIDTQSRCGIAGX3MRMGON2ZYTCJBHSPU5QN2SQ=', 'dark_url': 'https://d3o5xota0a1fcr.cloudfront.net/v6/charts/IJ2H4AVG75ELRBS447EWFAORDCHSVZ76UEYCCLDW77ZTJYOATPMAKICMQRPI7Z6EJMVRLTMIU5OCBXJGUQHRHBY='}",0,Los Reyes Acaquilpan,Estado de México,Mexico,False,False,False,2021-07-28T16:57:30Z,2021-07-28T16:57:30Z,0.0,"{'id': 's29300588', 'polyline': 'izeuBr`b{QPs@`@gAHi@HK|@cBlA}DJ]Tc@x@uCb@mAPu@', 'resource_state': 3}",221,29,0,"{'pr_elapsed_time': None, 'pr_date': None, 'pr_visibility': None, 'pr_activity_id': None, 'pr_activity_visibility': None, 'effort_count': 0}","{'kom': '1:21', 'qom': '2:27', 'overall': '1:21', 'destination': {'href': 'strava://segments/29300588/leaderboard', 'type': 'overall', 'name': 'All-Time'}}","{'athlete_id': 165181905, 'title': 'Humberto Gil', 'profile': 'https://dgalywyr863hv.cloudfront.net/pictures/athletes/165181905/36818894/1/large.jpg', 'effort_description': '7 efforts in the last 90 days', 'effort_count': '7', 'effort_counts': {'overall': '7 efforts', 'female': '2 efforts'}, 'destination': 'strava://segments/29300588/local_legend?categories%5B%5D=overall'}"
29324217,3,Lateral Prk Fco Villa | B,Run,338.4,-1.4,0.0,2241.4,2236.5,"[19.358879, -98.979629]","[19.359187, -98.982824]",https://d3o5xota0a1fcr.cloudfront.net/v6/charts/LZA37ELX4GU25ZILC7SB6AVDVNIFHBZ7ER64PFLUMI4COYHP7UW7CFX6BNYFX76JONFGUPOVTGXI7WEWGU2H6OY=,"{'light_url': 'https://d3o5xota0a1fcr.cloudfront.net/v6/charts/LZA37ELX4GU25ZILC7SB6AVDVNIFHBZ7ER64PFLUMI4COYHP7UW7CFX6BNYFX76JONFGUPOVTGXI7WEWGU2H6OY=', 'dark_url': 'https://d3o5xota0a1fcr.cloudfront.net/v6/charts/4S37GQGDIV7YLN4CB5YGERMNU5ONQSICOOA3LUZYCIWBCOQYDQ3GEVITPN6NKJFH7HVUP45WGVH6BXELGBL7WNY='}",0,Los Reyes Acaquilpan,Estado de México,Mexico,False,False,False,2021-07-30T19:10:22Z,2021-07-30T19:10:23Z,0.0,"{'id': 's29324217', 'polyline': '}_duBt}b{QGnAY~DMhGMdB', 'resource_state': 3}",703,69,0,"{'pr_elapsed_time': None, 'pr_date': None, 'pr_visibility': None, 'pr_activity_id': None, 'pr_activity_visibility': None, 'effort_count': 0}","{'kom': '1:13', 'qom': '49s', 'overall': '49s', 'destination': {'href': 'strava://segments/29324217/leaderboard', 'type': 'overall', 'name': 'All-Time'}}","{'athlete_id': 102229184, 'title': 'Marcela Lopez', 'profile': 'https://lh3.googleusercontent.com/a/AATXAJz6sYUL-gZDBcOqfmJZ00EVj0Ce4kAS28MxNR9q=s96-c', 'effort_description': '28 efforts in the last 90 days', 'effort_count': '28', 'effort_counts': {'overall': '28 efforts', 'female': '28 efforts'}, 'destination': 'strava://segments/29324217/local_legend?categories%5B%5D=overall'}"
29370920,3,Depor Soraya | Pico 3,Run,922.6,10.7,15.2,2368.9,2270.0,"[19.346177, -98.948849]","[19.352715, -98.943522]",https://d3o5xota0a1fcr.cloudfront.net/v6/charts/GI3VJDGPVSZJCTV7VBSGVFIUJLLUEII2NN24NI335UHLLX5XIK4WQ4CBVFDR3PSVCVM3775KD23NFA2WNHDUJVQ=,"{'light_url': 'https://d3o5xota0a1fcr.cloudfront.net/v6/charts/GI3VJDGPVSZJCTV7VBSGVFIUJLLUEII2NN24NI335UHLLX5XIK4WQ4CBVFDR3PSVCVM3775KD23NFA2WNHDUJVQ=', 'dark_url': 'https://d3o5xota0a1fcr.cloudfront.net/v6/charts/RJ4KUUIA7ETJZJKSY7HIUNVZI5K3XBC3LSSZAAIRMZVOVGVB5KPIZ26EHK2TGYTBXDIE3YPVB7P54YPXHGOE7SQ='}",1,Los Reyes Acaquilpan,Estado de México,Mexico,False,False,False,2021-08-03T18:16:58Z,2021-08-03T18:16:58Z,98.9,"{'id': 's29370920', 'polyline': 'qpauBh}|zQY[m@[[Sc@SeCgBc@QwBwA[MmAu@kA}@a@Q{@s@eAcAaAu@k@i@]W[YEIIEw@u@W[sAmAs@w@}@o@W[W_@KEM@', 'resource_state': 3}",59,15,1,"{'pr_elapsed_time': None, 'pr_date': None, 'pr_visibility': None, 'pr_activity_id': None, 'pr_activity_visibility': None, 'effort_count': 0}","{'kom': '5:05', 'qom': '7:19', 'overall': '5:05', 'destination': {'href': 'strava://segments/29370920/leaderboard', 'type': 'overall', 'name': 'All-Time'}}","{'athlete_id': 72974038, 'title': 'Manuel Medina Gonzalez', 'profile': 'https://graph.facebook.com/2871429376411393/picture?height=256&width=256', 'effort_description': '1 effort in the last 90 days', 'effort_count': '1', 'effort_counts': {'overall': '1 effort', 'female': None}, 'destination': 'strava://segments/29370920/local_legend?categories%5B%5D=overall'}"
29323766,3,Torres | Cuauhtémoc - Panti,Run,328.5,0.2,0.8,2236.6,2235.9,"[19.366295, -98.964421]","[19.363592, -98.965586]",https://d3o5xota0a1fcr.cloudfront.net/v6/charts/RGOK3VCPZ5AW3IIVWCCLTYMI6BDCFXYTRIQJP76HC6EG3MVVLI6LW762JMLECLXSTV5JKALCZYZ35KRQCNEFSWY=,"{'light_url': 'https://d3o5xota0a1fcr.cloudfront.net/v6/charts/RGOK3VCPZ5AW3IIVWCCLTYMI6BDCFXYTRIQJP76HC6EG3MVVLI6LW762JMLECLXSTV5JKALCZYZ35KRQCNEFSWY=', 'dark_url': 'https://d3o5xota0a1fcr.cloudfront.net/v6/charts/UQ6BFVMDNLC2NAK2HVEFI533WNYPGQOB6OQIJNXITQ23O52QVNYSQAUKGMRPRHD26DIAMUDDOEVJI2V5TZIUTCA='}",0,Los Reyes Acaquilpan,Estado de México,Mexico,False,False,False,2021-07-30T18:23:09Z,2021-07-30T18:23:09Z,0.0,"{'id': 's29323766', 'polyline': 'ineuBt~_{Qb@Cd@LdB|@nC~@^Td@L^TrA^`@D', 'resource_state': 3}",245,28,0,"{'pr_elapsed_time': None, 'pr_date': None, 'pr_visibility': None, 'pr_activity_id': None, 'pr_activity_visibility': None, 'effort_count': 0}","{'kom': '59s', 'qom': '1:44', 'overall': '59s', 'destination': {'href': 'strava://segments/29323766/leaderboard', 'type': 'overall', 'name': 'All-Time'}}","{'athlete_id': 75230690, 'title': 'Benjamín Zarate', 'profile': 'https://dgalywyr863hv.cloudfront.net/pictures/athletes/75230690/18252680/9/large.jpg', 'effort_description': '13 efforts in the last 90 days', 'effort_count': '13', 'effort_counts': {'overall': '13 efforts', 'female': None}, 'destination': 'strava://segments/29323766/local_legend?categories%5B%5D=overall'}"
29619226,3,Depor Soraya | La farsante,Run,369.9,2.3,9.8,2277.4,2267.6,"[19.358661, -98.948835]","[19.355927, -98.950799]",https://d3o5xota0a1fcr.cloudfront.net/v6/charts/3B6FARG5CGSV43JIBNV677NTJ7SNRRX34EA2ODSY75VF2FSWA2EWW3QX3PKUG7XB25NXAOSZMEJ5TGEIXELUBGI=,"{'light_url': 'https://d3o5xota0a1fcr.cloudfront.net/v6/charts/3B6FARG5CGSV43JIBNV677NTJ7SNRRX34EA2ODSY75VF2FSWA2EWW3QX3PKUG7XB25NXAOSZMEJ5TGEIXELUBGI=', 'dark_url': 'https://d3o5xota0a1fcr.cloudfront.net/v6/charts/557ZJDUOUVZ2ZRDLNE44YFEKV27PU6SWN2C3XYEH3SHQGOCU2M6PUJVHD2MPDSLPDI2LNMPH5IBA4UL76NSNQOA='}",0,Los Reyes Acaquilpan,Estado de México,Mexico,False,False,False,2021-08-24T18:47:27Z,2021-08-24T19:24:05Z,9.8,"{'id': 's29619226', 'polyline': 's~cuBf}|zQvBtA|@ZT\\^XzDbC`Ah@\\TZX', 'resource_state': 3}",804,84,0,"{'pr_elapsed_time': None, 'pr_date': None, 'pr_visibility': None, 'pr_activity_id': None, 'pr_activity_visibility': None, 'effort_count': 0}","{'kom': '38s', 'qom': '41s', 'overall': '38s', 'destination': {'href': 'strava://segments/29619226/leaderboard', 'type': 'overall', 'name': 'All-Time'}}","{'athlete_id': 105835185, 'title': 'Carlos Pérez', 'profile': 'https://graph.facebook.com/10232311724074435/picture?height=256&width=256', 'effort_description': '10 efforts in the last 90 days', 'effort_count': '10', 'effort_counts': {'overall': '10 efforts', 'female': '4 efforts'}, 'destination': 'strava://segments/29619226/local_legend?categories%5B%5D=overall'}"
29301541,3,Bajadita | Coca - Canal,Run,651.7,-1.1,0.5,2244.8,2237.9,"[19.357665, -98.955849]","[19.360177, -98.959979]",https://d3o5xota0a1fcr.cloudfront.net/v6/charts/3IITT3UM4DL37XPDLAE6Q5BYD4OUREA56HHPUBAP3TWYESIJ74FSOFC7FZG3UIA54K4QZ3PMQQ3CSP5BEIGN735F,"{'light_url': 'https://d3o5xota0a1fcr.cloudfront.net/v6/charts/3IITT3UM4DL37XPDLAE6Q5BYD4OUREA56HHPUBAP3TWYESIJ74FSOFC7FZG3UIA54K4QZ3PMQQ3CSP5BEIGN735F', 'dark_url': 'https://d3o5xota0a1fcr.cloudfront.net/v6/charts/6LBPRD7XZDRSGD5A6MCFLBYE2IQRP35B4HF5FCJ4OLEHBIVSI73XFCMA4JKYKLHCZYFILXZD7EBMVOGGLP7LK3EF'}",0,Los Reyes Acaquilpan,Estado de México,Mexico,False,False,False,2021-07-28T18:31:10Z,2021-07-28T18:31:11Z,0.0,"{'id': 's29301541', 'polyline': 'kxcuB`i~zQMXSdAU^@ZCZe@zCYbAEZ@ZET?HQrAMV]CyAYaA_@eAUEFUlAMbAg@vC', 'resource_state': 3}",342,26,0,"{'pr_elapsed_time': None, 'pr_date': None, 'pr_visibility': None, 'pr_activity_id': None, 'pr_activity_visibility': None, 'effort_count': 0}","{'kom': '2:38', 'qom': '3:11', 'overall': '2:38', 'destination': {'href': 'strava://segments/29301541/leaderboard', 'type': 'overall', 'name': 'All-Time'}}","{'athlete_id': 105835185, 'title': 'Carlos Pérez', 'profile': 'https://graph.facebook.com/10232311724074435/picture?height=256&width=256', 'effort_description': '10 efforts in the last 90 days', 'effort_count': '10', 'effort_counts': {'overall': '10 efforts', 'female': None}, 'destination': 'strava://segments/29301541/local_legend?categories%5B%5D=overall'}"
2644923,3,República Del Brasil Climb,Run,1028.87,5.4,22.2,2412.9,2357.5,"[19.35517769774362, -98.94476900817727]","[19.352081757988177, -98.9398666006503]",https://d3o5xota0a1fcr.cloudfront.net/v6/charts/NAD2AUOHIFDSYZ3W72NPTSQ7MAMZEHAZUETYLC3Q4SHIZ56K36S3RQWEPDC4E5IGRD7PAMZ52PRFC2CJORDK4CY=,"{'light_url': 'https://d3o5xota0a1fcr.cloudfront.net/v6/charts/NAD2AUOHIFDSYZ3W72NPTSQ7MAMZEHAZUETYLC3Q4SHIZ56K36S3RQWEPDC4E5IGRD7PAMZ52PRFC2CJORDK4CY=', 'dark_url': 'https://d3o5xota0a1fcr.cloudfront.net/v6/charts/ESGPVWXD2JSUKVVRP5NQ2N6JQMCRF63KSAKMGLBVLNUKNSRELOXYWV3GUFSOI26KSEMUZOPAW2KTTFMZZWQJ4NI='}",0,La Paz,State of Mexico,Mexico,False,False,False,2012-10-27T14:49:10Z,2021-05-15T02:12:37Z,59.6013,"{'id': 's2644923', 'polyline': 'yhcuBxc|zQVx@HH?FJ?LJBJLB^QNAt@BtAJ~@?JCLa@FOVOHk@e@i@y@Ur@B`AGCEBSTm@@_@RYCW@KD?LLGq@TmBBOHIJc@EILUFW?MJSBc@KSCO?QAG?GFK@q@FGDKLEBIFA@UDM?MGU?IDQGa@BG?WDOAIPYNCBVHLCE@GFCOIEMEA', 'resource_state': 3}",223,41,0,"{'pr_elapsed_time': None, 'pr_date': None, 'pr_visibility': None, 'pr_activity_id': None, 'pr_activity_visibility': None, 'effort_count': 0}","{'kom': '3:30', 'qom': '5:33', 'overall': '3:30', 'destination': {'href': 'strava://segments/2644923/leaderboard', 'type': 'overall', 'name': 'All-Time'}}","{'athlete_id': 98292257, 'title': 'Edith Gutiérrez Hernández', 'profile': 'https://dgalywyr863hv.cloudfront.net/pictures/athletes/98292257/23267943/1/large.jpg', 'effort_description': '7 efforts in the last 90 days', 'effort_count': '7', 'effort_counts': {'overall': '7 efforts', 'female': '7 efforts'}, 'destination': 'strava://segments/2644923/local_legend?categories%5B%5D=overall'}"
29301017,3,Depor Soraya | Pico 2,Run,865.3,10.5,13.1,2368.9,2277.2,"[19.355259, -98.951222]","[19.352746, -98.943617]",https://d3o5xota0a1fcr.cloudfront.net/v6/charts/CONQW5E3KLELAADISB5MI2WJIEA7P6P7CHGJAX6I3BWGSKCVHU7TR5DO5J77R4L5HOT75I6WGMFGXHJ5EJDTFHQ=,"{'light_url': 'https://d3o5xota0a1fcr.cloudfront.net/v6/charts/CONQW5E3KLELAADISB5MI2WJIEA7P6P7CHGJAX6I3BWGSKCVHU7TR5DO5J77R4L5HOT75I6WGMFGXHJ5EJDTFHQ=', 'dark_url': 'https://d3o5xota0a1fcr.cloudfront.net/v6/charts/BMGBQHS2ZIU6B7QTZAYXGMKNG36XNHEYBCTHOWUKG2UPLD2BAA3PM2F3VKTP32WNEH2K4GOYQYU7HSQ6FDP5L2A='}",1,Los Reyes Acaquilpan,Estado de México,Mexico,False,False,False,2021-07-28T17:41:58Z,2021-07-28T17:41:59Z,91.7,"{'id': 's29301017', 'polyline': 'iicuBdl}zQDK?i@Lu@AYb@{APc@Jc@v@sBTa@Pc@v@mAbAqBd@oAF[DmAVyAViAReAVcARoANo@JiACmABo@AMFO', 'resource_state': 3}",86,16,1,"{'pr_elapsed_time': None, 'pr_date': None, 'pr_visibility': None, 'pr_activity_id': None, 'pr_activity_visibility': None, 'effort_count': 0}","{'kom': '2:28', 'qom': '5:05', 'overall': '2:28', 'destination': {'href': 'strava://segments/29301017/leaderboard', 'type': 'overall', 'name': 'All-Time'}}","{'athlete_id': 105835185, 'title': 'Carlos Pérez', 'profile': 'https://graph.facebook.com/10232311724074435/picture?height=256&width=256', 'effort_description': '3 efforts in the last 90 days', 'effort_count': '3', 'effort_counts': {'overall': '3 efforts', 'female': None}, 'destination': 'strava://segments/29301017/local_legend?categories%5B%5D=overall'}"
29301372,3,Carr MexTex | Automotriz - Coca,Run,209.7,-2.3,2.5,2250.1,2245.3,"[19.359124, -98.954616]","[19.35765, -98.955851]",https://d3o5xota0a1fcr.cloudfront.net/v6/charts/L6ZCNIBGCEVJUYHVKFRIQZJSBVMN5P6M2FVVW6QSX3HCV2AJA423L2GEJXYVSHPYQPQRJUDRNB444VK57VYSP6AK,"{'light_url': 'https://d3o5xota0a1fcr.cloudfront.net/v6/charts/L6ZCNIBGCEVJUYHVKFRIQZJSBVMN5P6M2FVVW6QSX3HCV2AJA423L2GEJXYVSHPYQPQRJUDRNB444VK57VYSP6AK', 'dark_url': 'https://d3o5xota0a1fcr.cloudfront.net/v6/charts/ABOGR63BHIHWH62QBE7RRSZIJICFHXQKPH6KRMSJSSBV7R72OTGNOVN3NMB2XFIR3RSSCARCTHAC5MAAQO4DL6R6'}",0,Los Reyes Acaquilpan,Estado de México,Mexico,False,False,False,2021-07-28T18:16:07Z,2021-07-28T18:16:08Z,0.0,"{'id': 's29301372', 'polyline': 'oaduBja~zQ`@T|B`BnB~AT^', 'resource_state': 3}",117,32,0,"{'pr_elapsed_time': None, 'pr_date': None, 'pr_visibility': None, 'pr_activity_id': None, 'pr_activity_visibility': None, 'effort_count': 0}","{'kom': '18s', 'qom': '1:07', 'overall': '18s', 'destination': {'href': 'strava://segments/29301372/leaderboard', 'type': 'overall', 'name': 'All-Time'}}","{'athlete_id': 147495757, 'title': 'Antonio Zanabria', 'profile': 'https://dgalywyr863hv.cloudfront.net/pictures/athletes/147495757/35085038/1/large.jpg', 'effort_description': '4 efforts in the last 90 days', 'effort_count': '4', 'effort_counts': {'overall': '4 efforts', 'female': '3 efforts'}, 'destination': 'strava://segments/29301372/local_legend?categories%5B%5D=overall'}"
29301483,3,Columpio | Gas - Maicera,Run,843.8,0.0,2.9,2239.2,2235.6,"[19.361131, -98.963661]","[19.363605, -98.956228]",https://d3o5xota0a1fcr.cloudfront.net/v6/charts/D7DBOS33NITDN4PUBICP6G5VY7K5HNIKATRWADA6KDRIMFVYJZY6L4GF7IE5AVCOOABM7TP2STPR5HROMK7EDNY=,"{'light_url': 'https://d3o5xota0a1fcr.cloudfront.net/v6/charts/D7DBOS33NITDN4PUBICP6G5VY7K5HNIKATRWADA6KDRIMFVYJZY6L4GF7IE5AVCOOABM7TP2STPR5HROMK7EDNY=', 'dark_url': 'https://d3o5xota0a1fcr.cloudfront.net/v6/charts/DIZHUYHZVOLOSVLWHLDZG2XQ4CYLS6JJTVYX7G6GJU5PLUSNGSL3G7UHUAD5NC5TOLNFRCOZRTKBR2IDXQWZZTI='}",0,Los Reyes Acaquilpan,Estado de México,Mexico,False,False,False,2021-07-28T18:26:00Z,2021-07-28T18:26:00Z,3.6,"{'id': 's29301483', 'polyline': 'anduB|y_{Q?Wa@kBGsASmAEg@Kc@_@_AMg@MmAGmAKiALi@Oe@Qa@qBoF[mAu@_BsAeDUs@Ke@', 'resource_state': 3}",367,30,0,"{'pr_elapsed_time': None, 'pr_date': None, 'pr_visibility': None, 'pr_activity_id': None, 'pr_activity_visibility': None, 'effort_count': 0}","{'kom': '3:06', 'qom': '4:33', 'overall': '3:06', 'destination': {'href': 'strava://segments/29301483/leaderboard', 'type': 'overall', 'name': 'All-Time'}}","{'athlete_id': 75230690, 'title': 'Benjamín Zarate', 'profile': 'https://dgalywyr863hv.cloudfront.net/pictures/athletes/75230690/18252680/9/large.jpg', 'effort_description': '5 efforts in the last 90 days', 'effort_count': '5', 'effort_counts': {'overall': '5 efforts', 'female': None}, 'destination': 'strava://segments/29301483/local_legend?categories%5B%5D=overall'}"
29301581,3,Canal - Gass X 5 de Mayo y Av Puebla,Run,469.2,0.8,3.4,2239.1,2235.4,"[19.360192, -98.96017]","[19.361048, -98.963816]",https://d3o5xota0a1fcr.cloudfront.net/v6/charts/7PIWWT7ILZD7S6RBWMWNE7EWRAEY63WENJXFUD5OKEDNFE4BXOHEYAKPWNMYQ7QE3JMXR2W36BEUOBY4DKUIAGRB,"{'light_url': 'https://d3o5xota0a1fcr.cloudfront.net/v6/charts/7PIWWT7ILZD7S6RBWMWNE7EWRAEY63WENJXFUD5OKEDNFE4BXOHEYAKPWNMYQ7QE3JMXR2W36BEUOBY4DKUIAGRB', 'dark_url': 'https://d3o5xota0a1fcr.cloudfront.net/v6/charts/JZVP2DUD53CHU6AG4KM7TZHS3C33FQ5KQFFBKOHFJMKVBYD3H35TJQ3BKSNOLUVRNXSKVBRZW7TGPXRRWG3VQNBI'}",0,Los Reyes Acaquilpan,Estado de México,Mexico,False,False,False,2021-07-28T18:35:00Z,2021-07-28T18:35:01Z,3.7,"{'id': 's29301581', 'polyline': 'ehduB`d_{QM`@Kd@_@vBEf@Kh@HjAMb@O@{A@[BCFVlCHvBN`A', 'resource_state': 3}",398,27,0,"{'pr_elapsed_time': None, 'pr_date': None, 'pr_visibility': None, 'pr_activity_id': None, 'pr_activity_visibility': None, 'effort_count': 0}","{'kom': '1:42', 'qom': '2:05', 'overall': '1:42', 'destination': {'href': 'strava://segments/29301581/leaderboard', 'type': 'overall', 'name': 'All-Time'}}","{'athlete_id': 105835185, 'title': 'Carlos Pérez', 'profile': 'https://graph.facebook.com/10232311724074435/picture?height=256&width=256', 'effort_description': '11 efforts in the last 90 days', 'effort_count': '11', 'effort_counts': {'overall': '11 efforts', 'female': '1 effort'}, 'destination': 'strava://segments/29301581/local_legend?categories%5B%5D=overall'}"
29301103,3,Depor Soraya | Glorieta & Pico 1,Run,862.1,6.6,16.0,2334.5,2271.2,"[19.355915, -98.950815]","[19.356652, -98.945172]",https://d3o5xota0a1fcr.cloudfront.net/v6/charts/GOXIRXSMO2DW7P6Z2HBDGTJM7BMPAY24GLKZ6TI4KJN7XELPPSKU7Y44ZD4WI72HC2EVR2I4ODSBV7GE2WLKYFA=,"{'light_url': 'https://d3o5xota0a1fcr.cloudfront.net/v6/charts/GOXIRXSMO2DW7P6Z2HBDGTJM7BMPAY24GLKZ6TI4KJN7XELPPSKU7Y44ZD4WI72HC2EVR2I4ODSBV7GE2WLKYFA=', 'dark_url': 'https://d3o5xota0a1fcr.cloudfront.net/v6/charts/UDORJTWOVUHKRTJA7VA2TR75W3F3II7RP2YPIS75XGLS2MJH26A6WHV4LJKPFVDREYJUP2QOSLGK7QPDQ4FNEWA='}",0,Los Reyes Acaquilpan,Estado de México,Mexico,False,False,False,2021-07-28T17:49:49Z,2021-07-28T17:49:49Z,63.3,"{'id': 's29301103', 'polyline': 'mmcuBri}zQYSsAo@oA}@MOgByAa@QyAeAa@Ua@M_@S[[Ai@TsADe@Je@To@p@{@lAi@Z[Hc@@e@PiALmANc@ZWf@]^Mb@I', 'resource_state': 3}",715,83,0,"{'pr_elapsed_time': None, 'pr_date': None, 'pr_visibility': None, 'pr_activity_id': None, 'pr_activity_visibility': None, 'effort_count': 0}","{'kom': '2:32', 'qom': '4:51', 'overall': '2:32', 'destination': {'href': 'strava://segments/29301103/leaderboard', 'type': 'overall', 'name': 'All-Time'}}","{'athlete_id': 105835185, 'title': 'Carlos Pérez', 'profile': 'https://graph.facebook.com/10232311724074435/picture?height=256&width=256', 'effort_description': '7 efforts in the last 90 days', 'effort_count': '7', 'effort_counts': {'overall': '7 efforts', 'female': '1 effort'}, 'destination': 'strava://segments/29301103/local_legend?categories%5B%5D=overall'}"
24035937,3,Martin Downhill,Run,1171.0,-6.2,0.0,2411.3,2338.5,"[19.399081, -99.223428]","[19.404045, -99.214612]",https://d3o5xota0a1fcr.cloudfront.net/v6/charts/LQ3JNMIJKRPQU4SSI27CBFVITIJENFQ6OK4X4PMIRXOPOJDMMN33QEGMMPNZTXQZ7SKNOMAIE7W6SAI6JJX4Z7I=,"{'light_url': 'https://d3o5xota0a1fcr.cloudfront.net/v6/charts/LQ3JNMIJKRPQU4SSI27CBFVITIJENFQ6OK4X4PMIRXOPOJDMMN33QEGMMPNZTXQZ7SKNOMAIE7W6SAI6JJX4Z7I=', 'dark_url': 'https://d3o5xota0a1fcr.cloudfront.net/v6/charts/SG7MOUQNS753XWCW5CVBMKJT3IRYATDHUFEDI3OWCWZHME4RMD237FQ3ZO24ZWH7ANMVYAV22J2JHLGL265ZQAY='}",0,Ciudad de México,Ciudad de México,Mexico,False,False,False,2020-05-17T05:18:56Z,2021-05-15T08:06:14Z,0.0,"{'id': 's24035937', 'polyline': 'g{kuBlqr|QJMVQN[?GCGkA{@ICy@{@Qk@Wm@e@q@EOAUYo@IYMU{@}@G]@e@Qe@USYQWUISiAiA[q@QWI}@QS[qA}@cBMGe@EQOW}@K}@Mm@Wk@Kk@Qa@o@{@_@MSMGAGBQAWs@Mi@A_@@e@Ga@?S', 'resource_state': 3}",533,310,3,"{'pr_elapsed_time': None, 'pr_date': None, 'pr_visibility': None, 'pr_activity_id': None, 'pr_activity_visibility': None, 'effort_count': 0}","{'kom': '1:45', 'qom': '5:39', 'overall': '1:45', 'destination': {'href': 'strava://segments/24035937/leaderboard', 'type': 'overall', 'name': 'All-Time'}}","{'athlete_id': 20321567, 'title': 'Omar Banna', 'profile': 'https://dgalywyr863hv.cloudfront.net/pictures/athletes/20321567/22336663/1/large.jpg', 'effort_description': '3 efforts in the last 90 days', 'effort_count': '3', 'effort_counts': {'overall': '3 efforts', 'female': '1 effort'}, 'destination': 'strava://segments/24035937/local_legend?categories%5B%5D=overall'}"
17495357,3,1km Cancha,Run,979.9,-0.3,32.1,2355.7,2343.4,"[19.392075, -99.207172]","[19.392203, -99.207166]",https://d3o5xota0a1fcr.cloudfront.net/v6/charts/MAB5QVRYHV24TEK324U6TQJXTPNNTQH7OMWW3OTDIUDVBWSABRSEMWPV3KMK4ATMSQK2QKBKDV27KLDIS52LPGHM,"{'light_url': 'https://d3o5xota0a1fcr.cloudfront.net/v6/charts/MAB5QVRYHV24TEK324U6TQJXTPNNTQH7OMWW3OTDIUDVBWSABRSEMWPV3KMK4ATMSQK2QKBKDV27KLDIS52LPGHM', 'dark_url': 'https://d3o5xota0a1fcr.cloudfront.net/v6/charts/OR6IQ3PLZPXWJTJSHDCSS2BYBV7KHQQHFBWG3WTIAIS7IBPYACEPOHIQMQMWIDSGDFHTDWWD6J7SPFLWTDVZ5FXK'}",0,Ciudad de México,Ciudad de México,Mexico,False,False,False,2018-04-26T16:53:58Z,2021-05-15T02:20:57Z,36.7,"{'id': 's17495357', 'polyline': 'mojuBzko|QR?ZCVIPCFGBMEC@uBCOGMc@?o@BGFc@HIFGR@F?n@Hx@BLHJHADBn@Mp@CJGBO?o@Gs@Aa@EMGCO?yALQBKJAF@PNv@J`ADLDBN@^Ej@CNCJGBG?QMk@E_@GU?QM[ECKCkAPWLEJ?FBl@Nj@B`@HLDB', 'resource_state': 3}",5709,61,0,"{'pr_elapsed_time': None, 'pr_date': None, 'pr_visibility': None, 'pr_activity_id': None, 'pr_activity_visibility': None, 'effort_count': 0}","{'kom': '2:57', 'qom': '2:56', 'overall': '2:56', 'destination': {'href': 'strava://segments/17495357/leaderboard', 'type': 'overall', 'name': 'All-Time'}}","{'athlete_id': 163223513, 'title': 'Mayra Blem', 'profile': 'https://lh3.googleusercontent.com/a/ACg8ocLGBX0jP5PipVai2h4lhbbfMWEusYfYsGS7p1kNw0aM3pNDP9iK=s96-c', 'effort_description': '113 efforts in the last 90 days', 'effort_count': '113', 'effort_counts': {'overall': '113 efforts', 'female': '113 efforts'}, 'destination': 'strava://segments/17495357/local_legend?categories%5B%5D=overall'}"
24035925,3,Martin Uphill,Run,1171.1,5.9,11.7,2409.0,2339.5,"[19.404014, -99.214621]","[19.399084, -99.223439]",https://d3o5xota0a1fcr.cloudfront.net/v6/charts/U5EYPYMNAQHABVJKQ3PE5KS3IBZEXIYR7CTX3L4S3EZ4DMXBX27O3PC7DCHCOUSKSPKPPM2QWKSBSJPEYT32HHA=,"{'light_url': 'https://d3o5xota0a1fcr.cloudfront.net/v6/charts/U5EYPYMNAQHABVJKQ3PE5KS3IBZEXIYR7CTX3L4S3EZ4DMXBX27O3PC7DCHCOUSKSPKPPM2QWKSBSJPEYT32HHA=', 'dark_url': 'https://d3o5xota0a1fcr.cloudfront.net/v6/charts/77BPNZLXYAVMAXAGWDXNLVQM6XM5C25DCASULDLY32Q56DJWFMEFB3QUKMG36B4TDIYIDBT4RD2ULVKBKGTDNLI='}",0,Ciudad de México,Ciudad de México,Mexico,False,False,False,2020-05-17T05:17:01Z,2021-05-15T02:24:42Z,69.5,"{'id': 's24035925', 'polyline': 'azluBlzp|QGpATx@@NPh@JHL?LB^VTJp@p@Xz@Lj@LXPhAD\\Nd@NXVLPBTJ^p@X\\FPFFPfARb@Fp@LZNd@b@l@TJPRLb@PR^R`@`@HT@TELH\\DHTNPP`@f@Zz@F^p@dARf@DVNVh@n@XLz@f@JNAJs@`A', 'resource_state': 3}",238,86,8,"{'pr_elapsed_time': None, 'pr_date': None, 'pr_visibility': None, 'pr_activity_id': None, 'pr_activity_visibility': None, 'effort_count': 0}","{'kom': '5:38', 'qom': '7:32', 'overall': '5:38', 'destination': {'href': 'strava://segments/24035925/leaderboard', 'type': 'overall', 'name': 'All-Time'}}","{'athlete_id': 162378496, 'title': 'Pepe Vera', 'profile': 'https://lh3.googleusercontent.com/a/ACg8ocJHxgytWQPc-qq7liVFnYFLDk09_K8slZyUw3Wf18g_t0QqCdk=s96-c', 'effort_description': '15 efforts in the last 90 days', 'effort_count': '15', 'effort_counts': {'overall': '15 efforts', 'female': '2 efforts'}, 'destination': 'strava://segments/24035925/local_legend?categories%5B%5D=overall'}"
1493093,3,Paseo Lomas Altas 252 Climb,Run,344.295,13.4,28.1,2400.9,2354.7,"[19.402835061791727, -99.22316528865994]","[19.40227565357406, -99.22578136445883]",https://d3o5xota0a1fcr.cloudfront.net/v6/charts/KWQANAMBR4W7LXJAXQ264MZYDOOJUIJZPHRNSG5SV3WKYMEXRJ6KI64BL2JSEBTUDPFDKNNUDYEUQRE34MPILXA=,"{'light_url': 'https://d3o5xota0a1fcr.cloudfront.net/v6/charts/KWQANAMBR4W7LXJAXQ264MZYDOOJUIJZPHRNSG5SV3WKYMEXRJ6KI64BL2JSEBTUDPFDKNNUDYEUQRE34MPILXA=', 'dark_url': 'https://d3o5xota0a1fcr.cloudfront.net/v6/charts/P5M466H7UTTHGNYP5IZAEN4GHVDQTCYKPCBQUSZM3KWXZMBAISGAOL3ZPIZND3YHNNQWRTDW7JLUDRDMKOMXMUA='}",0,Ciudad De México,DF,Mexico,False,False,False,2012-06-02T13:55:28Z,2021-05-15T02:12:06Z,47.0139,"{'id': 's1493093', 'polyline': 'urluBxor|QSBGP[XIZKRU|@ALB\\HVD^HXd@r@FTf@~@?JDJl@z@ZNP@', 'resource_state': 3}",220,113,2,"{'pr_elapsed_time': None, 'pr_date': None, 'pr_visibility': None, 'pr_activity_id': None, 'pr_activity_visibility': None, 'effort_count': 0}","{'kom': '1:40', 'qom': '1:48', 'overall': '1:40', 'destination': {'href': 'strava://segments/1493093/leaderboard', 'type': 'overall', 'name': 'All-Time'}}","{'athlete_id': 62057004, 'title': 'Hiram Martínez', 'profile': 'https://lh3.googleusercontent.com/a/ACg8ocKITh6g51axcV5tLF80HG0MH2ZwSkzrCQ7M1Ll5WguDUZUAYg=s96-c', 'effort_description': '2 efforts in the last 90 days', 'effort_count': '2', 'effort_counts': {'overall': '2 efforts', 'female': '1 effort'}, 'destination': 'strava://segments/1493093/local_legend?categories%5B%5D=overall'}"
17495342,3,Vuelta Cancha,Run,338.0,0.0,32.1,2355.6,2343.4,"[19.392075, -99.207172]","[19.392072, -99.207152]",https://d3o5xota0a1fcr.cloudfront.net/v6/charts/XHDK5Q2NEY6HRU5G5O245IV4QXIVFM2PHNYLUEBRZJSUTSEQIMYW6R7MQX26H3KR3F2YR3CRL35VLCZHBCMOEQI=,"{'light_url': 'https://d3o5xota0a1fcr.cloudfront.net/v6/charts/XHDK5Q2NEY6HRU5G5O245IV4QXIVFM2PHNYLUEBRZJSUTSEQIMYW6R7MQX26H3KR3F2YR3CRL35VLCZHBCMOEQI=', 'dark_url': 'https://d3o5xota0a1fcr.cloudfront.net/v6/charts/DATC7P7VMLL346L5NXO6GBJEAC5ZDPLP7GT3NNRHQRC62TGVXJR2SRJLBELYUFUKVKVVXS4KLKP47OMFE4D2DVY='}",0,Ciudad de México,Ciudad de México,Mexico,False,False,False,2018-04-26T16:52:31Z,2021-05-15T02:20:57Z,14.2,"{'id': 's17495342', 'polyline': 'mojuBzko|QR?ZCVIPCFGBMEC@uBCOGMc@?o@BGFc@HMNCJ@F?n@LfAHJHADBPC', 'resource_state': 3}",18160,62,1,"{'pr_elapsed_time': None, 'pr_date': None, 'pr_visibility': None, 'pr_activity_id': None, 'pr_activity_visibility': None, 'effort_count': 0}","{'kom': '44s', 'qom': '53s', 'overall': '44s', 'destination': {'href': 'strava://segments/17495342/leaderboard', 'type': 'overall', 'name': 'All-Time'}}","{'athlete_id': 163223513, 'title': 'Mayra Blem', 'profile': 'https://lh3.googleusercontent.com/a/ACg8ocLGBX0jP5PipVai2h4lhbbfMWEusYfYsGS7p1kNw0aM3pNDP9iK=s96-c', 'effort_description': '370 efforts in the last 90 days', 'effort_count': '370', 'effort_counts': {'overall': '370 efforts', 'female': '370 efforts'}, 'destination': 'strava://segments/17495342/local_legend?categories%5B%5D=overall'}"
23176349,3,ASF - 1 Lap - ,Run,340.4,0.6,14.1,2356.0,2353.2,"[19.399472, -99.207195]","[19.399463, -99.207163]",https://d3o5xota0a1fcr.cloudfront.net/v6/charts/SKPU2THNDAL755F7LV4HZS2SWBCYZVSZS5LAJPZQHKRDLAAVD2AFVH76M4MJQ5X6OSZXEGU3WVLM2Z6KYRQOLYA=,"{'light_url': 'https://d3o5xota0a1fcr.cloudfront.net/v6/charts/SKPU2THNDAL755F7LV4HZS2SWBCYZVSZS5LAJPZQHKRDLAAVD2AFVH76M4MJQ5X6OSZXEGU3WVLM2Z6KYRQOLYA=', 'dark_url': 'https://d3o5xota0a1fcr.cloudfront.net/v6/charts/U6EI26DB24ONOE4M5LCKDNXKH77ERSW67FMZ6TST573YDMGSHGVTUQMYX3MGUPMQ4VEIWYAANL2ZTUK3WAKFBJA='}",0,Ciudad de México,Ciudad de México,Mexico,False,False,False,2020-03-26T20:02:35Z,2021-05-15T02:24:23Z,2.8,"{'id': 's23176349', 'polyline': 'u}kuB~ko|Q@IUw@OOE?iAVm@HaATKPJh@PZD@pDm@LCLS', 'resource_state': 3}",2751,38,1,"{'pr_elapsed_time': None, 'pr_date': None, 'pr_visibility': None, 'pr_activity_id': None, 'pr_activity_visibility': None, 'effort_count': 0}","{'kom': None, 'qom': '1:06', 'overall': None, 'destination': {'href': 'strava://segments/23176349/leaderboard', 'type': 'overall', 'name': 'All-Time'}}","{'athlete_id': 139831600, 'title': 'Diego Flores', 'profile': 'https://lh3.googleusercontent.com/a/ACg8ocKfAo4lLtn9IxHTJb4U44nGxWBzSf9EcKq5bW3GCjii144km7k=s96-c', 'effort_description': '70 efforts in the last 90 days', 'effort_count': '70', 'effort_counts': {'overall': '70 efforts', 'female': '20 efforts'}, 'destination': 'strava://segments/23176349/local_legend?categories%5B%5D=overall'}"
27470229,3,PÍCNIC ⚡,Run,838.3,0.0,32.4,2384.9,2358.7,"[19.402446, -99.219193]","[19.402394, -99.21917]",https://d3o5xota0a1fcr.cloudfront.net/v6/charts/KEUIYS7ALE2UODZEEJYSB45KUFB5TKW5JSNROYVR2RJXITQZUPDTUGKA5UJ3WGDU4LHM3SZJKUV4TBVV2KNNNREW,"{'light_url': 'https://d3o5xota0a1fcr.cloudfront.net/v6/charts/KEUIYS7ALE2UODZEEJYSB45KUFB5TKW5JSNROYVR2RJXITQZUPDTUGKA5UJ3WGDU4LHM3SZJKUV4TBVV2KNNNREW', 'dark_url': 'https://d3o5xota0a1fcr.cloudfront.net/v6/charts/I7VPLIDTQSK7EDYLERZAGLYC5EADWHUEDUFBELR6MUDUVKTSA7P5NRRH35FQUY3S2QAOYC6Y3WE6PTKHYS4JMQJQ'}",0,Ciudad de México,Ciudad de México,Mexico,False,False,False,2021-03-02T06:47:00Z,2021-05-15T02:25:52Z,26.6,"{'id': 's27470229', 'polyline': 'gpluB~vq|QEEI[[_@q@gA_BwC_@y@EO@m@YaAMMe@KIEM]g@aACIFKFARJd@Br@LPJPX\\p@DTJ~@^rAd@nAp@`Ax@|@Rb@DV?L_@r@', 'resource_state': 3}",86,17,2,"{'pr_elapsed_time': None, 'pr_date': None, 'pr_visibility': None, 'pr_activity_id': None, 'pr_activity_visibility': None, 'effort_count': 0}","{'kom': '4:26', 'qom': '4:45', 'overall': '4:26', 'destination': {'href': 'strava://segments/27470229/leaderboard', 'type': 'overall', 'name': 'All-Time'}}","{'athlete_id': 136121095, 'title': 'Quentin Canguilhem', 'profile': 'https://lh3.googleusercontent.com/a/ACg8ocKbmdVBH3B7AjK1YvCzkUR3HD0QAxL87uZVWsD_JQUReE5YCyaQ=s96-c', 'effort_description': '1 effort in the last 90 days', 'effort_count': '1', 'effort_counts': {'overall': '1 effort', 'female': None}, 'destination': 'strava://segments/27470229/local_legend?categories%5B%5D=overall'}"
29197452,3,Circuito Deportivo Batallón de San Patricio,Run,779.6,0.3,25.8,2334.8,2318.4,"[19.390065, -99.198032]","[19.390042, -99.197949]",https://d3o5xota0a1fcr.cloudfront.net/v6/charts/VO5KMFWXZ4FSYHFAYA5A6U5KRN2RDOPGESUS3JPZJFNUYGJAF3CYHSSGD4ZKSMDIJLKCGFS6MZ6FU2SSNCDUMRZP,"{'light_url': 'https://d3o5xota0a1fcr.cloudfront.net/v6/charts/VO5KMFWXZ4FSYHFAYA5A6U5KRN2RDOPGESUS3JPZJFNUYGJAF3CYHSSGD4ZKSMDIJLKCGFS6MZ6FU2SSNCDUMRZP', 'dark_url': 'https://d3o5xota0a1fcr.cloudfront.net/v6/charts/EF3PXRO5SJMLXM3ZGHRSOL5S7IZC75OK5ELCH6CR5B6P3K3KOJMMDFDKNLMUDUBOKCZKX5EDSRDNSEFBMSWWGADZ'}",0,Ciudad de México,Ciudad de México,Mexico,False,False,False,2021-07-19T19:45:23Z,2021-07-19T19:45:24Z,18.8,"{'id': 's29197452', 'polyline': '{bjuBvrm|QEz@GX@PSp@Gd@Cd@DX^p@V\\JJPHhAP^DL?j@OR]Bq@K_A?SDGh@YHQAo@Ie@k@{@Jg@B]JW@MCCC?MHM@w@MkAESQGOG?OJW`AGt@', 'resource_state': 3}",15853,288,1,"{'pr_elapsed_time': None, 'pr_date': None, 'pr_visibility': None, 'pr_activity_id': None, 'pr_activity_visibility': None, 'effort_count': 0}","{'kom': '2:58', 'qom': '2:37', 'overall': '2:37', 'destination': {'href': 'strava://segments/29197452/leaderboard', 'type': 'overall', 'name': 'All-Time'}}","{'athlete_id': 104411582, 'title': 'Gerardo Juárez', 'profile': 'https://dgalywyr863hv.cloudfront.net/pictures/athletes/104411582/25133757/6/large.jpg', 'effort_description': '453 efforts in the last 90 days', 'effort_count': '453', 'effort_counts': {'overall': '453 efforts', 'female': '122 efforts'}, 'destination': 'strava://segments/29197452/local_legend?categories%5B%5D=overall'}"
2466466,3,Paseo Lomas Altas 252 Climb,Run,1332.71,4.0,12.3,2443.7,2390.1,"[19.398916438239997, -99.21768067413868]","[19.39546502197105, -99.22916505495014]",https://d3o5xota0a1fcr.cloudfront.net/v6/charts/G5ENCVVFMOZ54CKWWCJ4H3MG42CMFLA3IOTTSCQ6RYIKNICAE5QRE5PLM6EPMTDXPXVY4X5ZGR5WQUUH7FKLOQI=,"{'light_url': 'https://d3o5xota0a1fcr.cloudfront.net/v6/charts/G5ENCVVFMOZ54CKWWCJ4H3MG42CMFLA3IOTTSCQ6RYIKNICAE5QRE5PLM6EPMTDXPXVY4X5ZGR5WQUUH7FKLOQI=', 'dark_url': 'https://d3o5xota0a1fcr.cloudfront.net/v6/charts/EQQO75WD6AQWDBFMS3OA3YIUQSO5TAMZHQJDDBHLGSMYO44TKW6B6JXMXLAC62MQXQI3A2CKIHUAHSAWKSJHBIQ='}",0,Ciudad De México,D.F.,Mexico,False,False,False,2012-09-27T12:21:53Z,2021-05-15T02:12:32Z,53.6829,"{'id': 's2466466', 'polyline': 'ezkuBpmq|QAf@BLDZLRD@XZp@Xv@d@tAnALX@LHPB@H?FXP`@?FJXFb@R^HV@HCH?DP^?LF^DFAPDV`AhD`@dALd@Vd@d@xBVz@@\\RlAN`BFjEIv@G`@Ah@IdAEx@Bx@PtB|@rG', 'resource_state': 3}",20,21,1,"{'pr_elapsed_time': None, 'pr_date': None, 'pr_visibility': None, 'pr_activity_id': None, 'pr_activity_visibility': None, 'effort_count': 0}","{'kom': '1:51', 'qom': '10:58', 'overall': '1:51', 'destination': {'href': 'strava://segments/2466466/leaderboard', 'type': 'overall', 'name': 'All-Time'}}","{'athlete_id': 171507773, 'title': 'Helena Flores Bravo', 'profile': 'https://lh3.googleusercontent.com/a/ACg8ocIjHaLq45bhbXNT1PG9cpLY60XQz3379zw-x_2bakL-zJkL-KRD=s96-c', 'effort_description': '1 effort in the last 90 days', 'effort_count': '1', 'effort_counts': {'overall': '1 effort', 'female': '1 effort'}, 'destination': 'strava://segments/2466466/local_legend?categories%5B%5D=overall'}"
6606174,3,Camino a Santa Fe Climb,Run,736.8,9.0,43.9,2404.3,2337.9,"[19.391155, -99.223223]","[19.39379, -99.224898]",https://d3o5xota0a1fcr.cloudfront.net/v6/charts/S6LK6PVIO335WGJTOL2GSZBUDEQL63YL4HNXCXLPWADRDIWLWQGLTK3A3J27MFNSFHTACIKLYSSLUVNVKNXI4HN6,"{'light_url': 'https://d3o5xota0a1fcr.cloudfront.net/v6/charts/S6LK6PVIO335WGJTOL2GSZBUDEQL63YL4HNXCXLPWADRDIWLWQGLTK3A3J27MFNSFHTACIKLYSSLUVNVKNXI4HN6', 'dark_url': 'https://d3o5xota0a1fcr.cloudfront.net/v6/charts/YOON7QQGHKEXGYB2JARRVJTPJ6FTZWEGPYDHXULIX6KO6O5U4RWCNJHWBDQ2TAH5WBGDJFDWWM4A32NREXHYFB5L'}",0,Mexico City,D.F.,Mexico,False,False,False,2014-02-06T15:17:25Z,2021-05-15T02:14:39Z,95.0,"{'id': 's6606174', 'polyline': 'uijuBdpr|QYDg@RU^YPUAOF]G_@LGHEVGHERUVQDW^KZONKp@GTANELEf@W^Qb@W^K@OEIK@ELKTCNM?MLw@Oc@?MFKTM?KH]EQUAE@SRMTODONIDAJDJBTKPOJGC@KEM?EEI?G', 'resource_state': 3}",74,38,0,"{'pr_elapsed_time': None, 'pr_date': None, 'pr_visibility': None, 'pr_activity_id': None, 'pr_activity_visibility': None, 'effort_count': 0}","{'kom': '5:19', 'qom': '3:48', 'overall': '3:48', 'destination': {'href': 'strava://segments/6606174/leaderboard', 'type': 'overall', 'name': 'All-Time'}}","{'athlete_id': 28006009, 'title': 'Sealtiel Yáñez', 'profile': 'https://graph.facebook.com/10216414893352828/picture?height=256&width=256', 'effort_description': '1 effort in the last 90 days', 'effort_count': '1', 'effort_counts': {'overall': '1 effort', 'female': None}, 'destination': 'strava://segments/6606174/local_legend?categories%5B%5D=overall'}"
17160365,3,Tartán Parque Hundido,Run,846.3,0.2,15.0,2268.4,2259.2,"[19.377395, -99.178932]","[19.377407, -99.17904]",https://d3o5xota0a1fcr.cloudfront.net/v6/charts/B6WJDLCJM3WCQE5XVVHS2BKQFXMVY2GZIN2LMLDDEP3IDDU6H6C6OEOMVZLC74AGBZNPT4NUQWIGB4F56P3ZEKMR,"{'light_url': 'https://d3o5xota0a1fcr.cloudfront.net/v6/charts/B6WJDLCJM3WCQE5XVVHS2BKQFXMVY2GZIN2LMLDDEP3IDDU6H6C6OEOMVZLC74AGBZNPT4NUQWIGB4F56P3ZEKMR', 'dark_url': 'https://d3o5xota0a1fcr.cloudfront.net/v6/charts/IPZBE4EL5SXQBMBJR37B4G4SWKG3PAY5XXIWN4OHGS22MIM5C6YRD5XKXGP733HSA4MWFYVU2OY73ATEOQXCVQEA'}",0,Ciudad de México,Ciudad de México,Mexico,False,False,False,2018-03-12T14:43:10Z,2021-05-20T08:04:34Z,19.8,"{'id': 's17160365', 'polyline': 'usguBj{i|QEIGE]EUIIKKUKMIAa@Uu@SKICKs@QUMK?QFa@t@CT@PB`@Nd@HJJFf@FHNHF\\NJPJ~@NZHj@JTGf@B^On@BHDB\\AFEL_@@q@RSCIQOOYEU@KBGFANQLKR[JAb@DLCFCHUHGDAFE@ECC?IGCSW', 'resource_state': 3}",69116,3687,29,"{'pr_elapsed_time': None, 'pr_date': None, 'pr_visibility': None, 'pr_activity_id': None, 'pr_activity_visibility': None, 'effort_count': 0}","{'kom': '2:45', 'qom': '3:34', 'overall': '2:45', 'destination': {'href': 'strava://segments/17160365/leaderboard', 'type': 'overall', 'name': 'All-Time'}}","{'athlete_id': 101341866, 'title': 'Sandra Pablo', 'profile': 'https://graph.facebook.com/10166186453005461/picture?height=256&width=256', 'effort_description': '128 efforts in the last 90 days', 'effort_count': '128', 'effort_counts': {'overall': '128 efforts', 'female': '128 efforts'}, 'destination': 'strava://segments/17160365/local_legend?categories%5B%5D=overall'}"
24185535,3,WTC al Parque Hundido,Run,1762.2,0.6,3.8,2263.2,2252.5,"[19.394441, -99.172402]","[19.380132, -99.177101]",https://d3o5xota0a1fcr.cloudfront.net/v6/charts/ATLQGQMI3GZOFJEF2IQ2ZFRYJE4RO5MQB6VEIVK3IDV2OF7M5VLUZ2VVOR47MYF2YFYI3Q5TIK7ORWATXWVIDHQ=,"{'light_url': 'https://d3o5xota0a1fcr.cloudfront.net/v6/charts/ATLQGQMI3GZOFJEF2IQ2ZFRYJE4RO5MQB6VEIVK3IDV2OF7M5VLUZ2VVOR47MYF2YFYI3Q5TIK7ORWATXWVIDHQ=', 'dark_url': 'https://d3o5xota0a1fcr.cloudfront.net/v6/charts/PPFKEZGECJW53HOJB4GX46JHG66T5O3QT5ECC4NV2MLJSRYSA2JJSSHRZFMCY4PP2IJEAUR7PEQJYSO6DOP3EWA='}",0,Ciudad de México,Ciudad de México,Mexico,False,False,False,2020-05-25T18:14:42Z,2021-05-17T08:08:47Z,10.7,"{'id': 's24185535', 'polyline': 'g~juBprh|QP?d@PVF\\@TG`@Jb@Cj@B^TP@PFRX\\PJDNALBZHNHLCH@f@Xt@TXTd@CXJl@NVEPBJFf@CX@\\LVZLEf@Pn@Ad@Gn@BJNJ\\NVT?RFb@?NHJ@\\XnAVZJPN\\Fp@\\F@LGV@FDBFFBb@CT?HBb@HdAXh@Xl@JJARDHPJDZBTDXA^NX?\\BRHENP?T@|AZTJj@JVP^Aj@PRBp@EZV^JXL`@FFJBVLL?^@@h@BRCJDj@\\JB`AEj@FLJD@LAT@PCTB', 'resource_state': 3}",16318,6077,1,"{'pr_elapsed_time': None, 'pr_date': None, 'pr_visibility': None, 'pr_activity_id': None, 'pr_activity_visibility': None, 'effort_count': 0}","{'kom': '4:01', 'qom': '5:29', 'overall': '4:01', 'destination': {'href': 'strava://segments/24185535/leaderboard', 'type': 'overall', 'name': 'All-Time'}}","{'athlete_id': 37088250, 'title': 'José Luis Martínez', 'profile': 'https://graph.facebook.com/10156833999285747/picture?height=256&width=256', 'effort_description': '20 efforts in the last 90 days', 'effort_count': '20', 'effort_counts': {'overall': '20 efforts', 'female': '14 efforts'}, 'destination': 'strava://segments/24185535/local_legend?categories%5B%5D=overall'}"
13479830,3,Parque Alfonso Esparza ,Run,529.7,0.0,2.3,2258.3,2256.0,"[19.389776, -99.178164]","[19.389774, -99.178176]",https://d3o5xota0a1fcr.cloudfront.net/v6/charts/7G347TREJXOUMCVMRQVBEVKIOIZ7BFEDKEMLNZLNHCTWIVHPSV5YDNKJ76Q5FP4E5GZ3RN52JHXIWQX4AGRCGG3P,"{'light_url': 'https://d3o5xota0a1fcr.cloudfront.net/v6/charts/7G347TREJXOUMCVMRQVBEVKIOIZ7BFEDKEMLNZLNHCTWIVHPSV5YDNKJ76Q5FP4E5GZ3RN52JHXIWQX4AGRCGG3P', 'dark_url': 'https://d3o5xota0a1fcr.cloudfront.net/v6/charts/EIL64LKUPVNTYROTLMYLT6ZNFVUXJGWONE7LPTSFVPS6NJ63XGKTZ3VLQG7YBWLJUJVRQKGJ7XOPGEX4KD22BDJ7'}",0,Ciudad de México,Ciudad de México,Mexico,False,False,False,2016-10-20T05:05:46Z,2021-05-17T08:06:37Z,2.0,"{'id': 's13479830', 'polyline': 'aajuBpvi|QXKp@KZIRQ^IRI@SKg@KS[qAQc@Ms@EKGCcB\\ONOFg@DEBCFJt@@JCDBLHLFVLN@XLPFj@J^RF', 'resource_state': 3}",27200,1227,6,"{'pr_elapsed_time': None, 'pr_date': None, 'pr_visibility': None, 'pr_activity_id': None, 'pr_activity_visibility': None, 'effort_count': 0}","{'kom': '1:47', 'qom': '2:10', 'overall': '1:47', 'destination': {'href': 'strava://segments/13479830/leaderboard', 'type': 'overall', 'name': 'All-Time'}}","{'athlete_id': 171670857, 'title': 'Karla Soto', 'profile': 'https://dgalywyr863hv.cloudfront.net/pictures/athletes/171670857/38287417/5/large.jpg', 'effort_description': '124 efforts in the last 90 days', 'effort_count': '124', 'effort_counts': {'overall': '124 efforts', 'female': '124 efforts'}, 'destination': 'strava://segments/13479830/local_legend?categories%5B%5D=overall'}"
21005468,3,1k patrio,Run,968.0,-1.1,7.7,2278.2,2266.8,"[19.397416, -99.180887]","[19.405607, -99.177956]",https://d3o5xota0a1fcr.cloudfront.net/v6/charts/WO5QV2YZSIOADCNPDRIWNX2TOLES3NTS3OQKHIVQZF3I4COHUKY55UPENTXU6PUQZSWSYU4LYACAFBEPW4DVIBEZ,"{'light_url': 'https://d3o5xota0a1fcr.cloudfront.net/v6/charts/WO5QV2YZSIOADCNPDRIWNX2TOLES3NTS3OQKHIVQZF3I4COHUKY55UPENTXU6PUQZSWSYU4LYACAFBEPW4DVIBEZ', 'dark_url': 'https://d3o5xota0a1fcr.cloudfront.net/v6/charts/WT54NAOUBLNQL57M56KHCHH2TM42MGIAYKB27P3A6YEV7Z5FXR3VT6LQ5VNBE34B7CVMVH4TQGZRXIRDHNZUOQKC'}",0,Ciudad de México,Ciudad de México,Mexico,False,False,False,2019-06-28T16:36:45Z,2021-05-15T02:23:26Z,0.0,"{'id': 's21005468', 'polyline': 'ypkuBpgj|QGIc@OwBc@k@KWAk@We@MK?w@Yk@Gk@SWE_AY]GsBu@uCk@qAa@s@O_@Ea@Kk@QcAc@y@M}@Y}@QaFwA_AK', 'resource_state': 3}",28959,4971,3,"{'pr_elapsed_time': None, 'pr_date': None, 'pr_visibility': None, 'pr_activity_id': None, 'pr_activity_visibility': None, 'effort_count': 0}","{'kom': '53s', 'qom': '2:09', 'overall': '53s', 'destination': {'href': 'strava://segments/21005468/leaderboard', 'type': 'overall', 'name': 'All-Time'}}","{'athlete_id': 126913607, 'title': 'Rocco Portillo', 'profile': 'https://dgalywyr863hv.cloudfront.net/pictures/athletes/126913607/29134182/1/large.jpg', 'effort_description': '40 efforts in the last 90 days', 'effort_count': '40', 'effort_counts': {'overall': '40 efforts', 'female': '31 efforts'}, 'destination': 'strava://segments/21005468/local_legend?categories%5B%5D=overall'}"
26864544,3,Nuevo Leon de Viaducto a BC,Run,636.0,0.0,4.1,2264.0,2260.0,"[19.399983, -99.170552]","[19.405566, -99.171825]",https://d3o5xota0a1fcr.cloudfront.net/v6/charts/OAGBGQXQFSHTZKB3NPHU6K7I3XSDDUQQ3OLDY3CCXOIEGXPWYQ46TP5GVNHAPCALZHNICVSU4EBNEK5RGOLMR2XN,"{'light_url': 'https://d3o5xota0a1fcr.cloudfront.net/v6/charts/OAGBGQXQFSHTZKB3NPHU6K7I3XSDDUQQ3OLDY3CCXOIEGXPWYQ46TP5GVNHAPCALZHNICVSU4EBNEK5RGOLMR2XN', 'dark_url': 'https://d3o5xota0a1fcr.cloudfront.net/v6/charts/VOGPW65DKG52R3EGHXU3JZRW5R2TRNS2DYA77GSBZJM2DWQ364GYRQ7TVHFLPHBEKMNFBF3TZ2WGV6DFSNALVIOV'}",0,Ciudad de México,Ciudad de México,Mexico,False,False,False,2020-12-31T20:05:24Z,2021-05-15T02:25:40Z,4.0,"{'id': 's26864544', 'polyline': '{`luB~fh|Qa@KU@a@K]?w@`@aBd@_ATSTOFY@MQUI]JYFc@R_@H_@J_@DYL_BTYBa@AgAPWJ]DOMWJkATe@@]L', 'resource_state': 3}",24618,4241,1,"{'pr_elapsed_time': 188, 'pr_date': '2025-01-19', 'pr_visibility': 'everyone', 'pr_activity_id': 13398147017, 'pr_activity_visibility': 'everyone', 'effort_count': 4}","{'kom': '1:01', 'qom': '1:32', 'overall': '1:01', 'destination': {'href': 'strava://segments/26864544/leaderboard', 'type': 'overall', 'name': 'All-Time'}}","{'athlete_id': 126849201, 'title': 'Hugo Garcia Reyes', 'profile': 'https://lh3.googleusercontent.com/a/ACg8ocJZk1BNvazXwCEMf2IRW-YjMpWle645GAHJOkDj4tsty02x-Q=s96-c', 'effort_description': '35 efforts in the last 90 days', 'effort_count': '35', 'effort_counts': {'overall': '35 efforts', 'female': '25 efforts'}, 'destination': 'strava://segments/26864544/local_legend?categories%5B%5D=overall'}"
16742146,3,pista pequeña tartan parque Maria Enriqueta (by quique fuentees triatleta),Run,364.3,0.1,1.8,2258.8,2257.8,"[19.399806, -99.167528]","[19.399772, -99.167507]",https://d3o5xota0a1fcr.cloudfront.net/v6/charts/24GEEZFLSPGXLBF6YUDM3AETJCGBPG2MKXEZIWEDQBNJDXP2EJ4A4VAEEB7ZMYR75HFC4CSDCUC6RDRFPDKQKIQ=,"{'light_url': 'https://d3o5xota0a1fcr.cloudfront.net/v6/charts/24GEEZFLSPGXLBF6YUDM3AETJCGBPG2MKXEZIWEDQBNJDXP2EJ4A4VAEEB7ZMYR75HFC4CSDCUC6RDRFPDKQKIQ=', 'dark_url': 'https://d3o5xota0a1fcr.cloudfront.net/v6/charts/XFRHYSE27BKPUULTXU77L54LXHVTNVKOIHUBTIGSDIEJELF3NMFDUOI5WALYUQD3MCD4S2IJPR72BSPWLI6QUVA='}",0,Ciudad de México,Ciudad de México,Mexico,False,False,False,2018-01-01T23:33:01Z,2021-05-17T08:07:21Z,0.0,"{'id': 's16742146', 'polyline': 'w_luB`tg|QhA?`B_@d@EXMiBq@iA[c@KQA[bA?JJHIb@\\L', 'resource_state': 3}",24775,711,3,"{'pr_elapsed_time': None, 'pr_date': None, 'pr_visibility': None, 'pr_activity_id': None, 'pr_activity_visibility': None, 'effort_count': 0}","{'kom': '55s', 'qom': '1:26', 'overall': '55s', 'destination': {'href': 'strava://segments/16742146/leaderboard', 'type': 'overall', 'name': 'All-Time'}}","{'athlete_id': 167085888, 'title': 'yulius Z Pérez', 'profile': 'https://lh3.googleusercontent.com/a/ACg8ocISj-Pd6UL7r5Kv2o2KZpgU8PD31U1WhU3lKGd9qQ4hLauDOTnO=s96-c', 'effort_description': '213 efforts in the last 90 days', 'effort_count': '213', 'effort_counts': {'overall': '213 efforts', 'female': '156 efforts'}, 'destination': 'strava://segments/16742146/local_legend?categories%5B%5D=overall'}"
14873954,3,subida Viaducto,Run,317.6,4.8,40.9,2271.8,2248.0,"[19.402654, -99.179004]","[19.399941, -99.179974]",https://d3o5xota0a1fcr.cloudfront.net/v6/charts/LTKCIJBUBKJPDF6DWGTX4MZWR6UAOQ4UTWCM3X3JHIJSZWD3M4CPD4YJMFZZAC6QUNXLF62TH422J2N5JOX6O6Y=,"{'light_url': 'https://d3o5xota0a1fcr.cloudfront.net/v6/charts/LTKCIJBUBKJPDF6DWGTX4MZWR6UAOQ4UTWCM3X3JHIJSZWD3M4CPD4YJMFZZAC6QUNXLF62TH422J2N5JOX6O6Y=', 'dark_url': 'https://d3o5xota0a1fcr.cloudfront.net/v6/charts/44NNGCULEVB6XEQO7BABGJQTKZLHMI5H4BXG4LC3LBOZQPU2FNQHEAQVKDF3ZTQJVVFZEVD37POB32GMJBEQ4OA='}",0,Ciudad de México,Ciudad de México,Mexico,False,False,False,2017-05-14T15:55:09Z,2021-05-15T02:19:21Z,28.0,"{'id': 's14873954', 'polyline': 'qqluBx{i|QnATjA\\f@Fb@JlCv@hAV|Ah@', 'resource_state': 3}",11823,2638,5,"{'pr_elapsed_time': None, 'pr_date': None, 'pr_visibility': None, 'pr_activity_id': None, 'pr_activity_visibility': None, 'effort_count': 0}","{'kom': '55s', 'qom': '58s', 'overall': '55s', 'destination': {'href': 'strava://segments/14873954/leaderboard', 'type': 'overall', 'name': 'All-Time'}}","{'athlete_id': 126913607, 'title': 'Rocco Portillo', 'profile': 'https://dgalywyr863hv.cloudfront.net/pictures/athletes/126913607/29134182/1/large.jpg', 'effort_description': '38 efforts in the last 90 days', 'effort_count': '38', 'effort_counts': {'overall': '38 efforts', 'female': '11 efforts'}, 'destination': 'strava://segments/14873954/local_legend?categories%5B%5D=overall'}"
26864539,3,Insurgentes de Angel Urraza a Viaducto,Run,1912.1,0.5,6.3,2262.8,2252.4,"[19.383128, -99.175972]","[19.399378, -99.17088]",https://d3o5xota0a1fcr.cloudfront.net/v6/charts/3MT4SDA55HPL3P3HPWY7KLOZ43L3VU3AJ6U2VS5ZALWJDDEVDAKIHABMA6NU35LW2FQ2TZTE6HXOXC5336PL63BA,"{'light_url': 'https://d3o5xota0a1fcr.cloudfront.net/v6/charts/3MT4SDA55HPL3P3HPWY7KLOZ43L3VU3AJ6U2VS5ZALWJDDEVDAKIHABMA6NU35LW2FQ2TZTE6HXOXC5336PL63BA', 'dark_url': 'https://d3o5xota0a1fcr.cloudfront.net/v6/charts/QIRVAEBVDW2AQXKLRSUYLLDLK6XLBU5MJ6RLCRMJWKK4WGSN4OU4OK4OENHST3B2E3APFLHHIWWXYAIAEVYAOEZG'}",0,Ciudad de México,Ciudad de México,Mexico,False,False,False,2020-12-31T20:03:19Z,2021-05-15T02:25:40Z,14.2,"{'id': 's26864539', 'polyline': 'owhuBzhi|QU]a@MOO_@GWSgAKm@?]E_@OYAi@IOK[MYEa@K_@SIQcAWw@Jq@MUSa@MFJkA@cBQQIY@i@KU?i@KsA_@}@_@_@Ii@BQJI?o@a@a@Ok@Kc@[c@S_@G_@UUC[Ua@M_@CQ@k@EsAKc@c@c@QY@_@LY\\QQSKcAOe@UKSWO[AYIGI}@Oi@Qq@Oa@SUc@[QkAO_@QqBK[G]K_@[w@EYGa@@WMw@IIIAIGPKNC?_@Mu@a@i@K]Sm@HWE', 'resource_state': 3}",26419,14277,2,"{'pr_elapsed_time': None, 'pr_date': None, 'pr_visibility': None, 'pr_activity_id': None, 'pr_activity_visibility': None, 'effort_count': 0}","{'kom': '4:49', 'qom': '5:25', 'overall': '4:49', 'destination': {'href': 'strava://segments/26864539/leaderboard', 'type': 'overall', 'name': 'All-Time'}}","{'athlete_id': 42629391, 'title': 'Andrea Velázquez', 'profile': 'https://dgalywyr863hv.cloudfront.net/pictures/athletes/42629391/12209802/3/large.jpg', 'effort_description': '12 efforts in the last 90 days', 'effort_count': '12', 'effort_counts': {'overall': '12 efforts', 'female': '12 efforts'}, 'destination': 'strava://segments/26864539/local_legend?categories%5B%5D=overall'}"
21685685,3,Calle Indiana ,Run,704.0,0.0,3.1,2263.6,2261.6,"[19.391579, -99.180678]","[19.385626, -99.178457]",https://d3o5xota0a1fcr.cloudfront.net/v6/charts/FSLXH2SDMDGB7CWUIHRAOJPLQ3ZPUE5E76D563EDMBW3AFFJNABYXS2KUDEBMK4P2GJKL5RNWWNADKUWGYNMCCY=,"{'light_url': 'https://d3o5xota0a1fcr.cloudfront.net/v6/charts/FSLXH2SDMDGB7CWUIHRAOJPLQ3ZPUE5E76D563EDMBW3AFFJNABYXS2KUDEBMK4P2GJKL5RNWWNADKUWGYNMCCY=', 'dark_url': 'https://d3o5xota0a1fcr.cloudfront.net/v6/charts/RTAK66OQYIEFSZPBJXOPJAR375UEM3WXY3BGBELZ3DOO3SEA5MNCKCLQTJOOT4O5RCCR6NFYA44WHY36RELXBBI='}",0,Ciudad de México,Ciudad de México,Mexico,False,False,False,2019-09-03T15:24:38Z,2021-05-19T08:05:07Z,2.0,"{'id': 's21685685', 'polyline': 'iljuBffj|Q`@Gb@Mf@GlBo@jASrBi@`@MhAWvC}@d@QfAY`@OfAYfAU~CaAb@I`@S', 'resource_state': 3}",84,25,1,"{'pr_elapsed_time': None, 'pr_date': None, 'pr_visibility': None, 'pr_activity_id': None, 'pr_activity_visibility': None, 'effort_count': 0}","{'kom': '3:00', 'qom': '4:20', 'overall': '3:00', 'destination': {'href': 'strava://segments/21685685/leaderboard', 'type': 'overall', 'name': 'All-Time'}}","{'athlete_id': 144384397, 'title': 'Emmanuel Cordovez', 'profile': 'https://dgalywyr863hv.cloudfront.net/pictures/athletes/144384397/32666079/1/large.jpg', 'effort_description': '1 effort in the last 90 days', 'effort_count': '1', 'effort_counts': {'overall': '1 effort', 'female': '1 effort'}, 'destination': 'strava://segments/21685685/local_legend?categories%5B%5D=overall'}"
21685698,3,Estadio Ciudad de los Deportes,Run,649.3,0.0,5.7,2261.5,2256.4,"[19.384421, -99.178257]","[19.384274, -99.178293]",https://d3o5xota0a1fcr.cloudfront.net/v6/charts/YAB4RH5PNZ4AIUOZ2UIY5ZOLGYF2PGG5U4NQSK5HAOMIBVTHRRZ7KEWIGC4ZXNAU42ZC75KQZUMC6UK5LLZEXPA=,"{'light_url': 'https://d3o5xota0a1fcr.cloudfront.net/v6/charts/YAB4RH5PNZ4AIUOZ2UIY5ZOLGYF2PGG5U4NQSK5HAOMIBVTHRRZ7KEWIGC4ZXNAU42ZC75KQZUMC6UK5LLZEXPA=', 'dark_url': 'https://d3o5xota0a1fcr.cloudfront.net/v6/charts/UKZGSY23Y6W4FRN4BKQHVO4QLYBGCKSLUWNF6SEGJSBSDEOXDMFHS43KOEE5CMRLOWM4YTODUHQY4CBCJSZ2CQA='}",0,Ciudad de México,Ciudad de México,Mexico,False,False,False,2019-09-03T15:26:11Z,2021-05-17T08:08:26Z,5.1,"{'id': 's21685698', 'polyline': 's_iuBbwi|QLnAJd@\\\\b@Rb@Ld@?vCa@b@OT_@Jc@Hk@EmAGi@Y]]Y_@Se@@g@FoARe@N_@XS`@Kb@Eh@', 'resource_state': 3}",959,165,4,"{'pr_elapsed_time': None, 'pr_date': None, 'pr_visibility': None, 'pr_activity_id': None, 'pr_activity_visibility': None, 'effort_count': 0}","{'kom': '2:02', 'qom': '3:03', 'overall': '2:02', 'destination': {'href': 'strava://segments/21685698/leaderboard', 'type': 'overall', 'name': 'All-Time'}}","{'athlete_id': 14525944, 'title': 'Sergio Sepulveda', 'profile': 'https://graph.facebook.com/10153594799052709/picture?height=256&width=256', 'effort_description': '17 efforts in the last 90 days', 'effort_count': '17', 'effort_counts': {'overall': '17 efforts', 'female': '2 efforts'}, 'destination': 'strava://segments/21685698/local_legend?categories%5B%5D=overall'}"
20472990,3,Plaza Naciones Unidas,Run,749.6,0.0,13.4,2245.6,2239.6,"[19.401198, -99.148082]","[19.401205, -99.148049]",https://d3o5xota0a1fcr.cloudfront.net/v6/charts/KJOZDBA2B3F363OPGX2EVU2RIIS5O3X63E2KH3QZS4P5SHIQ5GW4WMYHQ3IFN2ZGYXDDIBWQYJCJIYHTNFOZNGY=,"{'light_url': 'https://d3o5xota0a1fcr.cloudfront.net/v6/charts/KJOZDBA2B3F363OPGX2EVU2RIIS5O3X63E2KH3QZS4P5SHIQ5GW4WMYHQ3IFN2ZGYXDDIBWQYJCJIYHTNFOZNGY=', 'dark_url': 'https://d3o5xota0a1fcr.cloudfront.net/v6/charts/UWXOAPLQEYXON2LUTF433VDH2M2DWDCZ2BZ4XWXQAGMIWALUJV7BRU4EEV5ME7IHSBW6UQ6UZTCVPJDL44CNJSQ='}",0,Ciudad de México,Ciudad de México,Mexico,False,False,False,2019-05-01T18:24:01Z,2021-05-18T08:05:35Z,9.8,"{'id': 's20472990', 'polyline': 'mhluBpzc|QE~@Ff@Td@h@|@d@fAv@zBt@lALNZBfAB`@E@EIWcAmCaByCm@sAo@iAOQUEe@CQBAB', 'resource_state': 3}",61036,1270,19,"{'pr_elapsed_time': 195, 'pr_date': '2025-01-01', 'pr_visibility': 'everyone', 'pr_activity_id': 13243278240, 'pr_activity_visibility': 'everyone', 'effort_count': 20}","{'kom': '2:21', 'qom': '2:46', 'overall': '2:21', 'destination': {'href': 'strava://segments/20472990/leaderboard', 'type': 'overall', 'name': 'All-Time'}}","{'athlete_id': 168593275, 'title': 'Angélica Macías', 'profile': 'avatar/athlete/large.png', 'effort_description': '231 efforts in the last 90 days', 'effort_count': '231', 'effort_counts': {'overall': '231 efforts', 'female': '231 efforts'}, 'destination': 'strava://segments/20472990/local_legend?categories%5B%5D=overall'}"
2908909,3,Parque de las Arboledas,Run,799.435,0.2,6.9,2251.4,2246.4,"[19.37813, -99.161777]","[19.377823, -99.161649]",https://d3o5xota0a1fcr.cloudfront.net/v6/charts/M5NC4UW7Y4KX7GQVTBYKO5IR5GZXDZP4PH4VC5WXV6XKULTKRE65JGJLH4P2QYEHXY6TIPZL53FV2XUXLDIUSXI=,"{'light_url': 'https://d3o5xota0a1fcr.cloudfront.net/v6/charts/M5NC4UW7Y4KX7GQVTBYKO5IR5GZXDZP4PH4VC5WXV6XKULTKRE65JGJLH4P2QYEHXY6TIPZL53FV2XUXLDIUSXI=', 'dark_url': 'https://d3o5xota0a1fcr.cloudfront.net/v6/charts/GAHIMBT5MAYDUKV55X5SZVK3YVGKQO6PU5CFD2Y23EBYGAZIWV77GHLQIDEK6OYZSI5LPPL2KBKBJZUYZXQGE2A='}",0,Mexico City,Distrito Federal,Mexico,False,False,False,2012-12-05T16:59:00Z,2021-05-18T08:02:56Z,7.14885,"{'id': 's2908909', 'polyline': 'gxguBbpf|Qe@AV^yA_A_@F`@@w@FUYc@KHB@G@LUp@Ev@D[Y`AG`AHTFDJB|GdAxAQ`@cEQ_@YSMG_AS', 'resource_state': 3}",235198,3618,19,"{'pr_elapsed_time': None, 'pr_date': None, 'pr_visibility': None, 'pr_activity_id': None, 'pr_activity_visibility': None, 'effort_count': 0}","{'kom': '2:10', 'qom': '2:37', 'overall': '2:10', 'destination': {'href': 'strava://segments/2908909/leaderboard', 'type': 'overall', 'name': 'All-Time'}}","{'athlete_id': 119179543, 'title': 'Raphael Martinez', 'profile': 'https://dgalywyr863hv.cloudfront.net/pictures/athletes/119179543/27508676/1/large.jpg', 'effort_description': '437 efforts in the last 90 days', 'effort_count': '437', 'effort_counts': {'overall': '437 efforts', 'female': '395 efforts'}, 'destination': 'strava://segments/2908909/local_legend?categories%5B%5D=overall'}"
9839613,3,Vuelta Arboledas,Run,786.8,-0.1,5.2,2250.8,2246.1,"[19.379368, -99.16262]","[19.379469, -99.162695]",https://d3o5xota0a1fcr.cloudfront.net/v6/charts/PLTMGISAGU32JDFFYXJ26MLEJ4RPYLGA7OHMJCPF7OLQMYJMUPSNN7KLH6PWLTSFVEYTNKPDZ5MMUB4I3V2KGW2Y,"{'light_url': 'https://d3o5xota0a1fcr.cloudfront.net/v6/charts/PLTMGISAGU32JDFFYXJ26MLEJ4RPYLGA7OHMJCPF7OLQMYJMUPSNN7KLH6PWLTSFVEYTNKPDZ5MMUB4I3V2KGW2Y', 'dark_url': 'https://d3o5xota0a1fcr.cloudfront.net/v6/charts/EGZ2WRD3WHBTRUWZXKST7JFH52E5JEEM65V7P3QAQORRQ67H7OGG7VYMWM5HZSRDTYFI5TOQHOYV64WMC7F64MHN'}",0,Ciudad de México,Distrito Federal,Mexico,False,False,False,2015-06-29T14:57:57Z,2021-05-15T08:04:01Z,0.0,"{'id': 's9839613', 'polyline': '_`huBjuf|QKQG?ELn@ZZFRAt@Pd@NR?RFLLn@BRJ`BVPQTaBFeAFUHSDSOOo@IUGsAGg@KYKcAEm@Ma@Mc@IOLMVEz@W|BDV', 'resource_state': 3}",240397,3660,9,"{'pr_elapsed_time': None, 'pr_date': None, 'pr_visibility': None, 'pr_activity_id': None, 'pr_activity_visibility': None, 'effort_count': 0}","{'kom': '2:12', 'qom': '2:40', 'overall': '2:12', 'destination': {'href': 'strava://segments/9839613/leaderboard', 'type': 'overall', 'name': 'All-Time'}}","{'athlete_id': 119179543, 'title': 'Raphael Martinez', 'profile': 'https://dgalywyr863hv.cloudfront.net/pictures/athletes/119179543/27508676/1/large.jpg', 'effort_description': '434 efforts in the last 90 days', 'effort_count': '434', 'effort_counts': {'overall': '434 efforts', 'female': '409 efforts'}, 'destination': 'strava://segments/9839613/local_legend?categories%5B%5D=overall'}"
23046162,3,La Alamos,Run,586.1,-0.1,7.6,2240.2,2237.0,"[19.397692, -99.141135]","[19.397677, -99.141316]",https://d3o5xota0a1fcr.cloudfront.net/v6/charts/W6HUIZX2PEOFAL5YHWAJOFMBUF7NPFPZYFBEZJG6CYK7MZ4X72HFFARPQRYXT43IT6K644QNZS3XLEBTTHH5JOBR,"{'light_url': 'https://d3o5xota0a1fcr.cloudfront.net/v6/charts/W6HUIZX2PEOFAL5YHWAJOFMBUF7NPFPZYFBEZJG6CYK7MZ4X72HFFARPQRYXT43IT6K644QNZS3XLEBTTHH5JOBR', 'dark_url': 'https://d3o5xota0a1fcr.cloudfront.net/v6/charts/W4HNHDMCOX767BFKSXXO4AP4A6CGHWM4LJRLVMIW54GHHCTIKRQJM6ORZYBQNG6R3F7C7UEYRQYGYX6PLUAFARTD'}",0,Ciudad de México,Ciudad de México,Mexico,False,False,False,2020-03-11T00:51:14Z,2021-05-17T08:08:37Z,2.7,"{'id': 's23046162', 'polyline': 'qrkuBbob|QG?WGU?a@Ka@?UMQ?MKME[?YJIPBXKb@BfAEZKZDrAJJHBD?REr@JjAJXFRNLAFMHy@?_@Bq@AUFa@@a@F[', 'resource_state': 3}",50163,753,11,"{'pr_elapsed_time': None, 'pr_date': None, 'pr_visibility': None, 'pr_activity_id': None, 'pr_activity_visibility': None, 'effort_count': 0}","{'kom': '1:53', 'qom': '2:28', 'overall': '1:53', 'destination': {'href': 'strava://segments/23046162/leaderboard', 'type': 'overall', 'name': 'All-Time'}}","{'athlete_id': 168680775, 'title': 'Andrea Mata', 'profile': 'https://lh3.googleusercontent.com/a/ACg8ocLD2NKpZLI0EFloNAoYwu7ZjcAnhfS5arD6Z_an6xfjusk_lP7x=s96-c', 'effort_description': '211 efforts in the last 90 days', 'effort_count': '211', 'effort_counts': {'overall': '211 efforts', 'female': '211 efforts'}, 'destination': 'strava://segments/23046162/local_legend?categories%5B%5D=overall'}"
25225918,3,Fondo Arboledas,Run,18241.0,0.0,9.7,2254.1,2248.2,"[19.377252, -99.162713]","[19.378554, -99.161556]",https://d3o5xota0a1fcr.cloudfront.net/v6/charts/5K5BVBSKY7V2P4DEJDH3JE5YOTNNAIYFRVRZLT3LILMKCRWHEHNMKEB5IN7QTZGKERAXEBIN7HL7TUKFD2SXY6EP,"{'light_url': 'https://d3o5xota0a1fcr.cloudfront.net/v6/charts/5K5BVBSKY7V2P4DEJDH3JE5YOTNNAIYFRVRZLT3LILMKCRWHEHNMKEB5IN7QTZGKERAXEBIN7HL7TUKFD2SXY6EP', 'dark_url': 'https://d3o5xota0a1fcr.cloudfront.net/v6/charts/Y4ILAZCFDVDMFN44DSQCK64G3SLQQYQMX2AOHPTMAQL2R2PSZFQHC4PHTTWCPN325CQIU7UWTWCVNKMLAN37XKY7'}",0,Ciudad de México,Ciudad de México,Mexico,False,False,False,2020-08-08T05:26:47Z,2021-05-15T02:25:06Z,159.3,"{'id': 's25225918', 'polyline': 'yrguB~uf|Q@EFGHQ@q@Og@IIqAa@e@Gi@Ci@O]CYKgAUK@OP[p@a@vB?PBF`AP\\J^FFDr@Vh@FnAVXBHAFMNOXk@H[J}@?YGMoAo@wASc@Og@EsAWM@MH[j@KXC\\UbAAPBH~@TTJr@R^F\\LpARb@@j@HHCAC\\qAXyAAKEGm@SUO]MsAU[Oy@Su@IQDIJa@`AQ|@Ob@AXDFn@PX@ZFp@PZLz@PVBl@Ld@DJQDYNOTg@DUHq@FUCKKKw@Qc@SmAU]Mk@EqAUWNQt@MVK\\CVQn@@RFFh@Lp@TX@|A\\t@Jj@Lb@DDCJc@HCDIVqAD[C[IK]IMKQEEGWKmASi@Sw@Og@CQGM@IFSt@ATGPCTE@MXMf@CRFL`G~@bAJr@BBC?KXcALCJQDYBa@M_@GEa@Qc@Ka@O{@QgA[q@Ku@GG@MPUv@Iz@Q`A?PDFNBjAf@FAT@pCd@NAdARHIZi@Ho@HKJy@@UCGGGYMOA]OSMQGs@Ko@U]I{@Oe@EK?KFQh@K`@?LUv@Mh@@LHHfARZJF?l@V\\FfA\\b@F~@DJAn@{AHe@@u@U[qBo@k@Ic@Mo@KcAS[KE?OHSr@Iz@Qn@I`@BJFF|Aj@Z@pA^l@Fz@Nj@BB?DGNc@FELc@PYLu@@]GMSOkBm@[CSGgAQq@Qa@CWEKDKLQ\\Mf@E`@WfA@RLJf@LR@NFR?XFnA`@hBXZBPBBCFWXa@ZiAD_AEIYS}@Ka@SuAOEEqCk@KBGFSj@M`ASn@Cd@@HTDp@PhATRLZFNF`@Jn@LZ@d@HJAHW@QNYFWLQFSJc@Fi@?EEEa@QaAQo@QoEw@K@ED]v@G\\Gn@Sp@?RFFvAZLFX@x@\\\\Jf@HXLn@FVCN]R_ARSJ]PkACGgB[[Ow@QmAUiAOQEK?GDYx@Ip@UfACT?DFD^Lj@ZvBd@|ANp@JN?HEDIn@{BFYFk@?EEG[Kq@Kq@QYC[I]?[Ei@Iu@SSCOFS\\SfAYdAEL?HDD|Ab@VLz@N~@VrBRHALQFa@Ne@Ho@Pk@Fa@AIOCOG]Ay@Oa@EWGO?w@Q_@C]Ku@KOBEVYl@CZSr@EZ@FFDLFXDv@^LBb@Pr@PZDtBb@R@HC\\kALURcB@YCCc@MsAOu@SaAIWESA[Ki@IM@CBUp@Eb@c@jB?DJJvBn@ZBr@T|@Lb@@\\FVAJCFKn@eCJy@?ICCmB[mCo@e@EgAOE?GFc@nAQr@Sf@CPDPXJ|AXb@NRAVDh@VTB\\HtAJF?DGNk@RgBRq@?M?CIEsAWm@Cw@ScAKeAUm@IMJCVK`@ObAQ|@?N\\PH?fAPn@Ph@DhCh@^?PSHSFo@JSF]PsACIYG]Ee@M]E{@U{@EWE{@Wg@GQBCD]|AIt@Kh@ANBJTHnB^\\N`@BZHlALx@RJ?POLu@Ng@VqA@KCK[I}Bc@e@M_BUaA]UAOFOf@APITGd@[dA?DDHNFp@Hf@N\\FRL`@JlBn@r@?^DFEFKNaALi@VaBCMK?aBYa@Cg@My@E[Gs@Ww@IIFEVMPALITGd@Qp@AZHHh@PjAXJDr@Fd@NVNn@HZ?h@HJ?JIDITaAVsB?WGEeAQaAUcAMOEeAIiAYOB_@xAIx@Kn@BPh@NZDTJP@RFJHJ@`@B\\HNFv@HvA@HEN]TmAB_@Hi@?Oa@KwAS[KcAOc@KcAGu@OUBGP]|AKdABF\\L`@H`@PP@XPl@F~@\\Z@d@Lj@DJAJKJa@BYPk@TcBu@MYKaBUq@Qk@E{@UOIWGS@ILSdAIz@IXCPAFDJPJjAXTDRHh@HHAb@Db@R`ALd@DNAJGJ]Hs@Pi@LcA@ECIi@KoBQc@MaBWyA_@KFKPg@lDBHPD@DFBj@LbA\\l@FvBb@x@HJENa@LcA\\_B?QQG}@M_@Ck@KOE_BUSKOEi@Wc@?MH_@xBM\\EZDP^R\\Df@VTDvANj@N~@Lv@RH?FMJc@Jy@ZwABMAIICQ?e@GeAUkAKg@KaAMk@SYAMHKt@Ol@QjAANDHRFn@HRJnAN^@hBb@`AFJAFILa@@[Jc@T}AAKICqAOQEw@EyD}@a@CMLQvACf@Od@?J@HFFXDLHR@d@Z\\Jn@Bn@Hx@PZ@x@PF?JUH]Hq@Je@PiAcASg@Q_AMk@SQ?OEe@C', 'resource_state': 3}",46,18,1,"{'pr_elapsed_time': None, 'pr_date': None, 'pr_visibility': None, 'pr_activity_id': None, 'pr_activity_visibility': None, 'effort_count': 0}","{'kom': '1:22:58', 'qom': '1:40:03', 'overall': '1:22:58', 'destination': {'href': 'strava://segments/25225918/leaderboard', 'type': 'overall', 'name': 'All-Time'}}","{'athlete_id': 36986775, 'title': 'Daniel Maguirre', 'profile': 'https://graph.facebook.com/2045995968790358/picture?height=256&width=256', 'effort_description': '2 efforts in the last 90 days', 'effort_count': '2', 'effort_counts': {'overall': '2 efforts', 'female': None}, 'destination': 'strava://segments/25225918/local_legend?categories%5B%5D=overall'}"
25872459,3,Ecoducto Pt 3,Run,209.0,-1.4,1.0,2256.0,2253.0,"[19.402502, -99.162247]","[19.403105, -99.160378]",https://d3o5xota0a1fcr.cloudfront.net/v6/charts/UT2RW4PIZP6J3V7KDATBTVW3FCT5PIZB76EJJ4Q7NGE6NNDL6XTVPHRO7AZQBXI3562HSFTWFZI7OK4T7UKLU3A=,"{'light_url': 'https://d3o5xota0a1fcr.cloudfront.net/v6/charts/UT2RW4PIZP6J3V7KDATBTVW3FCT5PIZB76EJJ4Q7NGE6NNDL6XTVPHRO7AZQBXI3562HSFTWFZI7OK4T7UKLU3A=', 'dark_url': 'https://d3o5xota0a1fcr.cloudfront.net/v6/charts/CBLI43XWAQ6P6MWY37ADU4AQG2ZDHC654YIK43L2GI3LPFM5M4ASFDYL45C5PBOUNI7LBLQ67UBA5SZB2634EXI='}",0,Ciudad de México,Ciudad de México,Mexico,False,False,False,2020-09-27T16:41:29Z,2021-05-15T02:25:20Z,0.0,"{'id': 's25872459', 'polyline': 'spluB`sf|Q_@aAQs@Uo@W}AIs@GSEi@', 'resource_state': 3}",7044,1067,1,"{'pr_elapsed_time': None, 'pr_date': None, 'pr_visibility': None, 'pr_activity_id': None, 'pr_activity_visibility': None, 'effort_count': 0}","{'kom': '9s', 'qom': '11s', 'overall': '9s', 'destination': {'href': 'strava://segments/25872459/leaderboard', 'type': 'overall', 'name': 'All-Time'}}","{'athlete_id': 50639528, 'title': 'Liliana Torres', 'profile': 'avatar/athlete/large.png', 'effort_description': '37 efforts in the last 90 days', 'effort_count': '37', 'effort_counts': {'overall': '37 efforts', 'female': '13 efforts'}, 'destination': 'strava://segments/25872459/local_legend?categories%5B%5D=overall'}"
27663743,3,Tlalpan Eje 5 - Eje 4,Run,1263.1,-0.9,8.1,2245.4,2233.4,"[19.382762, -99.139529]","[19.39388, -99.137834]",https://d3o5xota0a1fcr.cloudfront.net/v6/charts/EIC533FSGS2K73Q2MDJWS4HLZRMQGZZJOUGQPJIE2PWAO4P4DUBCZAMQIM2ECGNJDUT52VTVSIUTVNLRYRHNFDPS,"{'light_url': 'https://d3o5xota0a1fcr.cloudfront.net/v6/charts/EIC533FSGS2K73Q2MDJWS4HLZRMQGZZJOUGQPJIE2PWAO4P4DUBCZAMQIM2ECGNJDUT52VTVSIUTVNLRYRHNFDPS', 'dark_url': 'https://d3o5xota0a1fcr.cloudfront.net/v6/charts/ZXGFKKXFPI5CRKI45LQODQE4W3IILOWDJB5ZWFPAQTGQ7YJDQAY3BVWNEI7YPRLSV2HSCEQ7XJRCT66WJID5EQT6'}",0,Ciudad de México,Ciudad de México,Mexico,False,False,False,2021-03-18T22:16:08Z,2021-05-15T02:25:56Z,0.0,"{'id': 's27663743', 'polyline': 'guhuB`eb|Q[CQDU@SKIAK?[KcBS]DQEO?i@Ga@AMDSEWQk@CWG]A_@GI?UJ[DQCUDu@Wu@[UBw@Ki@B[ES@[Cc@MSMKCa@?g@Ga@Im@E_@Po@DWQw@UUAKDUESDUAs@Eo@U[GaBB[KMAk@Fu@Ya@EUIS?w@U[EiAFYGiA@YEKIc@I', 'resource_state': 3}",1038,278,0,"{'pr_elapsed_time': None, 'pr_date': None, 'pr_visibility': None, 'pr_activity_id': None, 'pr_activity_visibility': None, 'effort_count': 0}","{'kom': '1:07', 'qom': '3:21', 'overall': '1:07', 'destination': {'href': 'strava://segments/27663743/leaderboard', 'type': 'overall', 'name': 'All-Time'}}","{'athlete_id': 92251676, 'title': 'Mario Ramón Ballesteros', 'profile': 'https://dgalywyr863hv.cloudfront.net/pictures/athletes/92251676/21986619/1/large.jpg', 'effort_description': '23 efforts in the last 90 days', 'effort_count': '23', 'effort_counts': {'overall': '23 efforts', 'female': '1 effort'}, 'destination': 'strava://segments/27663743/local_legend?categories%5B%5D=overall'}"
27663763,3,Tlapan Eje 4 - Viaducto,Run,1072.9,-0.1,9.1,2234.2,2229.8,"[19.393925, -99.137834]","[19.403427, -99.136318]",https://d3o5xota0a1fcr.cloudfront.net/v6/charts/CXDJLCD5ZNOSFO4RNG3PB653QSRO2ECGDKUMBN7UHHN6SWWFDE5YGS6QQRBB6KQBEKPQQTSNTEB5RNQZ3VKW6QA=,"{'light_url': 'https://d3o5xota0a1fcr.cloudfront.net/v6/charts/CXDJLCD5ZNOSFO4RNG3PB653QSRO2ECGDKUMBN7UHHN6SWWFDE5YGS6QQRBB6KQBEKPQQTSNTEB5RNQZ3VKW6QA=', 'dark_url': 'https://d3o5xota0a1fcr.cloudfront.net/v6/charts/HJKW4K2R3GT34QNCOSYSG2WRFNBVLLE6HDE7ZGGK2G7U45BW7DIY4RALXARPOTHFL47OCWN5NCRLTCB527ZAWSI='}",0,Ciudad de México,Ciudad de México,Mexico,False,False,False,2021-03-18T22:18:27Z,2021-05-15T02:25:56Z,3.4,"{'id': 's27663763', 'polyline': '_{juBnza|Qe@GS@UGa@?m@GMEk@AMGgAQy@Eg@Iy@II?a@F]AYBa@Oa@K]?[FQ?k@EOEM@w@?g@SUC_@KS@_@Lk@OUCOAc@HS?QFQ?g@M_@M]Sc@Om@CSGWEY?i@Me@Sa@E_@@c@Co@S{@A]?K@{@Ma@CaAO', 'resource_state': 3}",460,298,0,"{'pr_elapsed_time': None, 'pr_date': None, 'pr_visibility': None, 'pr_activity_id': None, 'pr_activity_visibility': None, 'effort_count': 0}","{'kom': '56s', 'qom': '3:14', 'overall': '56s', 'destination': {'href': 'strava://segments/27663763/leaderboard', 'type': 'overall', 'name': 'All-Time'}}","{'athlete_id': 95690721, 'title': 'Jose Ignacio Mendoza Colmenares', 'profile': 'https://graph.facebook.com/4166182960150148/picture?height=256&width=256', 'effort_description': '7 efforts in the last 90 days', 'effort_count': '7', 'effort_counts': {'overall': '7 efforts', 'female': '1 effort'}, 'destination': 'strava://segments/27663763/local_legend?categories%5B%5D=overall'}"
21558426,3,Eje5-Eje6 DivNorte,Run,515.9,2.5,47.8,2270.0,2236.4,"[19.385776, -99.161493]","[19.381327, -99.160246]",https://d3o5xota0a1fcr.cloudfront.net/v6/charts/JYGMMZVTAABL627V6RI3IQNUHMVWUTKKILXBE2Q3MHKKXVBWE3UO4UDAOQG3LNL5RX2LU6O7M2XISENZP4ETX2A=,"{'light_url': 'https://d3o5xota0a1fcr.cloudfront.net/v6/charts/JYGMMZVTAABL627V6RI3IQNUHMVWUTKKILXBE2Q3MHKKXVBWE3UO4UDAOQG3LNL5RX2LU6O7M2XISENZP4ETX2A=', 'dark_url': 'https://d3o5xota0a1fcr.cloudfront.net/v6/charts/ZPG2DDJTSVV74LD6J7UF27MQIW64AA7X6DGPXW6SB3HJYRC3Q5RRP2LPNK5PDWASFDFMD4KSI7Z7RDMEBBRSKNA='}",0,Ciudad de México,Ciudad de México,Mexico,False,False,False,2019-08-22T13:49:30Z,2021-05-15T02:23:47Z,60.6,"{'id': 's21558426', 'polyline': 'ahiuBjnf|Qp@ITKf@Ez@CZBFCXBb@AHGt@Ep@O^MDEHUX?`@OPAXUHCvAKx@S^AJEBIHEN?TGh@Az@e@', 'resource_state': 3}",528,337,1,"{'pr_elapsed_time': None, 'pr_date': None, 'pr_visibility': None, 'pr_activity_id': None, 'pr_activity_visibility': None, 'effort_count': 0}","{'kom': '40s', 'qom': '2:41', 'overall': '40s', 'destination': {'href': 'strava://segments/21558426/leaderboard', 'type': 'overall', 'name': 'All-Time'}}","{'athlete_id': 16007974, 'title': 'Jonás  Vera', 'profile': 'https://dgalywyr863hv.cloudfront.net/pictures/athletes/16007974/26367398/1/large.jpg', 'effort_description': '7 efforts in the last 90 days', 'effort_count': '7', 'effort_counts': {'overall': '7 efforts', 'female': '1 effort'}, 'destination': 'strava://segments/21558426/local_legend?categories%5B%5D=overall'}"
27663717,3,Tlalpan Eje 6- Eje 5,Run,625.7,0.1,6.5,2245.6,2243.2,"[19.377191, -99.140284]","[19.382762, -99.139529]",https://d3o5xota0a1fcr.cloudfront.net/v6/charts/GDKXVGVOT5S7L5PJ2HM5IRRLQHBNES5JQS57HP2EZFNTY2UV2DWHHIM2ZI6BGPASHG7MTK5XJNH2E3MNHXTXB7Y=,"{'light_url': 'https://d3o5xota0a1fcr.cloudfront.net/v6/charts/GDKXVGVOT5S7L5PJ2HM5IRRLQHBNES5JQS57HP2EZFNTY2UV2DWHHIM2ZI6BGPASHG7MTK5XJNH2E3MNHXTXB7Y=', 'dark_url': 'https://d3o5xota0a1fcr.cloudfront.net/v6/charts/F5OPELYZZA6T7MPWIFV7BHWAFIG5N6T5BYECAW6DDPQRBDO4L5TZLXUR2CGHQGJLRWF3GZ3HV2BGLHHS4RJX5ZY='}",0,Ciudad de México,Ciudad de México,Mexico,False,False,False,2021-03-18T22:13:10Z,2021-05-15T02:25:56Z,2.4,"{'id': 's27663717', 'polyline': 'mrguBxib|Q]?YFw@AMEa@?aAWk@?a@KSBe@AcA@WGs@Gc@QWA{@OU?u@Ou@@YM[G_@Cg@NUCKGYA_AUUDU@_AO', 'resource_state': 3}",394,304,0,"{'pr_elapsed_time': None, 'pr_date': None, 'pr_visibility': None, 'pr_activity_id': None, 'pr_activity_visibility': None, 'effort_count': 0}","{'kom': '34s', 'qom': '1:12', 'overall': '34s', 'destination': {'href': 'strava://segments/27663717/leaderboard', 'type': 'overall', 'name': 'All-Time'}}","{'athlete_id': 95690721, 'title': 'Jose Ignacio Mendoza Colmenares', 'profile': 'https://graph.facebook.com/4166182960150148/picture?height=256&width=256', 'effort_description': '7 efforts in the last 90 days', 'effort_count': '7', 'effort_counts': {'overall': '7 efforts', 'female': '1 effort'}, 'destination': 'strava://segments/27663717/local_legend?categories%5B%5D=overall'}"
19687705,3,Mini pista Patos,Run,302.0,0.1,3.1,2243.4,2241.6,"[19.386059, -99.129997]","[19.386072, -99.129971]",https://d3o5xota0a1fcr.cloudfront.net/v6/charts/LPD76KQ2PBFF5AZS2GIF75S4T4PP5ELYARIOCZT3YKIJLUSAPQNH2VC5ZFAOFLD4LJSGI4ISHZB6DIX4GTTKYLZU,"{'light_url': 'https://d3o5xota0a1fcr.cloudfront.net/v6/charts/LPD76KQ2PBFF5AZS2GIF75S4T4PP5ELYARIOCZT3YKIJLUSAPQNH2VC5ZFAOFLD4LJSGI4ISHZB6DIX4GTTKYLZU', 'dark_url': 'https://d3o5xota0a1fcr.cloudfront.net/v6/charts/ZBAPNMEYHJNOKV7YVFIJJQYQBC4TQZYM6WIDKSWZOJVKR3M532XMGJ636PKFYNOUWPMOPW2GL3SPNK5C7FYOC2WT'}",0,Ciudad de México,Ciudad de México,Mexico,False,False,False,2019-01-15T17:57:39Z,2021-05-15T02:22:31Z,0.0,"{'id': 's19687705', 'polyline': 'yiiuBni`|QQ@EJKhAOpAFDVFR?RBZ?DKAKFo@HqBGEU?E@e@A', 'resource_state': 3}",32457,272,3,"{'pr_elapsed_time': None, 'pr_date': None, 'pr_visibility': None, 'pr_activity_id': None, 'pr_activity_visibility': None, 'effort_count': 0}","{'kom': '57s', 'qom': '1:07', 'overall': '57s', 'destination': {'href': 'strava://segments/19687705/leaderboard', 'type': 'overall', 'name': 'All-Time'}}","{'athlete_id': 153272242, 'title': 'Edson Real', 'profile': 'https://graph.facebook.com/3783568055215588/picture?height=256&width=256', 'effort_description': '203 efforts in the last 90 days', 'effort_count': '203', 'effort_counts': {'overall': '203 efforts', 'female': '160 efforts'}, 'destination': 'strava://segments/19687705/local_legend?categories%5B%5D=overall'}"
8643743,3,Segmento Parque Eje 4 Sur,Run,1170.8,-0.2,0.7,2242.0,2240.0,"[19.398073, -99.110365]","[19.396915, -99.099505]",https://d3o5xota0a1fcr.cloudfront.net/v6/charts/7G5U5QQCJFP4ZDPQOZOTVSG2VLKIGM76JAPCVJ6KEZ2XZMCNYPZ2OYNQBW2736VHADLXN3AEW2Y6K4Q7W744IBQ=,"{'light_url': 'https://d3o5xota0a1fcr.cloudfront.net/v6/charts/7G5U5QQCJFP4ZDPQOZOTVSG2VLKIGM76JAPCVJ6KEZ2XZMCNYPZ2OYNQBW2736VHADLXN3AEW2Y6K4Q7W744IBQ=', 'dark_url': 'https://d3o5xota0a1fcr.cloudfront.net/v6/charts/D4ONSEQGHI5TQ6YVXJNFZ5D3TQOYHW24ROUNMYZQ4XRRAOIJVQHBVMB35SMLED7NEDBHEPARZQZ7MO5TDXK6PXA='}",0,Ciudad de México,Distrito Federal,Mexico,False,False,False,2014-12-17T01:03:35Z,2021-05-15T02:15:55Z,0.0,"{'id': 's8643743', 'polyline': '}tkuBxn|{QLg@Be@Va@AC@sADe@Hi@Di@@k@Hc@FqAAm@LoA@i@Ei@RkA@g@C[T}ABg@RwBJ[Di@Rc@X]VcAOq@[eCCe@@i@JqA@g@CKFuBC_@Fe@DuA@oACg@BqABA', 'resource_state': 3}",6464,327,8,"{'pr_elapsed_time': None, 'pr_date': None, 'pr_visibility': None, 'pr_activity_id': None, 'pr_activity_visibility': None, 'effort_count': 0}","{'kom': '2:56', 'qom': '4:49', 'overall': '2:56', 'destination': {'href': 'strava://segments/8643743/leaderboard', 'type': 'overall', 'name': 'All-Time'}}","{'athlete_id': 9925883, 'title': 'andrea mendoza', 'profile': 'https://dgalywyr863hv.cloudfront.net/pictures/athletes/9925883/3887919/7/large.jpg', 'effort_description': '183 efforts in the last 90 days', 'effort_count': '183', 'effort_counts': {'overall': '183 efforts', 'female': '183 efforts'}, 'destination': 'strava://segments/8643743/local_legend?categories%5B%5D=overall'}"
30751526,3,Vuelta al lago Infona,Run,685.2,0.3,6.4,2246.8,2244.6,"[19.382206, -99.102683]","[19.382189, -99.102687]",https://d3o5xota0a1fcr.cloudfront.net/v6/charts/G7IW6ECFUXOPLDE4TAO2ZUJN6UGZUV32ONWPJ2AEUMB4H6IM7WS3HSO222ZLUJVFC4KAJV4YCLC2LE6FWRCGDRH7,"{'light_url': 'https://d3o5xota0a1fcr.cloudfront.net/v6/charts/G7IW6ECFUXOPLDE4TAO2ZUJN6UGZUV32ONWPJ2AEUMB4H6IM7WS3HSO222ZLUJVFC4KAJV4YCLC2LE6FWRCGDRH7', 'dark_url': 'https://d3o5xota0a1fcr.cloudfront.net/v6/charts/KFNT7UNXIGD4CPSX7JTKUFELM6BOZP2UI4B7PPVEGBWSWEFPLMYG2AHSEMEHMDZTSVP3CKXJ7KJRKXOCP22AOHQQ'}",0,Ciudad de México,Ciudad de México,Mexico,False,False,False,2022-01-09T04:04:17Z,2022-01-09T04:04:17Z,2.2,"{'id': 's30751526', 'polyline': 'wqhuBx~z{QAJKVs@N[XEt@GTSVi@TETBHHB^?n@M^PVBXEFGDMJuAJu@FkAFG\\MZSRQBMFk@AMCGMAOFK?g@Ge@MKAK@KDIN@b@Kj@FHZPDL?J', 'resource_state': 3}",12153,155,0,"{'pr_elapsed_time': None, 'pr_date': None, 'pr_visibility': None, 'pr_activity_id': None, 'pr_activity_visibility': None, 'effort_count': 0}","{'kom': '2:12', 'qom': '2:54', 'overall': '2:12', 'destination': {'href': 'strava://segments/30751526/leaderboard', 'type': 'overall', 'name': 'All-Time'}}","{'athlete_id': 171199572, 'title': 'Luis Axel Garcia Partida', 'profile': 'https://lh3.googleusercontent.com/a/ACg8ocKDlT_M3pAt1JLm07l3YRztFbiyfW6nMfu6DK3FDcCPDsgAk0BFAA=s96-c', 'effort_description': '81 efforts in the last 90 days', 'effort_count': '81', 'effort_counts': {'overall': '81 efforts', 'female': '56 efforts'}, 'destination': 'strava://segments/30751526/local_legend?categories%5B%5D=overall'}"
28988114,3,Pista Coyuya-Delegacion Iztacalco,Run,1919.2,-0.0,24.3,2233.4,2226.2,"[19.397278, -99.103438]","[19.397273, -99.103417]",https://d3o5xota0a1fcr.cloudfront.net/v6/charts/ICX7THHB453CWF4AZ5M4JTL74PBJIDKKVZOJS4IRNKNXUCQO4UEP7ARF6A7L2EKE3D72Z4IJM3JRMLHHTVHJNDQ=,"{'light_url': 'https://d3o5xota0a1fcr.cloudfront.net/v6/charts/ICX7THHB453CWF4AZ5M4JTL74PBJIDKKVZOJS4IRNKNXUCQO4UEP7ARF6A7L2EKE3D72Z4IJM3JRMLHHTVHJNDQ=', 'dark_url': 'https://d3o5xota0a1fcr.cloudfront.net/v6/charts/QXBBVVQCKKHTTC35XX7E24ZMGWILEQTMBSEY3RBACD4VOWEUVSX5TI2GGRXYAWSULGS3VAIZ7H6XQYWTQYWWNHQ='}",0,Ciudad de México,Ciudad de México,Mexico,False,False,False,2021-06-30T17:56:40Z,2021-06-30T17:56:41Z,32.0,"{'id': 's28988114', 'polyline': '}okuBnc{{QEHE\\M`CCf@@\\MpCAFS`@EX@TFh@Ev@KlA?h@Kl@Cz@?t@Cf@ETBF@FKXBTB\\Iz@GR?XWr@Ep@BRNoA@q@He@?c@BQ?OFg@?aAFk@Ag@Jo@?YNqADiAFc@?WHc@BQ?OIWF[C[F{@AOLi@AY@e@Ic@@ILq@LwACm@BYDs@FWNgB?UEgAZ_DBs@AQFPENDZCJ@ZET@VCv@@h@KRAx@K\\QtE', 'resource_state': 3}",18979,535,6,"{'pr_elapsed_time': None, 'pr_date': None, 'pr_visibility': None, 'pr_activity_id': None, 'pr_activity_visibility': None, 'effort_count': 0}","{'kom': '6:55', 'qom': '8:34', 'overall': '6:55', 'destination': {'href': 'strava://segments/28988114/leaderboard', 'type': 'overall', 'name': 'All-Time'}}","{'athlete_id': 9925883, 'title': 'andrea mendoza', 'profile': 'https://dgalywyr863hv.cloudfront.net/pictures/athletes/9925883/3887919/7/large.jpg', 'effort_description': '97 efforts in the last 90 days', 'effort_count': '97', 'effort_counts': {'overall': '97 efforts', 'female': '97 efforts'}, 'destination': 'strava://segments/28988114/local_legend?categories%5B%5D=overall'}"
19687703,3,Mini pista Patos,Run,302.0,0.1,3.1,2243.4,2241.6,"[19.386059, -99.129997]","[19.386072, -99.129971]",https://d3o5xota0a1fcr.cloudfront.net/v6/charts/LPD76KQ2PBFF5AZS2GIF75S4T4PP5ELYARIOCZT3YKIJLUSAPQNH2VC5ZFAOFLD4LJSGI4ISHZB6DIX4GTTKYLZU,"{'light_url': 'https://d3o5xota0a1fcr.cloudfront.net/v6/charts/LPD76KQ2PBFF5AZS2GIF75S4T4PP5ELYARIOCZT3YKIJLUSAPQNH2VC5ZFAOFLD4LJSGI4ISHZB6DIX4GTTKYLZU', 'dark_url': 'https://d3o5xota0a1fcr.cloudfront.net/v6/charts/ZBAPNMEYHJNOKV7YVFIJJQYQBC4TQZYM6WIDKSWZOJVKR3M532XMGJ636PKFYNOUWPMOPW2GL3SPNK5C7FYOC2WT'}",0,Ciudad de México,Ciudad de México,Mexico,False,False,False,2019-01-15T17:57:33Z,2024-11-29T20:51:39Z,0.0,"{'id': 's19687703', 'polyline': 'yiiuBni`|QQ@EJKhAOpAFDVFR?RBZ?DKAKFo@HqBGEU?E@e@A', 'resource_state': 3}",31907,269,0,"{'pr_elapsed_time': None, 'pr_date': None, 'pr_visibility': None, 'pr_activity_id': None, 'pr_activity_visibility': None, 'effort_count': 0}","{'kom': '57s', 'qom': '1:07', 'overall': '57s', 'destination': {'href': 'strava://segments/19687703/leaderboard', 'type': 'overall', 'name': 'All-Time'}}","{'athlete_id': 153272242, 'title': 'Edson Real', 'profile': 'https://graph.facebook.com/3783568055215588/picture?height=256&width=256', 'effort_description': '203 efforts in the last 90 days', 'effort_count': '203', 'effort_counts': {'overall': '203 efforts', 'female': '160 efforts'}, 'destination': 'strava://segments/19687703/local_legend?categories%5B%5D=overall'}"
28089236,3,Iron Autódromo Vuelta Corta,Run,3388.6,0.2,48.3,2245.4,2237.8,"[19.401069, -99.084311]","[19.401093, -99.084254]",https://d3o5xota0a1fcr.cloudfront.net/v6/charts/SOLB7C266YRDBFPBNA2Q3PZU4KPI6AYMBP43DFVIVSPI4NVPSQKV6JAKNO35CET25SF5QELSPBUI23BFZ54XY5Q=,"{'light_url': 'https://d3o5xota0a1fcr.cloudfront.net/v6/charts/SOLB7C266YRDBFPBNA2Q3PZU4KPI6AYMBP43DFVIVSPI4NVPSQKV6JAKNO35CET25SF5QELSPBUI23BFZ54XY5Q=', 'dark_url': 'https://d3o5xota0a1fcr.cloudfront.net/v6/charts/HLK6HIQUDXS7QDZ77NZILKCFM3UIME7JUSYXTFJIZEWM4M6LCNP5H3IDK5F4J736K5J4VPFSSHBQ2EQJXKNOGIA='}",0,Ciudad de México,Ciudad de México,Mexico,False,False,False,2021-04-19T18:17:37Z,2021-05-19T08:05:47Z,12.4,"{'id': 's28089236', 'polyline': 'sgluB~kw{Qg@QWUsAu@uA_AaBo@cAUqBUW?SFINSn@IJI?m@KiAOS?ONGVGh@EjBInACfAIl@ArAEt@OnBQrAe@jG]fHEbA?p@ObCGf@@TPBRAt@U\\Sv@K`@K|@?x@NVJb@f@^h@Zx@FV@VJTFJR?Be@Eu@?YNaAPo@d@_ApA_DNYVQXKhASRGNMFMDQDkBFo@FaANs@Vk@X[ZMl@ORIt@o@f@qANYNOTEbBP|CNXFvAJv@BrBNP?LMLc@GSm@y@yAwBMIOBMPWn@MTURyCmBaB}@kAu@cEwBq@a@', 'resource_state': 3}",4980,1408,5,"{'pr_elapsed_time': None, 'pr_date': None, 'pr_visibility': None, 'pr_activity_id': None, 'pr_activity_visibility': None, 'effort_count': 0}","{'kom': '9:44', 'qom': '11:52', 'overall': '9:44', 'destination': {'href': 'strava://segments/28089236/leaderboard', 'type': 'overall', 'name': 'All-Time'}}","{'athlete_id': 35244812, 'title': 'Pepe Castillo', 'profile': 'https://dgalywyr863hv.cloudfront.net/pictures/athletes/35244812/10412157/2/large.jpg', 'effort_description': '21 efforts in the last 90 days', 'effort_count': '21', 'effort_counts': {'overall': '21 efforts', 'female': '14 efforts'}, 'destination': 'strava://segments/28089236/local_legend?categories%5B%5D=overall'}"
13900295,3,Autódromo arcilla 3km,Run,2586.5,-0.0,8.2,2251.0,2241.0,"[19.401978, -99.088638]","[19.40201, -99.088779]",https://d3o5xota0a1fcr.cloudfront.net/v6/charts/HCKZ37PM6PLXFSHH6ODMX5HAMPSPM2X2BHKMDYK6CNYY4CPSZPQFAJ2L7AP67SSDHEQ5ZM2Y7FLUT4GSW6FBFJY=,"{'light_url': 'https://d3o5xota0a1fcr.cloudfront.net/v6/charts/HCKZ37PM6PLXFSHH6ODMX5HAMPSPM2X2BHKMDYK6CNYY4CPSZPQFAJ2L7AP67SSDHEQ5ZM2Y7FLUT4GSW6FBFJY=', 'dark_url': 'https://d3o5xota0a1fcr.cloudfront.net/v6/charts/DOPWAV43TRKR32WSTGRCXHD7FA7FQJFW3D4S7IJGFTUDMIVADGEBNQDD5GQNCB64OZZAM47MKZKCNX2F5JVK7BA='}",0,Ciudad de México,Ciudad de México,Mexico,False,False,False,2017-01-01T00:27:10Z,2021-05-20T08:04:05Z,0.0,"{'id': 's13900295', 'polyline': 'imluB~fx{QF?Bu@PoAR_@Z]\\[fB}@Ra@TmAXc@\\[b@Oh@CjADd@JfA^H@`@WHc@Ke@]]]SoEcCkB{@_B}@aAq@iBy@oA{@aAF}Cd@mADmAA[B]\\ADMfASbDQnACh@Ff@Nd@AD[ZKBEd@AZSlAMpACh@?d@Eh@GpAMjAQxBKh@Af@Hb@Mh@EpAD\\b@In@Ud@OnAGb@@dBr@\\Xb@BZULe@N_@z@y@ZUhBw@^UPc@He@Di@?aB', 'resource_state': 3}",13165,2497,7,"{'pr_elapsed_time': None, 'pr_date': None, 'pr_visibility': None, 'pr_activity_id': None, 'pr_activity_visibility': None, 'effort_count': 0}","{'kom': '7:11', 'qom': '8:27', 'overall': '7:11', 'destination': {'href': 'strava://segments/13900295/leaderboard', 'type': 'overall', 'name': 'All-Time'}}","{'athlete_id': 48940945, 'title': 'Alexis Trujillo', 'profile': 'https://dgalywyr863hv.cloudfront.net/pictures/athletes/48940945/13459167/1/large.jpg', 'effort_description': '16 efforts in the last 90 days', 'effort_count': '16', 'effort_counts': {'overall': '16 efforts', 'female': '9 efforts'}, 'destination': 'strava://segments/13900295/local_legend?categories%5B%5D=overall'}"
18869375,3,regreso canal de churubusco,Run,1546.2,0.4,4.2,2227.0,2220.2,"[19.406022, -99.078726]","[19.394197, -99.086401]",https://d3o5xota0a1fcr.cloudfront.net/v6/charts/YZXYJALW2U622FP7KUJZWQIFWJI3JXOA5NHLX4UE7Z7CNE5JAJJHTIKPU22BDX7TI6OOCLGA3LYBR3SULU2INSI=,"{'light_url': 'https://d3o5xota0a1fcr.cloudfront.net/v6/charts/YZXYJALW2U622FP7KUJZWQIFWJI3JXOA5NHLX4UE7Z7CNE5JAJJHTIKPU22BDX7TI6OOCLGA3LYBR3SULU2INSI=', 'dark_url': 'https://d3o5xota0a1fcr.cloudfront.net/v6/charts/DFBUYUUS2RNHQTIJKPWEIVNCGYOTRT2V3IC2O5QSBCXF4CUWHPFTOO3GAL6S4MBYOIVPMJUMFHEPQCJC3PAV5VA='}",0,Ciudad de México,Ciudad de México,Mexico,False,False,False,2018-09-17T01:48:40Z,2021-05-15T02:21:57Z,6.8,"{'id': 's18869375', 'polyline': 'sfmuB`iv{QCB^^jCxAlBlAnBbA~@l@z@`@nBhA^Nn@d@t@b@~@`@^VdCtAp@V^R`Al@XL~CnBh@TvClBbAd@`@LbBbAtAj@vAt@nHlE~CdBF@', 'resource_state': 3}",30334,1068,12,"{'pr_elapsed_time': None, 'pr_date': None, 'pr_visibility': None, 'pr_activity_id': None, 'pr_activity_visibility': None, 'effort_count': 0}","{'kom': '3:41', 'qom': '2:29', 'overall': '2:29', 'destination': {'href': 'strava://segments/18869375/leaderboard', 'type': 'overall', 'name': 'All-Time'}}","{'athlete_id': 142422342, 'title': 'Felipe Castillo', 'profile': 'https://lh3.googleusercontent.com/a/ACg8ocJ9iOuilR_CZ0gyRTJdlOErNgUs1tveniiCwtakkzREPDrBiCI=s96-c', 'effort_description': '76 efforts in the last 90 days', 'effort_count': '76', 'effort_counts': {'overall': '76 efforts', 'female': '45 efforts'}, 'destination': 'strava://segments/18869375/local_legend?categories%5B%5D=overall'}"
18869553,3,ida y vuelta canal de churubusco,Run,3093.7,-0.1,14.1,2243.8,2235.0,"[19.39412, -99.086379]","[19.394137, -99.086387]",https://d3o5xota0a1fcr.cloudfront.net/v6/charts/6SQOWWW6BHFWGF27KTSLQWRVOY5VXK3YHNVEBAM44SSPEJB6CTGLDT3ISDKSXRT4QTGJEVLK37WYMSJCVQVR3QQ=,"{'light_url': 'https://d3o5xota0a1fcr.cloudfront.net/v6/charts/6SQOWWW6BHFWGF27KTSLQWRVOY5VXK3YHNVEBAM44SSPEJB6CTGLDT3ISDKSXRT4QTGJEVLK37WYMSJCVQVR3QQ=', 'dark_url': 'https://d3o5xota0a1fcr.cloudfront.net/v6/charts/5237IKL4ZNQ5NDO4NZX6VG672RK3MKHPH3Q3OURBOA2U3WY5C4OPET4Y5AMQQ3L6LIPABPMZLMT4SRGPV4VW3RA='}",0,Ciudad de México,Ciudad de México,Mexico,False,False,False,2018-09-17T02:36:07Z,2021-05-15T02:21:57Z,11.0,"{'id': 's18869553', 'polyline': 'g|juBzxw{Q[Um@[yBqAgEwBqA{@iDeBoDwBaCgA{DaCoBcAkC}AsBaAmDwBw@]e@[]Oe@[eAi@u@i@wBeAuEgCqAk@@DXTbEnBn@^n@Zl@`@pB~@dAr@~Az@XRd@Vh@\\rBbA`DnBrB~@f@ZVR|At@bBdAxBjA`@Jp@d@fCnAt@d@|@^lDvBz@b@hBhAx@^r@d@fAl@', 'resource_state': 3}",20973,888,5,"{'pr_elapsed_time': None, 'pr_date': None, 'pr_visibility': None, 'pr_activity_id': None, 'pr_activity_visibility': None, 'effort_count': 0}","{'kom': '8:18', 'qom': '11:13', 'overall': '8:18', 'destination': {'href': 'strava://segments/18869553/leaderboard', 'type': 'overall', 'name': 'All-Time'}}","{'athlete_id': 48580920, 'title': 'Antonio Zarco', 'profile': 'https://dgalywyr863hv.cloudfront.net/pictures/athletes/48580920/14132545/1/large.jpg', 'effort_description': '61 efforts in the last 90 days', 'effort_count': '61', 'effort_counts': {'overall': '61 efforts', 'female': '42 efforts'}, 'destination': 'strava://segments/18869553/local_legend?categories%5B%5D=overall'}"
16303302,3,vuelta al autodromo por fuera,Run,5584.0,0.0,2.0,2235.8,2231.2,"[19.401794, -99.091312]","[19.401381, -99.09119]",https://d3o5xota0a1fcr.cloudfront.net/v6/charts/NWGDYOYPYGZYSU6GYJ6X3FIEYLFWHTORIESHRBMCMZALZNSTN4V3T2OK3XH7UFC47HQZS52C4LUCQFREV6TWXSA=,"{'light_url': 'https://d3o5xota0a1fcr.cloudfront.net/v6/charts/NWGDYOYPYGZYSU6GYJ6X3FIEYLFWHTORIESHRBMCMZALZNSTN4V3T2OK3XH7UFC47HQZS52C4LUCQFREV6TWXSA=', 'dark_url': 'https://d3o5xota0a1fcr.cloudfront.net/v6/charts/6RZ7R73LCUZJI3VEC7FTQALMX3JGE4JD2IDIJO42F5PZXQSFQ3PK6VCXEGOB5DS4ENVW7AMOOMRGQV2UHVDI3VA='}",0,,,,False,False,False,2017-10-18T23:51:29Z,2021-05-15T02:20:15Z,4.6,"{'id': 's16303302', 'polyline': 'elluBvwx{Qi@dCWvDKbCQtAIjAQrAQ~BGtA@pAGRItAWtBSVk@@qAEwHg@y@@]AqCWqAGgD]mEKg@IOe@SoAD_CHmARwA~@mJFcDHgAD}CXkDf@iDTqBVmDDwALqARqA@u@LyBNeAFsAl@aGJoBA_ABcAAQHiAPgBBMFErE\\`ANh@DzA\\zCRbBXvEb@xC^dAHlANb@HxAh@lD~A|A|@^^\\Tb@PxA|@dBt@|Az@fAd@`Al@jAh@\\VzAv@`EnBXPVb@FREPsArCs@tAcAbCi@dA[^_@Zc@Hc@EgC_AuCqAe@Ig@Co@B[Fa@Pe@\\e@p@{BzCu@t@w@dA[Zy@\\oA\\kAb@{@R', 'resource_state': 3}",288,84,2,"{'pr_elapsed_time': None, 'pr_date': None, 'pr_visibility': None, 'pr_activity_id': None, 'pr_activity_visibility': None, 'effort_count': 0}","{'kom': '19:46', 'qom': '25:26', 'overall': '19:46', 'destination': {'href': 'strava://segments/16303302/leaderboard', 'type': 'overall', 'name': 'All-Time'}}","{'athlete_id': 79605480, 'title': 'Bea  Runner🏃🏻\u200d♀️❤️\u200d🔥🔥✨', 'profile': 'https://dgalywyr863hv.cloudfront.net/pictures/athletes/79605480/19174533/15/large.jpg', 'effort_description': '5 efforts in the last 90 days', 'effort_count': '5', 'effort_counts': {'overall': '5 efforts', 'female': '5 efforts'}, 'destination': 'strava://segments/16303302/local_legend?categories%5B%5D=overall'}"
10788315,3,Runthattrack Mexico other Start,Run,4284.4,0.0,11.1,2251.0,2240.0,"[19.406285, -99.095243]","[19.406308, -99.09526]",https://d3o5xota0a1fcr.cloudfront.net/v6/charts/T45QWJFAS7EH3AJDZ3I3IQPELGK3TGGKVSVE2UCPOPMKJVQPCATZUTJJTWB6RROQOL3A7GHG3NVLLECEH33KZTBU,"{'light_url': 'https://d3o5xota0a1fcr.cloudfront.net/v6/charts/T45QWJFAS7EH3AJDZ3I3IQPELGK3TGGKVSVE2UCPOPMKJVQPCATZUTJJTWB6RROQOL3A7GHG3NVLLECEH33KZTBU', 'dark_url': 'https://d3o5xota0a1fcr.cloudfront.net/v6/charts/2QPYXSY73YTKACNF55G2M3RG3FZ2X4QG23DIUUDWMXYCI3PAANNQ4TEI6XBQAA73UL4O6DPXDQCEMZYJMU6MNEER'}",0,Ciudad de México,Distrito Federal,Mexico,False,False,False,2015-10-31T00:23:19Z,2021-05-15T02:17:11Z,15.8,"{'id': 's10788315', 'polyline': 'ghmuBhpy{QD}AFa@@c@Fi@@UAc@Fm@AiBF_@HkAF[D}@ZwBNsB?_@VaC?OEe@@{@Dw@L{@FcBVmC@e@LeAPuEJk@Ng@Dk@?e@HkAFoAJy@N_CLe@DCPEp@FfACTOZo@VMP@bA^xAVfAb@dAl@VLrA`AhCtA^\\RD|@d@p@f@h@VvBx@bBt@t@h@XLJBLCPQj@w@ZUFAJDd@pA`@v@d@v@DRAHCHKL]DyACqCYiBK_BQeBGO?MFIJcAjBYZeAr@[N[ZKRMd@S|AInAMhACNMPSL]Nw@Ra@PKFKRo@pBi@hAYx@SnAIbAIp@KfBSzAAh@G\\SjCKl@KdAETONc@Lk@D_@?qAFmAJODKFCFBRJNZ^DXIvB@v@EVILOBSCw@]]WaAcAMe@M_AA_@FkA', 'resource_state': 3}",982,715,10,"{'pr_elapsed_time': None, 'pr_date': None, 'pr_visibility': None, 'pr_activity_id': None, 'pr_activity_visibility': None, 'effort_count': 0}","{'kom': '7:26', 'qom': '17:11', 'overall': '7:26', 'destination': {'href': 'strava://segments/10788315/leaderboard', 'type': 'overall', 'name': 'All-Time'}}",
20720763,3,Gallinero Autodromo,Run,2403.1,-0.0,15.1,2225.2,2221.2,"[19.405424, -99.089601]","[19.405465, -99.089649]",https://d3o5xota0a1fcr.cloudfront.net/v6/charts/XWF4QHZEWZCS6OG2LIQVOKYVJXSNG663HYNV66LWKNHZLBRTOPUGE77RPAQYWUQP5XK64S6VDYDKMKTE3KVWUFA=,"{'light_url': 'https://d3o5xota0a1fcr.cloudfront.net/v6/charts/XWF4QHZEWZCS6OG2LIQVOKYVJXSNG663HYNV66LWKNHZLBRTOPUGE77RPAQYWUQP5XK64S6VDYDKMKTE3KVWUFA=', 'dark_url': 'https://d3o5xota0a1fcr.cloudfront.net/v6/charts/MK52HNUVXKMBYLCGNTE3YZ3VZRIP7SEY4EH4PSWA4LLIQNXTWET5DGW3ARXNEZLKUWT4BUUWX2WFNP6NIWHE6RA='}",0,Ciudad de México,Ciudad de México,Mexico,False,False,False,2019-05-28T21:08:08Z,2021-05-15T02:23:14Z,6.2,"{'id': 's20720763', 'polyline': '{bmuB`mx{QEjA@NJR?FCJSmBATBrAKzA?ZFBbB[nAIP@NBv@Vn@\\b@ZR@VGJODo@@y@Py@JeALI~@KbAOdA_@ROFg@FaBTmCRWp@e@f@YzA_ANU\\kAr@}@TKl@OLIFM`@mC?OCEcEcCUAOBIFSTW^GNc@tFEXW~@INSJg@@oDc@o@ESD{Az@UBKCq@aASMg@Qy@Iw@SU??j@Qx@Gh@GR@j@Ef@BREd@Gb@?XK^Et@EJ?rAEb@?d@ET', 'resource_state': 3}",869,238,1,"{'pr_elapsed_time': None, 'pr_date': None, 'pr_visibility': None, 'pr_activity_id': None, 'pr_activity_visibility': None, 'effort_count': 0}","{'kom': '8:58', 'qom': '11:50', 'overall': '8:58', 'destination': {'href': 'strava://segments/20720763/leaderboard', 'type': 'overall', 'name': 'All-Time'}}","{'athlete_id': 43769123, 'title': 'Octavio Reyes', 'profile': 'https://dgalywyr863hv.cloudfront.net/pictures/athletes/43769123/25623279/1/large.jpg', 'effort_description': '26 efforts in the last 90 days', 'effort_count': '26', 'effort_counts': {'overall': '26 efforts', 'female': '12 efforts'}, 'destination': 'strava://segments/20720763/local_legend?categories%5B%5D=overall'}"
17284847,3,Run autódromo lap,Run,4329.3,-0.1,15.9,2250.2,2236.2,"[19.404848, -99.083458]","[19.404883, -99.083488]",https://d3o5xota0a1fcr.cloudfront.net/v6/charts/WN6NKVKWLT2FKJEH2D2B5ELKAOSAHUEZCKXPF6MICXHT224HLHPIFXZDILXD2JFG5JQIAJWUDF422CKFFUOGKKZY,"{'light_url': 'https://d3o5xota0a1fcr.cloudfront.net/v6/charts/WN6NKVKWLT2FKJEH2D2B5ELKAOSAHUEZCKXPF6MICXHT224HLHPIFXZDILXD2JFG5JQIAJWUDF422CKFFUOGKKZY', 'dark_url': 'https://d3o5xota0a1fcr.cloudfront.net/v6/charts/RCXWSUQJRFZH2LN5CYHBQZCYVVPCQMWQ36ZTFZKG2PPAQ5JUXWKGRX535WTGYWVXWQCEYQZLX6ZY44575UWMNV5R'}",0,Ciudad de México,Ciudad de México,Mexico,False,False,False,2018-03-31T23:57:04Z,2021-05-15T02:20:49Z,41.1,"{'id': 's17284847', 'polyline': 'g_muBrfw{QSpAOlBUxE_@~DSnD_@pESpDKjDOpCi@`Hc@xGc@tFSfDDn@Xz@Zb@`@`@d@Xx@VRBl@@XAt@Mn@Wl@c@\\[Xc@Rg@Lo@TkB@i@J}@JoAH}AToDZeDN{BF[Ry@Pi@lAwC^s@RQPIdBa@NILUFSJkAVyDJ_@N[RQTO~@[f@]V]n@sAPSPGJAX@fDXnDTbAJbBJLALKL[BMEWwAeCg@q@IEMAOF_A~AKBECoAs@s@i@s@c@gFqC_Ag@oBiAu@[qCaB_Aa@u@WwA[yAMKBIF]z@MJe@A}AQQDIJEL', 'resource_state': 3}",10332,2526,2,"{'pr_elapsed_time': None, 'pr_date': None, 'pr_visibility': None, 'pr_activity_id': None, 'pr_activity_visibility': None, 'effort_count': 0}","{'kom': '7:12', 'qom': '14:11', 'overall': '7:12', 'destination': {'href': 'strava://segments/17284847/leaderboard', 'type': 'overall', 'name': 'All-Time'}}","{'athlete_id': 119984477, 'title': 'paulina hernandez', 'profile': 'https://graph.facebook.com/6634171676644901/picture?height=256&width=256', 'effort_description': '6 efforts in the last 90 days', 'effort_count': '6', 'effort_counts': {'overall': '6 efforts', 'female': '6 efforts'}, 'destination': 'strava://segments/17284847/local_legend?categories%5B%5D=overall'}"
3003103,3,Faro de Iztacalco,Run,389.591,0.0,3.2,2243.0,2241.6,"[19.385668, -99.065729]","[19.385773, -99.065736]",https://d3o5xota0a1fcr.cloudfront.net/v6/charts/KPEEWTLM5Z3VCBLLMJKZ5JETJOBV6AP67XBGFVZZVNDCAU3VKQZJEJWBZMKTJH4BGT4Z53UMA2LQSUQ3XQZ5FHA=,"{'light_url': 'https://d3o5xota0a1fcr.cloudfront.net/v6/charts/KPEEWTLM5Z3VCBLLMJKZ5JETJOBV6AP67XBGFVZZVNDCAU3VKQZJEJWBZMKTJH4BGT4Z53UMA2LQSUQ3XQZ5FHA=', 'dark_url': 'https://d3o5xota0a1fcr.cloudfront.net/v6/charts/YEQ3AFXZG4QZT4WIHFEORL6COI4SYZ4RUEF3DDXO6ZORI2N2A7BNY6ESYYDHIMPSMZWO3OSUF4NTKQGCV6TN2MA='}",0,Mexico City,Distrito Federal,Mexico,False,False,False,2012-12-18T19:33:56Z,2021-05-15T02:12:42Z,0.0,"{'id': 's3003103', 'polyline': 'kgiuBxws{QPANGX[AO?WCKq@?e@KU@MIOAOIo@CSIQ@QQG@AZBXJXTTZd@RDFABDt@LVAPI', 'resource_state': 3}",3919,66,0,"{'pr_elapsed_time': None, 'pr_date': None, 'pr_visibility': None, 'pr_activity_id': None, 'pr_activity_visibility': None, 'effort_count': 0}","{'kom': '1:15', 'qom': '1:16', 'overall': '1:15', 'destination': {'href': 'strava://segments/3003103/leaderboard', 'type': 'overall', 'name': 'All-Time'}}","{'athlete_id': 159047185, 'title': 'Alberto Juan Castillo', 'profile': 'https://lh3.googleusercontent.com/a/ACg8ocI8Votd7A3gY4L6P5bH1b3YKUamB_jvpn9tMzE6Av67ATO2v38B=s96-c', 'effort_description': '64 efforts in the last 90 days', 'effort_count': '64', 'effort_counts': {'overall': '64 efforts', 'female': '41 efforts'}, 'destination': 'strava://segments/3003103/local_legend?categories%5B%5D=overall'}"
38931417,3,4km †,Run,3054.2,-0.1,23.3,2236.6,2231.8,"[19.384264, -99.092781]","[19.39197, -99.087764]",https://d3o5xota0a1fcr.cloudfront.net/v6/charts/XRIOY2CKAD5R4TM2GPIWKVJKFTL5GTACXNGOOPMWAEJCCZ66XQKUXXDSVINEUPCS3RSFACZF2DS6OWJ3PIQAGFA=,"{'light_url': 'https://d3o5xota0a1fcr.cloudfront.net/v6/charts/XRIOY2CKAD5R4TM2GPIWKVJKFTL5GTACXNGOOPMWAEJCCZ66XQKUXXDSVINEUPCS3RSFACZF2DS6OWJ3PIQAGFA=', 'dark_url': 'https://d3o5xota0a1fcr.cloudfront.net/v6/charts/IQTPHM54PMIT466NKEXHMLYUJISC2TKBKY2O242XO4NHU57IH5TOCFIDOLV6NC5ZNQ4LPOHCYLZD7EWMEZVQPIY='}",0,,Mexico City,Mexico,False,False,False,2025-04-12T03:27:31Z,2025-04-12T03:27:31Z,6.4,"{'id': 's38931417', 'polyline': 's~huB|`y{QcEyBoAu@cAi@aLqGgB{@cBaASMkFuCqDwBwAu@u@o@KC@BL?JFrAl@hHjEfCnAn@`@fCtA`BbA\\Nf@VJJnB~@XR|HpEbDdBh@`@DA?Co@U}@c@kBiAi@UaB}@sA{@oCuAcCuAcGcDeBeAu@_@aH}DgAi@[Si@c@', 'resource_state': 3}",2189,181,0,"{'pr_elapsed_time': None, 'pr_date': None, 'pr_visibility': None, 'pr_activity_id': None, 'pr_activity_visibility': None, 'effort_count': 0}","{'kom': '10:56', 'qom': '14:24', 'overall': '10:56', 'destination': {'href': 'strava://segments/38931417/leaderboard', 'type': 'overall', 'name': 'All-Time'}}",
38414756,3,Pista 400m,Run,416.7,0.5,5.1,2388.6,2385.2,"[19.379601, -99.04666]","[19.379576, -99.046686]",https://d3o5xota0a1fcr.cloudfront.net/v6/charts/2HGC6US3Z2VRMHLXNUT6MCIJCRRN3IGP45JV3HNOR6LYF353QQ7BZI5FJ34R32PI4PWE6LCC2SANPTBLI62SMHY=,"{'light_url': 'https://d3o5xota0a1fcr.cloudfront.net/v6/charts/2HGC6US3Z2VRMHLXNUT6MCIJCRRN3IGP45JV3HNOR6LYF353QQ7BZI5FJ34R32PI4PWE6LCC2SANPTBLI62SMHY=', 'dark_url': 'https://d3o5xota0a1fcr.cloudfront.net/v6/charts/YIKJLERZY7M3VA47RG5KGGMBGTKAAYK7OC7XRRRAKKQBKDRGK7ZM3SAM7ZTBMVVPMBANPD676C5I5B5OS7NZY3I='}",0,,Mexico City,Mexico,False,False,False,2025-01-09T04:10:55Z,2025-01-09T04:10:56Z,3.4,"{'id': 's38414756', 'polyline': 'oahuBr`p{QBNHPTRxBbATFb@AHCNMVk@@WCUGUMOwBeA[M_@D_@VUf@Ad@', 'resource_state': 3}",29849,231,0,"{'pr_elapsed_time': None, 'pr_date': None, 'pr_visibility': None, 'pr_activity_id': None, 'pr_activity_visibility': None, 'effort_count': 0}","{'kom': '50s', 'qom': '1:09', 'overall': '50s', 'destination': {'href': 'strava://segments/38414756/leaderboard', 'type': 'overall', 'name': 'All-Time'}}","{'athlete_id': 23509279, 'title': 'antonio amaya', 'profile': 'https://lh5.googleusercontent.com/-9CmZ4Orz0as/AAAAAAAAAAI/AAAAAAAAAAA/AKxrwcZpp6qi84puWKYl43EoK4AABC5SZg/mo/photo.jpg', 'effort_description': '699 efforts in the last 90 days', 'effort_count': '699', 'effort_counts': {'overall': '699 efforts', 'female': '219 efforts'}, 'destination': 'strava://segments/38414756/local_legend?categories%5B%5D=overall'}"
31518296,3,San Juan-Tepalcates,Run,1792.1,-0.0,38.1,2234.4,2221.8,"[19.39932, -99.060973]","[19.390978, -99.046436]",https://d3o5xota0a1fcr.cloudfront.net/v6/charts/6NPLFK5ZYAB6AUZY3BHO64KARR2DJ6OHBXD2S6XARH57RMFG25M34ZXGKO33BGIO3XMUWW7Q6XYNP6DBXQUNVKQ=,"{'light_url': 'https://d3o5xota0a1fcr.cloudfront.net/v6/charts/6NPLFK5ZYAB6AUZY3BHO64KARR2DJ6OHBXD2S6XARH57RMFG25M34ZXGKO33BGIO3XMUWW7Q6XYNP6DBXQUNVKQ=', 'dark_url': 'https://d3o5xota0a1fcr.cloudfront.net/v6/charts/ZJKGEEPK7KFCDOSADXMGCYFFKTYA2I2SAAODIEH2M2IMPYUJSKZUZVMNR43SFQCTYWEMLGKMWOQIWRGECFKHIBQ='}",0,Ciudad de México,Ciudad de México,Mexico,False,False,False,2022-04-18T01:15:06Z,2022-04-18T01:15:06Z,52.6,"{'id': 's31518296', 'polyline': 'w|kuBbzr{Qv@eATa@b@uAPYLKJQRm@r@}Av@y@NYTs@Lk@b@gAbAaCj@gAt@eBtAkCNc@j@mAHYt@uA`@}@t@mA`AyBP[l@qALSt@_BPc@r@{ALc@vAoCPSb@gARY^s@|@yB\\g@Pg@|AwCLQRk@t@sARq@T]Tu@', 'resource_state': 3}",629,111,0,"{'pr_elapsed_time': None, 'pr_date': None, 'pr_visibility': None, 'pr_activity_id': None, 'pr_activity_visibility': None, 'effort_count': 0}","{'kom': '1:48', 'qom': '5:31', 'overall': '1:48', 'destination': {'href': 'strava://segments/31518296/leaderboard', 'type': 'overall', 'name': 'All-Time'}}","{'athlete_id': 38266412, 'title': 'Jose Bonilla', 'profile': 'https://dgalywyr863hv.cloudfront.net/pictures/athletes/38266412/11345344/1/large.jpg', 'effort_description': '21 efforts in the last 90 days', 'effort_count': '21', 'effort_counts': {'overall': '21 efforts', 'female': '1 effort'}, 'destination': 'strava://segments/31518296/local_legend?categories%5B%5D=overall'}"
28883781,3,Av Texcoco - Av Pantitlán. †,Run,1170.6,0.2,1.5,2235.9,2233.8,"[19.402981, -99.037052]","[19.393485, -99.041695]",https://d3o5xota0a1fcr.cloudfront.net/v6/charts/ZYZABFZAALVP4NWJDXT5ONLI2WVTIKYU2NXD3J5PVKVIXAEML5Y4FLBZUJLCZMNP2KR2J5HTCTS7V2OVJJE37NY=,"{'light_url': 'https://d3o5xota0a1fcr.cloudfront.net/v6/charts/ZYZABFZAALVP4NWJDXT5ONLI2WVTIKYU2NXD3J5PVKVIXAEML5Y4FLBZUJLCZMNP2KR2J5HTCTS7V2OVJJE37NY=', 'dark_url': 'https://d3o5xota0a1fcr.cloudfront.net/v6/charts/KZALENFFB3HOYSNCTMXCHOE6Q4VMFDYTDLIMYD6YY6XSIWR4YGNCUEKY2AS4QUYB4BY2BJZZ4VNHXM3TECIJG7Q='}",0,Nezahualcóyotl,Estado de México,Mexico,False,False,False,2021-06-21T04:00:44Z,2021-06-21T04:00:45Z,2.1,"{'id': 's28883781', 'polyline': 'ssluBrdn{Q^BPDrChA`A\\jAf@fA^zB~@l@R`DpAtCdA~DdBx@XjAh@zAh@l@b@~At@z@Lb@HPNf@N`EdBFBLLj@NTNHC', 'resource_state': 3}",11393,283,1,"{'pr_elapsed_time': None, 'pr_date': None, 'pr_visibility': None, 'pr_activity_id': None, 'pr_activity_visibility': None, 'effort_count': 0}","{'kom': '3:31', 'qom': '3:44', 'overall': '3:31', 'destination': {'href': 'strava://segments/28883781/leaderboard', 'type': 'overall', 'name': 'All-Time'}}","{'athlete_id': 10660059, 'title': 'Roberto Cano Hurtado', 'profile': 'https://dgalywyr863hv.cloudfront.net/pictures/athletes/10660059/10408386/1/large.jpg', 'effort_description': '144 efforts in the last 90 days', 'effort_count': '144', 'effort_counts': {'overall': '144 efforts', 'female': '58 efforts'}, 'destination': 'strava://segments/28883781/local_legend?categories%5B%5D=overall'}"
31518308,3,Guelatao-Tepalcates,Run,3095.4,-0.0,28.2,2225.4,2221.0,"[19.384881, -99.03588]","[19.399263, -99.060976]",https://d3o5xota0a1fcr.cloudfront.net/v6/charts/F7JDKPHXQ2ARMTHP3IID6EQ2N46LKRZ3DJDJ73CG73XSDTKXMKBBG67PFGKKZCZK7FVOTSG5ZQSZV2FV5JW3ENQ=,"{'light_url': 'https://d3o5xota0a1fcr.cloudfront.net/v6/charts/F7JDKPHXQ2ARMTHP3IID6EQ2N46LKRZ3DJDJ73CG73XSDTKXMKBBG67PFGKKZCZK7FVOTSG5ZQSZV2FV5JW3ENQ=', 'dark_url': 'https://d3o5xota0a1fcr.cloudfront.net/v6/charts/ZFY2LMRFPDOHG2IQEPW2LI2BFTASWN2VQVG7BJZ4PURUIT42SM5J4LJTWHNWPJAEVQYYOR67O6XTOIBLSVEMR7I='}",0,Ciudad de México,Ciudad de México,Mexico,False,False,False,2022-04-18T01:20:19Z,2022-04-18T01:20:19Z,12.8,"{'id': 's31518308', 'polyline': 'obiuBf}m{QKLkAvCYl@WZYv@]d@Id@e@dAc@v@a@p@w@hB_AhBYZg@v@KV]p@_@dA{@fBQh@QVEP_@j@KTALO^[jAqAfBOf@_A|ASn@[p@GVCZOXADQVUf@SJQ^_@d@c@z@W`@IXYd@_@fAi@dA?LOh@MZKRIVKLKV_@h@MVa@l@U`@KTQl@s@fBMf@_@n@OPKP[n@KLO^c@j@O\\eAfBUj@EPMT@^u@hAq@tACTGL?NER[l@_@z@SV]p@a@j@s@pAQVIV?FCFq@|ASXMd@a@h@I^[h@Y^CJaAnBENc@bAmA~BCTM\\MNaA`B]|@S^Qp@{@|Ak@x@e@|@IX', 'resource_state': 3}",224,49,0,"{'pr_elapsed_time': None, 'pr_date': None, 'pr_visibility': None, 'pr_activity_id': None, 'pr_activity_visibility': None, 'effort_count': 0}","{'kom': '12:42', 'qom': '16:36', 'overall': '12:42', 'destination': {'href': 'strava://segments/31518308/leaderboard', 'type': 'overall', 'name': 'All-Time'}}","{'athlete_id': 38266412, 'title': 'Jose Bonilla', 'profile': 'https://dgalywyr863hv.cloudfront.net/pictures/athletes/38266412/11345344/1/large.jpg', 'effort_description': '19 efforts in the last 90 days', 'effort_count': '19', 'effort_counts': {'overall': '19 efforts', 'female': None}, 'destination': 'strava://segments/31518308/local_legend?categories%5B%5D=overall'}"
31518306,3,Tepalcates-Nissan Imperio,Run,654.9,-0.0,16.0,2227.6,2223.8,"[19.390158, -99.045086]","[19.387122, -99.039762]",https://d3o5xota0a1fcr.cloudfront.net/v6/charts/SRZ734J2LA5WDH7NEEAWQSMLIPY3ZVNHZXRQFCVJFSMRQDPHZM6LGQZGXP6HXBOQIQNTRQ623F37HFCXMF4FFUQ=,"{'light_url': 'https://d3o5xota0a1fcr.cloudfront.net/v6/charts/SRZ734J2LA5WDH7NEEAWQSMLIPY3ZVNHZXRQFCVJFSMRQDPHZM6LGQZGXP6HXBOQIQNTRQ623F37HFCXMF4FFUQ=', 'dark_url': 'https://d3o5xota0a1fcr.cloudfront.net/v6/charts/LYWQVRHLJHWHUQ2UUXHZOBAI43E7BYWXSJ4HRPYZCODTKZT5KGMSUWOUQI5EW43WG4MKSP3VW4PZ63VUHJ4646I='}",0,Ciudad de México,Ciudad de México,Mexico,False,False,False,2022-04-18T01:18:29Z,2022-04-18T01:18:30Z,10.0,"{'id': 's31518306', 'polyline': 'mcjuBxvo{Qp@mAb@kAZo@`@gAx@gBrAkCTg@L]n@cAPe@NSj@mALa@PSH_@Pa@fAmBTi@', 'resource_state': 3}",511,101,0,"{'pr_elapsed_time': None, 'pr_date': None, 'pr_visibility': None, 'pr_activity_id': None, 'pr_activity_visibility': None, 'effort_count': 0}","{'kom': '41s', 'qom': '1:49', 'overall': '41s', 'destination': {'href': 'strava://segments/31518306/leaderboard', 'type': 'overall', 'name': 'All-Time'}}","{'athlete_id': 38266412, 'title': 'Jose Bonilla', 'profile': 'https://dgalywyr863hv.cloudfront.net/pictures/athletes/38266412/11345344/1/large.jpg', 'effort_description': '21 efforts in the last 90 days', 'effort_count': '21', 'effort_counts': {'overall': '21 efforts', 'female': '1 effort'}, 'destination': 'strava://segments/31518306/local_legend?categories%5B%5D=overall'}"
29242737,3,Av Tepozanes | Panti - Chimal,Run,1191.3,0.1,1.1,2235.2,2233.9,"[19.381292, -98.989611]","[19.390885, -98.984492]",https://d3o5xota0a1fcr.cloudfront.net/v6/charts/L6W5RM52DWS7BVVAIXIFLBSMW3KMC6H6EQC4HTNV2TG5C3LZXR4HT4LEC3HHBSXJ7EX442QRLHTM35IZTSEYL4A=,"{'light_url': 'https://d3o5xota0a1fcr.cloudfront.net/v6/charts/L6W5RM52DWS7BVVAIXIFLBSMW3KMC6H6EQC4HTNV2TG5C3LZXR4HT4LEC3HHBSXJ7EX442QRLHTM35IZTSEYL4A=', 'dark_url': 'https://d3o5xota0a1fcr.cloudfront.net/v6/charts/44VRDDUCSUSDI6XLQ6BPL6RJ3IRIYRF3L25PT72WHK6OY5QRHHH6DMTXW4E74Y7MXSJECBVZIVWESCVZQ3JSUOY='}",0,Nezahualcóyotl,Estado de México,Mexico,False,False,False,2021-07-23T18:57:26Z,2021-07-23T18:57:26Z,0.0,"{'id': 's29242737', 'polyline': 'alhuBb|d{QmAe@q@[}Ak@sB}@{JsEe@O}JmEcBo@eB}@mBu@kD_BgH}C', 'resource_state': 3}",260,39,0,"{'pr_elapsed_time': None, 'pr_date': None, 'pr_visibility': None, 'pr_activity_id': None, 'pr_activity_visibility': None, 'effort_count': 0}","{'kom': '2:54', 'qom': '6:59', 'overall': '2:54', 'destination': {'href': 'strava://segments/29242737/leaderboard', 'type': 'overall', 'name': 'All-Time'}}","{'athlete_id': 164168956, 'title': 'daniel najera', 'profile': 'https://lh3.googleusercontent.com/a/ACg8ocIpCsK5vpSw2vS3ay7xIYgnILogYFerIumj2BJmPjLo99ILZmo=s96-c', 'effort_description': '10 efforts in the last 90 days', 'effort_count': '10', 'effort_counts': {'overall': '10 efforts', 'female': '1 effort'}, 'destination': 'strava://segments/29242737/local_legend?categories%5B%5D=overall'}"
29243020,3,4ta Av | Av Carmelo P. - Av Tepozanes,Run,1627.3,-0.1,4.5,2238.6,2233.6,"[19.403197, -98.994893]","[19.396569, -98.981663]",https://d3o5xota0a1fcr.cloudfront.net/v6/charts/WJ2IZMF6ODMSA5E4HCVIW2MVRTONN7IR6G4YYN7ZZNCOUHHLGS4AGREEWR2E6N37GW4CI7VZYJAXIQCQ7UDSFCGY,"{'light_url': 'https://d3o5xota0a1fcr.cloudfront.net/v6/charts/WJ2IZMF6ODMSA5E4HCVIW2MVRTONN7IR6G4YYN7ZZNCOUHHLGS4AGREEWR2E6N37GW4CI7VZYJAXIQCQ7UDSFCGY', 'dark_url': 'https://d3o5xota0a1fcr.cloudfront.net/v6/charts/XQ4AUYHIUR74QOGABQ7HCUZCW2UBELJWSHBMIIIGASABMMF6GFOWUQRVVOBH2NFCWXHLJ6EAM7MITVAOIO3BG4LD'}",0,Nezahualcóyotl,Estado de México,Mexico,False,False,False,2021-07-23T19:27:10Z,2021-07-23T19:27:10Z,9.2,"{'id': 's29243020', 'polyline': '}tluBb}e{QhBsE^gAz@oB\\cAfAoC^kAfByE`BcEx@mBLg@r@kBT_@Z[~BuA\\W^e@R_@lAqDtAcDrA}DR_@lAOX]BsAHqADoAFiAFwB', 'resource_state': 3}",212,27,0,"{'pr_elapsed_time': None, 'pr_date': None, 'pr_visibility': None, 'pr_activity_id': None, 'pr_activity_visibility': None, 'effort_count': 0}","{'kom': '6:08', 'qom': '9:23', 'overall': '6:08', 'destination': {'href': 'strava://segments/29243020/leaderboard', 'type': 'overall', 'name': 'All-Time'}}","{'athlete_id': 164168956, 'title': 'daniel najera', 'profile': 'https://lh3.googleusercontent.com/a/ACg8ocIpCsK5vpSw2vS3ay7xIYgnILogYFerIumj2BJmPjLo99ILZmo=s96-c', 'effort_description': '12 efforts in the last 90 days', 'effort_count': '12', 'effort_counts': {'overall': '12 efforts', 'female': None}, 'destination': 'strava://segments/29243020/local_legend?categories%5B%5D=overall'}"
29242817,3,4ta Av | Av Tepozanez - Chedrahui,Run,940.9,0.1,4.9,2237.3,2233.7,"[19.396566, -98.981681]","[19.400436, -98.98902]",https://d3o5xota0a1fcr.cloudfront.net/v6/charts/3YQNPSGXKKC2YXWGKKNVDPVOWCGSFX7DDCDRTDEBZFO5QPQOFMZUJ5J4QX64OROBNHFYJBM24KPQOVVNC5MBF3Z7,"{'light_url': 'https://d3o5xota0a1fcr.cloudfront.net/v6/charts/3YQNPSGXKKC2YXWGKKNVDPVOWCGSFX7DDCDRTDEBZFO5QPQOFMZUJ5J4QX64OROBNHFYJBM24KPQOVVNC5MBF3Z7', 'dark_url': 'https://d3o5xota0a1fcr.cloudfront.net/v6/charts/ALIQJSMSCG6SG4F2LRE6KO2YXKIGRTTKYPI57T6IGFBSRD6VTNMDWXF6TX33W2FTIOXCRH2GN4ZULC6CE443RIXL'}",0,Nezahualcóyotl,Estado de México,Mexico,False,False,False,2021-07-23T19:04:43Z,2021-07-23T19:04:43Z,6.5,"{'id': 's29242817', 'polyline': 'okkuBpjc{QMpEEd@MbDIh@a@PeANa@PEh@[|@cAbCo@rBk@vAUx@c@z@cAdAaDtBKRw@zBi@dA', 'resource_state': 3}",244,34,0,"{'pr_elapsed_time': None, 'pr_date': None, 'pr_visibility': None, 'pr_activity_id': None, 'pr_activity_visibility': None, 'effort_count': 0}","{'kom': '3:41', 'qom': '4:55', 'overall': '3:41', 'destination': {'href': 'strava://segments/29242817/leaderboard', 'type': 'overall', 'name': 'All-Time'}}","{'athlete_id': 164168956, 'title': 'daniel najera', 'profile': 'https://lh3.googleusercontent.com/a/ACg8ocIpCsK5vpSw2vS3ay7xIYgnILogYFerIumj2BJmPjLo99ILZmo=s96-c', 'effort_description': '12 efforts in the last 90 days', 'effort_count': '12', 'effort_counts': {'overall': '12 efforts', 'female': None}, 'destination': 'strava://segments/29242817/local_legend?categories%5B%5D=overall'}"
29242774,3,Av Tepozanes | Chimal - Rayito de Sol,Run,625.6,0.1,1.7,2236.8,2233.3,"[19.391386, -98.984219]","[19.396416, -98.981508]",https://d3o5xota0a1fcr.cloudfront.net/v6/charts/KHAKKT4TJ3CWVEYI6Q3XGF2AJJXMDREM3EL2ZMGACTKF7YV6ETGYDFD7EJPMF5MABJSGYX3OPRLAPDNKNUGCS3OX,"{'light_url': 'https://d3o5xota0a1fcr.cloudfront.net/v6/charts/KHAKKT4TJ3CWVEYI6Q3XGF2AJJXMDREM3EL2ZMGACTKF7YV6ETGYDFD7EJPMF5MABJSGYX3OPRLAPDNKNUGCS3OX', 'dark_url': 'https://d3o5xota0a1fcr.cloudfront.net/v6/charts/EYL6XD5NIQ6NL4HOVGT32NCV3YCFHHQCZZW3RAXF6EC3GKILXSBFYIOINQD5PZ24J6HLZNXRETWX7WY3XM2EZTBP'}",0,Nezahualcóyotl,Estado de México,Mexico,False,False,False,2021-07-23T19:00:56Z,2021-07-23T19:00:56Z,3.5,"{'id': 's29242774', 'polyline': 'ckjuBjzc{Qm^}O', 'resource_state': 3}",283,39,0,"{'pr_elapsed_time': None, 'pr_date': None, 'pr_visibility': None, 'pr_activity_id': None, 'pr_activity_visibility': None, 'effort_count': 0}","{'kom': '1:31', 'qom': '3:45', 'overall': '1:31', 'destination': {'href': 'strava://segments/29242774/leaderboard', 'type': 'overall', 'name': 'All-Time'}}","{'athlete_id': 164168956, 'title': 'daniel najera', 'profile': 'https://lh3.googleusercontent.com/a/ACg8ocIpCsK5vpSw2vS3ay7xIYgnILogYFerIumj2BJmPjLo99ILZmo=s96-c', 'effort_description': '14 efforts in the last 90 days', 'effort_count': '14', 'effort_counts': {'overall': '14 efforts', 'female': None}, 'destination': 'strava://segments/29242774/local_legend?categories%5B%5D=overall'}"
29323880,3,Av 8 | Tepozanes - Kennedy,Run,855.9,0.2,2.0,2235.0,2233.1,"[19.37739, -98.991718]","[19.380906, -98.998873]",https://d3o5xota0a1fcr.cloudfront.net/v6/charts/JOTJEQH2EJZ4K2XP7Q5UWEWIAURCRKIGE3JVGPXZK7SFAY6K6FOVJGPOPYX6DTCEGH45SF6U5YRWUFY35R4W34I=,"{'light_url': 'https://d3o5xota0a1fcr.cloudfront.net/v6/charts/JOTJEQH2EJZ4K2XP7Q5UWEWIAURCRKIGE3JVGPXZK7SFAY6K6FOVJGPOPYX6DTCEGH45SF6U5YRWUFY35R4W34I=', 'dark_url': 'https://d3o5xota0a1fcr.cloudfront.net/v6/charts/R66EJ7UZJ7LCWTX7TH4XR2KG7X2NMNMEA6ZI4Y5JAJQZ6X6RKA2GVOJUDEIOGV6UO67DJOANJLYDU64TRKX2JVA='}",0,Nezahualcóyotl,Estado de México,Mexico,False,False,False,2021-07-30T18:34:32Z,2021-07-30T18:34:32Z,0.0,"{'id': 's29323880', 'polyline': 'ssguBfie{QBh@Mf@{@hBM`@wAjDy@fCk@`AYVMVoAzDW`@[v@U`@Mb@Mr@_@t@Of@[t@Wv@[p@Mb@c@hA]V', 'resource_state': 3}",43,10,0,"{'pr_elapsed_time': None, 'pr_date': None, 'pr_visibility': None, 'pr_activity_id': None, 'pr_activity_visibility': None, 'effort_count': 0}","{'kom': '2:21', 'qom': '2:04', 'overall': '2:04', 'destination': {'href': 'strava://segments/29323880/leaderboard', 'type': 'overall', 'name': 'All-Time'}}","{'athlete_id': 126321353, 'title': 'Axel De La Peña', 'profile': 'https://lh3.googleusercontent.com/a/ACg8ocJAPj77WvKqlpQATmQtvNx7Fg9-S_vhgEvLSSZqdqDU0PUg=s96-c', 'effort_description': '1 effort in the last 90 days', 'effort_count': '1', 'effort_counts': {'overall': '1 effort', 'female': None}, 'destination': 'strava://segments/29323880/local_legend?categories%5B%5D=overall'}"
29242690,3,Av Tepozanes | Ignacio Aldama - Panti,Run,544.4,0.2,2.1,2234.8,2232.4,"[19.376636, -98.992041]","[19.381052, -98.989742]",https://d3o5xota0a1fcr.cloudfront.net/v6/charts/NO6HRLUF6TYO7LXP545YNVMQVNI4D7L3AGXUI3UFCVFLTE6X2QTFW2LU37757NVBSAWSJNBD4DSNQZND6LVXXRA=,"{'light_url': 'https://d3o5xota0a1fcr.cloudfront.net/v6/charts/NO6HRLUF6TYO7LXP545YNVMQVNI4D7L3AGXUI3UFCVFLTE6X2QTFW2LU37757NVBSAWSJNBD4DSNQZND6LVXXRA=', 'dark_url': 'https://d3o5xota0a1fcr.cloudfront.net/v6/charts/UQSPZ4BGNJI2AJR4YLNRHFURPUYO7BIP5OQSKGQ3ULCUZGWJG4I2GJERGIWMRDV5T6N2HV5LYDM5PM5BSD547HY='}",0,Nezahualcóyotl,Estado de México,Mexico,False,False,False,2021-07-23T18:51:53Z,2021-07-23T18:51:54Z,2.4,"{'id': 's29242690', 'polyline': '}nguBhke{QmCqA_C_AsBcAiFwBcBg@aBy@{@]E@', 'resource_state': 3}",283,36,0,"{'pr_elapsed_time': None, 'pr_date': None, 'pr_visibility': None, 'pr_activity_id': None, 'pr_activity_visibility': None, 'effort_count': 0}","{'kom': '1:21', 'qom': '3:11', 'overall': '1:21', 'destination': {'href': 'strava://segments/29242690/leaderboard', 'type': 'overall', 'name': 'All-Time'}}","{'athlete_id': 164168956, 'title': 'daniel najera', 'profile': 'https://lh3.googleusercontent.com/a/ACg8ocIpCsK5vpSw2vS3ay7xIYgnILogYFerIumj2BJmPjLo99ILZmo=s96-c', 'effort_description': '5 efforts in the last 90 days', 'effort_count': '5', 'effort_counts': {'overall': '5 efforts', 'female': '1 effort'}, 'destination': 'strava://segments/29242690/local_legend?categories%5B%5D=overall'}"
29243060,3,Av Tepozanes | Chimal - Panti ,Run,1201.4,-0.1,0.6,2235.2,2233.9,"[19.390998, -98.984468]","[19.38129, -98.989673]",https://d3o5xota0a1fcr.cloudfront.net/v6/charts/OVGCRM5T4OCUFX2QBULB72NAUVQG3ROS2BZTSYXWSI3XYZ4KAEOWAHSXPDGBWTP2FJY4B7TBZ73DSDIXOU4Y2ZY=,"{'light_url': 'https://d3o5xota0a1fcr.cloudfront.net/v6/charts/OVGCRM5T4OCUFX2QBULB72NAUVQG3ROS2BZTSYXWSI3XYZ4KAEOWAHSXPDGBWTP2FJY4B7TBZ73DSDIXOU4Y2ZY=', 'dark_url': 'https://d3o5xota0a1fcr.cloudfront.net/v6/charts/BWTKNXFC642I6SZQEJU6ASXU5ATHBEO5G4PSLK7PF2S5NJTNSDMG6FURUJXG6KV3PW7GPPQMNFSA37Y3I2NYLCQ='}",0,Nezahualcóyotl,Estado de México,Mexico,False,False,False,2021-07-23T19:31:16Z,2021-07-23T19:31:30Z,0.0,"{'id': 's29243060', 'polyline': 'uhjuB|{c{QbD~AzAh@vB~@dFbChBp@|FfCfBz@dC`A|BfAb@NzCzAbA^jCjAfBp@hBx@', 'resource_state': 3}",270,42,0,"{'pr_elapsed_time': None, 'pr_date': None, 'pr_visibility': None, 'pr_activity_id': None, 'pr_activity_visibility': None, 'effort_count': 0}","{'kom': '3:08', 'qom': '4:46', 'overall': '3:08', 'destination': {'href': 'strava://segments/29243060/leaderboard', 'type': 'overall', 'name': 'All-Time'}}","{'athlete_id': 164168956, 'title': 'daniel najera', 'profile': 'https://lh3.googleusercontent.com/a/ACg8ocIpCsK5vpSw2vS3ay7xIYgnILogYFerIumj2BJmPjLo99ILZmo=s96-c', 'effort_description': '11 efforts in the last 90 days', 'effort_count': '11', 'effort_counts': {'overall': '11 efforts', 'female': '1 effort'}, 'destination': 'strava://segments/29243060/local_legend?categories%5B%5D=overall'}"
29242838,3,4ta Av | Av Tepozanez - Av Carmelo P.,Run,1643.9,0.1,4.9,2238.6,2233.7,"[19.396566, -98.981681]","[19.403263, -98.995004]",https://d3o5xota0a1fcr.cloudfront.net/v6/charts/4HZSJHB2RYDTKCP434DRH3AHILDLRR5AIBTRD7UM5EVLNXVPWRMRXCRPU4TYOIVAM5LQWA3MNHZWIIONY33T6QI=,"{'light_url': 'https://d3o5xota0a1fcr.cloudfront.net/v6/charts/4HZSJHB2RYDTKCP434DRH3AHILDLRR5AIBTRD7UM5EVLNXVPWRMRXCRPU4TYOIVAM5LQWA3MNHZWIIONY33T6QI=', 'dark_url': 'https://d3o5xota0a1fcr.cloudfront.net/v6/charts/CXJEB5ILV4TEDYC7P264YTLUSV3V5DWGKNEN23GV7AFNSMIPBOB3JFX67YQMKB5VHBY6NUH7QO32HYNYGLIT7XA='}",0,Nezahualcóyotl,Estado de México,Mexico,False,False,False,2021-07-23T19:06:26Z,2021-07-23T19:06:27Z,10.2,"{'id': 's29242838', 'polyline': 'okkuBpjc{QMpEEd@MbDIh@a@PeANa@PEh@[|@cAbCo@rBk@vAUx@c@z@cAdAsChBMJKRw@zBcAxBQb@Ih@Od@y@vB]hAu@nBg@bAGReAbCcBtEUd@s@jBa@`A[lA', 'resource_state': 3}",205,33,0,"{'pr_elapsed_time': None, 'pr_date': None, 'pr_visibility': None, 'pr_activity_id': None, 'pr_activity_visibility': None, 'effort_count': 0}","{'kom': '6:49', 'qom': '8:41', 'overall': '6:49', 'destination': {'href': 'strava://segments/29242838/leaderboard', 'type': 'overall', 'name': 'All-Time'}}","{'athlete_id': 164168956, 'title': 'daniel najera', 'profile': 'https://lh3.googleusercontent.com/a/ACg8ocIpCsK5vpSw2vS3ay7xIYgnILogYFerIumj2BJmPjLo99ILZmo=s96-c', 'effort_description': '11 efforts in the last 90 days', 'effort_count': '11', 'effort_counts': {'overall': '11 efforts', 'female': None}, 'destination': 'strava://segments/29242838/local_legend?categories%5B%5D=overall'}"
29243045,3,Av Tepozanes | Rayito de Sol - Chimal,Run,627.7,-0.1,2.7,2236.8,2233.3,"[19.396422, -98.981554]","[19.391368, -98.984255]",https://d3o5xota0a1fcr.cloudfront.net/v6/charts/3UK45BI5M7F57OF47ANGUCM3FF4MP4PFH7EJEQZ3ATRWW4LJSSIGPYD57VPPAMT3D6CRGIYHR4D7YEBOKVUCYUAZ,"{'light_url': 'https://d3o5xota0a1fcr.cloudfront.net/v6/charts/3UK45BI5M7F57OF47ANGUCM3FF4MP4PFH7EJEQZ3ATRWW4LJSSIGPYD57VPPAMT3D6CRGIYHR4D7YEBOKVUCYUAZ', 'dark_url': 'https://d3o5xota0a1fcr.cloudfront.net/v6/charts/N5TFWOY6KRY4NIODMUNZDR3HEDU3BT24PYHXZ2D5UR2XLOVGRSBGJW6I423ZFQZKWLLU37OJF5524B3I5ISIGMER'}",0,Nezahualcóyotl,Estado de México,Mexico,False,False,False,2021-07-23T19:29:38Z,2021-07-23T19:29:38Z,0.0,"{'id': 's29243045', 'polyline': 'sjkuBvic{Qd@PbBx@fAb@fCjAbBl@~BhAxCnA`Af@bBn@tB~@', 'resource_state': 3}",270,40,0,"{'pr_elapsed_time': None, 'pr_date': None, 'pr_visibility': None, 'pr_activity_id': None, 'pr_activity_visibility': None, 'effort_count': 0}","{'kom': '2:10', 'qom': '3:57', 'overall': '2:10', 'destination': {'href': 'strava://segments/29243045/leaderboard', 'type': 'overall', 'name': 'All-Time'}}","{'athlete_id': 164168956, 'title': 'daniel najera', 'profile': 'https://lh3.googleusercontent.com/a/ACg8ocIpCsK5vpSw2vS3ay7xIYgnILogYFerIumj2BJmPjLo99ILZmo=s96-c', 'effort_description': '14 efforts in the last 90 days', 'effort_count': '14', 'effort_counts': {'overall': '14 efforts', 'female': None}, 'destination': 'strava://segments/29243045/local_legend?categories%5B%5D=overall'}"
29243082,3,Av Tepozanes | Panti - Ignacio Aldama,Run,545.8,0.0,3.9,2234.6,2232.4,"[19.380951, -98.989832]","[19.376528, -98.992105]",https://d3o5xota0a1fcr.cloudfront.net/v6/charts/UIKNK7NBUH35MLRMBEKRQA77X4F62HPJ5YDXKTRUBBF56YBDB4UPCLW6ZFUT5KKHIRSLXHSQE6JHQDGPATEUOSI=,"{'light_url': 'https://d3o5xota0a1fcr.cloudfront.net/v6/charts/UIKNK7NBUH35MLRMBEKRQA77X4F62HPJ5YDXKTRUBBF56YBDB4UPCLW6ZFUT5KKHIRSLXHSQE6JHQDGPATEUOSI=', 'dark_url': 'https://d3o5xota0a1fcr.cloudfront.net/v6/charts/IY6LOHL4MOK2QXQIK3VTTZWIXIR7CQEFFLPW5GSGKG76NEA3EUENKZ5OWSUWOB75QXB32H5CTLZQIB65SZZVDUY='}",0,Nezahualcóyotl,Estado de México,Mexico,False,False,False,2021-07-23T19:32:51Z,2021-07-23T19:32:52Z,0.0,"{'id': 's29243082', 'polyline': '}ihuBn}d{QvB|@nBj@zFdCxDzArDlBb@J', 'resource_state': 3}",308,38,0,"{'pr_elapsed_time': None, 'pr_date': None, 'pr_visibility': None, 'pr_activity_id': None, 'pr_activity_visibility': None, 'effort_count': 0}","{'kom': '1:21', 'qom': '1:30', 'overall': '1:21', 'destination': {'href': 'strava://segments/29243082/leaderboard', 'type': 'overall', 'name': 'All-Time'}}","{'athlete_id': 164168956, 'title': 'daniel najera', 'profile': 'https://lh3.googleusercontent.com/a/ACg8ocIpCsK5vpSw2vS3ay7xIYgnILogYFerIumj2BJmPjLo99ILZmo=s96-c', 'effort_description': '5 efforts in the last 90 days', 'effort_count': '5', 'effort_counts': {'overall': '5 efforts', 'female': '1 effort'}, 'destination': 'strava://segments/29243082/local_legend?categories%5B%5D=overall'}"
13311250,3,De fuente a fuente de subida,Run,602.9,1.8,5.6,2300.7,2289.2,"[19.419133, -99.202449]","[19.415507, -99.201305]",https://d3o5xota0a1fcr.cloudfront.net/v6/charts/36IXWTJOYH6LARH67P4BOCYTTIHE72AVPFMZZ2J4HA24VDLMXVQX4B5AWLALKS3FGJORZJZ63RKY4JUGDRJF6BQ=,"{'light_url': 'https://d3o5xota0a1fcr.cloudfront.net/v6/charts/36IXWTJOYH6LARH67P4BOCYTTIHE72AVPFMZZ2J4HA24VDLMXVQX4B5AWLALKS3FGJORZJZ63RKY4JUGDRJF6BQ=', 'dark_url': 'https://d3o5xota0a1fcr.cloudfront.net/v6/charts/XTPJCLLFRAOOB7JYF3EUIKFDLHS2UVOQ5O63C7Y2KX6QIBMAW5OAKLCMQTU7CFMIWTRI6LCRLGEPSB5VBXWD5EY='}",0,Ciudad de México,Ciudad de México,Mexico,False,False,False,2016-09-28T01:58:09Z,2021-05-20T08:04:00Z,11.5,"{'id': 's13311250', 'polyline': 'qxouBhnn|QHY\\FjA@b@Af@KF@l@Nh@`@r@XXPj@@d@IN?xA{@V]FK\\qAP[dA{@b@Yt@INKADqAZ', 'resource_state': 3}",407080,39634,41,"{'pr_elapsed_time': None, 'pr_date': None, 'pr_visibility': None, 'pr_activity_id': None, 'pr_activity_visibility': None, 'effort_count': 0}","{'kom': '59s', 'qom': '48s', 'overall': '48s', 'destination': {'href': 'strava://segments/13311250/leaderboard', 'type': 'overall', 'name': 'All-Time'}}","{'athlete_id': 107182839, 'title': 'Juan Reyes', 'profile': 'https://lh3.googleusercontent.com/a/ACg8ocJPO9KgcBWWEtxbCymuH-6za3eaKzLfPiE3eelVzdBM=s96-c', 'effort_description': '109 efforts in the last 90 days', 'effort_count': '109', 'effort_counts': {'overall': '109 efforts', 'female': '41 efforts'}, 'destination': 'strava://segments/13311250/local_legend?categories%5B%5D=overall'}"
19927300,3,viboras 1 km,Run,983.5,-0.1,3.3,2290.2,2285.8,"[19.414576, -99.198838]","[19.414373, -99.197117]",https://d3o5xota0a1fcr.cloudfront.net/v6/charts/JSFYLHI7G4DPWK66CKXB4A5HX6ULQVIGRTT5BTDUBHQ5F46R66JHCC3U6CUGE67PZLEZIVEM3MQZN6N2EZXZIQSG,"{'light_url': 'https://d3o5xota0a1fcr.cloudfront.net/v6/charts/JSFYLHI7G4DPWK66CKXB4A5HX6ULQVIGRTT5BTDUBHQ5F46R66JHCC3U6CUGE67PZLEZIVEM3MQZN6N2EZXZIQSG', 'dark_url': 'https://d3o5xota0a1fcr.cloudfront.net/v6/charts/7QSOSDKLOVHP7ZC6KYGYGYKHMWSI3UQ2VBQCD4PHYPIDVZ3ZI4S2JKHYORCWFSHY222REULSQRA4435KXUKXV6TP'}",0,Ciudad de México,Ciudad de México,Mexico,False,False,False,2019-02-23T00:25:13Z,2021-05-20T08:04:58Z,4.4,"{'id': 's19927300', 'polyline': 'a|nuBvwm|QH?hAY|@[dBs@Vc@Na@Xc@PIZ?xALd@Ad@G`@Mf@I~@c@d@Mn@e@Je@Kg@Qg@g@cA]_@g@Qi@Eg@JiAb@wC~@Y\\[XkATgAFgA\\', 'resource_state': 3}",97625,6202,10,"{'pr_elapsed_time': None, 'pr_date': None, 'pr_visibility': None, 'pr_activity_id': None, 'pr_activity_visibility': None, 'effort_count': 0}","{'kom': '2:30', 'qom': '3:27', 'overall': '2:30', 'destination': {'href': 'strava://segments/19927300/leaderboard', 'type': 'overall', 'name': 'All-Time'}}","{'athlete_id': 60368353, 'title': 'EVERARDO GARCIA', 'profile': 'https://graph.facebook.com/479461308328221/picture?height=256&width=256', 'effort_description': '69 efforts in the last 90 days', 'effort_count': '69', 'effort_counts': {'overall': '69 efforts', 'female': '58 efforts'}, 'destination': 'strava://segments/19927300/local_legend?categories%5B%5D=overall'}"
23014590,3,Lago 🌊,Run,1355.0,0.0,12.2,2302.8,2290.5,"[19.416533, -99.19761]","[19.416502, -99.197516]",https://d3o5xota0a1fcr.cloudfront.net/v6/charts/IUDZQ3WMGMVOGYOCJ45KWFIBNGDK3DI6FKR2NPST62TP6BGG3MMHTSGT62GDIQMA52CNRZL765OHM7CRZH2K32OH,"{'light_url': 'https://d3o5xota0a1fcr.cloudfront.net/v6/charts/IUDZQ3WMGMVOGYOCJ45KWFIBNGDK3DI6FKR2NPST62TP6BGG3MMHTSGT62GDIQMA52CNRZL765OHM7CRZH2K32OH', 'dark_url': 'https://d3o5xota0a1fcr.cloudfront.net/v6/charts/KRN2LHB6LPXAXFARF66WJJCUYEU4TYVP67LTK24QFFKJ3KMFQ4L6ABQILA33UDE66TJVR6IA2SJPT5DG5GJMDVFT'}",0,Ciudad de México,Ciudad de México,Mexico,False,False,False,2020-03-06T21:43:53Z,2021-05-19T08:05:15Z,15.7,"{'id': 's23014590', 'polyline': 'ihouB`pm|QMRYBe@Kq@Ic@HW^sAbAyB|@_@VO`@D\\Rp@?h@Qb@YVS?ME]USUYOa@Aa@Pe@^S\\Cb@Fp@Xl@^`@PJJBd@Af@Mf@i@\\S^MF?z@JzAAtBLl@Il@Mf@Ut@q@Zk@j@u@Pg@Da@Cq@Kc@Sc@}@qAOQQKHi@GM', 'resource_state': 3}",170758,14035,30,"{'pr_elapsed_time': None, 'pr_date': None, 'pr_visibility': None, 'pr_activity_id': None, 'pr_activity_visibility': None, 'effort_count': 0}","{'kom': '4:16', 'qom': '5:00', 'overall': '4:16', 'destination': {'href': 'strava://segments/23014590/leaderboard', 'type': 'overall', 'name': 'All-Time'}}","{'athlete_id': 144709886, 'title': 'Juan Pablo Coss', 'profile': 'https://dgalywyr863hv.cloudfront.net/pictures/athletes/144709886/34553693/4/large.jpg', 'effort_description': '106 efforts in the last 90 days', 'effort_count': '106', 'effort_counts': {'overall': '106 efforts', 'female': '41 efforts'}, 'destination': 'strava://segments/23014590/local_legend?categories%5B%5D=overall'}"
17705006,3,vuelta 3.5km ,Run,3619.7,-0.0,6.0,2321.8,2290.8,"[19.409121, -99.201857]","[19.408974, -99.20157]",https://d3o5xota0a1fcr.cloudfront.net/v6/charts/2UB2JCZFEDILUDHZC64QHVCFNCSOTSYJBNAJUHBDQ2F273CK76XTEAPOW27LGU2QPPH2W4UF7ZRMAQQNFQLNSOQ=,"{'light_url': 'https://d3o5xota0a1fcr.cloudfront.net/v6/charts/2UB2JCZFEDILUDHZC64QHVCFNCSOTSYJBNAJUHBDQ2F273CK76XTEAPOW27LGU2QPPH2W4UF7ZRMAQQNFQLNSOQ=', 'dark_url': 'https://d3o5xota0a1fcr.cloudfront.net/v6/charts/WHOTB3E3LCXZ2HLBP3NH45TLPNU6QIYVBOORHVUUFQEHKX4OLN5LRFQT6SUZWL7RSFVTM4J4MX26IAIP26GPG6I='}",0,Ciudad de México,Ciudad de México,Mexico,False,False,False,2018-05-19T13:55:24Z,2021-05-20T08:04:38Z,32.0,"{'id': 's17705006', 'polyline': '_zmuBrjn|QBIVWfAy@N_@@wACUMs@yAkD[y@gAyBe@iAc@q@w@uB]k@m@g@WaAk@qAo@qAYiA]_@YKk@B_@JsAf@sA^aAb@u@TsAj@wAb@uAj@w@Ny@DeACa@@]Ay@QQ?{CW]?[NSVq@xBa@j@SRq@j@ST}@t@i@d@YJa@Dk@?]D{@VYPOLOZ[rAK`AAp@@x@Ld@Xt@h@r@p@nANv@Zv@h@l@PZZNn@HlBMl@?VF`At@TJ\\JVBn@Al@GVMr@q@Ro@P}@R]jA_ARI\\G\\KlBy@rAs@hAk@RG\\CT@R@XHXR^`@tBnB|@`ATPr@p@XN\\D\\@vEMLERBj@Cn@KTIh@Y`Aq@', 'resource_state': 3}",90294,14218,41,"{'pr_elapsed_time': None, 'pr_date': None, 'pr_visibility': None, 'pr_activity_id': None, 'pr_activity_visibility': None, 'effort_count': 0}","{'kom': '12:23', 'qom': '14:01', 'overall': '12:07', 'destination': {'href': 'strava://segments/17705006/leaderboard', 'type': 'overall', 'name': 'All-Time'}}","{'athlete_id': 80481519, 'title': 'Julian Lara', 'profile': 'https://dgalywyr863hv.cloudfront.net/pictures/athletes/80481519/20144436/7/large.jpg', 'effort_description': '36 efforts in the last 90 days', 'effort_count': '36', 'effort_counts': {'overall': '36 efforts', 'female': '22 efforts'}, 'destination': 'strava://segments/17705006/local_legend?categories%5B%5D=overall'}"
26135364,3,Sprint Puente Climb,Run,118.5,7.1,8.4,2295.2,2286.8,"[19.421343, -99.199406]","[19.420574, -99.19863]",https://d3o5xota0a1fcr.cloudfront.net/v6/charts/PV7SUZFJOMN3STKNRLUT3R57US7Z3P72K4247DZJ3IBJQIV5KB4PZGEVVNI2RSC5FWFMMTBMQPGYAD2PBFGPOHA=,"{'light_url': 'https://d3o5xota0a1fcr.cloudfront.net/v6/charts/PV7SUZFJOMN3STKNRLUT3R57US7Z3P72K4247DZJ3IBJQIV5KB4PZGEVVNI2RSC5FWFMMTBMQPGYAD2PBFGPOHA=', 'dark_url': 'https://d3o5xota0a1fcr.cloudfront.net/v6/charts/4QHEPCMHCFPJZM54LUQG3NVO5W2LI7T7TKKGFLZYUUW4J2MX77FGJK7Y7IKZCLHKSFEQRUVK6I2XERWICPASP2A='}",0,Ciudad de México,Ciudad de México,Mexico,False,False,False,2020-10-21T14:56:13Z,2021-05-20T08:05:42Z,8.4,"{'id': 's26135364', 'polyline': 'kfpuBh{m|QX[Xa@X]ZYn@e@', 'resource_state': 3}",298530,22635,11,"{'pr_elapsed_time': None, 'pr_date': None, 'pr_visibility': None, 'pr_activity_id': None, 'pr_activity_visibility': None, 'effort_count': 0}","{'kom': '2s', 'qom': '2s', 'overall': '2s', 'destination': {'href': 'strava://segments/26135364/leaderboard', 'type': 'overall', 'name': 'All-Time'}}","{'athlete_id': 2201366, 'title': 'Jorge Torres', 'profile': 'https://dgalywyr863hv.cloudfront.net/pictures/athletes/2201366/17450379/7/large.jpg', 'effort_description': '59 efforts in the last 90 days', 'effort_count': '59', 'effort_counts': {'overall': '59 efforts', 'female': '44 efforts'}, 'destination': 'strava://segments/26135364/local_legend?categories%5B%5D=overall'}"
15200934,3,PM hasta Seneca,Run,542.5,-0.3,2.9,2277.0,2273.0,"[19.432675, -99.207673]","[19.432175, -99.20275]",https://d3o5xota0a1fcr.cloudfront.net/v6/charts/JAPIJHRPJNN43QNABP43JUVV25UP7BGP7C4PHBA3I6OH3XZBUINZWKM7JSLTIQXISLBRORVJRVY52DZCMDSYAOQZ,"{'light_url': 'https://d3o5xota0a1fcr.cloudfront.net/v6/charts/JAPIJHRPJNN43QNABP43JUVV25UP7BGP7C4PHBA3I6OH3XZBUINZWKM7JSLTIQXISLBRORVJRVY52DZCMDSYAOQZ', 'dark_url': 'https://d3o5xota0a1fcr.cloudfront.net/v6/charts/QXUIICU44P7QZWK6NIQ57UHDWAGF3BDPDEEVW4KJYP5S3LQNJ63SWYVPJG54GXVBBZHYP45IQWICQBU34IG5LWIO'}",0,Ciudad de México,Ciudad de México,Mexico,False,False,False,2017-06-19T17:35:38Z,2021-05-18T08:04:50Z,4.0,"{'id': 's15200934', 'polyline': 'emruB~no|QBc@Jo@Aw@Pa@BKCENc@CSEQB]CQDi@Hm@AEBA?GCKB[DIB[CYBWCC?OLy@CGBG?IEM@]FYASCCDIBMCOBGCM@g@FaAFe@@c@', 'resource_state': 3}",102019,10730,11,"{'pr_elapsed_time': None, 'pr_date': None, 'pr_visibility': None, 'pr_activity_id': None, 'pr_activity_visibility': None, 'effort_count': 0}","{'kom': '1:02', 'qom': '48s', 'overall': '48s', 'destination': {'href': 'strava://segments/15200934/leaderboard', 'type': 'overall', 'name': 'All-Time'}}","{'athlete_id': 26250453, 'title': 'Jorge Morfín', 'profile': 'https://dgalywyr863hv.cloudfront.net/pictures/athletes/26250453/7604552/4/large.jpg', 'effort_description': '50 efforts in the last 90 days', 'effort_count': '50', 'effort_counts': {'overall': '50 efforts', 'female': '26 efforts'}, 'destination': 'strava://segments/15200934/local_legend?categories%5B%5D=overall'}"
8731471,3,Entrando al Bosque,Run,699.4,0.2,9.7,2547.8,2542.6,"[19.425937, -99.203166]","[19.421256, -99.199321]",https://d3o5xota0a1fcr.cloudfront.net/v6/charts/RCYU43N62MLJMTFLTTXCZF3GFWI2LVW45ECKPXMQLWVUV4U7VU5DRAP73AE65XBR2C2QFA7D4CWRL76XWLN6ZQI=,"{'light_url': 'https://d3o5xota0a1fcr.cloudfront.net/v6/charts/RCYU43N62MLJMTFLTTXCZF3GFWI2LVW45ECKPXMQLWVUV4U7VU5DRAP73AE65XBR2C2QFA7D4CWRL76XWLN6ZQI=', 'dark_url': 'https://d3o5xota0a1fcr.cloudfront.net/v6/charts/TR2K6OTCV4ZPWJUUUBOOGSI7TECCVWS4UU6XGVIH5PGICE33QEZ7PW3APKGKHRM6MWNUEGDPOE2HJMBO2GOOIFY='}",0,Ciudad de México,Distrito Federal,Mexico,False,False,False,2015-01-05T18:52:34Z,2021-05-19T08:03:07Z,9.2,"{'id': 's8731471', 'polyline': 'acquBxrn|QZKp@Mv@E^K\\Up@QVAz@Or@ExAk@jAu@x@q@f@q@Xg@Vs@LQn@oBj@qAjAaBx@{@', 'resource_state': 3}",234159,19122,24,"{'pr_elapsed_time': None, 'pr_date': None, 'pr_visibility': None, 'pr_activity_id': None, 'pr_activity_visibility': None, 'effort_count': 0}","{'kom': '30s', 'qom': '1:37', 'overall': '30s', 'destination': {'href': 'strava://segments/8731471/leaderboard', 'type': 'overall', 'name': 'All-Time'}}","{'athlete_id': 36280855, 'title': 'Chino Lemus', 'profile': 'https://graph.facebook.com/10161596352530131/picture?height=256&width=256', 'effort_description': '56 efforts in the last 90 days', 'effort_count': '56', 'effort_counts': {'overall': '56 efforts', 'female': '44 efforts'}, 'destination': 'strava://segments/8731471/local_legend?categories%5B%5D=overall'}"
7344059,3,Parque Lincoln,Run,1520.3,0.0,10.0,2273.2,2263.0,"[19.428991, -99.197126]","[19.428885, -99.197172]",https://d3o5xota0a1fcr.cloudfront.net/v6/charts/ZIUQYPVSEDTM5J75RPECW64EQECJL3PO4ZJEAG4VBRMMZLQUQ3CY6PY2Z3M3LB45EGV3OXPSYI764MA4ITDWPHBB,"{'light_url': 'https://d3o5xota0a1fcr.cloudfront.net/v6/charts/ZIUQYPVSEDTM5J75RPECW64EQECJL3PO4ZJEAG4VBRMMZLQUQ3CY6PY2Z3M3LB45EGV3OXPSYI764MA4ITDWPHBB', 'dark_url': 'https://d3o5xota0a1fcr.cloudfront.net/v6/charts/TROZT6MSSMNPW3FOTA3UWWUGSFQ57YXQO5ZCQF6OPHWHBTFBZTVB5L2PM4MT5VU2VIDMKN54B366D4YAFQIVIOR3'}",0,Mexico City,D.F.,Mexico,False,False,False,2014-06-02T16:00:24Z,2021-05-20T08:03:00Z,17.7,"{'id': 's7344059', 'polyline': 'evquB`mm|QMMCG@YAO@QAMJgB?KIMIe@?GDK\\_@BM?_@Hc@FwAJs@?OCUGOQ@KIK@EAOGSOWIKDQb@Kx@Qh@ATBn@Ip@E@@pAKVIn@?RDt@EVJPB\\?h@?D]LCDCP@b@EV?PUXCFFZKFE`@Ar@Kd@@\\E`AHxAATEBCPKP@NNLjAZF?BC^DJECK[]GSFMBUFO@M^i@DK@e@EQDaAFs@Rs@AY@YG]?MLc@NYZOHAXB', 'resource_state': 3}",12570,3142,13,"{'pr_elapsed_time': None, 'pr_date': None, 'pr_visibility': None, 'pr_activity_id': None, 'pr_activity_visibility': None, 'effort_count': 0}","{'kom': '4:42', 'qom': '5:49', 'overall': '4:42', 'destination': {'href': 'strava://segments/7344059/leaderboard', 'type': 'overall', 'name': 'All-Time'}}","{'athlete_id': 155508113, 'title': 'Irvin Fernandez', 'profile': 'https://lh3.googleusercontent.com/a/ACg8ocJ8bRqJLNDeiQyjw5IBrqHP7JLWyLjBWvPIEMVH6aaQVzzoEcM=s96-c', 'effort_description': '71 efforts in the last 90 days', 'effort_count': '71', 'effort_counts': {'overall': '71 efforts', 'female': '25 efforts'}, 'destination': 'strava://segments/7344059/local_legend?categories%5B%5D=overall'}"
24221112,3,Circuito Joaquín Clausell Clockwise,Run,2003.2,0.1,9.1,2386.0,2330.5,"[19.40819, -99.215165]","[19.408208, -99.215246]",https://d3o5xota0a1fcr.cloudfront.net/v6/charts/FBCU5SHGWFB4C55UK2LUBUDJMND7BJYDNZSEGZAUTR2ZSC4FZHB6SCRGC376H6VYJL7LSXOFPEY7FTLKZAFYKKMO,"{'light_url': 'https://d3o5xota0a1fcr.cloudfront.net/v6/charts/FBCU5SHGWFB4C55UK2LUBUDJMND7BJYDNZSEGZAUTR2ZSC4FZHB6SCRGC376H6VYJL7LSXOFPEY7FTLKZAFYKKMO', 'dark_url': 'https://d3o5xota0a1fcr.cloudfront.net/v6/charts/W62I2K6MQ7ZVQBUDVMK2MTEOU47NJ7AUIC3BQVXLM462QDTZQTNBOHHBXJSLO2Y4M5ZJNXEEHBABGLEXNHW4BVVB'}",0,Ciudad de México,Ciudad de México,Mexico,False,False,False,2020-05-27T22:58:00Z,2021-05-17T08:08:48Z,55.5,"{'id': 's24221112', 'polyline': 'etmuBx}p|Qt@t@j@dAb@lAt@vCNvBJb@X\\b@Rb@J`Br@z@x@t@|@Pd@h@xAJd@H~@TpAPf@fAbCJt@?h@Cf@@h@Dd@?`@U`@c@JWCW[OkAOe@Sg@]_@mAcA]]kAkB_@]QOa@QkC_Aa@S{@w@U_@o@{AW_@w@{@Qc@Oe@Eg@AwBHsA@qAFk@JyBLk@Xa@`@Od@C', 'resource_state': 3}",109,69,13,"{'pr_elapsed_time': None, 'pr_date': None, 'pr_visibility': None, 'pr_activity_id': None, 'pr_activity_visibility': None, 'effort_count': 0}","{'kom': '8:11', 'qom': '11:10', 'overall': '8:11', 'destination': {'href': 'strava://segments/24221112/leaderboard', 'type': 'overall', 'name': 'All-Time'}}","{'athlete_id': 16134790, 'title': 'Ilia Ableev', 'profile': 'https://dgalywyr863hv.cloudfront.net/pictures/athletes/16134790/11675710/12/large.jpg', 'effort_description': '3 efforts in the last 90 days', 'effort_count': '3', 'effort_counts': {'overall': '3 efforts', 'female': None}, 'destination': 'strava://segments/24221112/local_legend?categories%5B%5D=overall'}"
22951623,3,Reforma a Prado Sur,Run,2074.5,-3.2,6.1,2354.1,2288.2,"[19.415694, -99.218772]","[19.426589, -99.205741]",https://d3o5xota0a1fcr.cloudfront.net/v6/charts/F4GHFLSXBQOQ3RYHH5PQ77HXTAQ53XAW2NZKWEVWJPMYGGJNUBPT5QPMQUOOYFLUOI6UMAQWBMMNNNOAHASNJBA=,"{'light_url': 'https://d3o5xota0a1fcr.cloudfront.net/v6/charts/F4GHFLSXBQOQ3RYHH5PQ77HXTAQ53XAW2NZKWEVWJPMYGGJNUBPT5QPMQUOOYFLUOI6UMAQWBMMNNNOAHASNJBA=', 'dark_url': 'https://d3o5xota0a1fcr.cloudfront.net/v6/charts/5SRHZPEUGJHTJLU7TG75KE3ESGFQNKTOKO43OWNKZ2KFNTB2L2DODWPVKOQNKYO2LXXWL2MJTNZFXPMDCWZHJ4Y='}",0,Ciudad de México,Ciudad de México,Mexico,False,False,False,2020-02-26T17:58:33Z,2021-05-15T02:24:18Z,2.7,"{'id': 's22951623', 'polyline': 'acouBjtq|QGEOBYC[KYAGE}@[IGMBu@MCGOCM@_@MO?SQYA]KWAIIWMSE]C_AQKIe@GI@OEw@WO@AISBa@GWDKF]GQDU@IB[AU@GE?OOVSEc@HsABQCq@OEIKBo@WSKOAQ[YIK]e@e@MCGUGAMu@IS?e@CGECASMc@OQOg@COBUE]?]EM@IISCO?SDQMOAGHQEMCCMc@@[WSDK?MIS@SOc@AMY}ADQEWMa@KO@QGOAMQUCg@?OK]BOIy@IIK@EUVc@CWUe@GIGCIu@?WOe@I{@OSBWKq@CA?SOk@GEIOAMGM?IMSQaASY?@I]KKCKQOSm@KGBOAI[KI?@UCIOIIQKGCQGGQG?MMMKQCKu@gA@LIWOQ?O', 'resource_state': 3}",8424,2703,4,"{'pr_elapsed_time': None, 'pr_date': None, 'pr_visibility': None, 'pr_activity_id': None, 'pr_activity_visibility': None, 'effort_count': 0}","{'kom': '6:59', 'qom': '7:50', 'overall': '6:59', 'destination': {'href': 'strava://segments/22951623/leaderboard', 'type': 'overall', 'name': 'All-Time'}}","{'athlete_id': 25886423, 'title': 'Gerardo Hernandez Arroyo', 'profile': 'https://dgalywyr863hv.cloudfront.net/pictures/athletes/25886423/7480471/2/large.jpg', 'effort_description': '21 efforts in the last 90 days', 'effort_count': '21', 'effort_counts': {'overall': '21 efforts', 'female': '10 efforts'}, 'destination': 'strava://segments/22951623/local_legend?categories%5B%5D=overall'}"
4589411,3,Chapultepec Gran Avenida completa,Run,3050.62,0.0,4.1,2259.4,2250.3,"[19.421142, -99.179401]","[19.421123, -99.179373]",https://d3o5xota0a1fcr.cloudfront.net/v6/charts/STGVUSLIM5U5AD2U6QUNBP63JSVWA6ZRFGCDW7QEQQ5P52XYOQ7OVKVVQLR7KRNJY6JFGJ2P6B52SCGX5RG7VXQ=,"{'light_url': 'https://d3o5xota0a1fcr.cloudfront.net/v6/charts/STGVUSLIM5U5AD2U6QUNBP63JSVWA6ZRFGCDW7QEQQ5P52XYOQ7OVKVVQLR7KRNJY6JFGJ2P6B52SCGX5RG7VXQ=', 'dark_url': 'https://d3o5xota0a1fcr.cloudfront.net/v6/charts/VVYM3D2XOKBJ5XGUFWC4VABVHDISDKN2Y6727BLZQGNIRT6WFYD7CD4JW67TSS64SWIKYFQ56IT73X22YCGFGXQ='}",0,Mexico City,D.F.,Mexico,False,False,False,2013-07-02T03:47:44Z,2021-05-20T08:02:35Z,7.3,"{'id': 's4589411', 'polyline': 'kepuB~}i|QcAbAiAdBc@bBKfAEv@@b@FxAPbBfA~EV|BJdBNtRVtEFj@VbAJV\\j@d@j@j@d@f@\\t@Tp@Lv@H~@@|AEl@KfA]b@Sd@Wt@m@v@sAZaAr@mC`AcG\\{DJ_EE}@UeBe@sBQg@eB_EU_ACWCsDCa@Kk@S_@a@c@[WsBaAiEmBw@g@w@]WQs@YQEKAc@?c@BG@g@d@', 'resource_state': 3}",85150,15324,295,"{'pr_elapsed_time': 998, 'pr_date': '2025-06-15', 'pr_visibility': 'everyone', 'pr_activity_id': 14808720492, 'pr_activity_visibility': 'everyone', 'effort_count': 1}","{'kom': '9:17', 'qom': '12:19', 'overall': '9:17', 'destination': {'href': 'strava://segments/4589411/leaderboard', 'type': 'overall', 'name': 'All-Time'}}","{'athlete_id': 23899534, 'title': 'Mario Enrique Vargas Camacho', 'profile': 'https://graph.facebook.com/10214611645351855/picture?height=256&width=256', 'effort_description': '87 efforts in the last 90 days', 'effort_count': '87', 'effort_counts': {'overall': '87 efforts', 'female': '50 efforts'}, 'destination': 'strava://segments/4589411/local_legend?categories%5B%5D=overall'}"
6760291,3,Av. Amsterdam Counterclockwise,Run,1942.5,0.0,4.3,2245.1,2243.0,"[19.414229, -99.170029]","[19.414267, -99.169987]",https://d3o5xota0a1fcr.cloudfront.net/v6/charts/IR6RNK7PGXN4MBNUWXDODTSKGTC4JGIDZYECX5KKBQR632FRL2CLCVLZDRGLETRSA6HMBD5Q3VWIROQ6U4UIQUJX,"{'light_url': 'https://d3o5xota0a1fcr.cloudfront.net/v6/charts/IR6RNK7PGXN4MBNUWXDODTSKGTC4JGIDZYECX5KKBQR632FRL2CLCVLZDRGLETRSA6HMBD5Q3VWIROQ6U4UIQUJX', 'dark_url': 'https://d3o5xota0a1fcr.cloudfront.net/v6/charts/UPCPMZFJ4IRRGOOCQAZPBG5ZHK4YQRE7ZWZNBTEWPP24HXLEL7ZKSMCZWXPVSUFR7F236ZFSBKKROFNUQPUCGQ2I'}",0,Mexico City,D.F.,Mexico,False,False,False,2014-02-26T06:33:50Z,2021-05-20T08:02:53Z,4.0,"{'id': 's6760291', 'polyline': '{ynuBtch|QRVLDN?XEJ@NLJRLLtB~@j@R`@Dp@d@\\D\\LpARVLVTb@JXJRBh@^RFd@BTDX?t@[PELKT[FE^AE[Ja@@a@?GGACE@i@E]@WGYAw@Km@Cg@Sa@Mk@MYCYMc@m@s@k@e@a@_@a@Uw@USM[ISOY?a@C_@ISIw@OY@g@E_@OMMKBSSSMu@WW?e@M}@KYIc@Eo@COBa@Ec@Fa@VW`@GDMX[LWXKRCHAbBXnA@NLPFVTXR^RN^d@R`@^PPNTTND^Z', 'resource_state': 3}",87596,9332,118,"{'pr_elapsed_time': None, 'pr_date': None, 'pr_visibility': None, 'pr_activity_id': None, 'pr_activity_visibility': None, 'effort_count': 0}","{'kom': '6:24', 'qom': '7:28', 'overall': '6:24', 'destination': {'href': 'strava://segments/6760291/leaderboard', 'type': 'overall', 'name': 'All-Time'}}","{'athlete_id': 125096625, 'title': 'Strava Athlete', 'profile': 'avatar/athlete/large.png', 'effort_description': '71 efforts in the last 90 days', 'effort_count': '71', 'effort_counts': {'overall': '71 efforts', 'female': '32 efforts'}, 'destination': 'strava://segments/6760291/local_legend?categories%5B%5D=overall'}"
17363513,3,Chapultapec 2da Seccion-Contraflujo de Entrada Principal,Run,3584.6,-0.1,25.3,2323.4,2294.2,"[19.417565, -99.19681]","[19.417503, -99.196664]",https://d3o5xota0a1fcr.cloudfront.net/v6/charts/BNOT3S5B2K4743GRU57K4B7ICA3EVE3P7VCI26WEY5XP7F47HOIY4ZZKJMV2UFJ2HFBNRXMGYLAU2SIQAEZMCRMA,"{'light_url': 'https://d3o5xota0a1fcr.cloudfront.net/v6/charts/BNOT3S5B2K4743GRU57K4B7ICA3EVE3P7VCI26WEY5XP7F47HOIY4ZZKJMV2UFJ2HFBNRXMGYLAU2SIQAEZMCRMA', 'dark_url': 'https://d3o5xota0a1fcr.cloudfront.net/v6/charts/TUXF5BTE4JYVNR6CKNNITKLGNENQCOMQAUHUGIJBJJ2A354XUWMXPRCS6Q5SZ5J6AMVWLUJ277AF5K4IIS4ZC5U6'}",0,Ciudad de México,Ciudad de México,Mexico,False,False,False,2018-04-10T21:53:18Z,2021-05-20T08:04:35Z,33.4,"{'id': 's17363513', 'polyline': 'wnouB`km|Qg@zA]j@c@f@eDpCULWFgABc@Dg@P[TYd@i@dCG|@@n@Hb@Vt@jAlBP^b@vAXp@JL\\VTZFFf@JT@`BIh@Bb@J|@p@p@V^DnAEt@]^e@TYHWPgADK`@a@f@[RWJEn@GRGvEyBbAc@VETANBNDVLx@t@dAhAXPv@r@t@|@f@j@TDFDTBd@@jAIp@@b@EbAAz@Eb@Id@QdAg@jBgAPUBO?KCeBIq@Sm@IOsEiKyAmCo@_AIWaBcDoA{CUSQEUAa@HyGbCeBr@sAb@uAb@uAXqAHuAScDWiAG]B[LUP', 'resource_state': 3}",202295,31127,102,"{'pr_elapsed_time': None, 'pr_date': None, 'pr_visibility': None, 'pr_activity_id': None, 'pr_activity_visibility': None, 'effort_count': 0}","{'kom': '11:37', 'qom': '12:47', 'overall': '11:37', 'destination': {'href': 'strava://segments/17363513/leaderboard', 'type': 'overall', 'name': 'All-Time'}}","{'athlete_id': 6171600, 'title': 'Martin de la Torre ', 'profile': 'https://dgalywyr863hv.cloudfront.net/pictures/athletes/6171600/3664077/9/large.jpg', 'effort_description': '42 efforts in the last 90 days', 'effort_count': '42', 'effort_counts': {'overall': '42 efforts', 'female': '35 efforts'}, 'destination': 'strava://segments/17363513/local_legend?categories%5B%5D=overall'}"
24821328,3,3Z_MIlla_Castillo,Run,1611.9,-0.2,0.7,2261.0,2254.4,"[19.421458, -99.185077]","[19.416732, -99.183815]",https://d3o5xota0a1fcr.cloudfront.net/v6/charts/XDK4HXYKT3VFT5KTT7J3CDGN52336HE3F4XSV4B3TBAJFAS7NFO7ITLNF4764BAEU7GRASJ5DPZRTUFKZXVC7CA=,"{'light_url': 'https://d3o5xota0a1fcr.cloudfront.net/v6/charts/XDK4HXYKT3VFT5KTT7J3CDGN52336HE3F4XSV4B3TBAJFAS7NFO7ITLNF4764BAEU7GRASJ5DPZRTUFKZXVC7CA=', 'dark_url': 'https://d3o5xota0a1fcr.cloudfront.net/v6/charts/ETOI4YA27TBLHSWXLMJCJAEY2MF2X3OLJG3PMJJHDQHGNTUEDVDKJAOO2BR2TW35O5UTOZP5YJF2N6YT46AFG6Q='}",0,Ciudad de México,Ciudad de México,Mexico,False,False,False,2020-07-10T00:33:34Z,2021-05-20T08:05:33Z,2.7,"{'id': 's24821328', 'polyline': 'agpuBvak|Q?z@FlBAtBDr@GnB?|@@`AXzCHl@d@`BVl@v@hAd@b@d@Xj@Nj@Vj@Jn@BdBEr@IdAYf@Sx@k@`@a@\\c@j@mAh@yApAuFDmAV_BLeBR}AFeBIw@a@oBOq@e@yA', 'resource_state': 3}",149341,21774,16,"{'pr_elapsed_time': 523, 'pr_date': '2025-06-15', 'pr_visibility': 'everyone', 'pr_activity_id': 14808720492, 'pr_activity_visibility': 'everyone', 'effort_count': 1}","{'kom': '5:00', 'qom': '5:50', 'overall': '5:00', 'destination': {'href': 'strava://segments/24821328/leaderboard', 'type': 'overall', 'name': 'All-Time'}}","{'athlete_id': 23899534, 'title': 'Mario Enrique Vargas Camacho', 'profile': 'https://graph.facebook.com/10214611645351855/picture?height=256&width=256', 'effort_description': '108 efforts in the last 90 days', 'effort_count': '108', 'effort_counts': {'overall': '108 efforts', 'female': '91 efforts'}, 'destination': 'strava://segments/24821328/local_legend?categories%5B%5D=overall'}"
15603415,3,Gandhi  KM0,Run,831.3,0.1,11.7,2259.7,2249.1,"[19.42782, -99.181553]","[19.428052, -99.181964]",https://d3o5xota0a1fcr.cloudfront.net/v6/charts/7JBWTVC54O2GK26WSIZL425M4J4XN7LZSNOQLMYDW7YA7ZTN436P3JHJMBUPQZBEAKAGPW47KMQHPM3XPDGDJLDP,"{'light_url': 'https://d3o5xota0a1fcr.cloudfront.net/v6/charts/7JBWTVC54O2GK26WSIZL425M4J4XN7LZSNOQLMYDW7YA7ZTN436P3JHJMBUPQZBEAKAGPW47KMQHPM3XPDGDJLDP', 'dark_url': 'https://d3o5xota0a1fcr.cloudfront.net/v6/charts/GJYCBZ5OC5S5FDBUOGZHXVGDJYNQLVFIJBHYYIJ3TWIYZYQZFR5KJJXUUSAWIFEWVJXBMUJG5RMZRUSP4AQ54HL2'}",0,Ciudad de México,Ciudad de México,Mexico,False,False,False,2017-08-01T17:05:06Z,2021-05-20T08:04:20Z,0.0,"{'id': 's15603415', 'polyline': '{nquBvkj|Q?YKOOJQX_@T_@Ra@Lq@\\YXs@f@U^@d@NVJb@@h@Z|@Dr@t@pBJf@b@`Ad@BFCNUW]Ge@HoA?g@Bk@TcDJqC@G', 'resource_state': 3}",477179,12854,49,"{'pr_elapsed_time': None, 'pr_date': None, 'pr_visibility': None, 'pr_activity_id': None, 'pr_activity_visibility': None, 'effort_count': 0}","{'kom': '2:26', 'qom': '3:01', 'overall': '2:26', 'destination': {'href': 'strava://segments/15603415/leaderboard', 'type': 'overall', 'name': 'All-Time'}}","{'athlete_id': 86512404, 'title': 'Alex Platas', 'profile': 'https://graph.facebook.com/10232031636127139/picture?height=256&width=256', 'effort_description': '456 efforts in the last 90 days', 'effort_count': '456', 'effort_counts': {'overall': '456 efforts', 'female': '278 efforts'}, 'destination': 'strava://segments/15603415/local_legend?categories%5B%5D=overall'}"
22046625,3,Reforma Bajando,Run,922.8,-1.1,5.5,2265.0,2253.8,"[19.425479, -99.188701]","[19.423986, -99.180215]",https://d3o5xota0a1fcr.cloudfront.net/v6/charts/4DVRCYYGGRBOC2GHCMMNKALSPNUOGTTIP4KMYMF3TVKUEEKDNIFFVOMWN66ASBWHNWP27W3W355PA6MBTE2SEZI=,"{'light_url': 'https://d3o5xota0a1fcr.cloudfront.net/v6/charts/4DVRCYYGGRBOC2GHCMMNKALSPNUOGTTIP4KMYMF3TVKUEEKDNIFFVOMWN66ASBWHNWP27W3W355PA6MBTE2SEZI=', 'dark_url': 'https://d3o5xota0a1fcr.cloudfront.net/v6/charts/QUPKSWTJGYWVZAMM4AZ6APSBJV2NQJP3CAQSF5GJOACZI42EEU57NKAC4FF7WMAOPILQMT5NV6CA2OOJIBEQOAY='}",0,Ciudad de México,Ciudad de México,Mexico,False,False,False,2019-10-13T17:32:13Z,2021-05-18T08:05:48Z,5.2,"{'id': 's22046625', 'polyline': 'e`quBlxk|QJFBEZqB?o@Dg@Nw@VgC@a@BOBwAHq@CkAj@sDP}BTgB?g@L_BP_ADgAZsBN_BFUA{@RaA', 'resource_state': 3}",303858,51151,37,"{'pr_elapsed_time': 224, 'pr_date': '2025-05-25', 'pr_visibility': 'everyone', 'pr_activity_id': 14591931755, 'pr_activity_visibility': 'everyone', 'effort_count': 5}","{'kom': '12s', 'qom': '1:41', 'overall': '12s', 'destination': {'href': 'strava://segments/22046625/leaderboard', 'type': 'overall', 'name': 'All-Time'}}","{'athlete_id': 2580261, 'title': 'JC Camarena', 'profile': 'https://dgalywyr863hv.cloudfront.net/pictures/athletes/2580261/873755/5/large.jpg', 'effort_description': '60 efforts in the last 90 days', 'effort_count': '60', 'effort_counts': {'overall': '60 efforts', 'female': '20 efforts'}, 'destination': 'strava://segments/22046625/local_legend?categories%5B%5D=overall'}"
3325750,3,Calzada Del Río Climb,Run,401.52,11.7,25.3,2457.8,2411.0,"[19.4171349, -99.1823749]","[19.4192798, -99.1797167]",https://d3o5xota0a1fcr.cloudfront.net/v6/charts/RTPNLP7MSUMK4Q3UGFWZGILDONXMMOBFLAC5ZVEMDAJBZDAC5Q53CUCDLMPRSCIXNWNLNT3IOX2HA6C6MB6NZ5PN,"{'light_url': 'https://d3o5xota0a1fcr.cloudfront.net/v6/charts/RTPNLP7MSUMK4Q3UGFWZGILDONXMMOBFLAC5ZVEMDAJBZDAC5Q53CUCDLMPRSCIXNWNLNT3IOX2HA6C6MB6NZ5PN', 'dark_url': 'https://d3o5xota0a1fcr.cloudfront.net/v6/charts/OYQMTETNQW3QDAKQT67I7GOQ55LI55BGAT6NAFOOBNA7V76HNKQXIBTRISP3VWFGXFSPQK5YSPNCXP4R55HCGZEJ'}",0,Mexico City,D.F.,Mexico,False,False,False,2013-01-26T22:53:13Z,2021-05-19T08:02:15Z,46.8,"{'id': 's3325750', 'polyline': 'alouBzpj|QOs@IoDGKMi@Yi@Y]SKSI_@Sy@_@_Cu@gAq@', 'resource_state': 3}",383463,54138,51,"{'pr_elapsed_time': 129, 'pr_date': '2025-06-15', 'pr_visibility': 'everyone', 'pr_activity_id': 14808720492, 'pr_activity_visibility': 'everyone', 'effort_count': 2}","{'kom': '51s', 'qom': '1:01', 'overall': '51s', 'destination': {'href': 'strava://segments/3325750/leaderboard', 'type': 'overall', 'name': 'All-Time'}}","{'athlete_id': 23899534, 'title': 'Mario Enrique Vargas Camacho', 'profile': 'https://graph.facebook.com/10214611645351855/picture?height=256&width=256', 'effort_description': '129 efforts in the last 90 days', 'effort_count': '129', 'effort_counts': {'overall': '129 efforts', 'female': '88 efforts'}, 'destination': 'strava://segments/3325750/local_legend?categories%5B%5D=overall'}"
14994422,3,Diana al Angel sprint,Run,434.5,-0.3,5.5,2248.0,2243.0,"[19.42482, -99.171265]","[19.426305, -99.167596]",https://d3o5xota0a1fcr.cloudfront.net/v6/charts/EWBURT3I5KZB7AX7L3DABPVL4BE2VRD2QBNBRBLUGTVNCO6NZM2M2JDQOWFLLP334DRO63BWOAFY2SH2Z6TQMBY=,"{'light_url': 'https://d3o5xota0a1fcr.cloudfront.net/v6/charts/EWBURT3I5KZB7AX7L3DABPVL4BE2VRD2QBNBRBLUGTVNCO6NZM2M2JDQOWFLLP334DRO63BWOAFY2SH2Z6TQMBY=', 'dark_url': 'https://d3o5xota0a1fcr.cloudfront.net/v6/charts/ZIVV777Q3GRJK4QJPZTDISTEZYLKMU3R3SEDEQC6OW4OTEZS5YETKCJU4ZIA7EXPWV4FLLSXFC2VKDTL64UPDCI='}",0,,,,False,False,False,2017-05-28T01:59:49Z,2021-05-19T08:04:07Z,5.0,"{'id': 's14994422', 'polyline': 'c|puBlkh|QGGg@SIGO[Mw@Ue@Us@Uc@Mu@yAwD[mAW[Ae@DUIa@Tk@AE', 'resource_state': 3}",236395,42926,24,"{'pr_elapsed_time': 125, 'pr_date': '2025-02-02', 'pr_visibility': 'everyone', 'pr_activity_id': 13521241659, 'pr_activity_visibility': 'everyone', 'effort_count': 7}","{'kom': '4s', 'qom': '6s', 'overall': '4s', 'destination': {'href': 'strava://segments/14994422/leaderboard', 'type': 'overall', 'name': 'All-Time'}}","{'athlete_id': 68255955, 'title': 'Mannuel Guzmany', 'profile': 'https://dgalywyr863hv.cloudfront.net/pictures/athletes/68255955/16897675/1/large.jpg', 'effort_description': '35 efforts in the last 90 days', 'effort_count': '35', 'effort_counts': {'overall': '35 efforts', 'female': '27 efforts'}, 'destination': 'strava://segments/14994422/local_legend?categories%5B%5D=overall'}"
8364897,3,Reforma sprint,Run,415.4,0.8,5.3,2252.0,2245.0,"[19.426781, -99.167497]","[19.42841, -99.164153]",https://d3o5xota0a1fcr.cloudfront.net/v6/charts/LTLL3RWCZ2YORGDIBZDEFY2DQT27G5GHA4EVJNTLUY6TNVJGYHVUO6HOSD66Z4YBF3GO37LEMWN7DFTEEO67XG55,"{'light_url': 'https://d3o5xota0a1fcr.cloudfront.net/v6/charts/LTLL3RWCZ2YORGDIBZDEFY2DQT27G5GHA4EVJNTLUY6TNVJGYHVUO6HOSD66Z4YBF3GO37LEMWN7DFTEEO67XG55', 'dark_url': 'https://d3o5xota0a1fcr.cloudfront.net/v6/charts/SDIPDS5B74TMUZTIO4LWTPWGJQDBL7ICBJLROPORDJ6AIKOWFNYF3VZJHVKMNOSXVIHMLZBUQOWFDVDACQ67GY3U'}",0,Mexico City,Federal District,Mexico,False,False,False,2014-10-19T14:39:04Z,2021-05-18T08:03:46Z,7.0,"{'id': 's8364897', 'polyline': 'khquBzsg|QSWa@K]SSYu@{B_@mBKc@O[Ec@o@qAEu@Uk@c@i@H]', 'resource_state': 3}",261443,46502,34,"{'pr_elapsed_time': 106, 'pr_date': '2025-02-23', 'pr_visibility': 'everyone', 'pr_activity_id': 14127523540, 'pr_activity_visibility': 'everyone', 'effort_count': 6}","{'kom': '5s', 'qom': '5s', 'overall': '5s', 'destination': {'href': 'strava://segments/8364897/leaderboard', 'type': 'overall', 'name': 'All-Time'}}","{'athlete_id': 130603782, 'title': 'Carlos Guacamole', 'profile': 'https://dgalywyr863hv.cloudfront.net/pictures/athletes/130603782/29800079/1/large.jpg', 'effort_description': '35 efforts in the last 90 days', 'effort_count': '35', 'effort_counts': {'overall': '35 efforts', 'female': '23 efforts'}, 'destination': 'strava://segments/8364897/local_legend?categories%5B%5D=overall'}"
13105013,3,Yasso 800,Run,804.7,0.5,4.1,2253.2,2247.8,"[19.416444, -99.186738]","[19.420968, -99.189639]",https://d3o5xota0a1fcr.cloudfront.net/v6/charts/C7GBRSP2H537ZB2O5GJWQ7BN4TVAO3UEYHASWOZXPS57MJO4UB6R5FLI5IBSTIU4CMBOM4GBD7I6CQYHRWPRIIQ=,"{'light_url': 'https://d3o5xota0a1fcr.cloudfront.net/v6/charts/C7GBRSP2H537ZB2O5GJWQ7BN4TVAO3UEYHASWOZXPS57MJO4UB6R5FLI5IBSTIU4CMBOM4GBD7I6CQYHRWPRIIQ=', 'dark_url': 'https://d3o5xota0a1fcr.cloudfront.net/v6/charts/3B2WNMUU7GLI7SZ46RRRRUIQRBQBC33VOYCLTG23A6F675EGNRNGJORJRZJQEOZWHTUCPDV47ILO6ZOAGBOGMZQ='}",0,Ciudad de México,Ciudad de México,Mexico,False,False,False,2016-09-05T04:44:48Z,2021-05-20T08:03:58Z,5.4,"{'id': 's13105013', 'polyline': 'wgouBblk|QSbBUt@G\\Er@u@zCCXYvA_@rAs@`Ai@`@a@RSNi@RWD[LUBY@YFw@Aa@G[?cA_@w@K{@]g@Y_@[i@}@', 'resource_state': 3}",128991,32768,28,"{'pr_elapsed_time': None, 'pr_date': None, 'pr_visibility': None, 'pr_activity_id': None, 'pr_activity_visibility': None, 'effort_count': 0}","{'kom': '2:29', 'qom': '2:41', 'overall': '2:29', 'destination': {'href': 'strava://segments/13105013/leaderboard', 'type': 'overall', 'name': 'All-Time'}}","{'athlete_id': 158595397, 'title': 'Roberto Vargas', 'profile': 'avatar/athlete/large.png', 'effort_description': '71 efforts in the last 90 days', 'effort_count': '71', 'effort_counts': {'overall': '71 efforts', 'female': '48 efforts'}, 'destination': 'strava://segments/13105013/local_legend?categories%5B%5D=overall'}"
20699063,3,La Palma - Insurgentes,Run,390.2,-1.3,0.4,2251.7,2246.7,"[19.428996, -99.163184]","[19.430471, -99.160219]",https://d3o5xota0a1fcr.cloudfront.net/v6/charts/WA5H2OOUTFFGIM4RIX3VS7WA5DRJZITCFOXQGP63GYZPHVJMB5T4CQEBWEL7CF6VRVWEO3NZAMYROF6XVYZ64VVH,"{'light_url': 'https://d3o5xota0a1fcr.cloudfront.net/v6/charts/WA5H2OOUTFFGIM4RIX3VS7WA5DRJZITCFOXQGP63GYZPHVJMB5T4CQEBWEL7CF6VRVWEO3NZAMYROF6XVYZ64VVH', 'dark_url': 'https://d3o5xota0a1fcr.cloudfront.net/v6/charts/6AJTPKVLXDOF4OUTDVT5PNPRMA2WDGQMO5RV5OVNVQZAN5UCSOXHTLU4HZWAOHE5VLSPCWSD6BVM52KB4LUS34QF'}",0,,,,False,False,False,2019-05-26T18:13:53Z,2021-05-15T02:23:13Z,0.0,"{'id': 's20699063', 'polyline': 'evquB|xf|QISa@u@O]AOBO?QYc@Wi@Gg@KU?a@GQgBqDQy@?EDC?HCDEBI@OUGA', 'resource_state': 3}",226165,43296,16,"{'pr_elapsed_time': 89, 'pr_date': '2025-02-23', 'pr_visibility': 'everyone', 'pr_activity_id': 13706702894, 'pr_activity_visibility': 'everyone', 'effort_count': 5}","{'kom': '6s', 'qom': '14s', 'overall': '6s', 'destination': {'href': 'strava://segments/20699063/leaderboard', 'type': 'overall', 'name': 'All-Time'}}","{'athlete_id': 12363139, 'title': 'Juliø H. // AFR2 Team // 🇲🇽', 'profile': 'https://dgalywyr863hv.cloudfront.net/pictures/athletes/12363139/15691794/7/large.jpg', 'effort_description': '43 efforts in the last 90 days', 'effort_count': '43', 'effort_counts': {'overall': '43 efforts', 'female': '24 efforts'}, 'destination': 'strava://segments/20699063/local_legend?categories%5B%5D=overall'}"
23096949,3,BURS MSP33,Run,713.6,-0.2,18.5,2254.8,2245.3,"[19.434178, -99.140907]","[19.433124, -99.134165]",https://d3o5xota0a1fcr.cloudfront.net/v6/charts/WDQKFHDNSPLRZKQ6Q4W5353HJINGQYEK4QN3S2EEO6BTBM6LJRSOSXARMRYQNB5KFVAR3KBDSW4JQFA5KVPT2GY=,"{'light_url': 'https://d3o5xota0a1fcr.cloudfront.net/v6/charts/WDQKFHDNSPLRZKQ6Q4W5353HJINGQYEK4QN3S2EEO6BTBM6LJRSOSXARMRYQNB5KFVAR3KBDSW4JQFA5KVPT2GY=', 'dark_url': 'https://d3o5xota0a1fcr.cloudfront.net/v6/charts/KBLDAZLTFEAH2RLB2IC33EMDHURHUDMXUDQSQE6DTGUHYO6SHMKO5HJSDPMO6LV5AHPN27EXPX2HQCEON5D7VJI='}",0,Ciudad de México,Ciudad de México,Mexico,False,False,False,2020-03-18T17:41:24Z,2023-04-04T18:19:55Z,13.9,"{'id': 's23096949', 'polyline': 'qvruBtmb|Q?WH}@Rs@DYAMJoABaAHYFe@BqAHS?[Hk@BeAJ}@NcDD]BuA^wCKeABoAr@gA', 'resource_state': 3}",38478,11596,5,"{'pr_elapsed_time': None, 'pr_date': None, 'pr_visibility': None, 'pr_activity_id': None, 'pr_activity_visibility': None, 'effort_count': 0}","{'kom': '1:38', 'qom': '1:18', 'overall': '1:18', 'destination': {'href': 'strava://segments/23096949/leaderboard', 'type': 'overall', 'name': 'All-Time'}}","{'athlete_id': 160854189, 'title': 'Roberto Samano Aguilar', 'profile': 'avatar/athlete/large.png', 'effort_description': '11 efforts in the last 90 days', 'effort_count': '11', 'effort_counts': {'overall': '11 efforts', 'female': '8 efforts'}, 'destination': 'strava://segments/23096949/local_legend?categories%5B%5D=overall'}"
11121762,3,Zócalo,Run,524.3,0.1,8.1,2252.8,2246.2,"[19.432969, -99.133846]","[19.43292, -99.133866]",https://d3o5xota0a1fcr.cloudfront.net/v6/charts/R2YIBSZUJZRGATN4XIKVCCU5SNIPBIZBLM7FE6VULZJU5KW6XS3RWIPHVDQ3OJZNQR6IFB4QWWD6TKV7B4EUGHEX,"{'light_url': 'https://d3o5xota0a1fcr.cloudfront.net/v6/charts/R2YIBSZUJZRGATN4XIKVCCU5SNIPBIZBLM7FE6VULZJU5KW6XS3RWIPHVDQ3OJZNQR6IFB4QWWD6TKV7B4EUGHEX', 'dark_url': 'https://d3o5xota0a1fcr.cloudfront.net/v6/charts/7VX2F46BXEMUOG56VSZS4FBY2UAG55EOOKEZJJZYCQKPNTJGN2MIIZZER4OK6QBVDLYIQMRDOYHQPQUP2Z62QNYT'}",0,Ciudad de México,Distrito Federal,Mexico,False,False,False,2015-12-31T21:23:50Z,2021-05-17T08:06:04Z,9.2,"{'id': 's11121762', 'polyline': '_oruBpaa|QRCd@DZ@LFL@FEJMHO\\oADk@Ni@?i@GYEGICe@CQCcACeADKJYr@YjB?TJ`@JR\\NVDNF', 'resource_state': 3}",19398,5966,7,"{'pr_elapsed_time': None, 'pr_date': None, 'pr_visibility': None, 'pr_activity_id': None, 'pr_activity_visibility': None, 'effort_count': 0}","{'kom': '1:10', 'qom': '1:34', 'overall': '1:10', 'destination': {'href': 'strava://segments/11121762/leaderboard', 'type': 'overall', 'name': 'All-Time'}}","{'athlete_id': 151713423, 'title': 'Itandehui Ramirez', 'profile': 'https://lh3.googleusercontent.com/a/ACg8ocKDryBfgLBIY_dFfdt3eQTSgQ4ld3QSE6ex6djNNDuVBBcX6L85dw=s96-c', 'effort_description': '14 efforts in the last 90 days', 'effort_count': '14', 'effort_counts': {'overall': '14 efforts', 'female': '14 efforts'}, 'destination': 'strava://segments/11121762/local_legend?categories%5B%5D=overall'}"
21894349,3,Humboldt - Gante,Run,886.6,0.5,14.2,2252.6,2236.6,"[19.435226, -99.147906]","[19.433984, -99.139663]",https://d3o5xota0a1fcr.cloudfront.net/v6/charts/4HX6HIWHPJYIW2JMBHJOYPZZ3JXP2MNWCQZVKV3454ZVFHP7OTS55JAXTFFVSRFKGK6KBOQDD6FBU3C3YCL3DKLL,"{'light_url': 'https://d3o5xota0a1fcr.cloudfront.net/v6/charts/4HX6HIWHPJYIW2JMBHJOYPZZ3JXP2MNWCQZVKV3454ZVFHP7OTS55JAXTFFVSRFKGK6KBOQDD6FBU3C3YCL3DKLL', 'dark_url': 'https://d3o5xota0a1fcr.cloudfront.net/v6/charts/UCTJGH7MZMZHZQH2YS2QJBSJUB6XADN4NFV3HQ6VYSHZD6PGRQBOYGIBEKVZ6LMX4UDEGPYWDDLCFQVNQNWNYRIN'}",0,Ciudad de México,Ciudad de México,Mexico,False,False,False,2019-09-25T01:44:54Z,2021-05-15T02:23:56Z,30.0,"{'id': 's21894349', 'polyline': 'c}ruBlyc|QEg@Ie@Bg@Hg@I{AJg@VoBXeABs@?g@Ak@Ek@\\oAFk@He@Pc@JoAD]De@T{A@gAJg@Ag@Dg@EWQm@^a@HWDi@Le@@g@J[Bg@Nq@', 'resource_state': 3}",74531,21895,7,"{'pr_elapsed_time': None, 'pr_date': None, 'pr_visibility': None, 'pr_activity_id': None, 'pr_activity_visibility': None, 'effort_count': 0}","{'kom': '2:00', 'qom': '3:15', 'overall': '2:00', 'destination': {'href': 'strava://segments/21894349/leaderboard', 'type': 'overall', 'name': 'All-Time'}}","{'athlete_id': 7229935, 'title': 'Kannin Garcia', 'profile': 'https://dgalywyr863hv.cloudfront.net/pictures/athletes/7229935/2184705/2/large.jpg', 'effort_description': '24 efforts in the last 90 days', 'effort_count': '24', 'effort_counts': {'overall': '24 efforts', 'female': '9 efforts'}, 'destination': 'strava://segments/21894349/local_legend?categories%5B%5D=overall'}"
24821106,3,MonumentoRevolucion Vuelta,Run,679.9,0.2,10.1,2229.6,2215.6,"[19.436302, -99.155251]","[19.436234, -99.15527]",https://d3o5xota0a1fcr.cloudfront.net/v6/charts/FEHZLUW5FECKHMTY7SYAMZYD3YK22PACCVJ3G37FT2G72K7TQKUP5VMJMQXC32LFWO5IJOTIAIR7ZWTJAULXIPQ=,"{'light_url': 'https://d3o5xota0a1fcr.cloudfront.net/v6/charts/FEHZLUW5FECKHMTY7SYAMZYD3YK22PACCVJ3G37FT2G72K7TQKUP5VMJMQXC32LFWO5IJOTIAIR7ZWTJAULXIPQ=', 'dark_url': 'https://d3o5xota0a1fcr.cloudfront.net/v6/charts/O6574TE3FKD3TSBQT7FS3HO2W2GTJX2LEOQHUFV2VXINPWKUV52G5PKLLK6GYOMGJCZ65WHIGTJA4DXFSL5A7WQ='}",0,Ciudad de México,Ciudad de México,Mexico,False,False,False,2020-07-09T23:47:10Z,2021-05-17T08:08:53Z,14.0,"{'id': 's24821106', 'polyline': '{csuBjge|Ql@BZEFEHOFe@As@TaBB{@Fo@@g@F]Bq@EOIGSGc@GcA?[JMRIz@Q~@?TSbAE`@AhAIbADPNNRHj@N\\?', 'resource_state': 3}",22056,1407,8,"{'pr_elapsed_time': None, 'pr_date': None, 'pr_visibility': None, 'pr_activity_id': None, 'pr_activity_visibility': None, 'effort_count': 0}","{'kom': '2:00', 'qom': '2:12', 'overall': '2:00', 'destination': {'href': 'strava://segments/24821106/leaderboard', 'type': 'overall', 'name': 'All-Time'}}","{'athlete_id': 32292667, 'title': 'JerryBell Gh Arrieta', 'profile': 'https://dgalywyr863hv.cloudfront.net/pictures/athletes/32292667/36288778/1/large.jpg', 'effort_description': '127 efforts in the last 90 days', 'effort_count': '127', 'effort_counts': {'overall': '127 efforts', 'female': '42 efforts'}, 'destination': 'strava://segments/24821106/local_legend?categories%5B%5D=overall'}"
2496710,3,Insurgentes Sur 14 Climb,Run,499.1,10.6,42.9,2278.6,2225.8,"[19.4349916, -99.1544932]","[19.4317722, -99.1572296]",https://d3o5xota0a1fcr.cloudfront.net/v6/charts/YPHYBWVYDOENGYZVALGYKNGFDLL4XY24ROYXJLQXSPOKABC7AS72XQRKWPGHUAEZIYEO6PG3LTP273YDFJA75SGT,"{'light_url': 'https://d3o5xota0a1fcr.cloudfront.net/v6/charts/YPHYBWVYDOENGYZVALGYKNGFDLL4XY24ROYXJLQXSPOKABC7AS72XQRKWPGHUAEZIYEO6PG3LTP273YDFJA75SGT', 'dark_url': 'https://d3o5xota0a1fcr.cloudfront.net/v6/charts/UWJDFTBEA2GEL2ZXTBJYIFMGSZP4D7GH7AGADVZF3CXVPEUT5PPMKTJQEIZV7D2DGSO7T3AN7CTSGSH6Z42GXMA3'}",0,Ciudad De México,D.F.,Mexico,False,False,False,2012-10-02T00:11:49Z,2021-05-15T02:12:32Z,60.6001,"{'id': 's2496710', 'polyline': 'u{ruBrbe|Q`BNl@?fBHXHVXNXPVXJr@LHFzAlCh@lAh@~@n@rB', 'resource_state': 3}",10342,4657,2,"{'pr_elapsed_time': None, 'pr_date': None, 'pr_visibility': None, 'pr_activity_id': None, 'pr_activity_visibility': None, 'effort_count': 0}","{'kom': '1:08', 'qom': '1:45', 'overall': '1:08', 'destination': {'href': 'strava://segments/2496710/leaderboard', 'type': 'overall', 'name': 'All-Time'}}","{'athlete_id': 166514686, 'title': 'Bryan Aranda Jiménez', 'profile': 'avatar/athlete/large.png', 'effort_description': '14 efforts in the last 90 days', 'effort_count': '14', 'effort_counts': {'overall': '14 efforts', 'female': '9 efforts'}, 'destination': 'strava://segments/2496710/local_legend?categories%5B%5D=overall'}"
23052578,3,CENTRO MEDICO,Run,1192.2,-0.0,18.4,2239.6,2230.3,"[19.409428, -99.157357]","[19.409518, -99.157333]",https://d3o5xota0a1fcr.cloudfront.net/v6/charts/3JSUS6FT524GZDJTTVOU47A6VKAHQCNOPM3Q3LQSUTIYZ3RYI722YJX4PZERFLZONGKZ6FZCHEARXYAVWV7MM6A=,"{'light_url': 'https://d3o5xota0a1fcr.cloudfront.net/v6/charts/3JSUS6FT524GZDJTTVOU47A6VKAHQCNOPM3Q3LQSUTIYZ3RYI722YJX4PZERFLZONGKZ6FZCHEARXYAVWV7MM6A=', 'dark_url': 'https://d3o5xota0a1fcr.cloudfront.net/v6/charts/ECLL6G3ZFZMZOJSK3KQVR7KEIHDOAF3GBRPXHHJIDUWLH7ECDXZA77HWPE33KTWPVH4LUC5G7A3X4XAC7HVOE4A='}",0,Ciudad de México,Ciudad de México,Mexico,False,False,False,2020-03-11T22:39:42Z,2021-05-15T08:06:07Z,32.1,"{'id': 's23052578', 'polyline': '{{muBnte|QWgA@_@BWBCNOZ@n@APE\\@PM\\A~@YHGLSh@_@HSD]?OCMGMCUKM]OOCq@FSJAFGD]HWAGCOQg@CG@eBr@K?GCEUGEYGYEg@g@[YQCODU\\?H?nBHZ@RLf@LNHDXDb@?BD?FQPCVm@XYVO\\YTCF@D|@`@\\D`@^LFF?PILMLITYFA`@@NE@M', 'resource_state': 3}",2867,244,9,"{'pr_elapsed_time': None, 'pr_date': None, 'pr_visibility': None, 'pr_activity_id': None, 'pr_activity_visibility': None, 'effort_count': 0}","{'kom': '3:58', 'qom': '5:02', 'overall': '3:58', 'destination': {'href': 'strava://segments/23052578/leaderboard', 'type': 'overall', 'name': 'All-Time'}}","{'athlete_id': 108850722, 'title': 'Josué Roblero', 'profile': 'https://lh3.googleusercontent.com/a/ALm5wu0HWW2sTsRPOXPwwS5QFidyIccuyaMSKdneF54P=s96-c', 'effort_description': '23 efforts in the last 90 days', 'effort_count': '23', 'effort_counts': {'overall': '23 efforts', 'female': '12 efforts'}, 'destination': 'strava://segments/23052578/local_legend?categories%5B%5D=overall'}"
12920781,3,Jardín Dr. Ignacio Chávez,Run,295.4,0.0,0.0,2241.0,2241.0,"[19.421949, -99.153791]","[19.421985, -99.153793]",https://d3o5xota0a1fcr.cloudfront.net/v6/charts/UKTNNW26YMCNQ3KPM4GP2W5RCLGCHHRGXT4NG2HPGZNMWO6DJE7Z4NHCJCFWIDEBK7ZSORAIL3WAPZHWMOUNI52H,"{'light_url': 'https://d3o5xota0a1fcr.cloudfront.net/v6/charts/UKTNNW26YMCNQ3KPM4GP2W5RCLGCHHRGXT4NG2HPGZNMWO6DJE7Z4NHCJCFWIDEBK7ZSORAIL3WAPZHWMOUNI52H', 'dark_url': 'https://d3o5xota0a1fcr.cloudfront.net/v6/charts/RIWVWKL5BSOZ5TXYDURT2AQMDSOLKSDJQA27OQKZKGO6JIOONQ2ECZNS2Q7PRJUXENLCGWBLMS4N3NRMRP2Q5T7M'}",0,Ciudad de México,Ciudad de México,Mexico,False,False,False,2016-08-16T16:49:39Z,2021-05-20T08:03:56Z,0.0,"{'id': 's12920781', 'polyline': 'cjpuBf~d|QdANNMPGHe@AOGAGKEEWCUSSAWSSDQAQPGZMXETBB?FFDb@@ZF', 'resource_state': 3}",6251,234,0,"{'pr_elapsed_time': None, 'pr_date': None, 'pr_visibility': None, 'pr_activity_id': None, 'pr_activity_visibility': None, 'effort_count': 0}","{'kom': '41s', 'qom': '1:06', 'overall': '41s', 'destination': {'href': 'strava://segments/12920781/leaderboard', 'type': 'overall', 'name': 'All-Time'}}","{'athlete_id': 49759174, 'title': 'Sergio Reyes Canuto', 'profile': 'https://graph.facebook.com/3278166025543270/picture?height=256&width=256', 'effort_description': '88 efforts in the last 90 days', 'effort_count': '88', 'effort_counts': {'overall': '88 efforts', 'female': '67 efforts'}, 'destination': 'strava://segments/12920781/local_legend?categories%5B%5D=overall'}"
27664195,3,20 de noviembre Fray Servando - Zocalo,Run,901.1,0.2,11.0,2231.2,2228.6,"[19.423932, -99.13442]","[19.431892, -99.133416]",https://d3o5xota0a1fcr.cloudfront.net/v6/charts/W43IERA5NDD7SBU427IPQBKW5MMLBVDOH7VJOXXZSCFU5UWVCWAMVTTSUX4EYK5W57GMHFE3EDZVOISAJ3MKDLI=,"{'light_url': 'https://d3o5xota0a1fcr.cloudfront.net/v6/charts/W43IERA5NDD7SBU427IPQBKW5MMLBVDOH7VJOXXZSCFU5UWVCWAMVTTSUX4EYK5W57GMHFE3EDZVOISAJ3MKDLI=', 'dark_url': 'https://d3o5xota0a1fcr.cloudfront.net/v6/charts/IINAOSBTZ7BUDCDEO7IRZEXC5INLAOWYY32RRT4ZJ3GNVFGS2MUPYMKEY2C7DWXGIGXOCLJLOJGVGT7P3NMVPWA='}",0,Ciudad de México,Ciudad de México,Mexico,False,False,False,2021-03-18T23:34:10Z,2021-05-15T02:25:56Z,2.6,"{'id': 's27664195', 'polyline': 'qvpuBbea|QWHo@Bw@Fy@McAGc@DGCU@QD_@AKCOM_A[KAID_@?UGWCiADWCWOg@EMG{BEg@Ke@?[De@AGBG?MMGAo@@k@EU@[MGBG?e@SI?SJMBYEKBQ@EESASO[KQA[@a@KM@m@IQISQ', 'resource_state': 3}",1268,415,0,"{'pr_elapsed_time': None, 'pr_date': None, 'pr_visibility': None, 'pr_activity_id': None, 'pr_activity_visibility': None, 'effort_count': 0}","{'kom': '2:54', 'qom': '2:57', 'overall': '2:54', 'destination': {'href': 'strava://segments/27664195/leaderboard', 'type': 'overall', 'name': 'All-Time'}}","{'athlete_id': 69423517, 'title': 'Abreu 13', 'profile': 'avatar/athlete/large.png', 'effort_description': '11 efforts in the last 90 days', 'effort_count': '11', 'effort_counts': {'overall': '11 efforts', 'female': '5 efforts'}, 'destination': 'strava://segments/27664195/local_legend?categories%5B%5D=overall'}"
21894354,3,Gante - Regina,Run,678.8,-0.8,6.5,2248.2,2238.0,"[19.433861, -99.139516]","[19.428442, -99.139051]",https://d3o5xota0a1fcr.cloudfront.net/v6/charts/P2FPVBYHDM2E6A2TSJW4XSSUOP6DT5MCQRZQQV4MLGYD6OZ6PHJGVAEUZX26QUMZIPNC5WTCISJMOAQEOL3QHVF5,"{'light_url': 'https://d3o5xota0a1fcr.cloudfront.net/v6/charts/P2FPVBYHDM2E6A2TSJW4XSSUOP6DT5MCQRZQQV4MLGYD6OZ6PHJGVAEUZX26QUMZIPNC5WTCISJMOAQEOL3QHVF5', 'dark_url': 'https://d3o5xota0a1fcr.cloudfront.net/v6/charts/LPQGF3IUKKZ5Q5EO656MDJJ2GIJZBK34C545H3JB4JYC5GHCVPQGHIK5NNDQ2W4US22FHWJDZWDGOXP73RZPEON6'}",0,Ciudad de México,,Mexico,False,False,False,2019-09-25T01:45:51Z,2021-05-15T02:23:56Z,5.7,"{'id': 's21894354', 'polyline': 'struB~db|QHAf@@d@K`@BbAA\\B\\@^Nn@H\\AXBDGTy@Fc@G]Ja@f@Cr@Ln@@NCXYj@Ep@N|@XPBfDPnANd@@NG', 'resource_state': 3}",283,32,1,"{'pr_elapsed_time': None, 'pr_date': None, 'pr_visibility': None, 'pr_activity_id': None, 'pr_activity_visibility': None, 'effort_count': 0}","{'kom': '2:36', 'qom': '3:48', 'overall': '2:36', 'destination': {'href': 'strava://segments/21894354/leaderboard', 'type': 'overall', 'name': 'All-Time'}}","{'athlete_id': 37840358, 'title': 'Carlos Torrealba', 'profile': 'https://dgalywyr863hv.cloudfront.net/pictures/athletes/37840358/11134989/1/large.jpg', 'effort_description': '14 efforts in the last 90 days', 'effort_count': '14', 'effort_counts': {'overall': '14 efforts', 'female': None}, 'destination': 'strava://segments/21894354/local_legend?categories%5B%5D=overall'}"
6498640,3,standar time,Run,1455.3,0.0,3.5,2241.8,2240.0,"[19.410183, -99.107754]","[19.41009, -99.107912]",https://d3o5xota0a1fcr.cloudfront.net/v6/charts/ZES2F2NXQSON64CSD4YGDB6FN4U4DDRGCZOFSGFDO5YER7QNERXQXWD5UKHUVVHHTI5LR3NWV3HOFSZCMAOVHVQ=,"{'light_url': 'https://d3o5xota0a1fcr.cloudfront.net/v6/charts/ZES2F2NXQSON64CSD4YGDB6FN4U4DDRGCZOFSGFDO5YER7QNERXQXWD5UKHUVVHHTI5LR3NWV3HOFSZCMAOVHVQ=', 'dark_url': 'https://d3o5xota0a1fcr.cloudfront.net/v6/charts/QAZYNYRADZUO3IQZHN5CGJH3IWIUKVXR4GQG5MAW7PRNL4LTW3RZRW3MJDA3YEH6ONT2TDLNCICYMXC5KEDTN3A='}",0,Mexico City,D.F.,Mexico,False,False,False,2014-01-22T19:30:20Z,2021-05-15T08:03:24Z,0.0,"{'id': 's6498640', 'polyline': 's`nuBn~{{QJDHJJ\\ZNV\\JBHLNJh@TJLBFLFFLZH^ZRBTAJEBG@eACK@QE[?q@CSCGDC?]BQGWMQI[KOME@IJSNg@CCBSAGJE@KBMAENo@CEEy@M[ECDG@MNYAa@DS?MEEAO@GCWII@I_@BI?GAO@OAAI[IYFUAE@UEq@PWAEEKEc@CEC[@MEIBc@EK@KBOCWASBUJI@GZ?b@GP?`AIdABDAFGZEd@FrAAZLA`@j@ZPFVPVdAb@VXJBN@LDVd@?EBNHF', 'resource_state': 3}",49797,1293,16,"{'pr_elapsed_time': None, 'pr_date': None, 'pr_visibility': None, 'pr_activity_id': None, 'pr_activity_visibility': None, 'effort_count': 0}","{'kom': '4:04', 'qom': '5:28', 'overall': '4:04', 'destination': {'href': 'strava://segments/6498640/leaderboard', 'type': 'overall', 'name': 'All-Time'}}","{'athlete_id': 88919508, 'title': 'Fernanda Flores', 'profile': 'https://lh3.googleusercontent.com/a-/AOh14Gid3jIsaUCwZ_c67bLD8TXS_hH4EOdS9nsDH1ed=s96-c', 'effort_description': '161 efforts in the last 90 days', 'effort_count': '161', 'effort_counts': {'overall': '161 efforts', 'female': '161 efforts'}, 'destination': 'strava://segments/6498640/local_legend?categories%5B%5D=overall'}"
21894366,3,Plaza la Aguilita hasta Rep. de Guatemala,Run,825.4,0.5,6.6,2244.0,2236.1,"[19.426783, -99.128322]","[19.434085, -99.127047]",https://d3o5xota0a1fcr.cloudfront.net/v6/charts/KM2ZQDS2QSPPQZRBJJFY477ODU2OEU6WDB3RESZEX2ZELNLR2Y7N4IAMOADJK4GP6SDNM6VILHCYX3KBRKBXIJYE,"{'light_url': 'https://d3o5xota0a1fcr.cloudfront.net/v6/charts/KM2ZQDS2QSPPQZRBJJFY477ODU2OEU6WDB3RESZEX2ZELNLR2Y7N4IAMOADJK4GP6SDNM6VILHCYX3KBRKBXIJYE', 'dark_url': 'https://d3o5xota0a1fcr.cloudfront.net/v6/charts/SLSAEI6KA6CHCJZA4NSWUIAXPPM6LKFAJCJI423R72CCUSHDKMBL6I6YBX5Z35RH5AK2NRGKMPTLNQ6L6B7PFFHI'}",0,Ciudad de México,Ciudad de México,Mexico,False,False,False,2019-09-25T01:48:41Z,2021-05-17T08:08:28Z,12.6,"{'id': 's21894366', 'polyline': 'khquB`_`|QIWyA_AaAQe@Ce@@aBGM@s@Og@Ac@Oe@?sBWe@Ce@@e@Ae@KoACg@Ee@?wB[yDMe@Kc@CeC?', 'resource_state': 3}",266,17,2,"{'pr_elapsed_time': None, 'pr_date': None, 'pr_visibility': None, 'pr_activity_id': None, 'pr_activity_visibility': None, 'effort_count': 0}","{'kom': '3:39', 'qom': '4:06', 'overall': '3:39', 'destination': {'href': 'strava://segments/21894366/leaderboard', 'type': 'overall', 'name': 'All-Time'}}","{'athlete_id': 37840358, 'title': 'Carlos Torrealba', 'profile': 'https://dgalywyr863hv.cloudfront.net/pictures/athletes/37840358/11134989/1/large.jpg', 'effort_description': '13 efforts in the last 90 days', 'effort_count': '13', 'effort_counts': {'overall': '13 efforts', 'female': None}, 'destination': 'strava://segments/21894366/local_legend?categories%5B%5D=overall'}"
23049655,3,parque de los periodistas,Run,1302.3,-0.1,13.6,2244.6,2232.0,"[19.420961, -99.117264]","[19.420862, -99.117186]",https://d3o5xota0a1fcr.cloudfront.net/v6/charts/EUPJBGH4CLW7P645YBAGODIZUTNQYYQR44M4HG5FD2NVPVQMJP7CUKIJ4MCH4LQYR456UAXY43JUJTDQBMHCTTJ5,"{'light_url': 'https://d3o5xota0a1fcr.cloudfront.net/v6/charts/EUPJBGH4CLW7P645YBAGODIZUTNQYYQR44M4HG5FD2NVPVQMJP7CUKIJ4MCH4LQYR456UAXY43JUJTDQBMHCTTJ5', 'dark_url': 'https://d3o5xota0a1fcr.cloudfront.net/v6/charts/FVB3PTPAVEJOB7O7JOWTFUPZ4MOULDRJMDJVRSLZNW7IV7TF44NJKQRSC3X5MI7EJ2VIRQ3ROIBL4VRTOLVLREVV'}",0,Ciudad de México,Ciudad de México,Mexico,False,False,False,2020-03-11T15:35:06Z,2021-05-15T02:24:21Z,24.4,"{'id': 's23049655', 'polyline': '_dpuB|y}{QFUB]BGj@DFAPQFAp@Ph@E`@HR?TMTNF@NE\\A`@PRDJHBXCh@GZ@\\JZ?JMpA?TIb@@NFR@hADl@Ah@DXEj@?b@CNBVCTBREHm@OU@a@I]@y@K_B]a@AWHgAHWGc@GGG]Ea@IGC?ER_@@_@HgATe@Dm@N[T}@Dg@LQ@G@SES?Ib@qA@WTm@BS', 'resource_state': 3}",3035,137,6,"{'pr_elapsed_time': None, 'pr_date': None, 'pr_visibility': None, 'pr_activity_id': None, 'pr_activity_visibility': None, 'effort_count': 0}","{'kom': '4:21', 'qom': '6:35', 'overall': '4:21', 'destination': {'href': 'strava://segments/23049655/leaderboard', 'type': 'overall', 'name': 'All-Time'}}","{'athlete_id': 134846286, 'title': 'Pascual Miguel', 'profile': 'https://dgalywyr863hv.cloudfront.net/pictures/athletes/134846286/30877516/1/large.jpg', 'effort_description': '88 efforts in the last 90 days', 'effort_count': '88', 'effort_counts': {'overall': '88 efforts', 'female': '6 efforts'}, 'destination': 'strava://segments/23049655/local_legend?categories%5B%5D=overall'}"
23012664,3,fray servando,Run,10281.4,-0.0,18.0,2245.1,2231.8,"[19.420961, -99.117264]","[19.420954, -99.117462]",https://d3o5xota0a1fcr.cloudfront.net/v6/charts/NPBLHG35TYQDYNL4SCGFEGWGL4B36AU7YU6FALPXWXMB2BZORNKCOQA3ZN5RNCWSXWJ6ZGB5TCQSIAYURBUYKYIG,"{'light_url': 'https://d3o5xota0a1fcr.cloudfront.net/v6/charts/NPBLHG35TYQDYNL4SCGFEGWGL4B36AU7YU6FALPXWXMB2BZORNKCOQA3ZN5RNCWSXWJ6ZGB5TCQSIAYURBUYKYIG', 'dark_url': 'https://d3o5xota0a1fcr.cloudfront.net/v6/charts/BHVXHLQYY7HSAO4QBTEKJW7ZFMGWY7C7WXK4GABLBM3TG22HVIQSMXWI4KIRRSBLZ3MGE2YE6WRUFY2XUXJTQKVW'}",0,Ciudad de México,Ciudad de México,Mexico,False,False,False,2020-03-06T15:41:29Z,2021-05-17T08:08:37Z,189.5,"{'id': 's23012664', 'polyline': '_dpuB|y}{QFUB]BGj@DFAPQFAp@Ph@E`@HR?TMTNF@NE\\A`@PRDJHBXCh@GZ@\\JZ?JMpA?TIb@@NFR@hADl@Ah@DXEj@?b@CNBVCT@XGBi@OU@a@Ie@?s@I}A]a@AWHgAHWGc@GGG]Ea@IGC?ER_@@_@HgATe@Dm@N[T}@Dg@NW@UES?I`@iABI?UVs@Fu@DCLFHATUPCt@NX?\\NT@h@H`ACVH^@JDBH@LCb@IVFjBI^Dj@Cl@F^Cx@@dAE|@Fz@EX@JCZHh@EBKC]SKEg@@SEc@?u@EYIqAWS@YPM@s@Oq@GY?E@UCWGGG?MNYDe@@a@F_@Pw@Ri@NaAVi@C]Jg@CM?KXqA\\y@F_@?Y@INEV@LOXNFHF@r@ATLXBn@Gl@Dp@?V@LDDDBLAZG\\Cl@F`@@`@C~@E^HtA?lA@h@EVBxAEZDp@A\\CBG?QKQEw@G]?o@OaAGWGUKSCq@F}@Ce@IM?MDK@OI_@IACA]@k@BQh@gCD[`@cAA_@@MRu@N}@Ng@Nu@Bm@Na@HED?VLF@LSJ?RDL?NH\\DV?LH\\AXDNDZBr@?f@RDPMhACt@D^AFEB?H@bBHZQDALNtA@`@?THh@GbAGX@R@r@ADa@MaAS[EW@m@O_@Ga@?_@E_@Ko@H[AWMQBc@AYKEIUAEAGEAGBUTg@DaAFWLQX_DTa@NwAN_@L_AFWHMBWHGJCZHJUFED?XHn@AdAZp@G^FLFRAj@HHD@JAVMd@BvAAp@?z@Cf@F\\CZF^?bAGj@AnAG`@FPBX@NCFG?u@W[Gg@?s@Gw@QeAQSBSHM?uBMKBK?a@MIIAO@YHODUBg@Lc@BULOLg@Lu@?[BMN[Hs@FWZq@@k@Na@?w@FSFAZ?FUJENHVBXJd@?v@LNAn@Fr@LZGLADFDVGl@Dd@@h@El@EhBH`@@RGd@@bAGj@JXEnADPHJ?FGj@G@YIk@Co@IWLM@cA]a@IQIQCk@@e@Fg@GsAGOEII]GIG?CHQRq@F}@\\wAHg@L]B_@HSb@iBLy@@QHSLi@@U`@CFEHSFAr@LHFH@h@@XF\\IZDTH^BRL`@ATJDHAVOVAT?VHb@EZ@`@Ih@Dt@L^ERBj@ENDhBIx@DX?hAc@Ko@CSIe@IcA?YIUCCCo@?OBMDUAOSgAHQ?QEM?MKKAKBGCGMAW@QLQCc@HoADUVk@D[NW@e@Lw@@_@T_@DON}@JW@U\\{@TIN@HCBMB?`@Bh@FX?^NLBNABBp@G^@\\HVALFBJBzAC`@HTIx@@b@GpAFVFfBHXEx@G`@Af@AzABFCEa@Iq@Ki@B_@Go@Uc@IWGg@E_@DUDO@OCGMEAWHc@Ce@DGAGKQG]CECAGD]F[?YFID]JUJ]\\kBJ{@Ra@Lg@NMC_@Jq@LWFA@B', 'resource_state': 3}",15,11,0,"{'pr_elapsed_time': None, 'pr_date': None, 'pr_visibility': None, 'pr_activity_id': None, 'pr_activity_visibility': None, 'effort_count': 0}","{'kom': '49:08', 'qom': '1:04:33', 'overall': '49:08', 'destination': {'href': 'strava://segments/23012664/leaderboard', 'type': 'overall', 'name': 'All-Time'}}","{'athlete_id': 134846286, 'title': 'Pascual Miguel', 'profile': 'https://dgalywyr863hv.cloudfront.net/pictures/athletes/134846286/30877516/1/large.jpg', 'effort_description': '1 effort in the last 90 days', 'effort_count': '1', 'effort_counts': {'overall': '1 effort', 'female': None}, 'destination': 'strava://segments/23012664/local_legend?categories%5B%5D=overall'}"
31048634,3,Deportivo Venustiano Carranza,Run,431.7,0.0,8.1,2239.1,2234.1,"[19.425977, -99.118163]","[19.426, -99.118178]",https://d3o5xota0a1fcr.cloudfront.net/v6/charts/2MUOAH4VPBLGX75UHED23IEBPH25VPRD7YJQ5RWZE74CXK2YZGC3OKA2MEWB3TPMCQTBH3AUEE2W2PUKNRK3JFDN,"{'light_url': 'https://d3o5xota0a1fcr.cloudfront.net/v6/charts/2MUOAH4VPBLGX75UHED23IEBPH25VPRD7YJQ5RWZE74CXK2YZGC3OKA2MEWB3TPMCQTBH3AUEE2W2PUKNRK3JFDN', 'dark_url': 'https://d3o5xota0a1fcr.cloudfront.net/v6/charts/GEA5S5L552KHMFBKXETDFEMJWPEVNONKXYFYPWI3FRJU36BLAJOAHWKSSMWE7T4O4FKVVSFOJJ2W7UPRJZUMISY6'}",0,Ciudad de México,Ciudad de México,Mexico,False,False,False,2022-02-16T20:04:08Z,2022-02-16T20:04:09Z,6.245,"{'id': 's31048634', 'polyline': 'icquBp_~{Q?}@Dw@?]GYSQSI[?YH[VKRMhBE|A?HLb@FD`@LP@b@KHKPe@Lw@', 'resource_state': 3}",55102,382,1,"{'pr_elapsed_time': None, 'pr_date': None, 'pr_visibility': None, 'pr_activity_id': None, 'pr_activity_visibility': None, 'effort_count': 0}","{'kom': '58s', 'qom': '1:16', 'overall': '58s', 'destination': {'href': 'strava://segments/31048634/leaderboard', 'type': 'overall', 'name': 'All-Time'}}","{'athlete_id': 29257770, 'title': 'Romeo Monroy', 'profile': 'https://dgalywyr863hv.cloudfront.net/pictures/athletes/29257770/30471617/1/large.jpg', 'effort_description': '294 efforts in the last 90 days', 'effort_count': '294', 'effort_counts': {'overall': '294 efforts', 'female': '123 efforts'}, 'destination': 'strava://segments/31048634/local_legend?categories%5B%5D=overall'}"
26920030,3,Parque Fortino Serrano,Run,427.8,0.0,4.1,2235.6,2233.8,"[19.432363, -99.094244]","[19.432371, -99.094228]",https://d3o5xota0a1fcr.cloudfront.net/v6/charts/ZW3RCQ5CRLYWJL6DF5ED6WWHHBI2IMJLXKT3Q43H7IXDFC4PT6JOSOJPWFH3MULPVQTWYQZWMJEIJ7GVTSQ7FNA=,"{'light_url': 'https://d3o5xota0a1fcr.cloudfront.net/v6/charts/ZW3RCQ5CRLYWJL6DF5ED6WWHHBI2IMJLXKT3Q43H7IXDFC4PT6JOSOJPWFH3MULPVQTWYQZWMJEIJ7GVTSQ7FNA=', 'dark_url': 'https://d3o5xota0a1fcr.cloudfront.net/v6/charts/DLV2ZAC3RM2UA64SZCTJXV3BVQR3DJ7VXKV3MGIQJMHTJGRH2HWE7BD4AAPSFF2IWL52ANUXTT6GRHW2TBAOPOQ='}",0,Ciudad de México,Ciudad de México,Mexico,False,False,False,2021-01-06T01:55:02Z,2021-05-15T02:25:41Z,0.0,"{'id': 's26920030', 'polyline': 'gkruB`jy{QMNk@rAGVBTPT\\RdAb@d@XJ@JCJGJOTg@`@eABWKKqBy@m@YKCSD', 'resource_state': 3}",10915,115,1,"{'pr_elapsed_time': None, 'pr_date': None, 'pr_visibility': None, 'pr_activity_id': None, 'pr_activity_visibility': None, 'effort_count': 0}","{'kom': '1:22', 'qom': '11s', 'overall': '11s', 'destination': {'href': 'strava://segments/26920030/leaderboard', 'type': 'overall', 'name': 'All-Time'}}","{'athlete_id': 110584390, 'title': 'Carlos Alvarez Ramirez', 'profile': 'https://dgalywyr863hv.cloudfront.net/pictures/athletes/110584390/30696221/1/large.jpg', 'effort_description': '159 efforts in the last 90 days', 'effort_count': '159', 'effort_counts': {'overall': '159 efforts', 'female': '78 efforts'}, 'destination': 'strava://segments/26920030/local_legend?categories%5B%5D=overall'}"
20691491,3,Astro Turf Cirlce of Death,Run,189.8,0.0,6.5,2241.0,2235.2,"[19.421242, -99.077582]","[19.4212, -99.077704]",https://d3o5xota0a1fcr.cloudfront.net/v6/charts/7FKRNVNCUXSQVNA3O5S2UKPJUJSBK5SZFFOPUQMJMR4GAZXG7CLXPEF5272W2FQAAHH2A3O7SI2EA477FK25JI6X,"{'light_url': 'https://d3o5xota0a1fcr.cloudfront.net/v6/charts/7FKRNVNCUXSQVNA3O5S2UKPJUJSBK5SZFFOPUQMJMR4GAZXG7CLXPEF5272W2FQAAHH2A3O7SI2EA477FK25JI6X', 'dark_url': 'https://d3o5xota0a1fcr.cloudfront.net/v6/charts/JZA66LDVCPNMZQMXQ6JX6DBJRGEFACSCNF4HG6G25AOQWUPZWH7SGCAFDB6H7BZGONP45TCTADY6KFZK2DIJWAEK'}",0,,,,False,False,False,2019-05-25T22:31:19Z,2021-05-15T02:23:13Z,5.8,"{'id': 's20691491', 'polyline': 'wepuB|av{Q\\Tf@IV_@Ae@c@Wc@JULEf@Nf@', 'resource_state': 3}",46,48,1,"{'pr_elapsed_time': None, 'pr_date': None, 'pr_visibility': None, 'pr_activity_id': None, 'pr_activity_visibility': None, 'effort_count': 0}","{'kom': '38s', 'qom': '1:12', 'overall': '38s', 'destination': {'href': 'strava://segments/20691491/leaderboard', 'type': 'overall', 'name': 'All-Time'}}","{'athlete_id': 2595953, 'title': 'Eduardo Lemus', 'profile': 'https://dgalywyr863hv.cloudfront.net/pictures/athletes/2595953/21002455/1/large.jpg', 'effort_description': '1 effort in the last 90 days', 'effort_count': '1', 'effort_counts': {'overall': '1 effort', 'female': None}, 'destination': 'strava://segments/20691491/local_legend?categories%5B%5D=overall'}"
18210346,3,Pista Estadio Jesus Martinez Palillo,Run,414.3,-0.6,11.4,2234.6,2231.6,"[19.407972, -99.094559]","[19.407974, -99.094565]",https://d3o5xota0a1fcr.cloudfront.net/v6/charts/RMLWUCRGWRBXPZZNBFGXYNPLBENUOMI2CRAUMDG4MPCOFVGOPWTHIE2GHDI4ZMLQH3BTU7OHIPVR6CVXFSHGSOQ=,"{'light_url': 'https://d3o5xota0a1fcr.cloudfront.net/v6/charts/RMLWUCRGWRBXPZZNBFGXYNPLBENUOMI2CRAUMDG4MPCOFVGOPWTHIE2GHDI4ZMLQH3BTU7OHIPVR6CVXFSHGSOQ=', 'dark_url': 'https://d3o5xota0a1fcr.cloudfront.net/v6/charts/THJEPPJ4VLMVFU6SX7IHDFIOJN7POXWQLJFCDB64SRLNV7RBWMWDJLALB4XH5ABZDOL2C7ZXIF2LJE6J4MTU7FA='}",0,Ciudad de México,Ciudad de México,Mexico,False,False,False,2018-07-12T16:06:37Z,2021-05-15T02:21:28Z,0.0,"{'id': 's18210346', 'polyline': 'yrmuB~ky{QQ?YFMJOXAN@\\LXJJPFNB`DPRAJEXWF[Aa@ESQQUG_@CwBMM?', 'resource_state': 3}",8596,402,2,"{'pr_elapsed_time': None, 'pr_date': None, 'pr_visibility': None, 'pr_activity_id': None, 'pr_activity_visibility': None, 'effort_count': 0}","{'kom': '53s', 'qom': '1:13', 'overall': '53s', 'destination': {'href': 'strava://segments/18210346/leaderboard', 'type': 'overall', 'name': 'All-Time'}}","{'athlete_id': 154765203, 'title': 'Alejandra Osorio', 'profile': 'avatar/athlete/large.png', 'effort_description': '194 efforts in the last 90 days', 'effort_count': '194', 'effort_counts': {'overall': '194 efforts', 'female': '45 efforts'}, 'destination': 'strava://segments/18210346/local_legend?categories%5B%5D=overall'}"
30325322,3,Acteal vta comp. canchas bskt,Run,195.5,0.0,11.1,2238.9,2233.8,"[19.412715, -99.068425]","[19.412686, -99.068405]",https://d3o5xota0a1fcr.cloudfront.net/v6/charts/LXW6D7TETVH2B3R3ATRFZY2YU7XSKZPR4FR36Q3VNCCOZCOP6A3K4JTBHLRODDFJ7NTXHV34JMLCU5QEUGGKESAP,"{'light_url': 'https://d3o5xota0a1fcr.cloudfront.net/v6/charts/LXW6D7TETVH2B3R3ATRFZY2YU7XSKZPR4FR36Q3VNCCOZCOP6A3K4JTBHLRODDFJ7NTXHV34JMLCU5QEUGGKESAP', 'dark_url': 'https://d3o5xota0a1fcr.cloudfront.net/v6/charts/JEVGRQ325WIOPVRD3TTM6LJDSZZ7BWU2N3433YCQNAHQATDCXWPB6YAQ5TZB4YJAOZIOW3M72I5T6H5OF5FKIMCV'}",0,Ciudad de México,Ciudad de México,Mexico,False,False,False,2021-11-05T16:35:20Z,2021-11-05T16:41:24Z,0.0,"{'id': 's30325322', 'polyline': 'mpnuBtht{QBGAm@B]AKMKCG?MBI?B]L?ACVD`@A|@BFVCH@FE', 'resource_state': 3}",1387,24,1,"{'pr_elapsed_time': None, 'pr_date': None, 'pr_visibility': None, 'pr_activity_id': None, 'pr_activity_visibility': None, 'effort_count': 0}","{'kom': '36s', 'qom': '10s', 'overall': '10s', 'destination': {'href': 'strava://segments/30325322/leaderboard', 'type': 'overall', 'name': 'All-Time'}}","{'athlete_id': 169582575, 'title': 'Tania Gonzalez', 'profile': 'https://lh3.googleusercontent.com/a/ACg8ocLxJxFUwLNhbgJo29uLCTCo_cTaVIKdPJWhoxpRgQc-DSIbD7I=s96-c', 'effort_description': '10 efforts in the last 90 days', 'effort_count': '10', 'effort_counts': {'overall': '10 efforts', 'female': '10 efforts'}, 'destination': 'strava://segments/30325322/local_legend?categories%5B%5D=overall'}"
10053538,3,park perimeter,Run,3937.8,-0.2,5.6,2237.4,2228.4,"[19.437649, -99.056194]","[19.437604, -99.056165]",https://d3o5xota0a1fcr.cloudfront.net/v6/charts/KJFIMN6HOPCHOBRWSGZSK6ZNPB65NJI3TGAG2T33QDZFQFE2ON47RE6HK67N2ZBYLBNGEX6Y5L7MDCPG2YQRAMS4,"{'light_url': 'https://d3o5xota0a1fcr.cloudfront.net/v6/charts/KJFIMN6HOPCHOBRWSGZSK6ZNPB65NJI3TGAG2T33QDZFQFE2ON47RE6HK67N2ZBYLBNGEX6Y5L7MDCPG2YQRAMS4', 'dark_url': 'https://d3o5xota0a1fcr.cloudfront.net/v6/charts/3FGRCSPMO5IAH5FO5CCQIVLYEFN4YBUZVLCXLAGP3BQIEV4VR2OTYBTJ5DMLA2HUYTJQFPYVNPWDQJQHS4OWVDK6'}",0,Ciudad de México,Distrito Federal,Mexico,False,False,False,2015-07-26T18:02:53Z,2021-05-15T02:16:45Z,22.2,"{'id': 's10053538', 'polyline': 'glsuBf|q{Q]w@K_@C_@IOQGOSm@qAc@kAc@u@Yu@wBmE{@kB]s@MO?EOg@GQe@y@IK{@gB]{@BSvAmBxAwB|@kATa@R@NHd@Vf@Rt@`@VDdA^l@PtCdA|@Xr@XLB|B|@~Ah@XLBHCBQAUO]I]S]GKDIb@AVj@NbA`@b@JXNp@RPu@?[[GMOPCnB~@vAh@JHxCdAd@LzFxBAVOFIIE?GBEHC^I^C^?b@b@n@\\Lb@F\\Jd@xA@PW`B]zA}@pF]~Ae@zDc@|BQLIPDv@iA~GGPS`@{@l@]J_@Fi@ASEeDeBqC{A_@W_@]_@g@K_@a@y@CO_@y@u@sA}@yBuAyCMU_AoB', 'resource_state': 3}",789,75,5,"{'pr_elapsed_time': None, 'pr_date': None, 'pr_visibility': None, 'pr_activity_id': None, 'pr_activity_visibility': None, 'effort_count': 0}","{'kom': '15:01', 'qom': '17:39', 'overall': '15:01', 'destination': {'href': 'strava://segments/10053538/leaderboard', 'type': 'overall', 'name': 'All-Time'}}","{'athlete_id': 133123687, 'title': 'Cristina Tejeda', 'profile': 'https://lh3.googleusercontent.com/a/ACg8ocI3X-A3mnt-T4vcKIHvhwIp76jaI-fxFrPymdLvcRj3m--8Vw=s96-c', 'effort_description': '1 effort in the last 90 days', 'effort_count': '1', 'effort_counts': {'overall': '1 effort', 'female': '1 effort'}, 'destination': 'strava://segments/10053538/local_legend?categories%5B%5D=overall'}"
29267679,3,1Km Pasto,Run,1028.7,0.6,12.2,2236.4,2226.0,"[19.432012, -99.054649]","[19.432005, -99.054559]",https://d3o5xota0a1fcr.cloudfront.net/v6/charts/ITTX3VZEVPNCZXSTJAO5CIU5PR3R7D75OIFNJ3APP2N2XNOHK5LPP7MDXXQWPTRMAPTNHD5KAHFYI7B2DBVUHPQ=,"{'light_url': 'https://d3o5xota0a1fcr.cloudfront.net/v6/charts/ITTX3VZEVPNCZXSTJAO5CIU5PR3R7D75OIFNJ3APP2N2XNOHK5LPP7MDXXQWPTRMAPTNHD5KAHFYI7B2DBVUHPQ=', 'dark_url': 'https://d3o5xota0a1fcr.cloudfront.net/v6/charts/VTE54ICZPBLEWQAIPG6OMBTRKLAWXHMTMSNBBBOT46ZALLUBBA4LX7KHMJULOODFCUZT6XPH4OBRYBYF4V2HSAY='}",0,Ciudad de México,Ciudad de México,Mexico,False,False,False,2021-07-25T22:08:07Z,2021-07-25T22:08:08Z,22.2,"{'id': 's29267679', 'polyline': 'airuBprq{QSpAGz@@Ld@b@h@TFL?\\Gd@WpAQlAm@fDSb@]HkBIaBQOOE]?EJMjAmA^y@Nu@BcACgAM}@[gACO?YJe@V[PMtAu@f@C^DHH@`@', 'resource_state': 3}",55,25,0,"{'pr_elapsed_time': None, 'pr_date': None, 'pr_visibility': None, 'pr_activity_id': None, 'pr_activity_visibility': None, 'effort_count': 0}","{'kom': '4:28', 'qom': '5:19', 'overall': '4:10', 'destination': {'href': 'strava://segments/29267679/leaderboard', 'type': 'overall', 'name': 'All-Time'}}","{'athlete_id': 125224138, 'title': 'Major Jhon LopG', 'profile': 'https://lh3.googleusercontent.com/a/ACg8ocKtRYPpLIca-WXSQ2j3xUXh8ui6-3mEoKhokbsKS5ZalqizmpA=s96-c', 'effort_description': '2 efforts in the last 90 days', 'effort_count': '2', 'effort_counts': {'overall': '2 efforts', 'female': '2 efforts'}, 'destination': 'strava://segments/29267679/local_legend?categories%5B%5D=overall'}"
29267827,3,5KM ALAMEDA ORIENTE,Run,5015.6,0.0,6.3,2238.6,2231.9,"[19.4312, -99.054113]","[19.431481, -99.05372]",https://d3o5xota0a1fcr.cloudfront.net/v6/charts/LS5JN7ZDHUPSHCEW2A3F46SYWW6BZVT53MH3SHOCBBLALDS2KA4GMZFPS374DD3CRIWWAXF3QBVDFFMWMMLLK2Q=,"{'light_url': 'https://d3o5xota0a1fcr.cloudfront.net/v6/charts/LS5JN7ZDHUPSHCEW2A3F46SYWW6BZVT53MH3SHOCBBLALDS2KA4GMZFPS374DD3CRIWWAXF3QBVDFFMWMMLLK2Q=', 'dark_url': 'https://d3o5xota0a1fcr.cloudfront.net/v6/charts/BAFVI2K6BPVVGHZMVCJGUGB4CHCMBWRH5DRSNNUJZQE7FFDQHWEOWG7Z2P63FNQYNSW3EAGU6G2QQIBGAEMELQY='}",0,Ciudad de México,Ciudad de México,Mexico,False,False,False,2021-07-25T22:24:33Z,2021-07-25T22:24:33Z,10.1,"{'id': 's29267827', 'polyline': '_druBfoq{Q[dBmAxIc@fC_@lCOt@a@|C_A~FSbAU^iDIgBOe@M{C_By@m@SU]m@s@_BiBoDu@eBQUo@yAk@kAMg@ZWvFoAf@GN?Pb@Kh@Ej@?p@BTP|@j@fAZ\\b@T^Nj@Nd@FX@n@IjA]b@S\\Y~@oAb@eARkACy@g@yBSi@q@{@eAs@]MsAUo@CwA?cDNgAEiAWm@Q}AeASGKAa@VEr@Jn@\\jAd@bAVT`@Rb@Jb@BpABjAC\\R[XsBTqE|@YUc@}@m@qAiBoDiAoCwCkGAEAg@Bi@Fc@n@sBPa@R[fB_CPOd@Ah@Pz@f@fEnB~ClApAXhCx@nBj@lCbAhAf@fE~AXL^VRd@Z`@ZNZD', 'resource_state': 3}",4082,155,1,"{'pr_elapsed_time': None, 'pr_date': None, 'pr_visibility': None, 'pr_activity_id': None, 'pr_activity_visibility': None, 'effort_count': 0}","{'kom': '16:40', 'qom': '18:23', 'overall': '13:41', 'destination': {'href': 'strava://segments/29267827/leaderboard', 'type': 'overall', 'name': 'All-Time'}}","{'athlete_id': 35439722, 'title': 'Jaime Robles ', 'profile': 'https://graph.facebook.com/1894411997313850/picture?height=256&width=256', 'effort_description': '37 efforts in the last 90 days', 'effort_count': '37', 'effort_counts': {'overall': '37 efforts', 'female': '13 efforts'}, 'destination': 'strava://segments/29267827/local_legend?categories%5B%5D=overall'}"
29267805,3,3K ALAMEDA ORIENTE,Run,3004.4,0.0,0.9,2234.9,2233.5,"[19.431198, -99.054086]","[19.431882, -99.053458]",https://d3o5xota0a1fcr.cloudfront.net/v6/charts/JJKECSWGRYFJ27B6EYAQMZ3CKBP2EI2ZWCOCBV24RPASGZM7LCDRNZ624LOUQH47CDKFY7FMGDEROR6PZVCO4VA=,"{'light_url': 'https://d3o5xota0a1fcr.cloudfront.net/v6/charts/JJKECSWGRYFJ27B6EYAQMZ3CKBP2EI2ZWCOCBV24RPASGZM7LCDRNZ624LOUQH47CDKFY7FMGDEROR6PZVCO4VA=', 'dark_url': 'https://d3o5xota0a1fcr.cloudfront.net/v6/charts/R5YBMLDNYYN53BSKYP4JUC37BWC5LAKKYWXOLZ6BRKP35J3XYVFYBK4E3E36OOUWEHY5DX6U4LRMRPYF5RBIHGA='}",0,Ciudad de México,Ciudad de México,Mexico,False,False,False,2021-07-25T22:22:08Z,2021-07-25T22:22:08Z,0.0,"{'id': 's29267805', 'polyline': '}cruB`oq{QWxAQpA_@jByAfLW~AgAlFa@tC_@nBg@DUAmE_@k@Q{Aw@qAu@aA}@g@s@sD_I{@}AwA}CgAiCcAsBkAuC{A}CWs@}AeDMYCe@PuAv@yBTc@hBaCb@Qh@H^PfBr@^RbC`AnBz@^N|@L~Ab@nBt@f@L^L~@b@hDlA`A`@dCx@ZXVl@', 'resource_state': 3}",9251,636,5,"{'pr_elapsed_time': None, 'pr_date': None, 'pr_visibility': None, 'pr_activity_id': None, 'pr_activity_visibility': None, 'effort_count': 0}","{'kom': '9:35', 'qom': '11:07', 'overall': '9:35', 'destination': {'href': 'strava://segments/29267805/leaderboard', 'type': 'overall', 'name': 'All-Time'}}","{'athlete_id': 161192071, 'title': 'Yoyoxi Pérez', 'profile': 'https://lh3.googleusercontent.com/a/ACg8ocJmt-rO2yovOrGAgE8Has_FMNGlFMyJxZyBE7JWW2D36VUEcw=s96-c', 'effort_description': '32 efforts in the last 90 days', 'effort_count': '32', 'effort_counts': {'overall': '32 efforts', 'female': '32 efforts'}, 'destination': 'strava://segments/29267805/local_legend?categories%5B%5D=overall'}"
29242898,3,4ta Av | Av Sor Juana - Av Lopez M.,Run,939.7,-0.2,0.9,2235.8,2233.5,"[19.411386, -99.011795]","[19.415244, -99.019742]",https://d3o5xota0a1fcr.cloudfront.net/v6/charts/TRR4RKLXYQ4ZNKFNKU6ODRMLSZAY5VVXOJMB3TEQOFG7JZD5DQUHEYERRDANVNPY6XLJXL7F54S6IRW47O5KM3A=,"{'light_url': 'https://d3o5xota0a1fcr.cloudfront.net/v6/charts/TRR4RKLXYQ4ZNKFNKU6ODRMLSZAY5VVXOJMB3TEQOFG7JZD5DQUHEYERRDANVNPY6XLJXL7F54S6IRW47O5KM3A=', 'dark_url': 'https://d3o5xota0a1fcr.cloudfront.net/v6/charts/GQ7SSIR6VGGIF5327AVRDANVW7N2PNHJMF2HZT32BGWDKWCEUHKOIO3DGUZOPR5GAR2UPY6NNVI3EH5OS7MYAGQ='}",0,Nezahualcóyotl,Estado de México,Mexico,False,False,False,2021-07-23T19:13:24Z,2021-07-23T19:13:24Z,0.0,"{'id': 's29242898', 'polyline': 'chnuBvfi{QUb@m@nBiAjC[bAS`@_AxBkAjDw@fBcAnC_@hA{AjDe@vAcAhCc@nAMd@e@bA', 'resource_state': 3}",688,99,0,"{'pr_elapsed_time': None, 'pr_date': None, 'pr_visibility': None, 'pr_activity_id': None, 'pr_activity_visibility': None, 'effort_count': 0}","{'kom': '2:27', 'qom': '3:40', 'overall': '2:27', 'destination': {'href': 'strava://segments/29242898/leaderboard', 'type': 'overall', 'name': 'All-Time'}}","{'athlete_id': 153395198, 'title': 'Alejandro Rodríguez', 'profile': 'avatar/athlete/large.png', 'effort_description': '7 efforts in the last 90 days', 'effort_count': '7', 'effort_counts': {'overall': '7 efforts', 'female': '4 efforts'}, 'destination': 'strava://segments/29242898/local_legend?categories%5B%5D=overall'}"
29242875,3,4ta Av | Av V. Villada - Av Sor Juana,Run,944.6,0.1,3.6,2237.7,2233.4,"[19.407397, -99.003519]","[19.411221, -99.011542]",https://d3o5xota0a1fcr.cloudfront.net/v6/charts/WOZYC4DWFVWNNUXGJIQ55SOIBJ3QR5VJZ5EJBSBLNTRS2M4OXZ5VEYUKVLC5XNETKPGEHMZSV4IDHHICL364IWTE,"{'light_url': 'https://d3o5xota0a1fcr.cloudfront.net/v6/charts/WOZYC4DWFVWNNUXGJIQ55SOIBJ3QR5VJZ5EJBSBLNTRS2M4OXZ5VEYUKVLC5XNETKPGEHMZSV4IDHHICL364IWTE', 'dark_url': 'https://d3o5xota0a1fcr.cloudfront.net/v6/charts/7UDU3SYZAD6OEXK76MXPJRO5OONDCMOSX56WJTSLGDCG7QMQWJWAJTTTYAL256XYZJDY5BLQBIGSALWTVYMKNWIH'}",0,Nezahualcóyotl,Estado de México,Mexico,False,False,False,2021-07-23T19:11:10Z,2021-07-23T19:11:11Z,4.3,"{'id': 's29242875', 'polyline': 'eomuB~rg{Qc@dA{CvIS`@Md@sBtEyCbIYf@CRMf@MTi@bBg@nAU`@Yn@]hAKh@g@pA', 'resource_state': 3}",690,101,0,"{'pr_elapsed_time': None, 'pr_date': None, 'pr_visibility': None, 'pr_activity_id': None, 'pr_activity_visibility': None, 'effort_count': 0}","{'kom': '2:35', 'qom': '4:38', 'overall': '2:35', 'destination': {'href': 'strava://segments/29242875/leaderboard', 'type': 'overall', 'name': 'All-Time'}}","{'athlete_id': 21956331, 'title': 'Anita Pliego', 'profile': 'https://dgalywyr863hv.cloudfront.net/pictures/athletes/21956331/6247899/1/large.jpg', 'effort_description': '9 efforts in the last 90 days', 'effort_count': '9', 'effort_counts': {'overall': '9 efforts', 'female': '9 efforts'}, 'destination': 'strava://segments/29242875/local_legend?categories%5B%5D=overall'}"
29242969,3,4ta Av | Av Lopez M. - Av Sor Juana,Run,934.5,0.2,0.9,2235.8,2233.5,"[19.415242, -99.019761]","[19.41148, -99.011805]",https://d3o5xota0a1fcr.cloudfront.net/v6/charts/3HD7PXV7PN2VYWEEBFSFTAN4T2D4RBYD5WLVI46XOPLF5N6CU4TPSQ5FOCQAOCOIC5M5TXF5XWNEKOBDWCWE5KAZ,"{'light_url': 'https://d3o5xota0a1fcr.cloudfront.net/v6/charts/3HD7PXV7PN2VYWEEBFSFTAN4T2D4RBYD5WLVI46XOPLF5N6CU4TPSQ5FOCQAOCOIC5M5TXF5XWNEKOBDWCWE5KAZ', 'dark_url': 'https://d3o5xota0a1fcr.cloudfront.net/v6/charts/PXMW7AZZ2G2ARHCFBBTRWLWP4BV3DBNKS7MCITI33MS7ONW2AT3OKO4ZLVEAZAGFAINZJD7SGPHEVV4PZJ57I46G'}",0,Nezahualcóyotl,Estado de México,Mexico,False,False,False,2021-07-23T19:22:14Z,2021-07-23T19:22:14Z,2.3,"{'id': 's29242969', 'polyline': 'g`ouBpxj{Q`A}CvB_Gv@gBr@kBd@gA~BaHd@gA`AyBfAoC~@yCr@oB', 'resource_state': 3}",723,155,0,"{'pr_elapsed_time': None, 'pr_date': None, 'pr_visibility': None, 'pr_activity_id': None, 'pr_activity_visibility': None, 'effort_count': 0}","{'kom': '2:26', 'qom': '3:26', 'overall': '2:26', 'destination': {'href': 'strava://segments/29242969/leaderboard', 'type': 'overall', 'name': 'All-Time'}}","{'athlete_id': 154013362, 'title': 'Jairo Sandoval', 'profile': 'https://lh3.googleusercontent.com/a/ACg8ocIKPA-Dm18ryRPHI_D0JiHr53pi1RRb-y5fSNk5ydHyRD-2Qg=s96-c', 'effort_description': '18 efforts in the last 90 days', 'effort_count': '18', 'effort_counts': {'overall': '18 efforts', 'female': '1 effort'}, 'destination': 'strava://segments/29242969/local_legend?categories%5B%5D=overall'}"
29242986,3,4ta Av | Av Sor Juana - Av V. Villada,Run,934.6,-0.0,3.4,2237.6,2233.5,"[19.411278, -99.011458]","[19.407405, -99.003561]",https://d3o5xota0a1fcr.cloudfront.net/v6/charts/TRBMUYYFIS6DTBFPVLIHRLSZKRRO3JZLFGI7MQKW3LEUZXW7HJI72WCG6THCRKMRO7C57AAK2UC4AG2E5N4LK5Q=,"{'light_url': 'https://d3o5xota0a1fcr.cloudfront.net/v6/charts/TRBMUYYFIS6DTBFPVLIHRLSZKRRO3JZLFGI7MQKW3LEUZXW7HJI72WCG6THCRKMRO7C57AAK2UC4AG2E5N4LK5Q=', 'dark_url': 'https://d3o5xota0a1fcr.cloudfront.net/v6/charts/6GUPDRMNCFAS6IDFCSBZUQKX3OGCF4Q335EBZNCSHSXOQFQU2GJTOTDUCURTC6THYAXI4OA2EBU4S3ZIGHSJFGI='}",0,Nezahualcóyotl,Estado de México,Mexico,False,False,False,2021-07-23T19:23:44Z,2021-07-23T19:23:44Z,5.6,"{'id': 's29242986', 'polyline': 'mgnuBrdi{Qn@_BNe@jAmCrCsHx@iBhAaDnDsJd@eALa@d@eAp@mBd@eA', 'resource_state': 3}",744,164,0,"{'pr_elapsed_time': None, 'pr_date': None, 'pr_visibility': None, 'pr_activity_id': None, 'pr_activity_visibility': None, 'effort_count': 0}","{'kom': '2:36', 'qom': '2:48', 'overall': '2:36', 'destination': {'href': 'strava://segments/29242986/leaderboard', 'type': 'overall', 'name': 'All-Time'}}","{'athlete_id': 21956331, 'title': 'Anita Pliego', 'profile': 'https://dgalywyr863hv.cloudfront.net/pictures/athletes/21956331/6247899/1/large.jpg', 'effort_description': '14 efforts in the last 90 days', 'effort_count': '14', 'effort_counts': {'overall': '14 efforts', 'female': '14 efforts'}, 'destination': 'strava://segments/29242986/local_legend?categories%5B%5D=overall'}"
32773298,3,Subida Calle San Isidro,Run,429.0,10.7,25.7,2301.2,2255.2,"[19.421357, -98.951787]","[19.417686, -98.952712]",https://d3o5xota0a1fcr.cloudfront.net/v6/charts/AZUWQS3V6JX2DJONP2ZYQR6UJYFD43EEWOZOIXIMWRZQAVYVCRYAGTNPOTBV4N6MMRE7NSXZIY2BSRLSNFLQRGY=,"{'light_url': 'https://d3o5xota0a1fcr.cloudfront.net/v6/charts/AZUWQS3V6JX2DJONP2ZYQR6UJYFD43EEWOZOIXIMWRZQAVYVCRYAGTNPOTBV4N6MMRE7NSXZIY2BSRLSNFLQRGY=', 'dark_url': 'https://d3o5xota0a1fcr.cloudfront.net/v6/charts/3N7TNCGM75TKWXWMHFCLDZBERTQ3ZALSDL6LKOV4D2B47NNNFLHNWIDBNSNNZQYGESEKS6AUSSTCM2ZYHNHIBSA='}",0,Chimalhuacán,Estado de México,Mexico,False,False,False,2022-09-07T00:19:42Z,2022-09-07T00:19:42Z,46.0,"{'id': 's32773298', 'polyline': 'mfpuBto}zQpAJ`BYxA@\\Dh@Jf@Rb@JPJ\\JVLfBh@VRXHTJ^Fb@P', 'resource_state': 3}",30,16,0,"{'pr_elapsed_time': None, 'pr_date': None, 'pr_visibility': None, 'pr_activity_id': None, 'pr_activity_visibility': None, 'effort_count': 0}","{'kom': '2:17', 'qom': '2:45', 'overall': '2:17', 'destination': {'href': 'strava://segments/32773298/leaderboard', 'type': 'overall', 'name': 'All-Time'}}","{'athlete_id': 94806487, 'title': 'Josué Barraza', 'profile': 'https://dgalywyr863hv.cloudfront.net/pictures/athletes/94806487/22792755/3/large.jpg', 'effort_description': '2 efforts in the last 90 days', 'effort_count': '2', 'effort_counts': {'overall': '2 efforts', 'female': None}, 'destination': 'strava://segments/32773298/local_legend?categories%5B%5D=overall'}"
6848143,3,10.4k de SEDENA,Run,10368.5,0.0,13.8,2392.2,2301.2,"[19.448443, -99.22832]","[19.448415, -99.228351]",https://d3o5xota0a1fcr.cloudfront.net/v6/charts/HU5U5VWYFTM5XHFELUSF5TC3RDVTQG6YWPNZCAF3VHZ5ZQ3BNHAD3EHWBRYIOICSLFJLQTDQ7YTROLBCTWEOVEUX,"{'light_url': 'https://d3o5xota0a1fcr.cloudfront.net/v6/charts/HU5U5VWYFTM5XHFELUSF5TC3RDVTQG6YWPNZCAF3VHZ5ZQ3BNHAD3EHWBRYIOICSLFJLQTDQ7YTROLBCTWEOVEUX', 'dark_url': 'https://d3o5xota0a1fcr.cloudfront.net/v6/charts/IGTGEP2MI3UIUGOOJJG2O5RCSM6AQEMKXUSTH2GUXXMQ3ZETKLU444RQZITCWQMMJPXMR3KANVBKJVGEDS56RCED'}",0,Naucalpan,MEX,Mexico,False,False,False,2014-03-16T18:04:55Z,2021-05-15T02:14:48Z,144.6,"{'id': 's6848143', 'polyline': 'wouuB~os|Qp@hBH\\J\\BTbB`Eb@z@b@`A^l@f@`Ah@|AvAlD`BpEzBpF^n@h@f@n@ZTDr@Jf@@dA?h@I^K\\U`ByB^u@d@uANi@Re@RMfAIN?dA\\^BZCb@K`@Sd@[RGr@Iv@Ab@IZAb@IrAO\\IdAGdA[~G{DNBCPe@dAiAfA_AdAg@^e@NeAFoABc@Fc@Lk@b@OPGLL`@\\t@`@l@pBrD`@bAlClF?d@g@fA?N\\z@`B~Cf@z@rAjCv@bBhApBj@hAn@dAd@bAT\\f@pALj@h@zAZf@Rd@hApBXl@Nj@DZ?VETkAtDQ`@a@h@WVSJaCr@qCl@wA^s@N_@LiB\\sAPuAJkDHe@KCGE]\\cCAk@Dg@T_A@c@I[OWWMi@?s@Lw@TWBOCEEi@o@i@g@g@W[E}@^s@Lk@?a@Ig@[SS{@kAo@i@eBu@}CgAe@M_@Cg@ByATe@L[Rs@l@c@Vc@AWSQe@e@qAEe@@y@PuBN}CD_@?MGa@UKqBIsAMiAWg@UwBiBgBkA_Ai@g@WmAy@{BkBmCmBu@c@y@i@c@Ok@YwAoA[e@AEDSz@gBPk@b@eAZSz@a@b@_@JWHmA\\wC?iA@eAASIGME_Cc@OA[DWLi@dAOp@_AlCSn@Yh@MH[Cq@e@iC{Be@Qe@[c@i@YO_Aw@i@i@m@c@}@{@Mc@DSt@yAD]Ma@W_@_@a@k@a@wAuAqC{C{@u@[GcAKiAGQYE_@Fy@Hi@No@vAiIV_AN_@RY`@YXO^K\\GzAGXKbAwB`@s@l@u@t@q@t@q@p@c@`@Q^WrAcAvBsAXUhAeAh@a@b@Kf@Cb@?xAOv@Br@R^VRZ`A|BXbAv@nBj@`BR\\l@pAb@lA`AxBZx@H\\`@~@xAbEn@zA', 'resource_state': 3}",354,327,2,"{'pr_elapsed_time': None, 'pr_date': None, 'pr_visibility': None, 'pr_activity_id': None, 'pr_activity_visibility': None, 'effort_count': 0}","{'kom': '40:12', 'qom': '43:35', 'overall': '40:12', 'destination': {'href': 'strava://segments/6848143/leaderboard', 'type': 'overall', 'name': 'All-Time'}}","{'athlete_id': 168992661, 'title': 'Jesus Vasquez', 'profile': 'https://lh3.googleusercontent.com/a/ACg8ocK_f9MshFuILDrOrDZlVZWLC47ZlLR3KWoynn_EnEV5xL8lcQ=s96-c', 'effort_description': '1 effort in the last 90 days', 'effort_count': '1', 'effort_counts': {'overall': '1 effort', 'female': None}, 'destination': 'strava://segments/6848143/local_legend?categories%5B%5D=overall'}"
17558936,3,400´s mts,Run,407.4,0.8,15.6,2285.8,2279.8,"[19.442101, -99.218216]","[19.442154, -99.218204]",https://d3o5xota0a1fcr.cloudfront.net/v6/charts/OM6LKBTAPLUDM73ERLWOBV7RZDIHDLKSOS4DAQG6NQP2AJUHTNEJMLRJTOJTYXMKT4B3SH67SJ42MYJGKGW6H7A=,"{'light_url': 'https://d3o5xota0a1fcr.cloudfront.net/v6/charts/OM6LKBTAPLUDM73ERLWOBV7RZDIHDLKSOS4DAQG6NQP2AJUHTNEJMLRJTOJTYXMKT4B3SH67SJ42MYJGKGW6H7A=', 'dark_url': 'https://d3o5xota0a1fcr.cloudfront.net/v6/charts/KJ3LOGDWF4VGDQ2XXP3CSLEY3A6GSJHMKUYEITZKBRP72XZLE3XAIGY54OMTUNYQT4YD7UCFYUYXLI3Q7HB7CKQ='}",0,Naucalpan de Juárez,Estado de México,Mexico,False,False,False,2018-05-03T15:58:17Z,2021-05-15T02:21:00Z,8.8,"{'id': 's17558936', 'polyline': 'chtuBzpq|QUMQEY?UFKJKRCPD`@PXjBdBh@ZT@LARIHKDMBICc@Q_@yBsB', 'resource_state': 3}",208577,1771,5,"{'pr_elapsed_time': None, 'pr_date': None, 'pr_visibility': None, 'pr_activity_id': None, 'pr_activity_visibility': None, 'effort_count': 0}","{'kom': '44s', 'qom': '58s', 'overall': '44s', 'destination': {'href': 'strava://segments/17558936/leaderboard', 'type': 'overall', 'name': 'All-Time'}}","{'athlete_id': 48703892, 'title': 'domingo ortega', 'profile': 'https://dgalywyr863hv.cloudfront.net/pictures/athletes/48703892/13743163/8/large.jpg', 'effort_description': '761 efforts in the last 90 days', 'effort_count': '761', 'effort_counts': {'overall': '761 efforts', 'female': '297 efforts'}, 'destination': 'strava://segments/17558936/local_legend?categories%5B%5D=overall'}"
8236288,3,21k SEDENA,Run,20965.7,-0.0,10.6,2399.4,2300.0,"[19.448359, -99.228481]","[19.448351, -99.228456]",https://d3o5xota0a1fcr.cloudfront.net/v6/charts/PR4JZGOOZJI2OHX2ZFEAIKXIIW3EASMJTSYQKF2BAS6U5JYZA7TWE6K4VTSUZC7JHLGC3QVIDIOXRDNTCSMADK72,"{'light_url': 'https://d3o5xota0a1fcr.cloudfront.net/v6/charts/PR4JZGOOZJI2OHX2ZFEAIKXIIW3EASMJTSYQKF2BAS6U5JYZA7TWE6K4VTSUZC7JHLGC3QVIDIOXRDNTCSMADK72', 'dark_url': 'https://d3o5xota0a1fcr.cloudfront.net/v6/charts/XAOTSZZJLTUM3FXYACC5TJUKEEUZ5XYSWAEKSXCB5PT7BQY5IJ4GYGAFJCRQMUMYYLEUVV36CZXBNBZOED4FTHI3'}",0,Naucalpan,State of Mexico,Mexico,False,False,False,2014-09-28T17:57:24Z,2021-05-15T02:15:41Z,258.4,"{'id': 's8236288', 'polyline': 'eouuB`qs|QL^\\r@FZNXJ`@\\v@J^Zn@FZf@bAdAjCVx@R^RZ~@zCT`@HZNZNRTx@`AlC`BbE`@h@f@b@NJbA^fBPl@?`@Cb@KXM\\_@j@{@n@{@Xe@To@Ja@Fm@DEBKR_@b@S`@GTKZi@RW@MEa@K[y@kA}@cAiBcCg@a@YO[[}@g@cABc@GQMUa@Mc@]y@Kc@Ee@?y@Ke@Q_@gAkBQa@Gc@Us@qByEOYsAyBSUm@e@oAq@sA{@{@q@_@a@u@gAm@y@Sa@L]tB{Aj@ULKHMB[k@cH@qABi@Fc@T]ZEh@DbEF\\OZYRCNJp@|@^`@f@dALZf@`@f@r@`@t@|@pANRRND@^CXQjAy@D?HDRZRd@NbAHt@V|@d@v@hBhCJXLhAAZuBZYCc@Ma@@EBiBdDGh@Lb@^Td@DTMf@gA`AmBAe@IUBCnBAlBdAx@XBBFRDxAH\\NXJJ`Ad@VRj@x@X\\bAzAZ^T^ZN~@XrAn@ZRXXVb@~A`Bn@rABRAl@KfA?l@NlAZ`AF^Bb@Ef@Q`@[ZcBfA]HiATqANiAFeBTqAHa@@GDBBXBtCYlDWhAOd@Kd@Q\\Qz@o@j@YbC_BVC@BCTQ^QVkBnB_Ar@{@ZqCV[FaA`@i@`@?TLd@R^jC~EbAxBjArBb@`AFd@EVS`@Kd@H\\`BjDXb@nAzBjAdCzAnCTh@`BtCh@pAP~@Ll@~@tAh@bA`AfBVl@HZDf@Av@Gd@_@~Aa@hAW`@[^a@T_Cf@iAZaB\\[LuCh@_AXWDoCVcADgB?]EEEGYAWPiBEm@@e@Lc@JWD_@Ma@S[s@o@s@]e@Mc@WwBcCwBsAu@k@UYGYCe@U{@My@QgCIa@g@aBYmAIkABYd@yAL[f@_At@cAf@i@nA_BR_@X_@`@q@P]DSHm@@ULaAh@kDN}ADk@Ac@KsAKs@W}@GSQUq@q@K?gATi@D[C_AWWBYHYLSTm@|BWf@eBfCe@`@_Al@M`@CPBZPj@f@`A~@fCt@`B\\f@J\\T|ARlBZpAHp@GhA?dAP`Al@jCXxCPbANrA|@z@LFh@h@v@j@b@^~AhBr@f@jAh@NPML_@Ny@P_@FOCIIoAuA]UYKK@_A^u@J_@Ba@Ca@O[U_@]o@w@WW_@Sg@YgFkBg@Gc@@q@Fa@H_@H[Na@Va@^YP]DYGQUQ_@c@eAE[Ai@@c@TuBDkAJgBC_@SSYEeCOqBa@_@QsA_AsB}AUOiAy@sAy@uAaAqG}E}Au@eB}AQQSc@F[v@aB^iAN[TUpAq@PWF]DiALsANkEDKFEN?b@FdATh@PlBf@`@Ld@VrClBVJfCjBf@^l@x@hCh@tBVvCR`@FRHQVc@\\u@v@qA|@MFg@CQEeC{@aAPcAZEHIl@[tAA\\\\bBRTlBv@ZB\\GbAYXQn@yANo@@_@McABa@NQhE}CBYsAC}AMcBIqC_@WI[Uo@k@SK_Aw@cFqD_Am@[O{FqAuBa@}AUKAc@FURw@lBOd@s@rCUd@EBU@c@KuBuAgI{GqAaAMO@c@t@sALg@COO]a@g@q@o@w@m@sBgBsAsAg@q@UMuBU[A[SI_@?e@Di@z@uEv@uDVsANg@RYTS`@U`@O^GbADXBJLGNCPK`BGZItAKt@EnAOfBKXMJHCH]t@uJXeBpAsDf@y@X[hDqCdBeA~@{@|ByAl@g@VM^Y|@g@d@O~AMd@@|@X`@T`@Zx@dBxCvH\\`Aj@lAlAxCvCpHnArD', 'resource_state': 3}",128,108,3,"{'pr_elapsed_time': None, 'pr_date': None, 'pr_visibility': None, 'pr_activity_id': None, 'pr_activity_visibility': None, 'effort_count': 0}","{'kom': '1:25:39', 'qom': '1:42:15', 'overall': '1:25:39', 'destination': {'href': 'strava://segments/8236288/leaderboard', 'type': 'overall', 'name': 'All-Time'}}",
17558916,3,600´s mts,Run,615.3,-0.6,10.2,2284.0,2278.6,"[19.442113, -99.2182]","[19.441964, -99.21926]",https://d3o5xota0a1fcr.cloudfront.net/v6/charts/SO3OIPRPOG4NTGKDZU4TWOR3PLMX7PASNFEVM2FQ5MUBOLDB3I6GX4QNYFWMDTXVYUJJEYZF7H3H3V7BKCNBGFA=,"{'light_url': 'https://d3o5xota0a1fcr.cloudfront.net/v6/charts/SO3OIPRPOG4NTGKDZU4TWOR3PLMX7PASNFEVM2FQ5MUBOLDB3I6GX4QNYFWMDTXVYUJJEYZF7H3H3V7BKCNBGFA=', 'dark_url': 'https://d3o5xota0a1fcr.cloudfront.net/v6/charts/YKNLOHZW4JMS7IILRJXESWNBXDGOZUXTHYJIVKDWJWDWM5DYVVRD7IUZON35GQG2DXPVZANHAYKNVX2ZFVOP2DQ='}",0,Naucalpan de Juárez,Estado de México,Mexico,False,False,False,2018-05-03T15:55:46Z,2021-05-15T02:21:00Z,10.0,"{'id': 's17558916', 'polyline': 'ehtuBvpq|QUKQES?ODMHKNKb@@PDPHLjAjAl@d@RNPBV?LCPMFMDU?UKc@OQ}BsBMGY?UFMLKRE^J\\X^hB~A', 'resource_state': 3}",189287,1748,1,"{'pr_elapsed_time': None, 'pr_date': None, 'pr_visibility': None, 'pr_activity_id': None, 'pr_activity_visibility': None, 'effort_count': 0}","{'kom': '40s', 'qom': '32s', 'overall': '32s', 'destination': {'href': 'strava://segments/17558916/leaderboard', 'type': 'overall', 'name': 'All-Time'}}","{'athlete_id': 48703892, 'title': 'domingo ortega', 'profile': 'https://dgalywyr863hv.cloudfront.net/pictures/athletes/48703892/13743163/8/large.jpg', 'effort_description': '728 efforts in the last 90 days', 'effort_count': '728', 'effort_counts': {'overall': '728 efforts', 'female': '291 efforts'}, 'destination': 'strava://segments/17558916/local_legend?categories%5B%5D=overall'}"
11272394,3,Pista CDOM 1km,Run,1046.9,-0.5,8.9,2289.4,2282.3,"[19.442137, -99.218165]","[19.441903, -99.219277]",https://d3o5xota0a1fcr.cloudfront.net/v6/charts/PM5OPTFONZ3P7LXUDNEQ4SW35LI4A4PH4NDF6CJV7GRZF4DFGQUKU25RUAWIIKUZ4DXPRBZ7AIWOPQGJ2LTSVRQ7,"{'light_url': 'https://d3o5xota0a1fcr.cloudfront.net/v6/charts/PM5OPTFONZ3P7LXUDNEQ4SW35LI4A4PH4NDF6CJV7GRZF4DFGQUKU25RUAWIIKUZ4DXPRBZ7AIWOPQGJ2LTSVRQ7', 'dark_url': 'https://d3o5xota0a1fcr.cloudfront.net/v6/charts/QWSHDHHLE2ZH5EWXQEIOKO4MMF4BSQ54MKR5YRE25NHLTHTJT7EIQPLQLR5WNC755ZLRGXFSWNG5LF735DLNSK7U'}",0,Ciudad de México,Distrito Federal,Mexico,False,False,False,2016-01-26T19:55:22Z,2021-05-15T02:17:26Z,13.8,"{'id': 's11272394', 'polyline': 'ihtuBppq|Qc@Q[@[NQ\\?h@PZvBnB^R`@?`@ULa@?c@Q]gBeBYU_@Ic@D[VKh@HZX`@\\^bA~@b@V`@@\\ONWBe@Ma@{B{B]Qe@?]PO^?b@Vb@dCxB', 'resource_state': 3}",98846,1685,3,"{'pr_elapsed_time': None, 'pr_date': None, 'pr_visibility': None, 'pr_activity_id': None, 'pr_activity_visibility': None, 'effort_count': 0}","{'kom': '2:02', 'qom': '2:04', 'overall': '53s', 'destination': {'href': 'strava://segments/11272394/leaderboard', 'type': 'overall', 'name': 'All-Time'}}","{'athlete_id': 48703892, 'title': 'domingo ortega', 'profile': 'https://dgalywyr863hv.cloudfront.net/pictures/athletes/48703892/13743163/8/large.jpg', 'effort_description': '353 efforts in the last 90 days', 'effort_count': '353', 'effort_counts': {'overall': '353 efforts', 'female': '152 efforts'}, 'destination': 'strava://segments/11272394/local_legend?categories%5B%5D=overall'}"
8930932,3,Lateral Panteón Español,Run,1041.0,-0.5,2.4,2264.7,2259.1,"[19.462142, -99.212084]","[19.458713, -99.203114]",https://d3o5xota0a1fcr.cloudfront.net/v6/charts/O7UZ5KGAZYQDDETZ3RYMAUIBZ2KIMHA5IQ7KKVY3Q752CP2K5KPWBJSE42XXTBMBY5AVFR4UVNEVMMNL56O2MLXJ,"{'light_url': 'https://d3o5xota0a1fcr.cloudfront.net/v6/charts/O7UZ5KGAZYQDDETZ3RYMAUIBZ2KIMHA5IQ7KKVY3Q752CP2K5KPWBJSE42XXTBMBY5AVFR4UVNEVMMNL56O2MLXJ', 'dark_url': 'https://d3o5xota0a1fcr.cloudfront.net/v6/charts/PGFFFPDIG74GSCO7HFSCQ77FVCWHWPEKKOWEZ4EBDLSC35KBHVVUX7FHDQ6THW3GGRLC3HS5SFPK73EQIAW7AOM2'}",0,Ciudad de México,Distrito Federal,Mexico,False,False,False,2015-02-17T01:15:57Z,2021-05-15T02:16:05Z,0.0,"{'id': 's8930932', 'polyline': 'kexuBpjp|Q`AgAv@q@H[p@aA`AoCN]JMd@cCN[FUDQCa@JSFSHIJSASVwABy@Fs@BMNmARcANi@T{ARk@H[LeAPq@AWFe@HYr@}A^}AF]B[Po@', 'resource_state': 3}",1716,90,0,"{'pr_elapsed_time': None, 'pr_date': None, 'pr_visibility': None, 'pr_activity_id': None, 'pr_activity_visibility': None, 'effort_count': 0}","{'kom': '3:44', 'qom': '5:09', 'overall': '3:20', 'destination': {'href': 'strava://segments/8930932/leaderboard', 'type': 'overall', 'name': 'All-Time'}}","{'athlete_id': 27090595, 'title': 'Victor Valdelamar', 'profile': 'https://dgalywyr863hv.cloudfront.net/pictures/athletes/27090595/7875901/3/large.jpg', 'effort_description': '9 efforts in the last 90 days', 'effort_count': '9', 'effort_counts': {'overall': '9 efforts', 'female': '1 effort'}, 'destination': 'strava://segments/8930932/local_legend?categories%5B%5D=overall'}"
33530069,3,10K - Acuario -Chapu - Acuario,Run,9816.5,0.0,17.1,2328.4,2283.4,"[19.439842, -99.204965]","[19.439962, -99.204817]",https://d3o5xota0a1fcr.cloudfront.net/v6/charts/OQ7ZRNCZMGBGZOJGWZNPNL43JNZ43UZAIA3IHAHBOL47RMIECJAZK76YUZKGG5OTE5UEB5G37NHXNQXSLWP4CPQ=,"{'light_url': 'https://d3o5xota0a1fcr.cloudfront.net/v6/charts/OQ7ZRNCZMGBGZOJGWZNPNL43JNZ43UZAIA3IHAHBOL47RMIECJAZK76YUZKGG5OTE5UEB5G37NHXNQXSLWP4CPQ=', 'dark_url': 'https://d3o5xota0a1fcr.cloudfront.net/v6/charts/LM6GTYWH62UGNKJO3PFG32QSXY2UU64YTGKAQSSD6ATCU3LN7HZI54OUOR2GL6DPTYM4QQR4ZT7OMZH6DCTQ7QI='}",0,Ciudad de México,Ciudad de México,Mexico,False,False,False,2023-01-04T19:56:01Z,2023-01-04T19:56:02Z,102.4,"{'id': 's33530069', 'polyline': '_zsuB`~n|QnBzAt@ZFCr@|@pB`@`@Rr@Lh@N~Ap@tATPHZTd@J^X\\F\\@TDHHd@Td@f@dBbAD@f@KN?h@J`AVRNh@T`@Hp@\\p@Mj@^\\Eb@Dp@An@FXI`AO^F^c@RMj@{@ZWPc@`@YX[@K@g@ZSN@ZyAZo@BQDoALa@D_@DI^ORM\\Ge@e@DCXOb@EpA?t@B`@o@\\q@V[`@W~Ag@tAu@TIRA^GbBk@vB]^U`@OLKTI|@ExAUPI`@Kt@_@n@a@t@s@X_@r@kA\\g@J_@Xi@Vu@Xk@Nc@HMLc@t@mAb@i@rCwBrEgElA}Ah@{@xC{DTBXRVVn@`A@f@Sl@Yl@m@z@_@X}ArAKLD?a@^g@Tu@@[BeAR]JYPU\\O^Mf@Ox@K`@C\\@h@BVf@~APZb@h@R^\\r@\\lAN\\PVTRn@p@XHnACvAGVDTHfAv@LFfARr@Kv@]TQXa@Rq@Ho@R[bAs@RU\\Mf@GPIbDyA\\Up@Wt@S^@XDXNn@d@b@h@b@ZbAjAVN^\\f@l@p@`@LD\\@b@?hAKpCE|@Kp@QfDgBTUJ[@UEy@AUYuAk@aBMm@W_@Oa@e@w@]cAwAaCg@oAe@cAWWa@w@m@_As@eBi@_BMUYSy@G_@He@@UJi@JgE|ASNuAd@UDk@ZgBj@c@HaADYAkDYk@AcBQg@CWB]Fc@KYM[[oAh@iArAq@`AcAdAMVUXqBhBaAr@q@t@}@p@g@b@{AfBc@l@Q^EXUZSt@[n@Or@O`@]h@m@j@OXq@l@[\\cAp@a@Pc@Fk@NULYFe@TY@YNSCQDk@Di@TOBiA\\HOs@VK@[LWHeAd@YDg@RYF[Ra@^[TQ^MPYJEFMDS@ORu@LQTELc@VKJQXM\\Q^WXMXGv@IPE^Ud@IXS\\IDUDIJo@f@Sf@SLQDWRa@t@Of@_@RB@q@HQ?UPEBKCc@f@cAf@YBUIm@iASFYBJAu@UWMMCYO]MQCsAe@y@QUAw@O[AQOQEUMGGWAc@Me@c@Q@OCSI]CYG]MIIi@S}Ag@]Oo@KQIUC[Ky@QWM[GQKQWe@Iu@q@OGSEi@SYGY[SIOQG]Wi@', 'resource_state': 3}",954,262,0,"{'pr_elapsed_time': None, 'pr_date': None, 'pr_visibility': None, 'pr_activity_id': None, 'pr_activity_visibility': None, 'effort_count': 0}","{'kom': '41:56', 'qom': '49:38', 'overall': '41:56', 'destination': {'href': 'strava://segments/33530069/leaderboard', 'type': 'overall', 'name': 'All-Time'}}","{'athlete_id': 108313374, 'title': 'Luisa Tamayo', 'profile': 'https://dgalywyr863hv.cloudfront.net/pictures/athletes/108313374/37974333/1/large.jpg', 'effort_description': '4 efforts in the last 90 days', 'effort_count': '4', 'effort_counts': {'overall': '4 efforts', 'female': '4 efforts'}, 'destination': 'strava://segments/33530069/local_legend?categories%5B%5D=overall'}"
20978699,3,segundo intervalo Nazario,Run,518.7,1.8,11.0,2291.1,2281.4,"[19.441229, -99.209843]","[19.442059, -99.214515]",https://d3o5xota0a1fcr.cloudfront.net/v6/charts/6GVFQRNJW7TJVJYZVNQDI4RAE66MOSCZOMKSNLUCQBEPM4GY4GSV65BRKORCODA37BCRDFTCQSE7QIACNTQMNJU4,"{'light_url': 'https://d3o5xota0a1fcr.cloudfront.net/v6/charts/6GVFQRNJW7TJVJYZVNQDI4RAE66MOSCZOMKSNLUCQBEPM4GY4GSV65BRKORCODA37BCRDFTCQSE7QIACNTQMNJU4', 'dark_url': 'https://d3o5xota0a1fcr.cloudfront.net/v6/charts/2EZHPMECUCHMRINOKQLGD5EAMIRKWQUWXNLIHGBX5QDTGBLL6EGXBKC3UJSAA77R2P4SIPOJPJY7TLC2MM27IWYG'}",0,Ciudad de México,Ciudad de México,Mexico,False,False,False,2019-06-25T14:16:32Z,2021-05-15T02:23:25Z,11.7,"{'id': 's20978699', 'polyline': 'sbtuBp|o|QYlA]z@e@rBIf@Sl@Kd@Ap@Gn@@rAGf@Az@Ez@GR?j@Kd@?\\Ed@Bf@BFJC', 'resource_state': 3}",1245,286,0,"{'pr_elapsed_time': None, 'pr_date': None, 'pr_visibility': None, 'pr_activity_id': None, 'pr_activity_visibility': None, 'effort_count': 0}","{'kom': '1:48', 'qom': '2:23', 'overall': '1:48', 'destination': {'href': 'strava://segments/20978699/leaderboard', 'type': 'overall', 'name': 'All-Time'}}","{'athlete_id': 68161136, 'title': 'HECTOR DE LA O ORTEGA', 'profile': 'https://dgalywyr863hv.cloudfront.net/pictures/athletes/68161136/16871949/12/large.jpg', 'effort_description': '12 efforts in the last 90 days', 'effort_count': '12', 'effort_counts': {'overall': '12 efforts', 'female': '5 efforts'}, 'destination': 'strava://segments/20978699/local_legend?categories%5B%5D=overall'}"
17085144,3,Vuelta al Mundet,Run,1505.7,0.1,13.7,2290.2,2280.8,"[19.439738, -99.211405]","[19.439675, -99.211318]",https://d3o5xota0a1fcr.cloudfront.net/v6/charts/ATUMUSVTPKVTIQPGR7LNBZRZN23FNE2WQCP43CGUVAFNUTJUQDWO5D43TWOCN55PHIB3BRK56ERYKUBZDJDXDDZU,"{'light_url': 'https://d3o5xota0a1fcr.cloudfront.net/v6/charts/ATUMUSVTPKVTIQPGR7LNBZRZN23FNE2WQCP43CGUVAFNUTJUQDWO5D43TWOCN55PHIB3BRK56ERYKUBZDJDXDDZU', 'dark_url': 'https://d3o5xota0a1fcr.cloudfront.net/v6/charts/TSYIXSA7AXTONE5XAMW4NO65MV22UQ4J64G6LSTT2NA4HKZYGP56LTTMMVSKWLKSRZD7A6GEAOOSIBWT4BKGY63J'}",0,Ciudad de México,Ciudad de México,Mexico,False,False,False,2018-02-26T23:04:05Z,2021-05-15T02:20:42Z,35.3,"{'id': 's17085144', 'polyline': 'iysuBhfp|QXKHBT`@FVRb@DNDt@CXGH]Pg@Zc@Pm@BkAb@U@cAa@[Cg@?m@HQHILCJD\\F@^CTGpAKDEO{@BOASA_@E[_@oAGeAMi@Oc@Ee@ZcBBKLOHGNE^C`@@NDBHBl@DTHFPn@Hf@Nh@JV@ZDFJzAJ\\FDb@@d@IZANEFG?Q[sAAKYwAMa@EEWAe@Fu@@MJh@`BF@V?VEf@Q', 'resource_state': 3}",2052,195,3,"{'pr_elapsed_time': None, 'pr_date': None, 'pr_visibility': None, 'pr_activity_id': None, 'pr_activity_visibility': None, 'effort_count': 0}","{'kom': '3:38', 'qom': '4:25', 'overall': '3:38', 'destination': {'href': 'strava://segments/17085144/leaderboard', 'type': 'overall', 'name': 'All-Time'}}","{'athlete_id': 11843037, 'title': 'Adriana R. Jáuregui', 'profile': 'https://dgalywyr863hv.cloudfront.net/pictures/athletes/11843037/3790944/15/large.jpg', 'effort_description': '1 effort in the last 90 days', 'effort_count': '1', 'effort_counts': {'overall': '1 effort', 'female': '1 effort'}, 'destination': 'strava://segments/17085144/local_legend?categories%5B%5D=overall'}"
10373070,3,CDI,Run,467.4,0.1,3.3,2296.4,2291.8,"[19.449635, -99.220959]","[19.44964, -99.221019]",https://d3o5xota0a1fcr.cloudfront.net/v6/charts/X6HCTJCV5VLDBCK73HZ2SSJ5LWLBJHVQW4LXJYAVMVLZYRBOB5WVEHFT7ULRKRW2NN2WXFKLSRSGWNWRAHWOKDY=,"{'light_url': 'https://d3o5xota0a1fcr.cloudfront.net/v6/charts/X6HCTJCV5VLDBCK73HZ2SSJ5LWLBJHVQW4LXJYAVMVLZYRBOB5WVEHFT7ULRKRW2NN2WXFKLSRSGWNWRAHWOKDY=', 'dark_url': 'https://d3o5xota0a1fcr.cloudfront.net/v6/charts/OFZX427IGSOO22L2MPMHCJIIRLU32FK2LOHWJO7X5MFHHIJOVNR6MJW3ZXKZIJFW3M77SBA3EOE4N4Q6HAFP4VY='}",0,Ciudad de México,Distrito Federal,Mexico,False,False,False,2015-09-01T17:44:37Z,2025-03-27T16:51:51Z,4.7,"{'id': 's10373070', 'polyline': 'ewuuB~ar|QAEJaAACICq@G}AWkBEIBCHInBD^lAPj@D`APv@FL?DGFeA', 'resource_state': 3}",32548,141,2,"{'pr_elapsed_time': None, 'pr_date': None, 'pr_visibility': None, 'pr_activity_id': None, 'pr_activity_visibility': None, 'effort_count': 0}","{'kom': '1:24', 'qom': '1:24', 'overall': '1:24', 'destination': {'href': 'strava://segments/10373070/leaderboard', 'type': 'overall', 'name': 'All-Time'}}","{'athlete_id': 7979471, 'title': 'Manuel Gómez Palacio Pin', 'profile': 'https://dgalywyr863hv.cloudfront.net/pictures/athletes/7979471/2695144/5/large.jpg', 'effort_description': '87 efforts in the last 90 days', 'effort_count': '87', 'effort_counts': {'overall': '87 efforts', 'female': None}, 'destination': 'strava://segments/10373070/local_legend?categories%5B%5D=overall'}"
16532593,3,400m pisto deportivo,Run,406.3,0.3,12.7,2251.1,2241.4,"[19.456372, -99.171446]","[19.456482, -99.171429]",https://d3o5xota0a1fcr.cloudfront.net/v6/charts/ZRCWWLZT7ZOKGXOBRDUE4FQNHPWINYQ2MH5UZZFCA5MTJPPUXZDYL6VVE6PO5NM4TDFRD2JNKPP6PAH7LVXTWHVJ,"{'light_url': 'https://d3o5xota0a1fcr.cloudfront.net/v6/charts/ZRCWWLZT7ZOKGXOBRDUE4FQNHPWINYQ2MH5UZZFCA5MTJPPUXZDYL6VVE6PO5NM4TDFRD2JNKPP6PAH7LVXTWHVJ', 'dark_url': 'https://d3o5xota0a1fcr.cloudfront.net/v6/charts/JIYNEP6CGIXM6TRLT3NQBTFXM3JPGF3FBWGPELVTEZ2VQVE3EK5YF4EHNJ3OCTQTBUVTYUD6PZSVMNJM25XNC2XC'}",0,Ciudad de México,Ciudad de México,Mexico,False,False,False,2017-11-21T20:58:31Z,2021-05-15T02:20:23Z,13.5,"{'id': 's16532593', 'polyline': 'iawuBplh|QY?MB_@VGLAT@LJXPLvDr@`@KVYFg@Ug@e@Oi@ImAUi@G', 'resource_state': 3}",717642,5015,22,"{'pr_elapsed_time': None, 'pr_date': None, 'pr_visibility': None, 'pr_activity_id': None, 'pr_activity_visibility': None, 'effort_count': 0}","{'kom': '46s', 'qom': '52s', 'overall': '46s', 'destination': {'href': 'strava://segments/16532593/leaderboard', 'type': 'overall', 'name': 'All-Time'}}","{'athlete_id': 54379523, 'title': 'Chris Castro', 'profile': 'https://graph.facebook.com/680421939410741/picture?height=256&width=256', 'effort_description': '175 efforts in the last 90 days', 'effort_count': '175', 'effort_counts': {'overall': '175 efforts', 'female': '102 efforts'}, 'destination': 'strava://segments/16532593/local_legend?categories%5B%5D=overall'}"
25441427,3,BURS LWL43,Run,5093.6,0.0,2.5,2254.1,2249.1,"[19.46648, -99.192832]","[19.466452, -99.192808]",https://d3o5xota0a1fcr.cloudfront.net/v6/charts/DEN4FBJKPENBW4BE3PPS23A7TBHXHYZICWYPHYEBZUTWTNQZ6BRMEDJLDYLU7E6WNWPPI56OQ4M4JTM7BKAW65A=,"{'light_url': 'https://d3o5xota0a1fcr.cloudfront.net/v6/charts/DEN4FBJKPENBW4BE3PPS23A7TBHXHYZICWYPHYEBZUTWTNQZ6BRMEDJLDYLU7E6WNWPPI56OQ4M4JTM7BKAW65A=', 'dark_url': 'https://d3o5xota0a1fcr.cloudfront.net/v6/charts/FH3QGU6D55E2TUPL5WALXDOENUYDLMKWMGOGEX3PNVHVTYBB5WFHRDLYJUOG6PUDTZEQM2D4T2UVR2VGDPXW2EY='}",0,Ciudad de México,Ciudad de México,Mexico,False,False,False,2020-08-24T03:27:22Z,2023-04-04T18:18:17Z,7.0,"{'id': 's25441427', 'polyline': 'o`yuBfrl|QWPm@f@YZIR@LJZV\\`@FV\\@PATSfAcAdEIj@CjAOh@iAnCWb@{BpB}@dAe@Gi@AWGQ@UBKHGJAPJj@hApDPd@d@~@FVDh@AT_@rBKb@e@hAIj@?h@Bh@Ef@SnABf@R`@@f@U^e@Jg@MkAa@mACg@Gc@O]W_@Se@MoAFe@IWSU_@Gi@BuAm@iDYwBS_@_@W[[X_@LB|@r@`@Pb@H`@P\\V`@Vb@Pf@LpAPd@?fAIh@Gz@UlAc@`@W`@[Ta@YkAk@kBU]]_@c@SkDdBkBt@oCnAU`@Cj@R^\\VdA^b@Lb@Fd@Dd@?h@AjAOnBm@b@U~@u@Fc@iAyDMi@OqAEk@Ta@^OQa@c@MSQ^iANmAVe@Z]Lc@Me@a@i@S_@AULqA?i@h@iAz@kENg@d@QV]Hc@?g@Ie@Mc@Qa@q@eAs@_A[]u@s@_BiAU_@d@InATh@FhAQ`@LbAj@f@Lh@@`@A`@Mf@EXBb@L\\VV\\|@rAFZBh@Lb@Fj@CLm@n@', 'resource_state': 3}",3659,661,8,"{'pr_elapsed_time': None, 'pr_date': None, 'pr_visibility': None, 'pr_activity_id': None, 'pr_activity_visibility': None, 'effort_count': 0}","{'kom': '18:27', 'qom': '21:16', 'overall': '18:27', 'destination': {'href': 'strava://segments/25441427/leaderboard', 'type': 'overall', 'name': 'All-Time'}}",
20978781,3,tercer intervalo Nazario,Run,348.1,0.7,4.8,2262.9,2258.7,"[19.44189, -99.195657]","[19.442216, -99.192411]",https://d3o5xota0a1fcr.cloudfront.net/v6/charts/K3U3RZNPUACORILOMYSYDWMUCKUD7TE5D2KAISODVADJK3HZ7AO2SMA4M6OF2HDCU4APNMWG6RY2BADAG4YTVPEL,"{'light_url': 'https://d3o5xota0a1fcr.cloudfront.net/v6/charts/K3U3RZNPUACORILOMYSYDWMUCKUD7TE5D2KAISODVADJK3HZ7AO2SMA4M6OF2HDCU4APNMWG6RY2BADAG4YTVPEL', 'dark_url': 'https://d3o5xota0a1fcr.cloudfront.net/v6/charts/Q3ECKUFVSAXVDJ7G2GHUM52WV5OHY7BWNPINEHCWMTT7ANA5DCRW2MMU4X6RR6EK5GACXRHSJC2LS4XTIY4D2ONF'}",0,Ciudad de México,Ciudad de México,Mexico,False,False,False,2019-06-25T14:25:46Z,2021-05-15T08:05:52Z,4.2,"{'id': 's20978781', 'polyline': 'yftuBzcm|Q?YIe@CeAI{ACI?c@GWB_@CMGk@AUBYEEAw@Ko@AgB', 'resource_state': 3}",15697,3401,1,"{'pr_elapsed_time': None, 'pr_date': None, 'pr_visibility': None, 'pr_activity_id': None, 'pr_activity_visibility': None, 'effort_count': 0}","{'kom': '18s', 'qom': '1:13', 'overall': '18s', 'destination': {'href': 'strava://segments/20978781/leaderboard', 'type': 'overall', 'name': 'All-Time'}}","{'athlete_id': 59239525, 'title': 'Ignacio G R', 'profile': 'https://graph.facebook.com/3275806612450738/picture?height=256&width=256', 'effort_description': '44 efforts in the last 90 days', 'effort_count': '44', 'effort_counts': {'overall': '44 efforts', 'female': '18 efforts'}, 'destination': 'strava://segments/20978781/local_legend?categories%5B%5D=overall'}"
15297166,3,Ciclopista Unitec-Laguna Carmen. sprint final,Run,301.6,-0.4,6.8,2264.0,2261.4,"[19.447164, -99.181184]","[19.448903, -99.17897]",https://d3o5xota0a1fcr.cloudfront.net/v6/charts/YXEMVMG275FQZFW3XXKM4EWWONI4VGVMA2UNVTQRU3AJFAM773D2JP2RTGQ7HYCI6KVVNUFTTIMQEEFHGOE3TZOM,"{'light_url': 'https://d3o5xota0a1fcr.cloudfront.net/v6/charts/YXEMVMG275FQZFW3XXKM4EWWONI4VGVMA2UNVTQRU3AJFAM773D2JP2RTGQ7HYCI6KVVNUFTTIMQEEFHGOE3TZOM', 'dark_url': 'https://d3o5xota0a1fcr.cloudfront.net/v6/charts/2ABOUSDGZSXYEGWJRTIJYN4KGHONZKVZPTMHCY5YKC3LIWZUFY756QTITFQHY7FKQAAZ6UNE5Y4DAU4WQUYA4T7U'}",0,,,,False,False,False,2017-06-30T16:40:09Z,2021-05-15T02:19:37Z,0.0,"{'id': 's15297166', 'polyline': 'wguuBlij|Qq@_Aq@u@_@o@mCmDcA{AEK', 'resource_state': 3}",5668,543,4,"{'pr_elapsed_time': None, 'pr_date': None, 'pr_visibility': None, 'pr_activity_id': None, 'pr_activity_visibility': None, 'effort_count': 0}","{'kom': '35s', 'qom': '15s', 'overall': '15s', 'destination': {'href': 'strava://segments/15297166/leaderboard', 'type': 'overall', 'name': 'All-Time'}}","{'athlete_id': 15980710, 'title': 'Osvy Alvarado', 'profile': 'https://dgalywyr863hv.cloudfront.net/pictures/athletes/15980710/11149918/1/large.jpg', 'effort_description': '27 efforts in the last 90 days', 'effort_count': '27', 'effort_counts': {'overall': '27 efforts', 'female': '19 efforts'}, 'destination': 'strava://segments/15297166/local_legend?categories%5B%5D=overall'}"
8911090,3,Lateral 500 m (500 - 0 m),Run,485.0,-0.4,3.1,2256.8,2252.0,"[19.466711, -99.195862]","[19.465448, -99.191446]",https://d3o5xota0a1fcr.cloudfront.net/v6/charts/BIO66AORZ33QOCB7FCCAPNBQ7R2TEYIVIXZTJBVXIWKFG2HC7JLNLU7MK3GDY77GL3VM3AWU3NCVL6ZJ3P7YG5Q=,"{'light_url': 'https://d3o5xota0a1fcr.cloudfront.net/v6/charts/BIO66AORZ33QOCB7FCCAPNBQ7R2TEYIVIXZTJBVXIWKFG2HC7JLNLU7MK3GDY77GL3VM3AWU3NCVL6ZJ3P7YG5Q=', 'dark_url': 'https://d3o5xota0a1fcr.cloudfront.net/v6/charts/M7NB536UTIQ4EUFIM4GU5MQANFTAACL5NRHEOWHMTDDLSCQBAG6ZU26QA7THW3D6SN366CKJCM3D5VRWNFUS47A='}",0,Ciudad de México,Distrito Federal,Mexico,False,False,False,2015-02-13T00:33:49Z,2021-05-15T02:16:04Z,0.0,"{'id': 's8911090', 'polyline': '}ayuBdem|QV{@Ly@d@wBFo@d@gCNgATkARu@Lu@\\uAXcBBS', 'resource_state': 3}",47872,3839,4,"{'pr_elapsed_time': 124, 'pr_date': '2025-03-30', 'pr_visibility': 'everyone', 'pr_activity_id': 14031993413, 'pr_activity_visibility': 'everyone', 'effort_count': 4}","{'kom': '53s', 'qom': '1:01', 'overall': '53s', 'destination': {'href': 'strava://segments/8911090/leaderboard', 'type': 'overall', 'name': 'All-Time'}}","{'athlete_id': 27090595, 'title': 'Victor Valdelamar', 'profile': 'https://dgalywyr863hv.cloudfront.net/pictures/athletes/27090595/7875901/3/large.jpg', 'effort_description': '83 efforts in the last 90 days', 'effort_count': '83', 'effort_counts': {'overall': '83 efforts', 'female': '20 efforts'}, 'destination': 'strava://segments/8911090/local_legend?categories%5B%5D=overall'}"
23344002,3,Glorieta - Eulalia by PH ♨️,Run,976.6,-0.2,2.5,2274.4,2271.0,"[19.468097, -99.17598]","[19.460984, -99.170671]",https://d3o5xota0a1fcr.cloudfront.net/v6/charts/VZFOR2LDNB36SQK7YUAUWUHKIHGDEPETG6ETEYSS7NSGKZZJIAZX2HGZW7P4Q5PFIORLBXSMG3EOVGBVWS2V3FQ=,"{'light_url': 'https://d3o5xota0a1fcr.cloudfront.net/v6/charts/VZFOR2LDNB36SQK7YUAUWUHKIHGDEPETG6ETEYSS7NSGKZZJIAZX2HGZW7P4Q5PFIORLBXSMG3EOVGBVWS2V3FQ=', 'dark_url': 'https://d3o5xota0a1fcr.cloudfront.net/v6/charts/MLMVWZIPGJV3PKT4UCILQCE6AS6FHHO5K74LY3CR6RVMDMQIDDMGAFS3RJESEUOKQIMXUJHAIBM7YB545G3MWCQ='}",0,Ciudad de México,Ciudad de México,Mexico,False,False,False,2020-04-08T00:21:54Z,2022-09-17T01:15:57Z,0.0,"{'id': 's23344002', 'polyline': 'qjyuBzhi|Q~DiEZSp@{@hAgA`@UVSX_@r@o@PUPO^ORMz@{@d@SxAc@VKdAo@^[^ShAg@r@c@z@[lAo@zAm@pBkAd@Q', 'resource_state': 3}",13208,837,0,"{'pr_elapsed_time': None, 'pr_date': None, 'pr_visibility': None, 'pr_activity_id': None, 'pr_activity_visibility': None, 'effort_count': 0}","{'kom': '1:16', 'qom': '1:11', 'overall': '1:11', 'destination': {'href': 'strava://segments/23344002/leaderboard', 'type': 'overall', 'name': 'All-Time'}}","{'athlete_id': 150965534, 'title': 'Antonio Mejia', 'profile': 'avatar/athlete/large.png', 'effort_description': '61 efforts in the last 90 days', 'effort_count': '61', 'effort_counts': {'overall': '61 efforts', 'female': '50 efforts'}, 'destination': 'strava://segments/23344002/local_legend?categories%5B%5D=overall'}"
17578522,3,400 e-trainer,Run,437.4,0.0,19.5,2254.5,2245.1,"[19.45544, -99.171648]","[19.45544, -99.17164]",https://d3o5xota0a1fcr.cloudfront.net/v6/charts/VS3FVAGB5HMCQY7WEI4BKHHWSEL6FT7H3XRBWHZ62ZV36QVJS6BN35UUEPNKHIPTUTSQ3BE6WVISKNMTH2JOQYI=,"{'light_url': 'https://d3o5xota0a1fcr.cloudfront.net/v6/charts/VS3FVAGB5HMCQY7WEI4BKHHWSEL6FT7H3XRBWHZ62ZV36QVJS6BN35UUEPNKHIPTUTSQ3BE6WVISKNMTH2JOQYI=', 'dark_url': 'https://d3o5xota0a1fcr.cloudfront.net/v6/charts/7UMJ7FDBRBRLZUAF6OZJOQWWFPKWRULYBYAJGNLPV42NHKWKXJREBIVNUU4QKJEP6S4XSUWK246W36KAWX7FBQA='}",0,Ciudad de México,Ciudad de México,Mexico,False,False,False,2018-05-06T00:38:45Z,2021-05-15T08:05:18Z,15.6,"{'id': 's17578522', 'polyline': 'o{vuBxmh|Qm@Oa@GqB_@WAUFQTGRC`@?JN^\\XfAJ`BX^?RCNIDIHU@WC[KSOQ', 'resource_state': 3}",707129,5016,4,"{'pr_elapsed_time': None, 'pr_date': None, 'pr_visibility': None, 'pr_activity_id': None, 'pr_activity_visibility': None, 'effort_count': 0}","{'kom': '47s', 'qom': '57s', 'overall': '47s', 'destination': {'href': 'strava://segments/17578522/leaderboard', 'type': 'overall', 'name': 'All-Time'}}","{'athlete_id': 54379523, 'title': 'Chris Castro', 'profile': 'https://graph.facebook.com/680421939410741/picture?height=256&width=256', 'effort_description': '168 efforts in the last 90 days', 'effort_count': '168', 'effort_counts': {'overall': '168 efforts', 'female': '105 efforts'}, 'destination': 'strava://segments/17578522/local_legend?categories%5B%5D=overall'}"
3846881,3,Parque Bicentenario 5km,Run,5011.97,0.0,10.4,2258.0,2250.8,"[19.468630683333334, -99.1935601]","[19.467213766666667, -99.1964631]",https://d3o5xota0a1fcr.cloudfront.net/v6/charts/PP6P5NVH7DVLYMGGGB76A3IGKJ4JVEGI3WZTKD5WUEG7FA54IH26ZN4VWKBGE37JKJJVDQ46IIWVE5QRK2NLHLI=,"{'light_url': 'https://d3o5xota0a1fcr.cloudfront.net/v6/charts/PP6P5NVH7DVLYMGGGB76A3IGKJ4JVEGI3WZTKD5WUEG7FA54IH26ZN4VWKBGE37JKJJVDQ46IIWVE5QRK2NLHLI=', 'dark_url': 'https://d3o5xota0a1fcr.cloudfront.net/v6/charts/JUJDJXNPW4M3LNHUFHEFVM6HSHN2P2FI45YKQ7S2BU3SBSTNIXSRAYCYBOQ3TYHXRFSU4MQEAKGLCNRBGHNFZMQ='}",0,Mexico City,DF,Mexico,False,False,False,2013-04-16T01:19:36Z,2021-05-15T02:13:01Z,23.3605,"{'id': 's3846881', 'polyline': '}myuBvvl|Qe@nCK^Mp@k@tAARBf@M~@?PBNn@l@NRBL?TQ^k@x@KbAI^M\\OX?HBFFFl@PBBHVIJU@IBEDCH?d@Fd@Rt@f@jAVbAXn@Jt@GlAKt@GZ[z@C\\MXEl@Bt@KvAOlA?JDHVZ@H@LCPINMNYFO?aAY[M{AA_@Gk@Qq@g@]KU?c@Du@?SC[OOSMg@Aa@Fo@?WQs@CSGOBNXv@@\\CpABXN\\^XTFRBb@@d@Id@D\\Hf@d@RHf@Hp@AZ@zBl@RCLGPSDK@g@CMGIKWAMDc@RuACm@By@PkATa@Pi@RuB?YAQUkAc@w@o@kCUa@CKCc@@KJQl@KR?VFp@CJCPKV[l@k@VObAcAPODKlA_DF_@JoARo@Dm@BMAEBWH]NWHYV_BAYE]MM]COISe@AUHSRUlAgAZUNUDO@]AKQe@Iy@IYS]a@g@u@w@MCaAGgAHk@?WEg@MYK_@Uq@OQ@YNOBe@Eq@KaAGDDZB`@?NHJ?NHHGD?RHP@P?NGFGJATFD?TB|@^v@H\\@dAETDp@Df@PTRtAdBHd@C^HXBRCb@IHe@n@sAlAU`@@TFLHDDNPH\\FHFHT?VKb@G|@IZG\\Sl@Ov@[r@MlBU~@', 'resource_state': 3}",854,151,2,"{'pr_elapsed_time': None, 'pr_date': None, 'pr_visibility': None, 'pr_activity_id': None, 'pr_activity_visibility': None, 'effort_count': 0}","{'kom': '20:23', 'qom': '25:25', 'overall': '20:23', 'destination': {'href': 'strava://segments/3846881/leaderboard', 'type': 'overall', 'name': 'All-Time'}}",
12553180,3,Terminus-SJ-Mayor Loop,Run,1634.5,-0.1,3.3,2420.8,2413.8,"[19.443802, -99.185338]","[19.44382, -99.185333]",https://d3o5xota0a1fcr.cloudfront.net/v6/charts/HRC2D2UGM2SGSL5HB3GMJT7UEKBKNUSJ7NI52ZUPMORIVA4RAJBESLQOYQMDPGLMXBQT2AIH2MSK5OI6J4J3E4I=,"{'light_url': 'https://d3o5xota0a1fcr.cloudfront.net/v6/charts/HRC2D2UGM2SGSL5HB3GMJT7UEKBKNUSJ7NI52ZUPMORIVA4RAJBESLQOYQMDPGLMXBQT2AIH2MSK5OI6J4J3E4I=', 'dark_url': 'https://d3o5xota0a1fcr.cloudfront.net/v6/charts/IC7SLESGWJ2VXSXAGFKZEW62OWCL2NRBXAU2GNUUEBAIZ6Q7Z4D6HF5QUWZLPFHIN3BE36CR35SU7FT62JWYYNI='}",0,Ciudad de México,Ciudad de México,Mexico,False,False,False,2016-07-07T02:02:45Z,2021-05-15T02:18:07Z,7.8,"{'id': 's12553180', 'polyline': 'wrtuBjck|Qh@x@l@t@DJRXj@r@JFR^ZhALhADjC?tBDfBNfDPzAFjA@vAHdABR]mCGmACaAGm@C{AI[EeAM{@CyCMiAEeBEa@Uy@Aa@BCRA`BDTJj@FQI[@yAA_@GUIq@mAg@o@m@aA[[', 'resource_state': 3}",2476,249,2,"{'pr_elapsed_time': None, 'pr_date': None, 'pr_visibility': None, 'pr_activity_id': None, 'pr_activity_visibility': None, 'effort_count': 0}","{'kom': '5:01', 'qom': '6:26', 'overall': '5:01', 'destination': {'href': 'strava://segments/12553180/leaderboard', 'type': 'overall', 'name': 'All-Time'}}","{'athlete_id': 2438680, 'title': 'Rene Portanel', 'profile': 'https://dgalywyr863hv.cloudfront.net/pictures/athletes/2438680/763394/1/large.jpg', 'effort_description': '18 efforts in the last 90 days', 'effort_count': '18', 'effort_counts': {'overall': '18 efforts', 'female': '11 efforts'}, 'destination': 'strava://segments/12553180/local_legend?categories%5B%5D=overall'}"
14191038,3,vuelta parque saleciano,Run,625.9,0.0,48.8,2248.2,2241.2,"[19.448618, -99.176808]","[19.448585, -99.17682]",https://d3o5xota0a1fcr.cloudfront.net/v6/charts/TTLOTXLLQZ4XV4XNQAKOYMV3O2L2PVAT5D2K5YN5ZHZYETIZL3RHEP6WQ3ZHRQAOT5AU4SMXTNFSLMUJL5TVWN75,"{'light_url': 'https://d3o5xota0a1fcr.cloudfront.net/v6/charts/TTLOTXLLQZ4XV4XNQAKOYMV3O2L2PVAT5D2K5YN5ZHZYETIZL3RHEP6WQ3ZHRQAOT5AU4SMXTNFSLMUJL5TVWN75', 'dark_url': 'https://d3o5xota0a1fcr.cloudfront.net/v6/charts/INTGI3FC4IOVFAKIPUNZ5M2OZHXTDCEJXSGRVEDXO26V4XI5NBQOYY7UNNKLIWJGT2U3R75T7OKRERFGA6YR74WY'}",0,Ciudad de México,Ciudad de México,Mexico,False,False,False,2017-02-18T18:11:57Z,2021-05-15T02:18:58Z,0.0,"{'id': 's14191038', 'polyline': 'ypuuB`ni|QEx@QrB@XFLVFhBPbBFpBNL?LGDSBk@G_CCGyC_@kBKeAKQ@', 'resource_state': 3}",3248,125,2,"{'pr_elapsed_time': None, 'pr_date': None, 'pr_visibility': None, 'pr_activity_id': None, 'pr_activity_visibility': None, 'effort_count': 0}","{'kom': '2:24', 'qom': '2:32', 'overall': '2:24', 'destination': {'href': 'strava://segments/14191038/leaderboard', 'type': 'overall', 'name': 'All-Time'}}","{'athlete_id': 128565245, 'title': 'Lic. Alfredo Dazo Dámazo Ordoñez', 'profile': 'https://graph.facebook.com/10161869819885434/picture?height=256&width=256', 'effort_description': '51 efforts in the last 90 days', 'effort_count': '51', 'effort_counts': {'overall': '51 efforts', 'female': '21 efforts'}, 'destination': 'strava://segments/14191038/local_legend?categories%5B%5D=overall'}"
26883273,3,Parque Santa Maria,Run,595.0,0.0,3.0,2243.6,2241.8,"[19.450523, -99.157287]","[19.450488, -99.15726]",https://d3o5xota0a1fcr.cloudfront.net/v6/charts/BSLQVUMLYVPA7ADCHIUALWJQMU4PUYOOOSDHBPSVB3RNGY5GNKRBMZG7AINRVGIG7IGR36KKF256GYKWNE3VPWQ=,"{'light_url': 'https://d3o5xota0a1fcr.cloudfront.net/v6/charts/BSLQVUMLYVPA7ADCHIUALWJQMU4PUYOOOSDHBPSVB3RNGY5GNKRBMZG7AINRVGIG7IGR36KKF256GYKWNE3VPWQ=', 'dark_url': 'https://d3o5xota0a1fcr.cloudfront.net/v6/charts/VIJTKUV5SU7CHTH23HDPVMRRWRXWYC3BQ57E27OAVUBHFQDFBYN65NMSJS4ISM6QMT22S277SKBRDVZ66Y3P3VY='}",0,Ciudad de México,Ciudad de México,Mexico,False,False,False,2021-01-02T20:02:47Z,2021-05-15T02:25:40Z,0.0,"{'id': 's26883273', 'polyline': 'w|uuB`te|QLFpAPPDNAXDdAT|@@PQFOB]HOLqACK@YCIWUCM[KE@]EQ@[IOCIGi@Au@IUAMHANOTKl@a@hA?V^d@', 'resource_state': 3}",35478,484,3,"{'pr_elapsed_time': None, 'pr_date': None, 'pr_visibility': None, 'pr_activity_id': None, 'pr_activity_visibility': None, 'effort_count': 0}","{'kom': '1:54', 'qom': '2:05', 'overall': '1:54', 'destination': {'href': 'strava://segments/26883273/leaderboard', 'type': 'overall', 'name': 'All-Time'}}","{'athlete_id': 160892714, 'title': 'Sofia Quezada', 'profile': 'https://dgalywyr863hv.cloudfront.net/pictures/athletes/160892714/37454427/1/large.jpg', 'effort_description': '214 efforts in the last 90 days', 'effort_count': '214', 'effort_counts': {'overall': '214 efforts', 'female': '214 efforts'}, 'destination': 'strava://segments/26883273/local_legend?categories%5B%5D=overall'}"
34490991,3,Antonio Valeriano,Run,406.5,-0.7,4.1,2244.8,2240.8,"[19.46898, -99.158967]","[19.46859, -99.15523]",https://d3o5xota0a1fcr.cloudfront.net/v6/charts/L5RAQDX676MQIVCSV3EUCWTSDDZ7HRTYMVVN5YDRSUCQJLWTQSBBLE722Z7SVYWXSYALVSY2SJRDONW5YUCGD52F,"{'light_url': 'https://d3o5xota0a1fcr.cloudfront.net/v6/charts/L5RAQDX676MQIVCSV3EUCWTSDDZ7HRTYMVVN5YDRSUCQJLWTQSBBLE722Z7SVYWXSYALVSY2SJRDONW5YUCGD52F', 'dark_url': 'https://d3o5xota0a1fcr.cloudfront.net/v6/charts/FU63HSMP5U32QGX4Y2SPTY7CZV76T3FFDBSJSMFPRHNZZW2STCAMO5Y77J6OONNCHS7USYGKNGHWTY2H42J3SD63'}",0,,Mexico City,Mexico,False,False,False,2023-05-26T18:00:39Z,2023-05-26T18:01:00Z,0.0,"{'id': 's34490991', 'polyline': 'apyuBp~e|QR{BJc@BcAC]DW?g@F_@E[?YH_@BYAODIAIHe@?IOSGUHcAJ]Jy@', 'resource_state': 3}",1784,127,0,"{'pr_elapsed_time': None, 'pr_date': None, 'pr_visibility': None, 'pr_activity_id': None, 'pr_activity_visibility': None, 'effort_count': 0}","{'kom': '57s', 'qom': '56s', 'overall': '56s', 'destination': {'href': 'strava://segments/34490991/leaderboard', 'type': 'overall', 'name': 'All-Time'}}","{'athlete_id': 4605425, 'title': 'Dani Yuls⚡️ Lara', 'profile': 'https://dgalywyr863hv.cloudfront.net/pictures/athletes/4605425/1558733/2/large.jpg', 'effort_description': '39 efforts in the last 90 days', 'effort_count': '39', 'effort_counts': {'overall': '39 efforts', 'female': '39 efforts'}, 'destination': 'strava://segments/34490991/local_legend?categories%5B%5D=overall'}"
33619510,3,400m LPD by Nike Running,Run,422.1,0.0,3.7,2236.8,2235.3,"[19.445694, -99.115316]","[19.445722, -99.115308]",https://d3o5xota0a1fcr.cloudfront.net/v6/charts/ZZXFPEAAZJTDXVTSXTLR6Z5BG3R2LKA745TKIZG4BWVXD7NA7IMDN7XR6QWLID2IV6IIPKUCVQD37TLMS2LMKZY=,"{'light_url': 'https://d3o5xota0a1fcr.cloudfront.net/v6/charts/ZZXFPEAAZJTDXVTSXTLR6Z5BG3R2LKA745TKIZG4BWVXD7NA7IMDN7XR6QWLID2IV6IIPKUCVQD37TLMS2LMKZY=', 'dark_url': 'https://d3o5xota0a1fcr.cloudfront.net/v6/charts/2TS742CLHQDXAOUWCQQXJFXMCZ6AKWYRUDAF63GLPTQ7HOVGBNTTX33UDODYD5KQRGUNJDJDM6K2TJIOI74TT5A='}",0,,Mexico City,Mexico,False,False,False,2023-01-20T21:12:00Z,2023-01-20T21:12:01Z,0.0,"{'id': 's33619510', 'polyline': 'q~tuBvm}{QS@ODIL@^DFVJ`ANd@QDO?OSWiAQ[ASLGL@PHLLJr@Lb@DNCJKFOAQGMOGSEw@K', 'resource_state': 3}",1039,73,1,"{'pr_elapsed_time': None, 'pr_date': None, 'pr_visibility': None, 'pr_activity_id': None, 'pr_activity_visibility': None, 'effort_count': 0}","{'kom': '19s', 'qom': '1:07', 'overall': '19s', 'destination': {'href': 'strava://segments/33619510/leaderboard', 'type': 'overall', 'name': 'All-Time'}}",
28385828,3,Vuelta al campo,Run,540.8,0.2,2.6,2237.8,2236.6,"[19.45506, -99.120461]","[19.455037, -99.120398]",https://d3o5xota0a1fcr.cloudfront.net/v6/charts/BYR7FOZBQ3DNNK67XJJBE4ZZTU4NLRE6WAA7TUJJWVHIOTZPQ6XZVPOHKPFRBOD6SJJ3CIQYAJEDWLAV6OUQSWYE,"{'light_url': 'https://d3o5xota0a1fcr.cloudfront.net/v6/charts/BYR7FOZBQ3DNNK67XJJBE4ZZTU4NLRE6WAA7TUJJWVHIOTZPQ6XZVPOHKPFRBOD6SJJ3CIQYAJEDWLAV6OUQSWYE', 'dark_url': 'https://d3o5xota0a1fcr.cloudfront.net/v6/charts/ONLVRE6JHPK2GO4IXLZT42HFJRJUKYIFEZEPTTKG63WVJ7A22N5UTA2QTTUGTHCCRV4LVJ42ZMOLF7PT7T7BRP5Z'}",0,Ciudad de México,Ciudad de México,Mexico,False,False,False,2021-05-11T02:23:52Z,2021-05-11T02:23:52Z,0.0,"{'id': 's28385828', 'polyline': 'cyvuB|m~{QI\\CPAl@Ih@@RZHdCVVSF_@NoB^eCEYYMkA]g@MI@KTi@xC', 'resource_state': 3}",10191,100,0,"{'pr_elapsed_time': None, 'pr_date': None, 'pr_visibility': None, 'pr_activity_id': None, 'pr_activity_visibility': None, 'effort_count': 0}","{'kom': '1:33', 'qom': '2:43', 'overall': '1:33', 'destination': {'href': 'strava://segments/28385828/leaderboard', 'type': 'overall', 'name': 'All-Time'}}","{'athlete_id': 46846657, 'title': 'Ulises Rubio', 'profile': 'https://lh5.googleusercontent.com/-_uZQhjFu84U/AAAAAAAAAAI/AAAAAAAAAAA/ACHi3rdv9xKGa3mbSb2RulrSWGhXcY0mnQ/photo.jpg', 'effort_description': '29 efforts in the last 90 days', 'effort_count': '29', 'effort_counts': {'overall': '29 efforts', 'female': '11 efforts'}, 'destination': 'strava://segments/28385828/local_legend?categories%5B%5D=overall'}"
33619523,3,800m LPD by Nike Running,Run,845.0,0.0,2.8,2236.8,2235.2,"[19.445676, -99.11531]","[19.445751, -99.115296]",https://d3o5xota0a1fcr.cloudfront.net/v6/charts/7AV2GKC3IIY4K4T3OD2XTHX7TYHB37YNPAOSYNEUNTLLA4N676UUUP5JWQD7Z3PGYMSKQWKTYACRKM4W3FM5Z4KN,"{'light_url': 'https://d3o5xota0a1fcr.cloudfront.net/v6/charts/7AV2GKC3IIY4K4T3OD2XTHX7TYHB37YNPAOSYNEUNTLLA4N676UUUP5JWQD7Z3PGYMSKQWKTYACRKM4W3FM5Z4KN', 'dark_url': 'https://d3o5xota0a1fcr.cloudfront.net/v6/charts/LQAT7WS3NUIFA5SS54ANGZTE7ABX2AGZG53BXTESKXLYEQUNWSLDLJF6LKFRMSVVMZN6EIEYPRDACGGY726V2EOK'}",0,,Mexico City,Mexico,False,False,False,2023-01-20T21:15:16Z,2023-01-20T21:15:16Z,0.0,"{'id': 's33619523', 'polyline': 'm~tuBtm}{QE?g@HEf@ZVr@Lf@@Ta@AQWUaAQO?_@JI\\TZh@Lf@Hb@KFQIe@kAUg@?Q^P`@hARd@AJKBO?M_@[g@Ig@E_@RFh@d@Nf@Jb@CPc@S_@qAS', 'resource_state': 3}",699,70,0,"{'pr_elapsed_time': None, 'pr_date': None, 'pr_visibility': None, 'pr_activity_id': None, 'pr_activity_visibility': None, 'effort_count': 0}","{'kom': '19s', 'qom': '1:07', 'overall': '19s', 'destination': {'href': 'strava://segments/33619523/leaderboard', 'type': 'overall', 'name': 'All-Time'}}",
33619533,3,1k LPD by Nike Running,Run,1053.9,0.0,4.3,2236.8,2235.2,"[19.445687, -99.115323]","[19.445763, -99.115315]",https://d3o5xota0a1fcr.cloudfront.net/v6/charts/KWNLA6P3FGPR4IQGYU74MW7E3QZOQDSHSBZD4UQRSDATPGZBA4I4H4LQ3MBHVTSXTPJJIED2ATUNOYOZYNHQG3Y=,"{'light_url': 'https://d3o5xota0a1fcr.cloudfront.net/v6/charts/KWNLA6P3FGPR4IQGYU74MW7E3QZOQDSHSBZD4UQRSDATPGZBA4I4H4LQ3MBHVTSXTPJJIED2ATUNOYOZYNHQG3Y=', 'dark_url': 'https://d3o5xota0a1fcr.cloudfront.net/v6/charts/PGQ7O6HG2VVNKYU6YSFBCIXFDIQMNFBXFTQ6FMGLWM7HUOXT3V5QQPZUG2UI5CX6XLE2GT6SNNB3PDBTOGQAO7A='}",0,,Mexico City,Mexico,False,False,False,2023-01-20T21:17:07Z,2023-01-20T21:17:07Z,0.0,"{'id': 's33619533', 'polyline': 'o~tuBxm}{Qe@BO`@LV\\Jx@JNALGHe@EKSKaAOY@WTCTXVjAPN?RIHUI_@c@My@KQ@KFIH@d@\\Ph@Jd@B\\WCg@a@Mg@Ig@?[VBV`@Vf@Hf@BVQ?g@e@Si@Gi@@UZDT^Rh@Hf@DLEJMBOSc@uAQ', 'resource_state': 3}",618,71,0,"{'pr_elapsed_time': None, 'pr_date': None, 'pr_visibility': None, 'pr_activity_id': None, 'pr_activity_visibility': None, 'effort_count': 0}","{'kom': '19s', 'qom': '1:07', 'overall': '19s', 'destination': {'href': 'strava://segments/33619533/leaderboard', 'type': 'overall', 'name': 'All-Time'}}",
3541987,3,BOSQUE DE ARAGON,Run,5637.69,-0.0,7.2,2246.0,2235.0,"[19.462311722420434, -99.07612039436476]","[19.46166278625849, -99.07644726058271]",https://d3o5xota0a1fcr.cloudfront.net/v6/charts/QUCWPBFQE2UFQG4NQV7WJYXHXXU2WLS3DITHCBS7U4744GTPLMRFTTL7D2R3ZMYYZSCVN6USSPTMZOFPYOR3AGSA,"{'light_url': 'https://d3o5xota0a1fcr.cloudfront.net/v6/charts/QUCWPBFQE2UFQG4NQV7WJYXHXXU2WLS3DITHCBS7U4744GTPLMRFTTL7D2R3ZMYYZSCVN6USSPTMZOFPYOR3AGSA', 'dark_url': 'https://d3o5xota0a1fcr.cloudfront.net/v6/charts/KWEP4VPJT4L2BY4NLQKOFT6RBQYCJGFJN6L2ZACA53SZEPW5KMOANPBRBFW5BPEDCZQ2PFHEZXNX5GOBSNZ2V7OG'}",0,Mexico City,Federal District,Mexico,False,False,False,2013-03-03T19:32:05Z,2021-05-20T08:02:25Z,0.0,"{'id': 's3541987', 'polyline': 'mfxuBvxu{QBEVC`@KD@zA^r@Dl@Jj@@b@P\\j@VXd@~@`ApAR`@VlAHLxAd@N?\\R\\f@vAdA\\f@\\^^l@f@ZF?VIJAb@?`@DLAVc@TWf@_@PAZF`@Gb@W~@kA~Aq@XCvANRATIPCXAZ@z@\\PJ`@FHDDH`@HJAXOt@QZY^g@LAJKFSBc@Im@OGCCCDBBE?OWk@q@GMSOUYqA_Aa@c@GIKa@G{@S{@IQe@m@_Ak@SYMYKq@IUm@o@s@q@y@mA?YMUy@i@y@uAc@g@Ia@{@gBOg@[Qo@k@a@w@WUMYY]Sa@g@e@GKYaAS_@_BmBOe@i@{@[_@]Q_@g@oNsUWMk@k@@MFGVOTY`AeDuBSyHtM@LFTEFGBGKIAUOQ?KF?JWxACn@?pANtA?PET]jAGpACpAGT]v@]~@Gn@IXEXCd@M|@Ep@If@K^OlAIvAIl@M`@G`@GpCEFG@_@@E@UPEDANNPdAfB`@bADf@X`@Xp@LNn@`@FHTp@Z~ANZdEfEXRH?BB\\b@BL`Cw@x@i@bAFi@Gc@MIIIIIQ?c@UHWb@?FL@ZGhBy@', 'resource_state': 3}",30925,3004,33,"{'pr_elapsed_time': None, 'pr_date': None, 'pr_visibility': None, 'pr_activity_id': None, 'pr_activity_visibility': None, 'effort_count': 0}","{'kom': '17:44', 'qom': '20:14', 'overall': '17:44', 'destination': {'href': 'strava://segments/3541987/leaderboard', 'type': 'overall', 'name': 'All-Time'}}","{'athlete_id': 62962833, 'title': 'Beto Araujo', 'profile': 'https://graph.facebook.com/2755294621237455/picture?height=256&width=256', 'effort_description': '51 efforts in the last 90 days', 'effort_count': '51', 'effort_counts': {'overall': '51 efforts', 'female': '27 efforts'}, 'destination': 'strava://segments/3541987/local_legend?categories%5B%5D=overall'}"
21261971,3,Pista Deportivo Oceania,Run,444.2,0.0,16.7,2245.1,2235.4,"[19.446551, -99.081808]","[19.446544, -99.081809]",https://d3o5xota0a1fcr.cloudfront.net/v6/charts/BMEE5S4HQ6VAGKCYHD5TZZJSF2IDUUAMGBBTNHAIISICMKTBBRMDKVG2GSHVXU35WAXSYUH5NH6KHRKFJ6OWSQCQ,"{'light_url': 'https://d3o5xota0a1fcr.cloudfront.net/v6/charts/BMEE5S4HQ6VAGKCYHD5TZZJSF2IDUUAMGBBTNHAIISICMKTBBRMDKVG2GSHVXU35WAXSYUH5NH6KHRKFJ6OWSQCQ', 'dark_url': 'https://d3o5xota0a1fcr.cloudfront.net/v6/charts/SCF5CXS4SFMV2X43FGCUY2KQXKKO45BXTOG4PSFEXTA24TMRSF2L76ODDZQDT2AVMTKMOIIEFTWYQWGXPZRF2DLY'}",0,Ciudad de México,Ciudad de México,Mexico,False,False,False,2019-07-25T01:45:25Z,2021-05-20T08:05:11Z,9.7,"{'id': 's21261971', 'polyline': '}cuuBh|v{QyAKOBMHKTIh@Bd@LXLLRFlD\\T?XKP]F_@Ce@GUUUOGiBQ', 'resource_state': 3}",159045,1031,8,"{'pr_elapsed_time': None, 'pr_date': None, 'pr_visibility': None, 'pr_activity_id': None, 'pr_activity_visibility': None, 'effort_count': 0}","{'kom': '35s', 'qom': '56s', 'overall': '35s', 'destination': {'href': 'strava://segments/21261971/leaderboard', 'type': 'overall', 'name': 'All-Time'}}","{'athlete_id': 63994056, 'title': 'Adrian Eugenio', 'profile': 'https://dgalywyr863hv.cloudfront.net/pictures/athletes/63994056/34649312/1/large.jpg', 'effort_description': '449 efforts in the last 90 days', 'effort_count': '449', 'effort_counts': {'overall': '449 efforts', 'female': '287 efforts'}, 'destination': 'strava://segments/21261971/local_legend?categories%5B%5D=overall'}"
9579384,3,Bosque de Aragon - Pta 5 - Profe Gerardo,Run,5019.1,-0.0,5.5,2246.0,2235.0,"[19.464138, -99.07598]","[19.464214, -99.07587]",https://d3o5xota0a1fcr.cloudfront.net/v6/charts/ZJV527ZPDPCSTP3EL5ERJDESXPWSAHAUT4ZX3T2CRWTXMZQW5AZ7T6UXRQYBZQRNQCMXVA6F3LVEBQIZDFFINSN6,"{'light_url': 'https://d3o5xota0a1fcr.cloudfront.net/v6/charts/ZJV527ZPDPCSTP3EL5ERJDESXPWSAHAUT4ZX3T2CRWTXMZQW5AZ7T6UXRQYBZQRNQCMXVA6F3LVEBQIZDFFINSN6', 'dark_url': 'https://d3o5xota0a1fcr.cloudfront.net/v6/charts/CPQMFAYANTT55HOZQGOM62D5M3GLA372BWCKAIWS7W6CUUMM3Z2IZB6POYM4H3DZZAHKUJ7FVVLWOKBOABEOW4NZ'}",0,Ciudad de México,Distrito Federal,Mexico,False,False,False,2015-05-26T16:36:22Z,2021-05-15T02:16:27Z,0.0,"{'id': 's9579384', 'polyline': 'yqxuBzwu{QHN\\ZXf@xAnB\\\\RBd@QLSf@m@Re@^_@PKP@b@PRBTATGNMd@MV?TDh@?t@Rp@d@LPl@f@JRLJPf@p@dAd@hAPFT?RFpB|APHV`@NJX`@l@l@n@d@\\`@PFd@Bb@AbBcATE~@KTIPCLKLQ^{@^c@RGRAhAXR@PBf@CpASPAj@H|Af@P@PAjA_@NKdA{@HSCg@KSQM]_@W_@Y]q@c@[a@a@{@W_@ISO}@Oe@KQYa@][eAwA[w@_@]Yc@Sg@g@m@_@s@aAoA]u@MOKU}@wAk@g@W]a@u@}@wAa@{@u@cAc@w@KKi@y@i@eAu@}@w@uA[a@eAo@[a@Uc@Ki@CSESKQe@m@a@w@i@m@c@s@]c@_@y@Y_@Ua@[_@c@}@}@sAsA_BWe@Ui@MKIMKUWe@MOQIQGQAk@BSHW^EPSvA?TWhB_@hBCXS|@Gf@[rAg@rCQvAMf@MxAS`AMzAIRSnAIrAWlBUfCQj@Q`A[pCWxASlBFRNLPHNJJLFRBV?l@BX\\x@X`@Z\\\\b@z@xALNJP', 'resource_state': 3}",31842,2974,3,"{'pr_elapsed_time': None, 'pr_date': None, 'pr_visibility': None, 'pr_activity_id': None, 'pr_activity_visibility': None, 'effort_count': 0}","{'kom': '17:30', 'qom': '19:50', 'overall': '17:30', 'destination': {'href': 'strava://segments/9579384/leaderboard', 'type': 'overall', 'name': 'All-Time'}}","{'athlete_id': 62962833, 'title': 'Beto Araujo', 'profile': 'https://graph.facebook.com/2755294621237455/picture?height=256&width=256', 'effort_description': '55 efforts in the last 90 days', 'effort_count': '55', 'effort_counts': {'overall': '55 efforts', 'female': '31 efforts'}, 'destination': 'strava://segments/9579384/local_legend?categories%5B%5D=overall'}"
32852411,3,veredeando por el bosquecito,Run,5772.5,-0.1,18.9,2244.5,2234.0,"[19.464694, -99.067224]","[19.464723, -99.067211]",https://d3o5xota0a1fcr.cloudfront.net/v6/charts/Z3QHWHYGKKQ3DZYC7SF62JJAKSMUSNH3Q5Q7FEXWTFKXF5N7RMLTAC6GILFC6S6FUX4LFR66VX4Y2C557JSEQYC3,"{'light_url': 'https://d3o5xota0a1fcr.cloudfront.net/v6/charts/Z3QHWHYGKKQ3DZYC7SF62JJAKSMUSNH3Q5Q7FEXWTFKXF5N7RMLTAC6GILFC6S6FUX4LFR66VX4Y2C557JSEQYC3', 'dark_url': 'https://d3o5xota0a1fcr.cloudfront.net/v6/charts/XFD3APEHBV55T7Z7CO57UGVQHG6H6PD3QKEGLB3KMLNEYNMVTJZTJSXRILREZMXJQWBMPNYQ7S2EHXH6DUSEHNIS'}",0,Ciudad de México,Ciudad de México,Mexico,False,False,False,2022-09-17T03:53:42Z,2022-09-17T03:53:43Z,20.2554,"{'id': 's32852411', 'polyline': 'iuxuBdat{QCHUZCv@Kt@ARENUzA?ZGXCZQ\\SbAATe@pA?PWbBEv@Bl@It@Il@Cd@K`@Eb@a@bAANINIb@?VJd@@ZBNZVLR^fAF^Nf@Vl@BRPPXp@TPTb@Vn@Bb@Xb@Tf@F\\Vv@DXHPj@tAHf@LTHX@JBDTDZI\\]JGTQn@WHJH\\RJTG^?JAJETA\\KPQFODWHODWNQJ[T]j@_@\\KVBLCV?l@EH@^LNJR\\JDZZRZl@r@JRh@j@Pl@Vd@HJPLJRLLAJOVMf@BNNb@@VSb@M^Y^CXKJMDc@?MBQRYj@Hb@HNl@Hj@An@Jd@@XAXEP@PCJ@RAb@@PGXCLG^@\\ATIp@Gf@WTC^Q\\Kb@g@RMRIRY\\]~@g@N_@DEj@]t@QXNb@JZAj@B`@I|A@n@VnATJAf@DVC?GI_@BIRG^U`@a@Za@NGHOCQI[Gg@GWe@g@{@kBMMQ]KE_@LIA]qAKm@Yk@QSSQYg@MKAOEQy@wA{@qAMGYIKMMc@{@mASa@_@i@KUQMKUcAmAO[C]_@s@o@w@s@eAYWe@o@ISe@i@o@cAi@i@Mo@]SMSk@g@IOUQGUSk@Ga@]i@OSIC[HM@G?EGGO?KJ_@AKI_@Yw@c@k@Wg@i@i@c@iA]a@Ye@g@O_@W?OF[@]O{@?e@YuB]i@SIQAg@Dg@J}@BcB_DQUYSGA_AD]NWFg@D_@NQ@IRG@ALOXQjA_@rAKx@?ZSr@SxAErAETBLC\\[`B', 'resource_state': 3}",503,140,1,"{'pr_elapsed_time': None, 'pr_date': None, 'pr_visibility': None, 'pr_activity_id': None, 'pr_activity_visibility': None, 'effort_count': 0}","{'kom': '22:01', 'qom': '23:07', 'overall': '22:01', 'destination': {'href': 'strava://segments/32852411/leaderboard', 'type': 'overall', 'name': 'All-Time'}}","{'athlete_id': 161696399, 'title': 'Yaradi Espinosa', 'profile': 'https://dgalywyr863hv.cloudfront.net/pictures/athletes/161696399/36062432/2/large.jpg', 'effort_description': '1 effort in the last 90 days', 'effort_count': '1', 'effort_counts': {'overall': '1 effort', 'female': '1 effort'}, 'destination': 'strava://segments/32852411/local_legend?categories%5B%5D=overall'}"
31881360,3,"Córrele, que el metro se va!!",Run,1117.8,-0.1,0.8,2235.0,2233.2,"[19.452408, -99.07788]","[19.458387, -99.069453]",https://d3o5xota0a1fcr.cloudfront.net/v6/charts/RYRXK7GCLCERA4RD2RCVVPRE2LMZFXIVNSDXQP5OPUTA77IZUFYURB3QWSZXR4PDJSCME72M4E3GPVCBGPDR3CQ=,"{'light_url': 'https://d3o5xota0a1fcr.cloudfront.net/v6/charts/RYRXK7GCLCERA4RD2RCVVPRE2LMZFXIVNSDXQP5OPUTA77IZUFYURB3QWSZXR4PDJSCME72M4E3GPVCBGPDR3CQ=', 'dark_url': 'https://d3o5xota0a1fcr.cloudfront.net/v6/charts/4E7XBQTQAFIGQAGQ7GAGUTUVU2OR77G4TB4VGJ6OX3QYIHRBZQSA7QW3H6M66LHQLI56JN3HRCBWA2WOYZHHBUQ='}",0,Ciudad de México,Ciudad de México,Mexico,False,False,False,2022-05-29T15:53:49Z,2022-05-29T15:53:50Z,0.0,"{'id': 's31881360', 'polyline': 'ohvuBvcv{QOc@Y]Kc@OMa@U[[Y_@mAmBg@qBOa@[[eBiC[]U_@o@{@g@cAo@}@}AaCaB{BQa@Y]i@aAq@{@Uc@k@aA[[cAcBaBgC', 'resource_state': 3}",80699,5215,11,"{'pr_elapsed_time': None, 'pr_date': None, 'pr_visibility': None, 'pr_activity_id': None, 'pr_activity_visibility': None, 'effort_count': 0}","{'kom': '3:16', 'qom': '4:15', 'overall': '3:16', 'destination': {'href': 'strava://segments/31881360/leaderboard', 'type': 'overall', 'name': 'All-Time'}}","{'athlete_id': 62962833, 'title': 'Beto Araujo', 'profile': 'https://graph.facebook.com/2755294621237455/picture?height=256&width=256', 'effort_description': '90 efforts in the last 90 days', 'effort_count': '90', 'effort_counts': {'overall': '90 efforts', 'female': '58 efforts'}, 'destination': 'strava://segments/31881360/local_legend?categories%5B%5D=overall'}"
35811077,3,Bosque de Aragón 5k Pta.8,Run,5092.6,0.0,7.2,2240.7,2238.2,"[19.458331, -99.069461]","[19.458296, -99.069467]",https://d3o5xota0a1fcr.cloudfront.net/v6/charts/YCL33LDBVDFHTWN3MXMLNBFWGI7GNXYG3OVQ3ROS4IF6GLXIGSULSU4PUP2XWZWWT5BM7IPBFH4QUHTO4K47DOI=,"{'light_url': 'https://d3o5xota0a1fcr.cloudfront.net/v6/charts/YCL33LDBVDFHTWN3MXMLNBFWGI7GNXYG3OVQ3ROS4IF6GLXIGSULSU4PUP2XWZWWT5BM7IPBFH4QUHTO4K47DOI=', 'dark_url': 'https://d3o5xota0a1fcr.cloudfront.net/v6/charts/QHTOZ5RMYLFH26CMQD2WVWY26XBJHPVWPLUPAF3OKQPMOZXI5D7KQGOYXVO7X7POWZH4AXDFNVH234BRS7DD6SA='}",0,,Mexico City,Mexico,False,False,False,2023-11-07T23:12:34Z,2023-11-07T23:12:37Z,2.24,"{'id': 's35811077', 'polyline': 'qmwuBdot{QIIm@aAeAuAc@Q_@YY]Ke@Ie@Qm@oCkEmAcBy@wAwB_DiA{Ai@_Aq@_Ao@y@UMc@Bc@RWZMd@i@|Dc@nBGd@WhAo@vDM|@Eh@Kf@OnAKd@a@xCg@hCIfAIf@KrA_@~BAf@QxAKd@]vBWlAIf@Ef@R\\l@`@P`@D^Ad@Nj@Td@jAvAh@`ArBnCl@`AdAvAPXXTTMj@eAbAaBX]XQpCaAtCGf@D\\XhA|AlB|CnAvAj@`Az@lAl@`AlBvCX\\hAH`@OpAkAb@Id@A`@S`@[f@eA\\W`@KtAh@b@@z@M`@Md@GhARb@N^Rd@FbA]^Wr@aANe@Ee@o@_AW[{A}@Y[m@_AUe@_@iBQa@s@_AUc@q@{@m@aAY_@eB_D{CaEs@mAaCuDmC}DaBoC@Q', 'resource_state': 3}",31356,3147,1,"{'pr_elapsed_time': None, 'pr_date': None, 'pr_visibility': None, 'pr_activity_id': None, 'pr_activity_visibility': None, 'effort_count': 0}","{'kom': '17:39', 'qom': '20:13', 'overall': '17:39', 'destination': {'href': 'strava://segments/35811077/leaderboard', 'type': 'overall', 'name': 'All-Time'}}","{'athlete_id': 62962833, 'title': 'Beto Araujo', 'profile': 'https://graph.facebook.com/2755294621237455/picture?height=256&width=256', 'effort_description': '82 efforts in the last 90 days', 'effort_count': '82', 'effort_counts': {'overall': '82 efforts', 'female': '27 efforts'}, 'destination': 'strava://segments/35811077/local_legend?categories%5B%5D=overall'}"
31881553,3,La vuelta al Bosque,Run,5029.8,-0.3,1.6,2249.2,2233.2,"[19.458967, -99.077776]","[19.459016, -99.077811]",https://d3o5xota0a1fcr.cloudfront.net/v6/charts/VXAZOI4LDMH65D32PGIO3KWME3LZYUY3QZPKXWYJYW6QJCI6WZNOWX5PJFZ2CN3M7ZQXSRQ662GMPKPEUXS346HC,"{'light_url': 'https://d3o5xota0a1fcr.cloudfront.net/v6/charts/VXAZOI4LDMH65D32PGIO3KWME3LZYUY3QZPKXWYJYW6QJCI6WZNOWX5PJFZ2CN3M7ZQXSRQ662GMPKPEUXS346HC', 'dark_url': 'https://d3o5xota0a1fcr.cloudfront.net/v6/charts/52V3R7A4QOOSWOTZOGLWNESPMHHHYRYSOCTFSOHD2SORON3VKBE7DFYU6HK4MXBBPPQCC2N6QOQAS5JPAHZIWKWS'}",0,Ciudad de México,Ciudad de México,Mexico,False,False,False,2022-05-29T16:13:28Z,2022-05-29T16:13:29Z,4.8,"{'id': 's31881553', 'polyline': 'oqwuBbcv{QXl@v@z@tBhD\\f@XX\\TnAA\\Wt@y@^Sf@Ff@EZYXa@Tc@^[b@Kb@J`@Vb@@x@I`AQb@?hCx@f@G`@Mb@SZ[p@_ALg@Oc@Y]Kc@OMa@U[[Y_@mAmBg@qBOa@[[eBiC[]U_@o@{@g@cAo@}@}AaCaB{BQa@Y]i@aAq@{@Uc@k@aA[[kCkEq@}@m@aAY_@]Ya@S[_@Qa@WkAQa@mC{DaA_BY]cA_Bq@aAaD_F_B_C_@Oe@Aa@P]\\Kd@QnAUhAWtB[pBKd@SnAYnAe@tCWvBO~@k@fE]tBMrAKf@KlAKh@_@~CIj@Mb@MnA[tBJf@r@l@Hh@Bd@Hd@`@fAT^X\\PL`@~@DEFDbA`BfB`Cj@~@VZ\\X^Sl@}@f@cAT]X[dAk@fBq@zC@b@DX\\j@dARVRb@r@~@~A~BT`@HH', 'resource_state': 3}",31003,3042,1,"{'pr_elapsed_time': None, 'pr_date': None, 'pr_visibility': None, 'pr_activity_id': None, 'pr_activity_visibility': None, 'effort_count': 0}","{'kom': '17:26', 'qom': '20:01', 'overall': '17:26', 'destination': {'href': 'strava://segments/31881553/leaderboard', 'type': 'overall', 'name': 'All-Time'}}","{'athlete_id': 62962833, 'title': 'Beto Araujo', 'profile': 'https://graph.facebook.com/2755294621237455/picture?height=256&width=256', 'effort_description': '50 efforts in the last 90 days', 'effort_count': '50', 'effort_counts': {'overall': '50 efforts', 'female': '27 efforts'}, 'destination': 'strava://segments/31881553/local_legend?categories%5B%5D=overall'}"
37091923,3,Circuito interno Bosque de Aragon,Run,2581.3,-0.1,5.9,2235.4,2230.6,"[19.462, -99.069479]","[19.461942, -99.069447]",https://d3o5xota0a1fcr.cloudfront.net/v6/charts/CROQOCYMKNYKBHCWMK545AS4NLEMUNXI5SEY4LJRXUURJ3WCXINBICIVRHEBJCXZEDZ5PVEHUQFPVEAGRRFWR2I=,"{'light_url': 'https://d3o5xota0a1fcr.cloudfront.net/v6/charts/CROQOCYMKNYKBHCWMK545AS4NLEMUNXI5SEY4LJRXUURJ3WCXINBICIVRHEBJCXZEDZ5PVEHUQFPVEAGRRFWR2I=', 'dark_url': 'https://d3o5xota0a1fcr.cloudfront.net/v6/charts/ONDMJR6RUBB6ZUKPMFGOJLVGI4RLA6YESXKHMZGOPMNKJYQAQQOPARFFLQ4DAMV5IZBGSF3NTJGQJBATF3FHF5A='}",0,,Mexico City,Mexico,False,False,False,2024-06-11T22:18:48Z,2024-06-11T22:18:48Z,4.8,"{'id': 's37091923', 'polyline': 'odxuBfot{Q_AJk@LmA`@iAp@WRm@r@]f@c@x@k@|BOnBM~@?rB@ZPjAR`At@~Bf@v@n@n@l@f@x@d@|Ah@xATfADr@?|AB\\FZ?\\R\\^lAfBPZXZXLF@x@IZMh@_@j@c@t@u@^Q^_@f@[|@[jB_@r@[l@e@RONWFa@HYBi@Gm@Q_@k@i@}@i@gA[m@W_@S_@]c@WWWYa@Sa@YYQW]eAOs@Qi@c@}@i@u@q@w@q@q@e@Yk@w@_B}@MEWCSIm@I{AOW?_@B', 'resource_state': 3}",3613,380,1,"{'pr_elapsed_time': None, 'pr_date': None, 'pr_visibility': None, 'pr_activity_id': None, 'pr_activity_visibility': None, 'effort_count': 0}","{'kom': '6:29', 'qom': '8:32', 'overall': '6:29', 'destination': {'href': 'strava://segments/37091923/leaderboard', 'type': 'overall', 'name': 'All-Time'}}","{'athlete_id': 49247759, 'title': 'Hugo López', 'profile': 'https://dgalywyr863hv.cloudfront.net/pictures/athletes/49247759/17179267/8/large.jpg', 'effort_description': '35 efforts in the last 90 days', 'effort_count': '35', 'effort_counts': {'overall': '35 efforts', 'female': '13 efforts'}, 'destination': 'strava://segments/37091923/local_legend?categories%5B%5D=overall'}"
32852276,3,Shalalà por el laguito!!,Run,2664.3,0.0,13.2,2241.9,2238.2,"[19.461301, -99.074814]","[19.461322, -99.074813]",https://d3o5xota0a1fcr.cloudfront.net/v6/charts/PNXBFPCFANGCEZJNPLGK6YQTLI52AGAKKFHWWIN2MT3O6N64WGJHORZVPS6EVCWDSV5IJ3N2QGJ7IR232Z5BIADO,"{'light_url': 'https://d3o5xota0a1fcr.cloudfront.net/v6/charts/PNXBFPCFANGCEZJNPLGK6YQTLI52AGAKKFHWWIN2MT3O6N64WGJHORZVPS6EVCWDSV5IJ3N2QGJ7IR232Z5BIADO', 'dark_url': 'https://d3o5xota0a1fcr.cloudfront.net/v6/charts/GPP2KX73OTPXC4Z6O7A4NSOGUVEPTYVCRQJVGE4IQMENULG62BNTKIRZCPYJT52OQEJ6HZH4DJZ432QZAXRYRDUN'}",0,Ciudad de México,Ciudad de México,Mexico,False,False,False,2022-09-17T02:32:08Z,2022-09-17T02:32:08Z,3.55,"{'id': 's32852276', 'polyline': 'c`xuBrpu{QGIOIIGK_@b@OVUj@w@LW\\mAZyBDm@Hg@Z}@@FFr@GlAQlAYz@AjAKh@Af@K\\Wd@@JFBRAVKfBiAb@UF?JVFFZAFABE@c@@IJINC^@^DPGXc@l@oAPUJm@@k@UwAO_@Y}@[k@COIOk@Yq@SaAc@gAOYICo@O_@c@e@]Qa@_@GCu@MYSOIe@Ec@?u@Lc@LMJ_@r@Wp@@RHRCJqAhBWVE\\?b@HPH@r@G\\B^L~@h@l@@RHHNF\\JNB@FA\\FJFRVBF?PQp@BNPNBAA?BF@FAPU`@iAvAQ^MASKSMg@k@OAOBw@d@e@f@DRPXJ\\RZBBXBFBv@t@`@VNTNFF?FG@@FO`A{ADO', 'resource_state': 3}",114,28,0,"{'pr_elapsed_time': None, 'pr_date': None, 'pr_visibility': None, 'pr_activity_id': None, 'pr_activity_visibility': None, 'effort_count': 0}","{'kom': '10:32', 'qom': '15:43', 'overall': '10:32', 'destination': {'href': 'strava://segments/32852276/leaderboard', 'type': 'overall', 'name': 'All-Time'}}","{'athlete_id': 163606528, 'title': 'Strava Athlete', 'profile': 'avatar/athlete/large.png', 'effort_description': '2 efforts in the last 90 days', 'effort_count': '2', 'effort_counts': {'overall': '2 efforts', 'female': '1 effort'}, 'destination': 'strava://segments/32852276/local_legend?categories%5B%5D=overall'}"
9579354,3,Bosque de Aragon - Pta 5 - Profe Gerardo (r),Run,5075.1,0.0,7.1,2246.0,2235.0,"[19.464146, -99.076]","[19.464159, -99.075966]",https://d3o5xota0a1fcr.cloudfront.net/v6/charts/QT2HI6T47QQG4T76KCNAFBZ45KHMULQ74Z7IGRK5KN47M3KBYTN6S3JK4ZCMQO6Z5KY6J5S4O7KLKTRUFIVSEURQ,"{'light_url': 'https://d3o5xota0a1fcr.cloudfront.net/v6/charts/QT2HI6T47QQG4T76KCNAFBZ45KHMULQ74Z7IGRK5KN47M3KBYTN6S3JK4ZCMQO6Z5KY6J5S4O7KLKTRUFIVSEURQ', 'dark_url': 'https://d3o5xota0a1fcr.cloudfront.net/v6/charts/TWRFU3BSOFV2SNF3NT6O63KXNU5A26YZWQYCES4M3LNBQKDF64CIW2IVTHIYAKWYQI3XZE4RJRPZKFSC4ZUEF6S6'}",0,Ciudad de México,Distrito Federal,Mexico,False,False,False,2015-05-26T16:31:55Z,2021-05-15T02:16:27Z,0.0,"{'id': 's9579354', 'polyline': '{qxuB~wu{QkBoCoA}A_@{@CU@i@Im@ISo@a@MS?Qd@{BXsCXaBNyAJe@B}@Hk@Pe@@UL_ABk@FSNaBFQJq@TuB^}BFg@XmAL}@Vw@PeAZyBLq@Hu@^_CDg@P{@NUNKnACPHFPXj@|AvBh@j@hDpFt@bAnD~Ff@n@JRZbBHL\\\\r@^PNdC~DbBhCjA~Ap@hAX^^p@l@z@pBdD~B`DdAnBx@lAbBtBrAfC`@rA`@r@r@x@Vd@NPx@l@NPl@bADRER]r@eBdAc@NYBUCcBi@o@Mm@De@Pk@DQAg@K_@USEc@NOJOPGTINW\\OLc@VWDS?q@PONORq@h@e@Eg@Bc@Ee@Qa@YWg@qA}Aa@s@m@e@g@m@OCU@QG][MS[w@g@q@]]o@eA][[_@SIe@My@ESBiA`@SDU?i@K]WSHOL_@p@Qf@_@t@W^QBOMq@_A[]c@s@q@y@KMESMK', 'resource_state': 3}",2023,312,1,"{'pr_elapsed_time': None, 'pr_date': None, 'pr_visibility': None, 'pr_activity_id': None, 'pr_activity_visibility': None, 'effort_count': 0}","{'kom': '18:56', 'qom': '24:36', 'overall': '18:56', 'destination': {'href': 'strava://segments/9579354/leaderboard', 'type': 'overall', 'name': 'All-Time'}}","{'athlete_id': 38692065, 'title': 'Marco Santillan', 'profile': 'https://dgalywyr863hv.cloudfront.net/pictures/athletes/38692065/13175578/8/large.jpg', 'effort_description': '18 efforts in the last 90 days', 'effort_count': '18', 'effort_counts': {'overall': '18 efforts', 'female': '6 efforts'}, 'destination': 'strava://segments/9579354/local_legend?categories%5B%5D=overall'}"
9705941,3,Bosque de San Juan de Aragón,Run,5100.3,0.0,6.2,2246.0,2235.0,"[19.462867, -99.063539]","[19.462731, -99.063538]",https://d3o5xota0a1fcr.cloudfront.net/v6/charts/6E6WSUC7URUIYO45KQBFUOUNAJQQQDXRCDPWNCG76ZBU5THIVFVGAFOIVDGURUW7OZA5G5ECFL3RFU5I4MXX24LD,"{'light_url': 'https://d3o5xota0a1fcr.cloudfront.net/v6/charts/6E6WSUC7URUIYO45KQBFUOUNAJQQQDXRCDPWNCG76ZBU5THIVFVGAFOIVDGURUW7OZA5G5ECFL3RFU5I4MXX24LD', 'dark_url': 'https://d3o5xota0a1fcr.cloudfront.net/v6/charts/HTETOW3FC5XDWJ5ERHOUY37Q7RGTE4EFKLTMCE7TY5VEFVN5OPAZWAZ4JKHTZDYCFBMY5YYUYV4DPSXPTBHJAH4M'}",0,Ciudad de México,Distrito Federal,Mexico,False,False,False,2015-06-11T20:12:43Z,2021-05-20T08:03:25Z,28.3,"{'id': 's9705941', 'polyline': '{ixuBbjs{QII[@MFg@ZMb@IbAG\\QnAS|@g@pDUfAa@~BQp@Cf@e@rCSvBOj@_@`D{@nF?PYlBYhCId@OxASpAGn@BNDFn@\\JLFZDdAZhA`@d@HPlAbBpA`BPb@p@v@^p@dAnARNNANKlBkDRQfAe@ZIVO|@WxAB`A?XDXZN^f@h@f@z@j@r@p@`AXh@Z^z@rAdAvALZvApBLLl@bADFFBvA@JAHEp@q@TOJOJKLCb@HH?HETOn@m@To@HKZYXKR@l@Z`@J`AAp@QXEV@r@Rl@Jn@VH?TCZQh@OVQx@cAJ[AWEKaA}AwA}@Y_@Sc@i@}@c@gBm@eAc@o@]c@Wc@a@e@KSo@}@gAqBo@aA[_@Ue@c@g@wAsBwBgDUWO[]e@i@eA_@c@O]]a@We@w@gAWe@}@kAYg@MMk@Yi@o@EGGa@]iAo@cAY]Ug@e@u@qAgBKa@WWoBuCk@u@EQk@w@w@sAiBaC', 'resource_state': 3}",33904,3343,12,"{'pr_elapsed_time': None, 'pr_date': None, 'pr_visibility': None, 'pr_activity_id': None, 'pr_activity_visibility': None, 'effort_count': 0}","{'kom': '15:56', 'qom': '19:38', 'overall': '15:56', 'destination': {'href': 'strava://segments/9705941/leaderboard', 'type': 'overall', 'name': 'All-Time'}}","{'athlete_id': 62962833, 'title': 'Beto Araujo', 'profile': 'https://graph.facebook.com/2755294621237455/picture?height=256&width=256', 'effort_description': '79 efforts in the last 90 days', 'effort_count': '79', 'effort_counts': {'overall': '79 efforts', 'female': '20 efforts'}, 'destination': 'strava://segments/9705941/local_legend?categories%5B%5D=overall'}"
20462269,3,Bosque Aragón // Lobosbike inverse lap,Run,5031.5,0.0,17.9,2253.6,2236.2,"[19.46331, -99.063708]","[19.463333, -99.063672]",https://d3o5xota0a1fcr.cloudfront.net/v6/charts/GT47M7G62NNWHHIJSZGC675NSRIZJIPBX6WVOW2CTFQUMGGJMXGVAXYC3O7J23KZHDJUSTMGEZPC7Z6SMCHC5YXM,"{'light_url': 'https://d3o5xota0a1fcr.cloudfront.net/v6/charts/GT47M7G62NNWHHIJSZGC675NSRIZJIPBX6WVOW2CTFQUMGGJMXGVAXYC3O7J23KZHDJUSTMGEZPC7Z6SMCHC5YXM', 'dark_url': 'https://d3o5xota0a1fcr.cloudfront.net/v6/charts/OKTXBM3L62R7AGWOOLU5QG7HVIKW3FMHJPG45QNHBIXWVBCJV4ILCARHPKS76J7ZOVJ44YOPLNDGI76HIYU5PKRE'}",0,,,,False,False,False,2019-04-30T16:48:41Z,2021-11-07T23:34:35Z,57.4,"{'id': 's20462269', 'polyline': 'ulxuBdks{QZQBERIRER@PFxArARLf@~@RFDL\\Rr@r@h@v@n@lANPT`@l@l@z@|An@dBlAhBR`@Pp@f@p@XV\\RL`@~@hAT`@FFd@n@FBb@|@`@f@RZTl@LVHXd@|@l@x@RR~@|AdAlAVl@n@|@~@jA`BpC`CbDJT^f@Zn@b@r@n@xBjA`ClAlAnAfAD^?z@AHUh@e@VSPc@Ni@FgBSQG]?KGKAECS@[D]?a@As@O_@Ba@NWPWJy@f@u@r@UN]FQ@QFe@VYX]Pe@FO?o@OSQUWIQ[]Ug@g@k@_AqAUa@Qe@_AqAc@}@WS[k@m@o@[g@u@k@o@{@OAi@@cAEQ@a@EWD_@J{An@iAx@o@~@Oh@OZUXMDMCMMEQs@w@wAwBqAcBy@qA[]SW_@m@[y@E[Bm@I_@OUa@[KKEOCQFc@Nm@@a@He@?YN{@?[PiAHQAIL}@FeAHWPgAJqA?OLUBMFk@?KHg@Fm@ZuAPoA@_@N{@J_@AMPw@Fw@Ni@Jo@ZqAT}BLa@Fa@Ja@?YNc@?_@Lq@Bq@H[PU', 'resource_state': 3}",2366,382,2,"{'pr_elapsed_time': None, 'pr_date': None, 'pr_visibility': None, 'pr_activity_id': None, 'pr_activity_visibility': None, 'effort_count': 0}","{'kom': '19:34', 'qom': '22:54', 'overall': '19:34', 'destination': {'href': 'strava://segments/20462269/leaderboard', 'type': 'overall', 'name': 'All-Time'}}","{'athlete_id': 164594712, 'title': 'samuel diaz', 'profile': 'https://lh3.googleusercontent.com/a/ACg8ocInh3C1Ub3RBR5St-_V1GBRoUFIW3AJxO5EU2g0aMWbvTvymXM=s96-c', 'effort_description': '19 efforts in the last 90 days', 'effort_count': '19', 'effort_counts': {'overall': '19 efforts', 'female': '7 efforts'}, 'destination': 'strava://segments/20462269/local_legend?categories%5B%5D=overall'}"
27727750,3,Vuelta B. Aragòn perìmetral,Run,5893.4,0.0,16.0,2246.1,2232.7,"[19.462851, -99.063459]","[19.463089, -99.063481]",https://d3o5xota0a1fcr.cloudfront.net/v6/charts/T3J3Q54MAZZVTQXFG6PJ52OCUF5C55PZWUSMHRKF3RR6DCT56YSNZFVFFFDI3XQEOELUDKU4VB3G5FFSAZXBMTII,"{'light_url': 'https://d3o5xota0a1fcr.cloudfront.net/v6/charts/T3J3Q54MAZZVTQXFG6PJ52OCUF5C55PZWUSMHRKF3RR6DCT56YSNZFVFFFDI3XQEOELUDKU4VB3G5FFSAZXBMTII', 'dark_url': 'https://d3o5xota0a1fcr.cloudfront.net/v6/charts/Z23GQOWYCSASTJXYZNOL7RDC3OGHE3AI5LPWNYMCL7EUKPPVVRIV3J7JJ4SGOE5IWI2ZNJPUJQXSEKX4TSIHGWC7'}",0,Ciudad de México,Ciudad de México,Mexico,False,False,False,2021-03-24T02:48:40Z,2021-05-15T02:25:57Z,51.6,"{'id': 's27727750', 'polyline': 'yixuBris{QM?u@FQJQRURiAZe@l@ELMdAYhAKhAU~@Mp@Ev@E~AW`AET?XY~@C^?VGp@O|@C`@StAC^[~AKn@Mh@Sb@EP_@~CAZBn@Gp@IVAROr@@FETEJERKNI\\ATK\\@RH`@?Z@DXJJPHTLv@T^`@dAF^Nf@P^v@~@DRNPDZ\\p@Pf@H`@X|@Vb@Rr@P^LpAJl@DBZOz@u@HMf@c@PIJHZv@F@\\ERIlAYLILWZwAb@_AJOVMDKJGXERBd@Aj@DRDRHPJr@v@^n@x@`A^n@j@tANTHD\\BNADD?R]r@Up@FPRRBPAH_@dAOTG\\QTQ@]GQDUXS^CZBLNXDDJBbAEZ@hAEd@Gt@?l@GrBGr@GZGd@UZG\\URGTOlAsAZW\\OFGv@kAn@[r@QL@n@Z|@Jz@IdAFPBh@XJBT?ZFPCNBRSRIJ?LKJAP?RFLCZ]t@m@H[A]aAyAOa@[e@qAiBWSYCSMGW?}@AKIOqAcBYm@u@cA]s@_@o@i@m@M[m@o@y@uAmAwAk@}@SUS_@EQKUk@u@QO_@}@W_@YW]y@g@m@SOMYo@aA]Yu@y@[Ya@w@CUMg@[g@]a@[i@G?a@VEAKIEQLWDUGW?OW_@g@eAiAeBWUq@mAEC]MKIQ_@EM?UH_@ESEg@]sBG[MWEi@CCGC[Aq@J]HkA@GG[m@q@{@M[e@o@GCUCc@D', 'resource_state': 3}",578,137,2,"{'pr_elapsed_time': None, 'pr_date': None, 'pr_visibility': None, 'pr_activity_id': None, 'pr_activity_visibility': None, 'effort_count': 0}","{'kom': '21:37', 'qom': '23:08', 'overall': '21:37', 'destination': {'href': 'strava://segments/27727750/leaderboard', 'type': 'overall', 'name': 'All-Time'}}","{'athlete_id': 161696399, 'title': 'Yaradi Espinosa', 'profile': 'https://dgalywyr863hv.cloudfront.net/pictures/athletes/161696399/36062432/2/large.jpg', 'effort_description': '1 effort in the last 90 days', 'effort_count': '1', 'effort_counts': {'overall': '1 effort', 'female': '1 effort'}, 'destination': 'strava://segments/27727750/local_legend?categories%5B%5D=overall'}"
37091912,3,Central por la 661,Run,1233.7,0.1,10.3,2222.8,2220.2,"[19.45031, -99.05847]","[19.460782, -99.062241]",https://d3o5xota0a1fcr.cloudfront.net/v6/charts/T3W7RQW2G7M62N3CECMAVXERCFG3O6WSCTCT4NULT6I7YSWDFNXFNY27JVZGAJD36DY2S4VV2NECLR7B2WDJ3OA=,"{'light_url': 'https://d3o5xota0a1fcr.cloudfront.net/v6/charts/T3W7RQW2G7M62N3CECMAVXERCFG3O6WSCTCT4NULT6I7YSWDFNXFNY27JVZGAJD36DY2S4VV2NECLR7B2WDJ3OA=', 'dark_url': 'https://d3o5xota0a1fcr.cloudfront.net/v6/charts/4HUAT776Y7CZK5ESXTJM3DFYWIHHBS42ZW5UA26QVLIB6V6PECCJHVDLO5DJGVLKS4XHPJHLOUUERF7GGQCUMRA='}",0,,Mexico City,Mexico,False,False,False,2024-06-11T22:14:18Z,2024-06-11T22:14:18Z,2.6,"{'id': 's37091912', 'polyline': 'm{uuBljr{QIFYFe@Dm@T_Bb@iAh@KE]L]FWNwAZQHOLk@PMFe@Hs@^m@NWNo@Le@RS@WHMEC@w@^UDMF}Bt@WDg@V_AVa@Vs@VMNIDcANk@Bs@J_@Po@J]@SBu@R[Ba@Ae@Lw@FkAVmC`@i@L', 'resource_state': 3}",343,21,0,"{'pr_elapsed_time': None, 'pr_date': None, 'pr_visibility': None, 'pr_activity_id': None, 'pr_activity_visibility': None, 'effort_count': 0}","{'kom': '2:50', 'qom': '6:19', 'overall': '2:50', 'destination': {'href': 'strava://segments/37091912/leaderboard', 'type': 'overall', 'name': 'All-Time'}}","{'athlete_id': 117501199, 'title': 'Luis Emmanuel Jimenez Raviela', 'profile': 'https://dgalywyr863hv.cloudfront.net/pictures/athletes/117501199/34374870/2/large.jpg', 'effort_description': '1 effort in the last 90 days', 'effort_count': '1', 'effort_counts': {'overall': '1 effort', 'female': None}, 'destination': 'strava://segments/37091912/local_legend?categories%5B%5D=overall'}"
31173376,3,Aragón Perimetral Reverso,Run,5722.9,-0.1,30.1,2245.2,2233.3,"[19.462729, -99.063482]","[19.462763, -99.06267]",https://d3o5xota0a1fcr.cloudfront.net/v6/charts/6FA6PX6QXP34GTT3V27BCOSVM7DCMZ4TYCVTJO2R52VSSGFSUQ45XMSIPK2MFBEHYMZHTYFICAWMYKSHT6QKIZLH,"{'light_url': 'https://d3o5xota0a1fcr.cloudfront.net/v6/charts/6FA6PX6QXP34GTT3V27BCOSVM7DCMZ4TYCVTJO2R52VSSGFSUQ45XMSIPK2MFBEHYMZHTYFICAWMYKSHT6QKIZLH', 'dark_url': 'https://d3o5xota0a1fcr.cloudfront.net/v6/charts/RT753FQBPOPVSU4F3ZG7H2J67EZHDKP5Y7KKAQPCBIV6R5A5BQNEPFGUHSECU4ULUPP42YP33G2QPYAJIJ3RYYOU'}",0,Ciudad de México,Ciudad de México,Mexico,False,False,False,2022-03-05T19:34:25Z,2022-03-05T19:34:26Z,13.2378,"{'id': 's31173376', 'polyline': '_ixuBxis{QPR^t@NNh@v@b@^`ADfBSL@DFFLDb@Pp@JtATv@Fx@Jb@VRXb@~@rBfAbBJVr@nAFVATEP@HBFHHLDVKH@`@j@h@f@Xl@FXPPJZTXLd@NVhAfAf@`Aj@b@LPXv@VZ\\\\l@|@n@bAP^T\\jApAf@r@vBhCR`@t@~@hBxBV`@`@`@N\\Zf@JXLjBHZDHZLXZN^xAvB\\t@HTEt@Ib@g@bAi@f@?HJTADIJ[Fm@Dm@Qw@OiBQiAHa@CYGy@c@]AOF[Xu@jAw@h@SX[TcAdAWN}Al@_Dd@cCDqBL_A?g@C[?ICEEES?YFq@RiA^{AZ{@Po@D}@Ac@Mo@_AuB_CuCOMMGQCm@@s@EYDs@h@OZWt@]v@ST]TcB^MCU]QEG?i@\\SVo@b@IBO@KCEGYu@G]_@y@Ou@Ma@EWKg@i@iBk@gAMg@U[[SMSq@mBOo@Yk@I]Sc@GKWOGIMu@AWLeAb@kALm@JuAJ]?gAT_CFY@WPa@Rk@Hs@XqAFi@Hc@@]J]Do@TwABu@R_A@YHy@^gBBmAJy@FSNmAf@eBBS@wABKPSDSHS\\i@TQFMPUhAeAd@Q\\INK', 'resource_state': 3}",54,14,0,"{'pr_elapsed_time': None, 'pr_date': None, 'pr_visibility': None, 'pr_activity_id': None, 'pr_activity_visibility': None, 'effort_count': 0}","{'kom': '26:24', 'qom': '31:59', 'overall': '26:24', 'destination': {'href': 'strava://segments/31173376/leaderboard', 'type': 'overall', 'name': 'All-Time'}}",
14835017,3,MEX 0.6 KM LOOP,Run,672.0,0.0,7.3,2233.8,2231.4,"[19.440652, -98.916615]","[19.44062, -98.91662]",https://d3o5xota0a1fcr.cloudfront.net/v6/charts/32DDWEI733HLRKGNJK4CEAIP5ALQTFXJCEYCF34MCFELB5XTJQ4HN2MPGRXE6CVU4Z3HBCHY4ZE4TEJUYYSC26A=,"{'light_url': 'https://d3o5xota0a1fcr.cloudfront.net/v6/charts/32DDWEI733HLRKGNJK4CEAIP5ALQTFXJCEYCF34MCFELB5XTJQ4HN2MPGRXE6CVU4Z3HBCHY4ZE4TEJUYYSC26A=', 'dark_url': 'https://d3o5xota0a1fcr.cloudfront.net/v6/charts/PPQUO6W7EDQQ53AOWGGOYI2HGQ6OBWEZUQ6CL6CRBUVYTOEQRPJM5BK5HQYKUICZGTFWCSKS3ESCFRMYM2XXNAA='}",0,Santiago Cuautlalpan,Estado de México,Mexico,False,False,False,2017-05-10T03:15:46Z,2021-05-18T08:04:46Z,2.4,"{'id': 's14835017', 'polyline': 'a_tuBzsvzQe@ACF?d@IjCDb@HFBLEl@CrAEf@Ff@F@vAKnAYJELw@JuAAYk@ICIP{Da@SeBM', 'resource_state': 3}",5881,32,2,"{'pr_elapsed_time': None, 'pr_date': None, 'pr_visibility': None, 'pr_activity_id': None, 'pr_activity_visibility': None, 'effort_count': 0}","{'kom': '2:34', 'qom': '3:39', 'overall': '2:34', 'destination': {'href': 'strava://segments/14835017/leaderboard', 'type': 'overall', 'name': 'All-Time'}}","{'athlete_id': 88014444, 'title': 'Jonatan Hortelano', 'profile': 'https://lh3.googleusercontent.com/a-/AOh14GjIQU0-DBk1IZ8f0wPZ73t04LFLR-vC0HuHR8p3hw=s96-c', 'effort_description': '340 efforts in the last 90 days', 'effort_count': '340', 'effort_counts': {'overall': '340 efforts', 'female': '51 efforts'}, 'destination': 'strava://segments/14835017/local_legend?categories%5B%5D=overall'}"
17085549,3,Paseo de Echegaray Completo,Run,2450.0,0.0,11.5,2267.8,2262.6,"[19.499026, -99.227641]","[19.499056, -99.227696]",https://d3o5xota0a1fcr.cloudfront.net/v6/charts/EOH67DYOLGXRONVQUDX23UWZD4H4G5XGYKKOYOENPOCZTZZXQ7XPOUG2UZC5XSTRA55PCJVUG4P6NVACZQFSOBLX,"{'light_url': 'https://d3o5xota0a1fcr.cloudfront.net/v6/charts/EOH67DYOLGXRONVQUDX23UWZD4H4G5XGYKKOYOENPOCZTZZXQ7XPOUG2UZC5XSTRA55PCJVUG4P6NVACZQFSOBLX', 'dark_url': 'https://d3o5xota0a1fcr.cloudfront.net/v6/charts/JUES6XYAA4O5ANFHQO5Q6G42MFXESTYNUCIM7J4XL3YW4F7XOSAJSGBZCNCWZANGIBWVFN7CRJDCCJENFTAKI3W2'}",0,Naucalpan de Juárez,Estado de México,Mexico,False,False,False,2018-02-27T01:18:40Z,2021-05-20T08:04:33Z,0.0,"{'id': 's17085549', 'polyline': '{k_vBxks|QP\\`B~B`CpCxBbDhAtAhCbD`B|BhC`Dv@hAz@z@tBpCxAdBd@b@n@t@^j@Pb@t@xAZ`@|@|@LRD?EGoAkASUmAwBw@gAg@k@[[yAgBwBuCu@w@cCsCWa@s@}@uAsBo@o@k@y@iBwB}@qAeBuCaDmDw@qA', 'resource_state': 3}",12097,1046,12,"{'pr_elapsed_time': None, 'pr_date': None, 'pr_visibility': None, 'pr_activity_id': None, 'pr_activity_visibility': None, 'effort_count': 0}","{'kom': '8:14', 'qom': '9:35', 'overall': '8:14', 'destination': {'href': 'strava://segments/17085549/leaderboard', 'type': 'overall', 'name': 'All-Time'}}","{'athlete_id': 169891992, 'title': 'Arthur Mend', 'profile': 'https://dgalywyr863hv.cloudfront.net/pictures/athletes/169891992/37685035/1/large.jpg', 'effort_description': '33 efforts in the last 90 days', 'effort_count': '33', 'effort_counts': {'overall': '33 efforts', 'female': '14 efforts'}, 'destination': 'strava://segments/17085549/local_legend?categories%5B%5D=overall'}"
8906933,3,Circuito Sol ida,Run,1041.7,0.0,3.5,2256.8,2254.0,"[19.4691, -99.198001]","[19.472007, -99.201782]",https://d3o5xota0a1fcr.cloudfront.net/v6/charts/Z4GY3AGZAYNLLETNN4VGMMGNFVCCZ4FOJQKPO7XX4ZXU6RFNXW66EBFR7LYU44MEXNDCVIAHE3FU4NNRUPLC4PUQ,"{'light_url': 'https://d3o5xota0a1fcr.cloudfront.net/v6/charts/Z4GY3AGZAYNLLETNN4VGMMGNFVCCZ4FOJQKPO7XX4ZXU6RFNXW66EBFR7LYU44MEXNDCVIAHE3FU4NNRUPLC4PUQ', 'dark_url': 'https://d3o5xota0a1fcr.cloudfront.net/v6/charts/HXI7WDZQ4I3QYYYF5FKGTPP3A3M4ZOBMHRRECOBPGQ664JB7LG675IF6NY2HTDVPK2SGMVPWZL4FVRWJFD625YVL'}",0,Ciudad de México,Distrito Federal,Mexico,False,False,False,2015-02-12T05:09:27Z,2021-05-15T02:16:04Z,2.8,"{'id': 's8906933', 'polyline': '{pyuBprm|Q[FKLAHDf@VhAHNd@fBd@xDJBHJADIRGh@Kn@e@dAMb@Ax@B`AMp@KtADTNVFRAVM`@MD_@Bo@WQIe@Mg@Cy@@g@GoAo@]KO?eAHIA[IOKQUMe@A_@D]OiA', 'resource_state': 3}",38485,4443,6,"{'pr_elapsed_time': None, 'pr_date': None, 'pr_visibility': None, 'pr_activity_id': None, 'pr_activity_visibility': None, 'effort_count': 0}","{'kom': '2:55', 'qom': '3:44', 'overall': '2:55', 'destination': {'href': 'strava://segments/8906933/leaderboard', 'type': 'overall', 'name': 'All-Time'}}","{'athlete_id': 133587197, 'title': 'Natalia CL', 'profile': 'https://dgalywyr863hv.cloudfront.net/pictures/athletes/133587197/30761145/7/large.jpg', 'effort_description': '1 effort in the last 90 days', 'effort_count': '1', 'effort_counts': {'overall': '1 effort', 'female': '1 effort'}, 'destination': 'strava://segments/8906933/local_legend?categories%5B%5D=overall'}"
8874534,3,Lateral fondo 300m,Run,286.7,-0.6,3.0,2257.0,2255.3,"[19.469293, -99.20358]","[19.471804, -99.202987]",https://d3o5xota0a1fcr.cloudfront.net/v6/charts/RVDCE7HEZKVQ2QFMZVMINLBDAL7NIMQL7A3FVLM6YOM4W4JS7HIBDPTUW4XZEMND2NEGFMB4PX3DJPEVLWB3L5EN,"{'light_url': 'https://d3o5xota0a1fcr.cloudfront.net/v6/charts/RVDCE7HEZKVQ2QFMZVMINLBDAL7NIMQL7A3FVLM6YOM4W4JS7HIBDPTUW4XZEMND2NEGFMB4PX3DJPEVLWB3L5EN', 'dark_url': 'https://d3o5xota0a1fcr.cloudfront.net/v6/charts/BXG6LFZZWAMA3KMTCCSFBPE6GAUAMOJQA2AXYPLD22FXMDPDG3U3OEMQLZU7YYIBFI6G4FNS5WJ7CRTDMC6OWVXB'}",0,Ciudad de México,Distrito Federal,Mexico,False,False,False,2015-02-05T04:23:48Z,2021-05-15T02:16:03Z,0.0,"{'id': 's8874534', 'polyline': 'aryuBjun|Q}@MS?sBUoHqA', 'resource_state': 3}",112423,6448,9,"{'pr_elapsed_time': None, 'pr_date': None, 'pr_visibility': None, 'pr_activity_id': None, 'pr_activity_visibility': None, 'effort_count': 0}","{'kom': '18s', 'qom': '25s', 'overall': '18s', 'destination': {'href': 'strava://segments/8874534/leaderboard', 'type': 'overall', 'name': 'All-Time'}}","{'athlete_id': 68528316, 'title': 'Patricio Cortina Castro', 'profile': 'https://lh3.googleusercontent.com/a/ACg8ocIvrlq5-8EM8qTkY1NgLRFoBBCfCVTlv3qTqQBrmPvlSxe9Kg=s96-c', 'effort_description': '6 efforts in the last 90 days', 'effort_count': '6', 'effort_counts': {'overall': '6 efforts', 'female': '2 efforts'}, 'destination': 'strava://segments/8874534/local_legend?categories%5B%5D=overall'}"
18939606,3,Vuelta completa DRN,Run,1797.1,0.0,12.6,2268.0,2252.1,"[19.490513, -99.215838]","[19.490535, -99.215859]",https://d3o5xota0a1fcr.cloudfront.net/v6/charts/ZHOSVVH7T52WYQGADK73BHSMQO6ZGFJWWS4Q4IVZEUKE7QDOXK6E7LPJ7BIPMEUVPYGKJDAV4QDSD2SIPNVLCDI=,"{'light_url': 'https://d3o5xota0a1fcr.cloudfront.net/v6/charts/ZHOSVVH7T52WYQGADK73BHSMQO6ZGFJWWS4Q4IVZEUKE7QDOXK6E7LPJ7BIPMEUVPYGKJDAV4QDSD2SIPNVLCDI=', 'dark_url': 'https://d3o5xota0a1fcr.cloudfront.net/v6/charts/TKQ73V3JWKTLVUDWABM2BXEJOITAEO6JHGN425QF5VHYIFBW7LHCAVGVKVYVWO3BU2ZSDGTUPBK7UCBHDO74WVY='}",0,,,,False,False,False,2018-09-24T17:17:06Z,2021-05-20T08:04:50Z,43.1,"{'id': 's18939606', 'polyline': 'uv}uB~aq|Q\\LRVz@Z\\F^DXOJ]F]LyAT}@PcA@]K_@A[FW\\SL[RcAHcAP_EZKLUTmBL_@ZqB?_@Iu@Ia@Gc@O_@]LUbAM^VVbANHZMdAQ`AUhBQXYJ]vFQdAO`@[TEb@UVmEU[Ba@N[VS\\WbBQ`@GBYCC@AFFt@ZTpANb@B', 'resource_state': 3}",2863,134,1,"{'pr_elapsed_time': None, 'pr_date': None, 'pr_visibility': None, 'pr_activity_id': None, 'pr_activity_visibility': None, 'effort_count': 0}","{'kom': '6:15', 'qom': '8:00', 'overall': '6:15', 'destination': {'href': 'strava://segments/18939606/leaderboard', 'type': 'overall', 'name': 'All-Time'}}","{'athlete_id': 156415832, 'title': 'Daniel Goncen', 'profile': 'https://dgalywyr863hv.cloudfront.net/pictures/athletes/156415832/34989742/1/large.jpg', 'effort_description': '101 efforts in the last 90 days', 'effort_count': '101', 'effort_counts': {'overall': '101 efforts', 'female': '38 efforts'}, 'destination': 'strava://segments/18939606/local_legend?categories%5B%5D=overall'}"
8906944,3,Circuito Sol vuelta,Run,1031.9,0.0,3.6,2256.8,2254.0,"[19.472007, -99.201782]","[19.469031, -99.198051]",https://d3o5xota0a1fcr.cloudfront.net/v6/charts/QMDBK6TRASXJH5C5DOTJK2PFADYDFLWQQIJWKDFE73BFVGAXXTFMSPPWJ7QKN5HQYVWC2BFKVUPEDVTSYLJOENY=,"{'light_url': 'https://d3o5xota0a1fcr.cloudfront.net/v6/charts/QMDBK6TRASXJH5C5DOTJK2PFADYDFLWQQIJWKDFE73BFVGAXXTFMSPPWJ7QKN5HQYVWC2BFKVUPEDVTSYLJOENY=', 'dark_url': 'https://d3o5xota0a1fcr.cloudfront.net/v6/charts/Z276DKX55LYBKMCX7SVXPPFQGPBL22QZF2OALLCWIM2KG2ZAZKLARUCJRIYBI6X4JBPQDP2GCXOS3NEG6BULVUQ='}",0,Ciudad de México,Distrito Federal,Mexico,False,False,False,2015-02-12T05:11:33Z,2021-05-19T08:03:09Z,2.1,"{'id': 's8906944', 'polyline': '_czuBdjn|QDL?NAPGX?p@DVJVLLPHXJl@B`@Ef@DdBx@v@Ll@@l@Dr@RVJH@XGZWJO?YSo@ESH[NyA@uBDQf@eAFc@DuF@KEMQMk@gAAWS_AWw@AYBQDGXGNG', 'resource_state': 3}",15108,2125,3,"{'pr_elapsed_time': None, 'pr_date': None, 'pr_visibility': None, 'pr_activity_id': None, 'pr_activity_visibility': None, 'effort_count': 0}","{'kom': '3:21', 'qom': '3:59', 'overall': '3:21', 'destination': {'href': 'strava://segments/8906944/leaderboard', 'type': 'overall', 'name': 'All-Time'}}","{'athlete_id': 144266317, 'title': 'Alexis Aguilar', 'profile': 'https://dgalywyr863hv.cloudfront.net/pictures/athletes/144266317/33030422/2/large.jpg', 'effort_description': '1 effort in the last 90 days', 'effort_count': '1', 'effort_counts': {'overall': '1 effort', 'female': None}, 'destination': 'strava://segments/8906944/local_legend?categories%5B%5D=overall'}"
16454364,3,400 Metros Carril 2,Run,400.3,0.0,15.2,2267.6,2260.4,"[19.490433, -99.215336]","[19.49045, -99.215319]",https://d3o5xota0a1fcr.cloudfront.net/v6/charts/SG2E7MP54B4WVROJOXEJVTN3Y3GNNFIVBD2WC2LEGLNPSDEGXTJB3U5S7X6TIYELVLZ576ZBGAO6IRQDMECYV5I=,"{'light_url': 'https://d3o5xota0a1fcr.cloudfront.net/v6/charts/SG2E7MP54B4WVROJOXEJVTN3Y3GNNFIVBD2WC2LEGLNPSDEGXTJB3U5S7X6TIYELVLZ576ZBGAO6IRQDMECYV5I=', 'dark_url': 'https://d3o5xota0a1fcr.cloudfront.net/v6/charts/3W75TJYAJGSPIOBZI65XTA6PAW4DP256S52YJWKCVD55U37E24RUK233AUKBIDG4N45DANFUMT5DDZBYUYUPANQ='}",0,Naucalpan de Juárez,Estado de México,Mexico,False,False,False,2017-11-09T02:57:06Z,2021-05-15T02:20:20Z,0.0,"{'id': 's16454364', 'polyline': 'ev}uBz~p|QrCPTARKPWBO?WEQWc@KKUGUEmBQS?SDQLMTEJ?VJd@JPRNLB', 'resource_state': 3}",40426,351,4,"{'pr_elapsed_time': None, 'pr_date': None, 'pr_visibility': None, 'pr_activity_id': None, 'pr_activity_visibility': None, 'effort_count': 0}","{'kom': '54s', 'qom': '1:13', 'overall': '54s', 'destination': {'href': 'strava://segments/16454364/leaderboard', 'type': 'overall', 'name': 'All-Time'}}","{'athlete_id': 34281867, 'title': 'Rafael Flores', 'profile': 'https://dgalywyr863hv.cloudfront.net/pictures/athletes/34281867/10162702/1/large.jpg', 'effort_description': '243 efforts in the last 90 days', 'effort_count': '243', 'effort_counts': {'overall': '243 efforts', 'female': '205 efforts'}, 'destination': 'strava://segments/16454364/local_legend?categories%5B%5D=overall'}"
27355348,3,Circuito Echegaray-Satélite Completo,Run,10136.0,0.0,9.1,2333.2,2264.5,"[19.498969, -99.227757]","[19.498975, -99.227795]",https://d3o5xota0a1fcr.cloudfront.net/v6/charts/YAP54LFUXC23S3NZAELSJNAZHODJ4WQDWQSGYRGNT7HUVGFCGZBPLS2UE3ARCY63WQI5QF3ZOV5S3K3ZRC44LQNZ,"{'light_url': 'https://d3o5xota0a1fcr.cloudfront.net/v6/charts/YAP54LFUXC23S3NZAELSJNAZHODJ4WQDWQSGYRGNT7HUVGFCGZBPLS2UE3ARCY63WQI5QF3ZOV5S3K3ZRC44LQNZ', 'dark_url': 'https://d3o5xota0a1fcr.cloudfront.net/v6/charts/DJPZ22Y52JC5L5ZYJLHNJWWGHSXPUCVKWCYNACJ7MUPFAAYFEMNAPZZC2MMDJOYVJVCG3I3T6I74NGO2Y3OBHE57'}",0,Naucalpan de Juárez,Estado de México,Mexico,False,False,False,2021-02-19T23:48:51Z,2021-05-17T08:09:16Z,78.4,"{'id': 's27355348', 'polyline': 'ok_vBnls|Ql@~@nDlE`BhClCpD`BjBrFrHdBjBdBzB|@tAfBlB~@pAhBpCn@z@VRIS_AmA}AmCa@m@cBkBsC{DwFwGoBoCqB{BiCgDiAiBs@aAqDcEa@s@g@sA]s@_CiDaEaHsAiBwBeCoDeFo@[{@S{HYoAKq@SwAs@s@Qo@AgAR[BSA[MKAGBGJaAvCm@nAi@rAS\\U\\}BdCmCjC}@jA{ApAoA~Au@f@{At@_Ap@m@f@kAvAcBnAcCxBeAlA_AdB_AtCIb@Ah@FpAQrBA`ABf@z@`GFt@DhBDl@ZdD@l@A\\QbBUl@aAlAu@nAk@~AS`@YV_AZUXy@pB_@rA_@bAiDfHGRGf@IT{@xAgAnBCF?DFADEdCuEPc@VcAPc@nAyBdAaCfAyATa@x@iB|@wAr@cBjAeBp@y@Rg@X_CD_ACmASyBK{A?{ALaB@w@WyCa@yBC]DYXe@J[TqBLg@d@_Af@oAZi@VY`Aw@`@c@`@i@x@oANOl@[\\WdCcCtAyAr@w@|AmAz@_ApAeAvA}AvByBh@w@rAgCd@uAt@qBJULMNGv@IbAYh@Gv@N|Bz@|@RdBPt@DbCEf@@t@Lr@ZXVTVhCnDbCrCrAlBxE~HvAjB^r@z@rB', 'resource_state': 3}",195,72,1,"{'pr_elapsed_time': None, 'pr_date': None, 'pr_visibility': None, 'pr_activity_id': None, 'pr_activity_visibility': None, 'effort_count': 0}","{'kom': '43:00', 'qom': '53:03', 'overall': '43:00', 'destination': {'href': 'strava://segments/27355348/leaderboard', 'type': 'overall', 'name': 'All-Time'}}","{'athlete_id': 151523749, 'title': 'Salvador Camacho', 'profile': 'https://dgalywyr863hv.cloudfront.net/pictures/athletes/151523749/34136163/1/large.jpg', 'effort_description': '2 efforts in the last 90 days', 'effort_count': '2', 'effort_counts': {'overall': '2 efforts', 'female': '1 effort'}, 'destination': 'strava://segments/27355348/local_legend?categories%5B%5D=overall'}"
10357142,3,Echegaray 3.9Km Cicloton,Run,3878.9,0.0,3.9,2266.5,2260.0,"[19.490908, -99.227876]","[19.490893, -99.227865]",https://d3o5xota0a1fcr.cloudfront.net/v6/charts/DQWCBA6KKBYOR6NQNB3MSSC677VBNI6QYJ2OMUTJIDK6URJVAW3LYJLTCS4CKAWB7H4L5NSJU64PQ64ITV2DJW2T,"{'light_url': 'https://d3o5xota0a1fcr.cloudfront.net/v6/charts/DQWCBA6KKBYOR6NQNB3MSSC677VBNI6QYJ2OMUTJIDK6URJVAW3LYJLTCS4CKAWB7H4L5NSJU64PQ64ITV2DJW2T', 'dark_url': 'https://d3o5xota0a1fcr.cloudfront.net/v6/charts/YKJ6CGKWNG3NQQDEZG4Y36MUTC67DUOVLZHWJSVI5MZLHEP632OL4IFR2SB7F453KZGO2PPQN4IHNJDJYKP4W2PJ'}",0,Naucalpan de Juárez,Estado de México,Mexico,False,False,False,2015-08-30T20:21:34Z,2021-05-15T02:16:57Z,8.1,"{'id': 's10357142', 'polyline': 'cy}uBfms|QQIiBe@qAM{@UsAUk@Gi@A{@OWCeDa@cCa@s@Gi@CgB]qAKkAEcCg@mC}@kAg@a@UiAy@aBaBm@s@s@m@W]sAqAm@{@o@g@_@e@gAgAk@q@aAu@]Oc@Ka@Ea@?mAGmEYuBEu@Gu@MiA_@gB_Am@_@GEIB?DFHd@Rx@l@^LVNf@NlB\\|CRVHt@A^Bx@@`E`@XHVNf@b@XNPTTL|AxAb@\\Zf@VTNTXJPXp@l@p@x@XTv@dA`A~@\\P~@p@rA|@VHTRXNlAVnBZhBb@lANp@Dh@?bANV@|@L^@^Hr@DtAPXCP@bATl@BhAJ`@Jd@@VHdB\\^@j@Vh@Fb@J', 'resource_state': 3}",37,24,0,"{'pr_elapsed_time': None, 'pr_date': None, 'pr_visibility': None, 'pr_activity_id': None, 'pr_activity_visibility': None, 'effort_count': 0}","{'kom': '12:35', 'qom': '17:58', 'overall': '12:35', 'destination': {'href': 'strava://segments/10357142/leaderboard', 'type': 'overall', 'name': 'All-Time'}}","{'athlete_id': 63586537, 'title': 'Manuel Alejandro Roche Aparicio', 'profile': 'https://graph.facebook.com/10160687609257490/picture?height=256&width=256', 'effort_description': '2 efforts in the last 90 days', 'effort_count': '2', 'effort_counts': {'overall': '2 efforts', 'female': None}, 'destination': 'strava://segments/10357142/local_legend?categories%5B%5D=overall'}"
33983080,3,400m UC,Run,417.4,0.0,27.8,2276.4,2261.4,"[19.476021, -99.228739]","[19.47605, -99.228722]",https://d3o5xota0a1fcr.cloudfront.net/v6/charts/52V6JS2HRTGESTP7TFQQPPHVH2DWIGXPMWASYMQGXS5SID4U6HWOLQ24EFM2K5GQIVVO6UBXKKJSXBF3VIIRUSO5,"{'light_url': 'https://d3o5xota0a1fcr.cloudfront.net/v6/charts/52V6JS2HRTGESTP7TFQQPPHVH2DWIGXPMWASYMQGXS5SID4U6HWOLQ24EFM2K5GQIVVO6UBXKKJSXBF3VIIRUSO5', 'dark_url': 'https://d3o5xota0a1fcr.cloudfront.net/v6/charts/TITG5I5MQEYK7OFW2QW7E3ZAB754TPZW3L6WELJGNA3M6B37P2R4IFIMHAYSWMY63MZY6Q6HZ7BOI6JZ6WGWX463'}",0,,State of Mexico,Mexico,False,False,False,2023-03-21T19:14:00Z,2023-03-21T19:14:00Z,13.1667,"{'id': 's33983080', 'polyline': 'c|zuBrrs|QILKVAP@XLVPNNDV?^IhCmAPQHMD_@I_@OSSM[CO@MDaBp@y@`@', 'resource_state': 3}",22592,237,1,"{'pr_elapsed_time': None, 'pr_date': None, 'pr_visibility': None, 'pr_activity_id': None, 'pr_activity_visibility': None, 'effort_count': 0}","{'kom': '59s', 'qom': '1:18', 'overall': '59s', 'destination': {'href': 'strava://segments/33983080/leaderboard', 'type': 'overall', 'name': 'All-Time'}}","{'athlete_id': 156036678, 'title': 'Marco Hidalgo', 'profile': 'avatar/athlete/large.png', 'effort_description': '333 efforts in the last 90 days', 'effort_count': '333', 'effort_counts': {'overall': '333 efforts', 'female': '61 efforts'}, 'destination': 'strava://segments/33983080/local_legend?categories%5B%5D=overall'}"
32161795,3,Tezozomoc por afuera,Run,2374.0,0.0,8.2,2262.7,2257.6,"[19.497133, -99.208809]","[19.49719, -99.208916]",https://d3o5xota0a1fcr.cloudfront.net/v6/charts/TBMVA6I3KVIHO657AWA4AJUUZITJZDVP3M4X2P6GXPVZDQOXVEUAWQZPBKJ5WEMGGWRKRLWJDAALQKDHTN75LAQ7,"{'light_url': 'https://d3o5xota0a1fcr.cloudfront.net/v6/charts/TBMVA6I3KVIHO657AWA4AJUUZITJZDVP3M4X2P6GXPVZDQOXVEUAWQZPBKJ5WEMGGWRKRLWJDAALQKDHTN75LAQ7', 'dark_url': 'https://d3o5xota0a1fcr.cloudfront.net/v6/charts/EUVR2A2CMWMJJEL5VTA2DJ6T6T2RQUWLN45L6BO6S3T5LM7ZMMWIHTTA3WGKJ4DMAEQOTDJH3CTG26G45O7XMRLZ'}",0,Ciudad de México,Ciudad de México,Mexico,False,False,False,2022-07-02T16:21:34Z,2022-07-02T16:21:34Z,5.04706,"{'id': 's32161795', 'polyline': 'a`_vB`vo|QHSBo@BQFILg@ZaCLa@RaAFg@EMk@I}@CMCKG[Ag@B_@GC@MGY?c@GO@aAKY?w@OS@WEWB[G[@i@Mu@@_AMQDMNCJCj@]jAKx@Yn@Db@QZGj@M\\@HMXCVWp@I~@[bBPFGGF@GBAJKFGFQj@?NEND\\MNIBML@BFED@CHBPSbAKJa@NBA@D?d@FLIX@JSZBBACCPOJLl@C?KXANLBTAHBHH\\Dn@LAEH?ABL?NHH@THNAd@RDLJAF??ACBLELBPF\\ATJHAVNDHJFJ@BD?Fb@@VH\\GTBJFL@dAJTHRBRFL@XGFKF[He@De@DEDOJs@LQHc@Fu@Rg@BUFK@WNeA\\wAJGAULWH]@UASFQN_AVs@@QHM@O', 'resource_state': 3}",6208,210,1,"{'pr_elapsed_time': None, 'pr_date': None, 'pr_visibility': None, 'pr_activity_id': None, 'pr_activity_visibility': None, 'effort_count': 0}","{'kom': '8:07', 'qom': '9:36', 'overall': '8:07', 'destination': {'href': 'strava://segments/32161795/leaderboard', 'type': 'overall', 'name': 'All-Time'}}","{'athlete_id': 151758928, 'title': 'Francisco Balderas Palacios', 'profile': 'https://dgalywyr863hv.cloudfront.net/pictures/athletes/151758928/34010412/2/large.jpg', 'effort_description': '41 efforts in the last 90 days', 'effort_count': '41', 'effort_counts': {'overall': '41 efforts', 'female': '9 efforts'}, 'destination': 'strava://segments/32161795/local_legend?categories%5B%5D=overall'}"
22758763,3,Corredor Ferrocarriles Mexicanos,Run,1604.3,-0.2,14.1,2254.9,2248.0,"[19.470766, -99.19063]","[19.484984, -99.18958]",https://d3o5xota0a1fcr.cloudfront.net/v6/charts/X3ZU5L3DHRBKHUH3XMTOWK7CGGZ2TQJXQ2V36AZBRPZT4Q6SYU6CENNL2DKX6COJV2BVBLTSQZF47PI62LR4IUBG,"{'light_url': 'https://d3o5xota0a1fcr.cloudfront.net/v6/charts/X3ZU5L3DHRBKHUH3XMTOWK7CGGZ2TQJXQ2V36AZBRPZT4Q6SYU6CENNL2DKX6COJV2BVBLTSQZF47PI62LR4IUBG', 'dark_url': 'https://d3o5xota0a1fcr.cloudfront.net/v6/charts/RMO72BS2NQCC5GNINPUCMBKUQZC7MBPU2B5DYEEBEV6LLVIDQMMHP4PRKB2E3D4KB6YVUENQROV3H74W2DUYNDBQ'}",0,Ciudad de México,Ciudad de México,Mexico,False,False,False,2020-01-30T15:31:24Z,2021-05-17T08:08:35Z,11.2,"{'id': 's22758763', 'polyline': 'g{yuBldl|Qu@Yi@K}A?yCMy@@eBIu@M_AKY?_@CWBgAAkBF_ACq@Im@?YBg@EU@g@?wAIa@AyBSy@C_@EOIOH[Dw@GcAA[Ga@DQCiA?i@AoADMAm@BI?E@MKCDg@BuAEeAOw@Bu@GmA?qAKUB_AAWCw@@{@Kk@Mi@EE?', 'resource_state': 3}",414,73,1,"{'pr_elapsed_time': None, 'pr_date': None, 'pr_visibility': None, 'pr_activity_id': None, 'pr_activity_visibility': None, 'effort_count': 0}","{'kom': '5:40', 'qom': '6:48', 'overall': '5:40', 'destination': {'href': 'strava://segments/22758763/leaderboard', 'type': 'overall', 'name': 'All-Time'}}","{'athlete_id': 13028564, 'title': 'Jorge Ramírez', 'profile': 'https://graph.facebook.com/1077044282329900/picture?height=256&width=256', 'effort_description': '20 efforts in the last 90 days', 'effort_count': '20', 'effort_counts': {'overall': '20 efforts', 'female': '1 effort'}, 'destination': 'strava://segments/22758763/local_legend?categories%5B%5D=overall'}"
22551761,3,Vuelta 22 feb - Eulalia by PH 🌵,Run,4575.5,0.0,10.5,2250.8,2242.0,"[19.47696, -99.183999]","[19.47692, -99.18405]",https://d3o5xota0a1fcr.cloudfront.net/v6/charts/BBP3KFNDO3JYXXLYIGMGV26PMC3INZ65VCIZZETSZYOY7CZR5UB3SY6I7Y35XBHJHLFJRHJEXGAAPHQ62LQ5XEI=,"{'light_url': 'https://d3o5xota0a1fcr.cloudfront.net/v6/charts/BBP3KFNDO3JYXXLYIGMGV26PMC3INZ65VCIZZETSZYOY7CZR5UB3SY6I7Y35XBHJHLFJRHJEXGAAPHQ62LQ5XEI=', 'dark_url': 'https://d3o5xota0a1fcr.cloudfront.net/v6/charts/BZWF3X57HA6CSOGBPBBJ6LBNHFHPDDYE73CT6WWBPO7OXO3R7IWCIY6FXHGDDMBY73QWLIH3YWSBWBSVMKIDUZA='}",0,Ciudad de México,Ciudad de México,Mexico,False,False,False,2020-01-01T18:48:05Z,2025-01-22T04:00:32Z,38.8,"{'id': 's22551761', 'polyline': '}a{uB~zj|QFMnAcAVOf@e@jAy@x@w@zAkAp@q@fCqBhAeAtA{@z@}@z@m@nAmAPG~@q@`CoBp@a@RIHYFIt@m@\\]V]h@]|AkBTQR]NKd@u@\\Sd@e@t@k@CJNWl@w@LGJAfAmAj@c@t@}@LYd@c@f@o@PQP]V_@^W|@s@`AkAP[JMPGH?VItAaA~@a@dAm@vBeAtAe@`BgAr@a@l@Wf@]fC}@NKn@[_@\\}@j@qFpCq@f@cC`AOBwBdAmAh@WN_Ax@q@Xi@n@Yb@k@t@a@Pe@^c@d@o@t@o@h@UXQ\\SPUHKHkAhAaAjAYf@}@|@UZk@l@Wd@[LOLOFUZkAbAi@r@y@x@m@v@{@|@}A`Au@v@[Po@f@u@r@uB`BQTe@Z[\\c@Z_@P_@XOH{AjAOJ]Z}@n@u@l@g@h@eBnAyBlBuAdAYJ', 'resource_state': 3}",218,45,0,"{'pr_elapsed_time': None, 'pr_date': None, 'pr_visibility': None, 'pr_activity_id': None, 'pr_activity_visibility': None, 'effort_count': 0}","{'kom': '19:44', 'qom': '24:16', 'overall': '19:44', 'destination': {'href': 'strava://segments/22551761/leaderboard', 'type': 'overall', 'name': 'All-Time'}}","{'athlete_id': 142055499, 'title': 'Miguel Rocha', 'profile': 'https://dgalywyr863hv.cloudfront.net/pictures/athletes/142055499/33579629/1/large.jpg', 'effort_description': '3 efforts in the last 90 days', 'effort_count': '3', 'effort_counts': {'overall': '3 efforts', 'female': '1 effort'}, 'destination': 'strava://segments/22551761/local_legend?categories%5B%5D=overall'}"
8941061,3,Circuito corto ida-vuelta,Run,3727.0,0.0,10.6,2258.0,2250.7,"[19.469766, -99.19078]","[19.469746, -99.190657]",https://d3o5xota0a1fcr.cloudfront.net/v6/charts/3CZF2YQHKB43C57Z5ORK5JD3TTWR44W2CPZF5NYEE5JE3Z7Q3S4HX33UOHNDS6JXHIEXGJM2RIFRSCCPXHIIQ3CN,"{'light_url': 'https://d3o5xota0a1fcr.cloudfront.net/v6/charts/3CZF2YQHKB43C57Z5ORK5JD3TTWR44W2CPZF5NYEE5JE3Z7Q3S4HX33UOHNDS6JXHIEXGJM2RIFRSCCPXHIIQ3CN', 'dark_url': 'https://d3o5xota0a1fcr.cloudfront.net/v6/charts/PFU6UB2YITEWHYEXCKDPK6F3QBOKLMXQEMXQZJ2XPHVUA2EJR5NEEH72K7HW3WE44P4DJGHGD5HZ5GMAFQQBQHYZ'}",0,Ciudad de México,Distrito Federal,Mexico,False,False,False,2015-02-19T00:14:14Z,2021-05-15T02:16:05Z,21.1,"{'id': 's8941061', 'polyline': '_uyuBjel|Q^Ah@Fz@@NCZON?n@HRLRRf@LdAJPA`AYZBl@X\\TTTx@fALRDPFfAHRBNC\\GNUXq@f@MNQFSBADE@GHI^C\\BDNPHLHD\\@NJFN@ZEj@I^Gd@KN]jBEh@Wv@?b@Et@a@jAUb@_@hAUT_@RIBa@Vi@r@ITe@h@KBS@}@?[GQYQQUEOEAQFQ^e@B{@Dg@PUVWPYFQ?UCKW]g@]ESASP_AD}@Tg@Nq@Fk@@WH[Dc@d@mBJWAQIACB@j@CX]`BQrA[pAQXM^@t@MdADXx@|@HZ?LCH_@\\Yb@QtAETWf@?H@HFFh@VZ\\RJNBhAQhAmAxAuAXa@Xi@r@eBLk@HgANy@Du@l@yBJs@Bq@AYKYKKYGKISa@?QFOXO\\_@RKn@w@Ta@BS?YMc@?_@AWMa@o@u@@IQICEC?UWUMSG_@A_@KYBg@Na@?mASa@[g@Og@BWPI?o@M}@I_@I', 'resource_state': 3}",727,229,3,"{'pr_elapsed_time': None, 'pr_date': None, 'pr_visibility': None, 'pr_activity_id': None, 'pr_activity_visibility': None, 'effort_count': 0}","{'kom': '13:23', 'qom': '18:35', 'overall': '13:23', 'destination': {'href': 'strava://segments/8941061/leaderboard', 'type': 'overall', 'name': 'All-Time'}}","{'athlete_id': 93536120, 'title': 'octavio maldonado octavio maldonado', 'profile': 'avatar/athlete/large.png', 'effort_description': '9 efforts in the last 90 days', 'effort_count': '9', 'effort_counts': {'overall': '9 efforts', 'female': '6 efforts'}, 'destination': 'strava://segments/8941061/local_legend?categories%5B%5D=overall'}"
23293157,3,Azc. La Villa - Correos by PH ♨️,Run,1521.3,-0.7,2.5,2280.0,2268.8,"[19.490929, -99.169253]","[19.478281, -99.164028]",https://d3o5xota0a1fcr.cloudfront.net/v6/charts/7HR5QVG6PXFTYDF6WB6K5MZLF53BXSY2VP665VYGJHJ4PBIAC5V5QE2ZNIZFR5AZ7OVDFOPBNE7GYAER7EWOLYUF,"{'light_url': 'https://d3o5xota0a1fcr.cloudfront.net/v6/charts/7HR5QVG6PXFTYDF6WB6K5MZLF53BXSY2VP665VYGJHJ4PBIAC5V5QE2ZNIZFR5AZ7OVDFOPBNE7GYAER7EWOLYUF', 'dark_url': 'https://d3o5xota0a1fcr.cloudfront.net/v6/charts/X4M72U6CBDJNPOZ6S7B2DNGBKCDOVVD2EJV3ZETTDLDZCXTUJZRBSPXIZ4LZKQF5MYCAUS5W2TEU6VQXL3SWGDAW'}",0,Ciudad de México,Ciudad de México,Mexico,False,False,False,2020-04-04T19:20:00Z,2022-09-17T01:09:29Z,0.0,"{'id': 's23293157', 'polyline': 'gy}uBz~g|Qr@w@PMj@]h@Qh@Il@Ex@Mj@MlAi@d@QpBa@dAQn@W|Aa@d@I\\C|@g@b@Ob@UhAc@p@_@hAS|@EZIbA_@`@Yl@[d@QpBg@hAe@dAUfA_@zBg@pBk@b@Kj@EXIdAg@v@Q`DqA^MdAO', 'resource_state': 3}",175,43,0,"{'pr_elapsed_time': None, 'pr_date': None, 'pr_visibility': None, 'pr_activity_id': None, 'pr_activity_visibility': None, 'effort_count': 0}","{'kom': '6:44', 'qom': '8:25', 'overall': '6:44', 'destination': {'href': 'strava://segments/23293157/leaderboard', 'type': 'overall', 'name': 'All-Time'}}","{'athlete_id': 67324360, 'title': 'Irving Delgado Silva', 'profile': 'https://lh3.googleusercontent.com/a-/AOh14GgZyLBMnuq1SgJuD5VRTxdd0hbdqcxTv3a4chkRtg', 'effort_description': '4 efforts in the last 90 days', 'effort_count': '4', 'effort_counts': {'overall': '4 efforts', 'female': '1 effort'}, 'destination': 'strava://segments/23293157/local_legend?categories%5B%5D=overall'}"
16454335,3,Ferrocarriles Nacionales,Run,1405.5,-0.0,11.8,2254.5,2251.5,"[19.483095, -99.189809]","[19.470607, -99.190395]",https://d3o5xota0a1fcr.cloudfront.net/v6/charts/Q44EGWXJBEZLFOGLO3P3IZM5VOY6H4S23VP6LVF4HW5EWZSVTVG63ZPQAGVKNP6FVED7BC4CFOCIXHSTDPQ4ILNC,"{'light_url': 'https://d3o5xota0a1fcr.cloudfront.net/v6/charts/Q44EGWXJBEZLFOGLO3P3IZM5VOY6H4S23VP6LVF4HW5EWZSVTVG63ZPQAGVKNP6FVED7BC4CFOCIXHSTDPQ4ILNC', 'dark_url': 'https://d3o5xota0a1fcr.cloudfront.net/v6/charts/KW3QLGWJ3VD5TS7PXSQXXZIQNOYTLQDEPID2LGMHQE6VMG6YGNTFLV77OBBQ3VCB5NFQHRU6JMF3TVNLEMGNOUZD'}",0,Ciudad de México,Ciudad de México,Mexico,False,False,False,2017-11-09T02:43:20Z,2021-05-17T08:07:18Z,3.0,"{'id': 's16454335', 'polyline': 'ih|uBh_l|QXAfBDRCzAL`@?~AJd@?`@Gh@@rBE^D\\Ad@@HChDHZ?PEb@FfAD~CVrBBdBHRCpA@dABt@H`@Gn@BNDj@@t@HvACZ@n@EX@THh@Ap@BdBJh@?RI\\A^FlBHTC', 'resource_state': 3}",619,98,0,"{'pr_elapsed_time': None, 'pr_date': None, 'pr_visibility': None, 'pr_activity_id': None, 'pr_activity_visibility': None, 'effort_count': 0}","{'kom': '4:55', 'qom': '6:37', 'overall': '4:55', 'destination': {'href': 'strava://segments/16454335/leaderboard', 'type': 'overall', 'name': 'All-Time'}}","{'athlete_id': 13028564, 'title': 'Jorge Ramírez', 'profile': 'https://graph.facebook.com/1077044282329900/picture?height=256&width=256', 'effort_description': '24 efforts in the last 90 days', 'effort_count': '24', 'effort_counts': {'overall': '24 efforts', 'female': '2 efforts'}, 'destination': 'strava://segments/16454335/local_legend?categories%5B%5D=overall'}"
21607209,3,Bicentenario 1ra Secc,Run,2200.5,-0.1,9.1,2257.0,2249.4,"[19.469821, -99.190716]","[19.469812, -99.190707]",https://d3o5xota0a1fcr.cloudfront.net/v6/charts/YFR7ASULFLKWFJWZN7JA5MFMQTPZK6MLUMV7SUYO43RDM7YJNHC5VT77ACDRJVHSUOEGFOSQSU3ZRDTHLPEYI2A=,"{'light_url': 'https://d3o5xota0a1fcr.cloudfront.net/v6/charts/YFR7ASULFLKWFJWZN7JA5MFMQTPZK6MLUMV7SUYO43RDM7YJNHC5VT77ACDRJVHSUOEGFOSQSU3ZRDTHLPEYI2A=', 'dark_url': 'https://d3o5xota0a1fcr.cloudfront.net/v6/charts/MFXJDZGSGOFVPRSZPLEPY5MWRTJILSTEHV4IQQQXF7P6IG44TBADBOVD5KHRDZYADD45GPRPIKMXJL46OD73GTY='}",0,Ciudad de México,Ciudad de México,Mexico,False,False,False,2019-08-27T02:47:05Z,2021-05-15T02:23:49Z,7.2,"{'id': 's21607209', 'polyline': 'kuyuB~dl|QJA\\D^JDA`AFLA\\ONAl@Nl@^n@J|@FN?`@ITALCf@?FBNF^\\`AlAXn@FDHNFXBRLd@@VIXyBlBMLOV@ZL`@LL^FJFPj@QxAa@vAM`AWlACX?z@Kj@M^c@t@]v@_@l@_@\\a@ViB`Be@?]HMAOI_@c@IG_@KCE?IBIRYHa@@QJa@?KBQRa@\\m@BOAOEMYa@]a@CGA[Be@Jc@?m@^{@XmB`@_CJWb@QPSJi@B?@CCm@WqA]c@_@{@ICo@iAu@m@]Gs@o@SMQWGQBKFA', 'resource_state': 3}",2313,854,1,"{'pr_elapsed_time': None, 'pr_date': None, 'pr_visibility': None, 'pr_activity_id': None, 'pr_activity_visibility': None, 'effort_count': 0}","{'kom': '8:20', 'qom': '9:12', 'overall': '8:20', 'destination': {'href': 'strava://segments/21607209/leaderboard', 'type': 'overall', 'name': 'All-Time'}}","{'athlete_id': 139060594, 'title': 'Julio César Olguin', 'profile': 'https://lh3.googleusercontent.com/a/ACg8ocJp1Vj10umsmwxdFoSvU7Bk1L-FxWiNM1g7LttzR_wb7AL7yn6DAg=s96-c', 'effort_description': '16 efforts in the last 90 days', 'effort_count': '16', 'effort_counts': {'overall': '16 efforts', 'female': '13 efforts'}, 'destination': 'strava://segments/21607209/local_legend?categories%5B%5D=overall'}"
35418031,3,Salonica - Fuente,Run,855.9,0.3,4.4,2253.6,2250.8,"[19.470962, -99.178885]","[19.476931, -99.184065]",https://d3o5xota0a1fcr.cloudfront.net/v6/charts/BQ7PD6MJJCBYSQNVRHWZGC5EKI3C6JHSWBUO5EZCIP5ZZH7DXJ3GNLV6TSDGFXHMA2SX2HTYRYNMYBY4ZEXKQGA=,"{'light_url': 'https://d3o5xota0a1fcr.cloudfront.net/v6/charts/BQ7PD6MJJCBYSQNVRHWZGC5EKI3C6JHSWBUO5EZCIP5ZZH7DXJ3GNLV6TSDGFXHMA2SX2HTYRYNMYBY4ZEXKQGA=', 'dark_url': 'https://d3o5xota0a1fcr.cloudfront.net/v6/charts/RVRVLYNZLH7ERLXODLG7STZIJUURPOH2H5KU6ZIOXNDYWG2UM4P2OZKECF43YF5ENMIJFIWQXDLPTRTQUPRWJDY='}",0,,Mexico City,Mexico,False,False,False,2023-09-12T16:16:57Z,2023-09-12T16:19:59Z,2.8,"{'id': 's35418031', 'polyline': 'o|yuB`{i|Q{A`BaCxBk@n@s@n@}BhBa@RqA~@oBfB_@VST}A|@]\\a@j@i@h@}@h@o@\\iCtBUJ', 'resource_state': 3}",10845,718,0,"{'pr_elapsed_time': None, 'pr_date': None, 'pr_visibility': None, 'pr_activity_id': None, 'pr_activity_visibility': None, 'effort_count': 0}","{'kom': '1:02', 'qom': '2:23', 'overall': '1:02', 'destination': {'href': 'strava://segments/35418031/leaderboard', 'type': 'overall', 'name': 'All-Time'}}","{'athlete_id': 136609284, 'title': 'Ara Lopez', 'profile': 'avatar/athlete/large.png', 'effort_description': '43 efforts in the last 90 days', 'effort_count': '43', 'effort_counts': {'overall': '43 efforts', 'female': '43 efforts'}, 'destination': 'strava://segments/35418031/local_legend?categories%5B%5D=overall'}"
23789445,3,Montevideo - Azc. La Villa by PH ♨️,Run,940.4,0.6,11.0,2277.6,2271.0,"[19.499229, -99.172275]","[19.491348, -99.169195]",https://d3o5xota0a1fcr.cloudfront.net/v6/charts/DRIMAOPIXCPZCBLW5QYG2OVD45YY7C2IEDACKMBZWTN3JKOKQREL7WCKOSUXZPCRGSWMAQGHGPRKNKXVCH4MEJEE,"{'light_url': 'https://d3o5xota0a1fcr.cloudfront.net/v6/charts/DRIMAOPIXCPZCBLW5QYG2OVD45YY7C2IEDACKMBZWTN3JKOKQREL7WCKOSUXZPCRGSWMAQGHGPRKNKXVCH4MEJEE', 'dark_url': 'https://d3o5xota0a1fcr.cloudfront.net/v6/charts/L6GQ2FDUR7HNAEUJ5T7XQTWFUGK3KXEBN6COI4JMGOWKIMAJBFFB6A74VPLGEEMO2GVNIOKGPEJB4RTBJ3XCFVFZ'}",0,Ciudad de México,Ciudad de México,Mexico,False,False,False,2020-05-03T21:06:25Z,2022-09-17T01:16:16Z,6.6,"{'id': 's23789445', 'polyline': 'cm_vBvqh|Q`AWrAi@|@Q^KpAk@dCw@p@MlAe@rAa@d@Md@E\\Kf@Gj@MhA_@|Am@b@W`@QfCa@r@Qh@YxA]rBw@\\AHD', 'resource_state': 3}",204,46,0,"{'pr_elapsed_time': None, 'pr_date': None, 'pr_visibility': None, 'pr_activity_id': None, 'pr_activity_visibility': None, 'effort_count': 0}","{'kom': '3:33', 'qom': '4:15', 'overall': '3:33', 'destination': {'href': 'strava://segments/23789445/leaderboard', 'type': 'overall', 'name': 'All-Time'}}","{'athlete_id': 38767951, 'title': 'Federico Chopan | Esprit', 'profile': 'https://graph.facebook.com/2960685167290490/picture?height=256&width=256', 'effort_description': '2 efforts in the last 90 days', 'effort_count': '2', 'effort_counts': {'overall': '2 efforts', 'female': '1 effort'}, 'destination': 'strava://segments/23789445/local_legend?categories%5B%5D=overall'}"
22551715,3,22 de febrero norte-sur by PH ♨️,Run,1325.4,0.3,11.9,2252.5,2245.6,"[19.48933, -99.181149]","[19.4778, -99.184349]",https://d3o5xota0a1fcr.cloudfront.net/v6/charts/EMG7OUJTRX6ISN4XJV5RGJ5VUF4IA5S67RRRFH34BEP3Z6AFEJS6QOETA7SSSTCDC2TKTMEGH3DAADFT3CTBB6SQ,"{'light_url': 'https://d3o5xota0a1fcr.cloudfront.net/v6/charts/EMG7OUJTRX6ISN4XJV5RGJ5VUF4IA5S67RRRFH34BEP3Z6AFEJS6QOETA7SSSTCDC2TKTMEGH3DAADFT3CTBB6SQ', 'dark_url': 'https://d3o5xota0a1fcr.cloudfront.net/v6/charts/3RPG62WWI6JCHSODNQR7CO3RQCCGLFCGGOFNXER4ZO5E6Y3RGC7U5JD7NX2DCFXLQL6CVS3R2UDVMDOPGVXUPQ7B'}",0,Ciudad de México,Ciudad de México,Mexico,False,False,False,2020-01-01T18:42:37Z,2022-09-17T01:08:50Z,17.6,"{'id': 's22551715', 'polyline': 'io}uBdij|QRLfA\\fBVd@LX@f@Hd@JRJfC`@TF~BPjB`@n@R|@Lz@Rj@JfBRfA\\XJzAPr@N~BZXHfALRDP?d@Rt@J^JpBXbDn@|@F`@L`Cb@fB^', 'resource_state': 3}",379,90,0,"{'pr_elapsed_time': None, 'pr_date': None, 'pr_visibility': None, 'pr_activity_id': None, 'pr_activity_visibility': None, 'effort_count': 0}","{'kom': '4:13', 'qom': '5:40', 'overall': '4:13', 'destination': {'href': 'strava://segments/22551715/leaderboard', 'type': 'overall', 'name': 'All-Time'}}","{'athlete_id': 119772023, 'title': 'Alejandra RodrÍguez', 'profile': 'https://dgalywyr863hv.cloudfront.net/pictures/athletes/119772023/34353813/1/large.jpg', 'effort_description': '5 efforts in the last 90 days', 'effort_count': '5', 'effort_counts': {'overall': '5 efforts', 'female': '5 efforts'}, 'destination': 'strava://segments/22551715/local_legend?categories%5B%5D=overall'}"
34133722,3,La Rosita (vuelta al campo de futbol) ,Run,313.8,0.2,14.9,2249.1,2241.7,"[19.486461, -99.178962]","[19.486466, -99.179035]",https://d3o5xota0a1fcr.cloudfront.net/v6/charts/PPDA6QTH2MWUGW2GO5T7RWQAGYXGZUOMWYLYJGDCUE3YTZC7GNKGPLQE44BJR42LWICYEKPTUU2LQGFUUTQ3ZMXV,"{'light_url': 'https://d3o5xota0a1fcr.cloudfront.net/v6/charts/PPDA6QTH2MWUGW2GO5T7RWQAGYXGZUOMWYLYJGDCUE3YTZC7GNKGPLQE44BJR42LWICYEKPTUU2LQGFUUTQ3ZMXV', 'dark_url': 'https://d3o5xota0a1fcr.cloudfront.net/v6/charts/SDGBBSPGYQCZQFH2SSYX4DV4HCVXJBA2BHSCLDDW5C3O6JJMLSWN6V7WN7QTJ7SXNWV65NWVG64GUSNI6K7WPQUF'}",0,,Mexico City,Mexico,False,False,False,2023-04-12T15:21:28Z,2023-04-12T15:21:29Z,9.18042,"{'id': 's34133722', 'polyline': 'k}|uBp{i|QXeB@y@IMOGk@GW?IH[zAKlADHHF\\H\\B\\AHE', 'resource_state': 3}",1354,41,0,"{'pr_elapsed_time': None, 'pr_date': None, 'pr_visibility': None, 'pr_activity_id': None, 'pr_activity_visibility': None, 'effort_count': 0}","{'kom': '1:28', 'qom': '1:56', 'overall': '1:28', 'destination': {'href': 'strava://segments/34133722/leaderboard', 'type': 'overall', 'name': 'All-Time'}}","{'athlete_id': 13333444, 'title': 'Francisco Martinez', 'profile': 'https://lh3.googleusercontent.com/a/ACg8ocILPzeZqCvTWEgM4zadShZw7oKllu-uIQGJvf-7pQQHha3FFI2NqA=s96-c', 'effort_description': '32 efforts in the last 90 days', 'effort_count': '32', 'effort_counts': {'overall': '32 efforts', 'female': '7 efforts'}, 'destination': 'strava://segments/34133722/local_legend?categories%5B%5D=overall'}"
19648342,3,Camellón 3k Wilfrido Massieu (Arcilla/Tierra),Run,3104.4,-0.0,11.8,2263.2,2258.0,"[19.494358, -99.133072]","[19.494446, -99.133084]",https://d3o5xota0a1fcr.cloudfront.net/v6/charts/3G5YU57DQNR5DQBWGHU3RYV22ZZQPR4ETXOBQVLJGR4A4FXGZWVA3R2CJD7FLL4HWNJJ5LDXZBCAZRKLURQTWCI=,"{'light_url': 'https://d3o5xota0a1fcr.cloudfront.net/v6/charts/3G5YU57DQNR5DQBWGHU3RYV22ZZQPR4ETXOBQVLJGR4A4FXGZWVA3R2CJD7FLL4HWNJJ5LDXZBCAZRKLURQTWCI=', 'dark_url': 'https://d3o5xota0a1fcr.cloudfront.net/v6/charts/G5GJVKLTTQEG2B4I263ZEKOU7DYWY6D4FFB6X47M2BNXT4NFNWPKFRICQRB6V26EPPRKRL2XWC5SZPPNIASJEKI='}",0,Ciudad de México,Ciudad de México,Mexico,False,False,False,2019-01-09T18:16:09Z,2021-05-18T08:05:28Z,37.2,"{'id': 's19648342', 'polyline': 'un~uBv|`|QBB?LWh@UbAAv@Qv@IdAAf@If@Q`@Mr@Md@Ib@Ar@OhAY|@Eb@DF@\\YlAYnBMZCz@SbAGv@]`CwAlEYv@ETKZc@`AKn@cAfC_@~@G\\s@jBGJQNO^CZ]tAQf@O|@uBhG[hAKXI?ACCQXuAHYNa@rAoFr@iB^q@H]b@kAD[L_@Xk@l@_BJQ?YFa@h@mA\\sAHKt@aBn@oBRaAVgBZqADc@Bw@HMJ]LgAN}@Nm@?}@ZuAL}@FeAHk@Ps@Fa@Va@Ji@FeAVoADoALc@HoAHQH@', 'resource_state': 3}",3780,438,5,"{'pr_elapsed_time': None, 'pr_date': None, 'pr_visibility': None, 'pr_activity_id': None, 'pr_activity_visibility': None, 'effort_count': 0}","{'kom': '10:56', 'qom': '12:02', 'overall': '10:56', 'destination': {'href': 'strava://segments/19648342/leaderboard', 'type': 'overall', 'name': 'All-Time'}}","{'athlete_id': 79825348, 'title': 'HORACIO SOLACHE CARRANCO', 'profile': 'https://dgalywyr863hv.cloudfront.net/pictures/athletes/79825348/19242234/1/large.jpg', 'effort_description': '26 efforts in the last 90 days', 'effort_count': '26', 'effort_counts': {'overall': '26 efforts', 'female': '8 efforts'}, 'destination': 'strava://segments/19648342/local_legend?categories%5B%5D=overall'}"
8666510,3,Zacatenco (MS),Run,377.5,-0.1,1.5,2243.8,2242.3,"[19.498414, -99.144449]","[19.499864, -99.142509]",https://d3o5xota0a1fcr.cloudfront.net/v6/charts/I6WV6AFIQ2QB2XXV6RPTPF7EC4IMMUM2O5IDFZZ5VCJJK2FA45PV2DE5DOGXFSJKYAQKFOGIQ6K4ZB2STBOLJVQU,"{'light_url': 'https://d3o5xota0a1fcr.cloudfront.net/v6/charts/I6WV6AFIQ2QB2XXV6RPTPF7EC4IMMUM2O5IDFZZ5VCJJK2FA45PV2DE5DOGXFSJKYAQKFOGIQ6K4ZB2STBOLJVQU', 'dark_url': 'https://d3o5xota0a1fcr.cloudfront.net/v6/charts/G7DSMTK6TVKCD3RR3OIJZ33L65SFKZDGS67PSDAQU5RIDUA4IO2SXMCQRFQLPQP4MB2EKSM5ZRSEOR5LYUVRMTTV'}",0,Ciudad de México,Distrito Federal,Mexico,False,False,False,2014-12-23T03:09:38Z,2021-05-15T02:15:56Z,0.0,"{'id': 's8666510', 'polyline': 'ah_vBxcc|QNIBCBSPWDQLSGO@IBOJK?ENSHU?MCIQBWEGGOG[Yc@M[GI?YKIGo@Qc@W[GQKUI[G', 'resource_state': 3}",18065,680,4,"{'pr_elapsed_time': None, 'pr_date': None, 'pr_visibility': None, 'pr_activity_id': None, 'pr_activity_visibility': None, 'effort_count': 0}","{'kom': '1:00', 'qom': '1:11', 'overall': '1:00', 'destination': {'href': 'strava://segments/8666510/leaderboard', 'type': 'overall', 'name': 'All-Time'}}","{'athlete_id': 33355322, 'title': 'Daniel V Cervantes', 'profile': 'https://lh3.googleusercontent.com/a/ACg8ocJAW0UYp7JovIR_03FpT1irOeuMn4rrkGoHGvjyaycKth_O_A=s96-c', 'effort_description': '322 efforts in the last 90 days', 'effort_count': '322', 'effort_counts': {'overall': '322 efforts', 'female': '43 efforts'}, 'destination': 'strava://segments/8666510/local_legend?categories%5B%5D=overall'}"
20055253,3,JUJUY - RECTA ,Run,1002.9,0.0,7.9,2244.1,2236.7,"[19.490507, -99.141782]","[19.490468, -99.141858]",https://d3o5xota0a1fcr.cloudfront.net/v6/charts/WMH7TE3ESXV6GH5FX4SGI6VFHKDJJUZ7KLLMFHCHFO3UNMEZIDLJ4FQ72273O5LMURMKHRJ7VPIAEEOTZGY7WMI=,"{'light_url': 'https://d3o5xota0a1fcr.cloudfront.net/v6/charts/WMH7TE3ESXV6GH5FX4SGI6VFHKDJJUZ7KLLMFHCHFO3UNMEZIDLJ4FQ72273O5LMURMKHRJ7VPIAEEOTZGY7WMI=', 'dark_url': 'https://d3o5xota0a1fcr.cloudfront.net/v6/charts/LJVDUXE2CWPF4CP5HTIJJSDAWT362BNUPGVBDQXW75E5C5UXGQDNY7Z5VQMFBCAZB2BSNI5H3OTK2Y76QAEGARI='}",0,,,,False,False,False,2019-03-12T18:38:40Z,2021-05-15T02:22:45Z,12.2,"{'id': 's20055253', 'polyline': 'sv}uBdsb|QFFL@^Jr@Ln@HX?VDZ@`@HbBRz@Rl@Bp@Vn@DlBXf@Dn@LDAFK?Ig@KUAgAQi@Ga@?_AOs@EUEY?oAKaB_@m@Gg@OaCa@e@Cm@MGBALFHnAL', 'resource_state': 3}",2571,57,0,"{'pr_elapsed_time': None, 'pr_date': None, 'pr_visibility': None, 'pr_activity_id': None, 'pr_activity_visibility': None, 'effort_count': 0}","{'kom': '3:27', 'qom': '4:16', 'overall': '3:27', 'destination': {'href': 'strava://segments/20055253/leaderboard', 'type': 'overall', 'name': 'All-Time'}}","{'athlete_id': 8957224, 'title': 'Benjamín Xolotl Torres Luna', 'profile': 'https://dgalywyr863hv.cloudfront.net/pictures/athletes/8957224/2734489/5/large.jpg', 'effort_description': '44 efforts in the last 90 days', 'effort_count': '44', 'effort_counts': {'overall': '44 efforts', 'female': '19 efforts'}, 'destination': 'strava://segments/20055253/local_legend?categories%5B%5D=overall'}"
11599639,3,Pista running IPN completa by Quique Fuentes,Run,2405.6,0.1,1.7,2251.0,2247.2,"[19.49989, -99.141571]","[19.499903, -99.141574]",https://d3o5xota0a1fcr.cloudfront.net/v6/charts/5HU3RSSJXTJXT6YGLJK27FUC2PVV6JQIPMXFKTAKG2U46DUDIPIJATVLWQIMQBOI64MNJKJO2TF7276NLZ6NMJY=,"{'light_url': 'https://d3o5xota0a1fcr.cloudfront.net/v6/charts/5HU3RSSJXTJXT6YGLJK27FUC2PVV6JQIPMXFKTAKG2U46DUDIPIJATVLWQIMQBOI64MNJKJO2TF7276NLZ6NMJY=', 'dark_url': 'https://d3o5xota0a1fcr.cloudfront.net/v6/charts/FQ7LZITUWPHU3T6NICVHEND2TJDHA4LI4ZGCSGYY2TIFIY5EPYEESEIAN7MC4ZYJ2Z47HF3JXVRJBYVMFRTLG7Y='}",0,,,,False,False,False,2016-03-19T06:55:18Z,2021-07-30T20:49:05Z,6.6,"{'id': 's11599639', 'polyline': 'iq_vBzqb|QiDq@eCYEBKd@OnAKXuAW{De@e@KkAKkAWe@C]LWb@Kb@If@?h@Gd@Of@[xBHf@b@h@|AfAhAZhDvA~@ZdA`@H?X_@Ra@p@_Af@aAlAmBFGH?|Ap@lDrApEfBXHFCz@aB^kABe@a@WaAc@yAk@mBq@oCgAU[vBcDp@}DAEq@pDO`@YX', 'resource_state': 3}",13132,558,14,"{'pr_elapsed_time': None, 'pr_date': None, 'pr_visibility': None, 'pr_activity_id': None, 'pr_activity_visibility': None, 'effort_count': 0}","{'kom': '6:59', 'qom': '8:56', 'overall': '6:59', 'destination': {'href': 'strava://segments/11599639/leaderboard', 'type': 'overall', 'name': 'All-Time'}}","{'athlete_id': 33355322, 'title': 'Daniel V Cervantes', 'profile': 'https://lh3.googleusercontent.com/a/ACg8ocJAW0UYp7JovIR_03FpT1irOeuMn4rrkGoHGvjyaycKth_O_A=s96-c', 'effort_description': '190 efforts in the last 90 days', 'effort_count': '190', 'effort_counts': {'overall': '190 efforts', 'female': '22 efforts'}, 'destination': 'strava://segments/11599639/local_legend?categories%5B%5D=overall'}"
17224141,3,recta pista UPDCE IPN (by quique fuetes triatleta),Run,238.5,0.3,0.7,2245.6,2244.6,"[19.498038, -99.143355]","[19.499986, -99.142383]",https://d3o5xota0a1fcr.cloudfront.net/v6/charts/4Z3QMUUYWY57H7MLI5QCXAFFEDGMIN4F6FZW3MAHDWC5GEVD5CURAISH25NZJ6C2Z33VYCEWIM2S3ZN2H3MHTBI=,"{'light_url': 'https://d3o5xota0a1fcr.cloudfront.net/v6/charts/4Z3QMUUYWY57H7MLI5QCXAFFEDGMIN4F6FZW3MAHDWC5GEVD5CURAISH25NZJ6C2Z33VYCEWIM2S3ZN2H3MHTBI=', 'dark_url': 'https://d3o5xota0a1fcr.cloudfront.net/v6/charts/I2Q75SWS25XXL2XVVIRTPNWYD26Q7V2JLBNIZLP6FYZP6UK6GPQ7OVXA5II5CGPDV5YWOUBYGI3PBNPNF3MPKJI='}",0,Ciudad de México,Ciudad de México,Mexico,False,False,False,2018-03-22T22:31:52Z,2021-05-15T02:20:47Z,0.0,"{'id': 's17224141', 'polyline': 'ue_vB~|b|QeKaE', 'resource_state': 3}",18146,691,2,"{'pr_elapsed_time': None, 'pr_date': None, 'pr_visibility': None, 'pr_activity_id': None, 'pr_activity_visibility': None, 'effort_count': 0}","{'kom': '16s', 'qom': '47s', 'overall': '16s', 'destination': {'href': 'strava://segments/17224141/leaderboard', 'type': 'overall', 'name': 'All-Time'}}","{'athlete_id': 33355322, 'title': 'Daniel V Cervantes', 'profile': 'https://lh3.googleusercontent.com/a/ACg8ocJAW0UYp7JovIR_03FpT1irOeuMn4rrkGoHGvjyaycKth_O_A=s96-c', 'effort_description': '322 efforts in the last 90 days', 'effort_count': '322', 'effort_counts': {'overall': '322 efforts', 'female': '43 efforts'}, 'destination': 'strava://segments/17224141/local_legend?categories%5B%5D=overall'}"
33983114,3,Pista de Jogging ENKSA <-,Run,281.3,0.0,1.8,2242.5,2241.8,"[19.469048, -99.154855]","[19.469034, -99.154829]",https://d3o5xota0a1fcr.cloudfront.net/v6/charts/UZP3QZGW3USFQ3SN32NR4IVEHHEHMSRO5OTL4Y426XGBGGC3FVAME7USKYA6T3KUI4CLKTZSJRWP2L456JXMSRQ=,"{'light_url': 'https://d3o5xota0a1fcr.cloudfront.net/v6/charts/UZP3QZGW3USFQ3SN32NR4IVEHHEHMSRO5OTL4Y426XGBGGC3FVAME7USKYA6T3KUI4CLKTZSJRWP2L456JXMSRQ=', 'dark_url': 'https://d3o5xota0a1fcr.cloudfront.net/v6/charts/5P7LJSIWCIW5JYTOYPQNOWDLCAOC4W45ZTCQPOHI4RV2VW3WKJFEXK4QIASFX47GVN6XGVOTE2JEKVNDFDYJKBA='}",0,,Mexico City,Mexico,False,False,False,2023-03-21T19:19:02Z,2023-03-21T19:21:13Z,0.0,"{'id': 's33983114', 'polyline': 'opyuBzde|QGZ?FDDh@@PDJEBMCQLo@AQBQEa@BW?QSAWFS@IP@b@A`@EL@VCF', 'resource_state': 3}",2904,44,0,"{'pr_elapsed_time': None, 'pr_date': None, 'pr_visibility': None, 'pr_activity_id': None, 'pr_activity_visibility': None, 'effort_count': 0}","{'kom': '45s', 'qom': '50s', 'overall': '39s', 'destination': {'href': 'strava://segments/33983114/leaderboard', 'type': 'overall', 'name': 'All-Time'}}","{'athlete_id': 162211450, 'title': 'Nicole Arias Cristancho', 'profile': 'https://lh3.googleusercontent.com/a/ACg8ocKIF6u3bYi6Yv1O3F9dCbcdCXMRzEZ4vQEb6X9K2BcAG4Cch3k=s96-c', 'effort_description': '81 efforts in the last 90 days', 'effort_count': '81', 'effort_counts': {'overall': '81 efforts', 'female': '81 efforts'}, 'destination': 'strava://segments/33983114/local_legend?categories%5B%5D=overall'}"
19648324,3,Trotapista IPN Zacatenco (Ruta Corta 1.8k),Run,1828.1,0.4,13.1,2266.0,2258.4,"[19.499366, -99.140462]","[19.499399, -99.1404]",https://d3o5xota0a1fcr.cloudfront.net/v6/charts/K5LEKHX4WN53HN6U3GT2ONVHCXRSSRBWWPID3ATR6KASOBWLBHKVXCWTG3UAIJAY2XQRSIFQMKCE5PRE45SBNHQR,"{'light_url': 'https://d3o5xota0a1fcr.cloudfront.net/v6/charts/K5LEKHX4WN53HN6U3GT2ONVHCXRSSRBWWPID3ATR6KASOBWLBHKVXCWTG3UAIJAY2XQRSIFQMKCE5PRE45SBNHQR', 'dark_url': 'https://d3o5xota0a1fcr.cloudfront.net/v6/charts/5Z7QLJOYILCMTW4CBUQQVKIPDNBQE2CH2FNXQ24WW4LWLZZLJ37TBV4XKNG4SIAC63IQ5JDPIGLT5PF6ILEN4A7O'}",0,,,,False,False,False,2019-01-09T18:13:46Z,2021-05-15T02:22:29Z,35.2,"{'id': 's19648324', 'polyline': '_n_vB|jb|QMhA]nB[f@MDkAGgC]sBSEDM|AGXYBiCO_BS{B]oC[c@BMPI\\Af@FX?ZGb@Md@[dCRV\\VPLd@Td@\\jAb@vAr@~EdBDAHGJSj@iATm@dB{CVu@^g@dBqBHCj@Zi@S|B_Ej@sD', 'resource_state': 3}",412,141,0,"{'pr_elapsed_time': None, 'pr_date': None, 'pr_visibility': None, 'pr_activity_id': None, 'pr_activity_visibility': None, 'effort_count': 0}","{'kom': '6:33', 'qom': '7:39', 'overall': '6:33', 'destination': {'href': 'strava://segments/19648324/leaderboard', 'type': 'overall', 'name': 'All-Time'}}","{'athlete_id': 68926637, 'title': 'Anthony Gama', 'profile': 'https://graph.facebook.com/1885748518199718/picture?height=256&width=256', 'effort_description': '3 efforts in the last 90 days', 'effort_count': '3', 'effort_counts': {'overall': '3 efforts', 'female': '3 efforts'}, 'destination': 'strava://segments/19648324/local_legend?categories%5B%5D=overall'}"
19648320,3,Trotapista IPN Zacatenco (Ruta Larga 2.4k),Run,2402.8,0.2,26.4,2270.6,2262.8,"[19.499348, -99.140448]","[19.499403, -99.140381]",https://d3o5xota0a1fcr.cloudfront.net/v6/charts/DHVSO7KTFURMQCYDF3STDOR3S56H6AXBUWL5HRJLZUCACRYE5PDETAEFQ5DYEYYEOHAADWEHWSO4RO3KEGY7JEA=,"{'light_url': 'https://d3o5xota0a1fcr.cloudfront.net/v6/charts/DHVSO7KTFURMQCYDF3STDOR3S56H6AXBUWL5HRJLZUCACRYE5PDETAEFQ5DYEYYEOHAADWEHWSO4RO3KEGY7JEA=', 'dark_url': 'https://d3o5xota0a1fcr.cloudfront.net/v6/charts/KENSFZMFZWZD6XAVJYFU4UV6WHTIGTFEJE6Q6CP6B32KV4XSKZP6QI4N5NJPIXKH6SB4IKZ7JCELWGI2SJF7CRA='}",0,,,,False,False,False,2019-01-09T18:12:54Z,2021-05-15T02:22:29Z,31.6,"{'id': 's19648320', 'polyline': '{m_vBxjb|QKPk@xDa@`@kC]_@CsB]]AGDIfBIXYBsCYsB[sEw@e@DUXKd@Cl@Df@E^Qt@IhAGXKJ@b@dA|@JBr@b@bAZZR\\NbAXdDrAXFNO`BaEt@sAZY\\D`Bf@z@TnDrAlChAp@PHAJUXwAVw@Jg@ACiBi@mFmBeBq@_@SCEAGDMbB{BVg@H_@d@yC', 'resource_state': 3}",8864,484,2,"{'pr_elapsed_time': None, 'pr_date': None, 'pr_visibility': None, 'pr_activity_id': None, 'pr_activity_visibility': None, 'effort_count': 0}","{'kom': '8:32', 'qom': '11:01', 'overall': '8:32', 'destination': {'href': 'strava://segments/19648320/leaderboard', 'type': 'overall', 'name': 'All-Time'}}","{'athlete_id': 33355322, 'title': 'Daniel V Cervantes', 'profile': 'https://lh3.googleusercontent.com/a/ACg8ocJAW0UYp7JovIR_03FpT1irOeuMn4rrkGoHGvjyaycKth_O_A=s96-c', 'effort_description': '171 efforts in the last 90 days', 'effort_count': '171', 'effort_counts': {'overall': '171 efforts', 'female': '8 efforts'}, 'destination': 'strava://segments/19648320/local_legend?categories%5B%5D=overall'}"
18180343,3,800 M Pista Miguel Alemán,Run,910.4,-0.0,15.7,2247.3,2239.4,"[19.493417, -99.12777]","[19.493427, -99.1278]",https://d3o5xota0a1fcr.cloudfront.net/v6/charts/2P7U4QD55VKBXEUBZB5TV5RZ3C52PV4M34XYHVUK2PZBPKGZCHSV7JIKTGUCTGEWNXRYKYFNO3KN5MXKAXNRTNQ=,"{'light_url': 'https://d3o5xota0a1fcr.cloudfront.net/v6/charts/2P7U4QD55VKBXEUBZB5TV5RZ3C52PV4M34XYHVUK2PZBPKGZCHSV7JIKTGUCTGEWNXRYKYFNO3KN5MXKAXNRTNQ=', 'dark_url': 'https://d3o5xota0a1fcr.cloudfront.net/v6/charts/G3DTYEGIBJWHM44KGMZYNMT7J3J7ZRNOI3PHYRZ3ENMM44AEXI634ZATZFMHEM4L7YXG6H67FM3YANN34CLAHLQ='}",0,Ciudad de México,Ciudad de México,Mexico,False,False,False,2018-07-09T14:11:47Z,2021-05-20T08:04:43Z,15.7,"{'id': 's18180343', 'polyline': 'yh~uBp{_|QHRJNz@z@bAx@\\JP?XIPOP]DWAc@I[KOm@g@iBqAOCc@JSPOTGX?ZFXJP|@v@\\\\h@^ZLV@NCLGX]J[BSAYGQIOgCsBWIWCQ@QDMLKRKZAVDZ', 'resource_state': 3}",87567,1535,9,"{'pr_elapsed_time': None, 'pr_date': None, 'pr_visibility': None, 'pr_activity_id': None, 'pr_activity_visibility': None, 'effort_count': 0}","{'kom': '1:55', 'qom': '2:25', 'overall': '1:55', 'destination': {'href': 'strava://segments/18180343/leaderboard', 'type': 'overall', 'name': 'All-Time'}}","{'athlete_id': 130425061, 'title': 'Reno Pérez', 'profile': 'https://dgalywyr863hv.cloudfront.net/pictures/athletes/130425061/29746058/5/large.jpg', 'effort_description': '435 efforts in the last 90 days', 'effort_count': '435', 'effort_counts': {'overall': '435 efforts', 'female': '143 efforts'}, 'destination': 'strava://segments/18180343/local_legend?categories%5B%5D=overall'}"
19840553,3,Tepeyac Seg1,Run,176.6,24.1,34.2,2343.4,2300.8,"[19.493299, -99.11068]","[19.493703, -99.109124]",https://d3o5xota0a1fcr.cloudfront.net/v6/charts/GZPRLEG6LAUD3W47TBMABS5HAGYJU3N3FG6R35QBZGTBLXWUUPDAAMWWO7BD2AOCNKCXZFVN5SSN4DABJJAFTKUJ,"{'light_url': 'https://d3o5xota0a1fcr.cloudfront.net/v6/charts/GZPRLEG6LAUD3W47TBMABS5HAGYJU3N3FG6R35QBZGTBLXWUUPDAAMWWO7BD2AOCNKCXZFVN5SSN4DABJJAFTKUJ', 'dark_url': 'https://d3o5xota0a1fcr.cloudfront.net/v6/charts/WUXKOOG4JG7TGQC5HSAGAXXTYGUK37PNSJLNZT7QB4OHASSS7MWN6A3JL2JFZXYPFNKJYTXQNGX5JTWMFCZCEOXO'}",0,Ciudad de México,Ciudad de México,Mexico,False,False,False,2019-02-10T05:49:04Z,2021-05-20T08:04:58Z,42.6,"{'id': 's19840553', 'polyline': 'ah~uBvp|{QEIB_@M]Cc@BOEGEc@IW?[W]EYGSCCAI', 'resource_state': 3}",835,114,1,"{'pr_elapsed_time': None, 'pr_date': None, 'pr_visibility': None, 'pr_activity_id': None, 'pr_activity_visibility': None, 'effort_count': 0}","{'kom': '3s', 'qom': '2:03', 'overall': '3s', 'destination': {'href': 'strava://segments/19840553/leaderboard', 'type': 'overall', 'name': 'All-Time'}}","{'athlete_id': 7403811, 'title': 'Zei Omsp', 'profile': 'https://dgalywyr863hv.cloudfront.net/pictures/athletes/7403811/2238030/3/large.jpg', 'effort_description': '36 efforts in the last 90 days', 'effort_count': '36', 'effort_counts': {'overall': '36 efforts', 'female': None}, 'destination': 'strava://segments/19840553/local_legend?categories%5B%5D=overall'}"
8589615,3,Ascenso Tepeyc (MS),Run,1088.6,5.1,28.3,2376.6,2318.1,"[19.499441, -99.109073]","[19.49513, -99.106036]",https://d3o5xota0a1fcr.cloudfront.net/v6/charts/DJTXW64L2EO2Y2NXPQE2NDANJQ3P34D2P46JAMLN63C5JMRNRZ6B2HK27QZ6FH33RDJGVPGQHRV3LBGX7JBNKV4L,"{'light_url': 'https://d3o5xota0a1fcr.cloudfront.net/v6/charts/DJTXW64L2EO2Y2NXPQE2NDANJQ3P34D2P46JAMLN63C5JMRNRZ6B2HK27QZ6FH33RDJGVPGQHRV3LBGX7JBNKV4L', 'dark_url': 'https://d3o5xota0a1fcr.cloudfront.net/v6/charts/6SM4SUGDRARQARDN3LQUDRRW6LYM22P7MNBYGQVGVM3DNKEDVCJP6EDMV2HISRMDLR6CKYD46I3MZSDN4T6K6OHA'}",0,Ciudad de México,Distrito Federal,Mexico,False,False,False,2014-12-02T18:30:28Z,2021-05-20T08:03:14Z,83.6,"{'id': 's8589615', 'polyline': 'on_vBvf|{QFLJ@JFRDFCPBd@F^Lb@VZBh@Tz@Zj@JPFJ@FHRFZFt@ETG\\E?FXCDCBONMF?n@UHG\\OHADBFAJ@TMZIJ?BB@DFBP?PH~@C^@RAXDNENBPARFNCPQRk@B]HWFo@BIEMKeAOc@@KEC_@_AIK@ICQWe@AIEMAOIMCe@EAIQAOKGIQg@_@EASWKIOGKK', 'resource_state': 3}",688,154,5,"{'pr_elapsed_time': None, 'pr_date': None, 'pr_visibility': None, 'pr_activity_id': None, 'pr_activity_visibility': None, 'effort_count': 0}","{'kom': '5:45', 'qom': '7:25', 'overall': '5:45', 'destination': {'href': 'strava://segments/8589615/leaderboard', 'type': 'overall', 'name': 'All-Time'}}","{'athlete_id': 170823399, 'title': 'Axel MB', 'profile': 'https://lh3.googleusercontent.com/a/ACg8ocI9c1irS1BT8AJWZ5IlraKVwturcJ6foUGYdLVOp75ssi095Np3=s96-c', 'effort_description': '6 efforts in the last 90 days', 'effort_count': '6', 'effort_counts': {'overall': '6 efforts', 'female': '1 effort'}, 'destination': 'strava://segments/8589615/local_legend?categories%5B%5D=overall'}"
28047677,3,Sendero Rompe-Tobillos,Run,434.9,-21.6,20.4,2435.3,2339.1,"[19.496981, -99.107407]","[19.494222, -99.109468]",https://d3o5xota0a1fcr.cloudfront.net/v6/charts/TWXSWFIZAXNWWGKYZ4KKDSGKPH4VFU6XKXU7P6SUDJQR66C7LCRP65JOQWFFOB2WG4B5CIF3BIIVSYVYTV7VBOI=,"{'light_url': 'https://d3o5xota0a1fcr.cloudfront.net/v6/charts/TWXSWFIZAXNWWGKYZ4KKDSGKPH4VFU6XKXU7P6SUDJQR66C7LCRP65JOQWFFOB2WG4B5CIF3BIIVSYVYTV7VBOI=', 'dark_url': 'https://d3o5xota0a1fcr.cloudfront.net/v6/charts/UUIYTXONMFYH6FDIFSOTORKXK6HOTZO6UH4TXBFRPLINW65CDJK6G7IOXNHOLUMWKJBDZEYUJN5UHDEJ5WE5FBA='}",0,Ciudad de México,Ciudad de México,Mexico,False,False,False,2021-04-16T21:26:44Z,2021-05-19T08:05:47Z,2.3,"{'id': 's28047677', 'polyline': 'c__vBh|{{QIDABDp@HND\\JJ`@Lt@GZ?d@E^@TBLJPDVP\\NjA~@LVNTP@HDHPBRDF^NHXHLJFPF', 'resource_state': 3}",56,15,0,"{'pr_elapsed_time': None, 'pr_date': None, 'pr_visibility': None, 'pr_activity_id': None, 'pr_activity_visibility': None, 'effort_count': 0}","{'kom': '3:07', 'qom': '3:50', 'overall': '3:07', 'destination': {'href': 'strava://segments/28047677/leaderboard', 'type': 'overall', 'name': 'All-Time'}}","{'athlete_id': 114950827, 'title': 'Gabriel S', 'profile': 'https://dgalywyr863hv.cloudfront.net/pictures/athletes/114950827/34281131/1/large.jpg', 'effort_description': '2 efforts in the last 90 days', 'effort_count': '2', 'effort_counts': {'overall': '2 efforts', 'female': None}, 'destination': 'strava://segments/28047677/local_legend?categories%5B%5D=overall'}"
9533333,3,PISTA EDUARDO MOLINA,Run,1001.9,0.0,3.6,2244.0,2242.0,"[19.470807, -99.101294]","[19.47081, -99.10127]",https://d3o5xota0a1fcr.cloudfront.net/v6/charts/OWEDTAGKLWP5QPWODU376KDELDKLFQ6ZCFJM2OCZ2DXWCUKJFCQOV3S3PIJMCAAYG4VSYP7TQVCMBNQJ3LGEP74T,"{'light_url': 'https://d3o5xota0a1fcr.cloudfront.net/v6/charts/OWEDTAGKLWP5QPWODU376KDELDKLFQ6ZCFJM2OCZ2DXWCUKJFCQOV3S3PIJMCAAYG4VSYP7TQVCMBNQJ3LGEP74T', 'dark_url': 'https://d3o5xota0a1fcr.cloudfront.net/v6/charts/4HDNOM3JCHEPLCEN3JOKP3UMHCCK5ILBIRRZLJMKQQTFALKESCNGELBYUT5LOJZZDDE4FAVGO442LH4WSCZS7P43'}",0,Ciudad de México,Distrito Federal,Mexico,False,False,False,2015-05-20T20:01:27Z,2021-05-15T02:16:25Z,2.0,"{'id': 's9533333', 'polyline': 'o{yuBbvz{QIIu@_@o@WwAe@uA[MIcA][EMIYMm@UgA[{Ag@aAe@WGa@OGCQ?MHCF?PBFRP|DlA`Bl@h@N`@Dv@RpAb@`@Rl@R|@RzAh@PBR@DEFM', 'resource_state': 3}",26743,399,14,"{'pr_elapsed_time': None, 'pr_date': None, 'pr_visibility': None, 'pr_activity_id': None, 'pr_activity_visibility': None, 'effort_count': 0}","{'kom': '2:46', 'qom': '3:52', 'overall': '2:46', 'destination': {'href': 'strava://segments/9533333/leaderboard', 'type': 'overall', 'name': 'All-Time'}}","{'athlete_id': 79981619, 'title': 'Francisco Orozco', 'profile': 'https://dgalywyr863hv.cloudfront.net/pictures/athletes/79981619/19291618/1/large.jpg', 'effort_description': '197 efforts in the last 90 days', 'effort_count': '197', 'effort_counts': {'overall': '197 efforts', 'female': '185 efforts'}, 'destination': 'strava://segments/9533333/local_legend?categories%5B%5D=overall'}"
27189764,3,Entre Parques Industrial Afr2,Run,1717.6,0.0,4.2,2242.9,2241.0,"[19.472153, -99.127676]","[19.472276, -99.127832]",https://d3o5xota0a1fcr.cloudfront.net/v6/charts/U5OEVWLYGW72PYAMMGHSCSBTLIPZJRDST7PAZG2AEXGTTDEEY3JWLI4PBIAZDCS74XLFWQYDN6K3JQ55V4QN3PY=,"{'light_url': 'https://d3o5xota0a1fcr.cloudfront.net/v6/charts/U5OEVWLYGW72PYAMMGHSCSBTLIPZJRDST7PAZG2AEXGTTDEEY3JWLI4PBIAZDCS74XLFWQYDN6K3JQ55V4QN3PY=', 'dark_url': 'https://d3o5xota0a1fcr.cloudfront.net/v6/charts/HS5AN5COO2EGRW7LFNIMZIHEWEMFHEF3ZX5724RHC6MGB623ERJ5ACHO5LX7U2IARM5MURXN7QZ5DMYBRCWK3MI='}",0,Ciudad de México,Ciudad de México,Mexico,False,False,False,2021-02-02T19:39:48Z,2021-09-24T02:48:20Z,0.0,"{'id': 's27189764', 'polyline': '}czuB~z_|QO?uAWOFW\\OFG?SG]AUYi@Mk@Si@GUO]EYMUIiAKmA[eCs@]QQCQDQ?QCq@e@_A]UWUk@@MTo@?GEI]Qu@GW?MBOL[d@Qb@SpAAh@Fj@FZ\\t@LJH?JE\\]b@aALQTMN?p@Jr@FZJdAPr@P\\DNGt@d@vAd@~@P\\@PBVNn@RdAZbARLDJHDp@DD\\Lj@ZXHT@RIt@eAEMMM', 'resource_state': 3}",1920,73,2,"{'pr_elapsed_time': None, 'pr_date': None, 'pr_visibility': None, 'pr_activity_id': None, 'pr_activity_visibility': None, 'effort_count': 0}","{'kom': '6:25', 'qom': '8:14', 'overall': '6:25', 'destination': {'href': 'strava://segments/27189764/leaderboard', 'type': 'overall', 'name': 'All-Time'}}","{'athlete_id': 119955646, 'title': 'Carlos Urteaga Reyesvera', 'profile': 'https://lh3.googleusercontent.com/a/ACg8ocIMh6q3WRiFn9RBAF9oPFe13uy-ejIEO3iNXxp1VVSSvZfPBvb8=s96-c', 'effort_description': '44 efforts in the last 90 days', 'effort_count': '44', 'effort_counts': {'overall': '44 efforts', 'female': '4 efforts'}, 'destination': 'strava://segments/27189764/local_legend?categories%5B%5D=overall'}"
18181488,3,1500 M Deportivo Miguel Alemán,Run,1688.7,0.1,15.7,2247.6,2239.4,"[19.492167, -99.127817]","[19.492748, -99.128467]",https://d3o5xota0a1fcr.cloudfront.net/v6/charts/NY2YTR2KIRVUUL4637SDRLFB5S3ROIL6GT4LDLRQQBTTNHTKO5E375JPJCI34DYRB4FQHY7CLXR7FUU4E7VMEVA=,"{'light_url': 'https://d3o5xota0a1fcr.cloudfront.net/v6/charts/NY2YTR2KIRVUUL4637SDRLFB5S3ROIL6GT4LDLRQQBTTNHTKO5E375JPJCI34DYRB4FQHY7CLXR7FUU4E7VMEVA=', 'dark_url': 'https://d3o5xota0a1fcr.cloudfront.net/v6/charts/RVU6S22TMXJ5XWIULBR2YIAG6E5H3LRKSB4SPT2MTHLY2IJN3QK6XEFWX7DISF4DAPWMKOFGA2UDKU5ZHOQR73Y='}",0,Ciudad de México,Ciudad de México,Mexico,False,False,False,2018-07-09T16:04:28Z,2021-05-20T08:04:43Z,0.0,"{'id': 's18181488', 'polyline': '_a~uBz{_|Q_@]gBuAYOUASB[PKNIZA\\DZHRfAjAx@p@TLVDTCXKJMLYD]A]I[KOm@g@iBqAOC]FOJOLMVEZ@ZJVPTr@l@\\\\x@h@VDTARILMP]FY@[IWY]}BgBWI]AWFMLQ`@G\\B\\JXz@x@z@n@j@\\PDL?VGLMP_@J[@UIc@KOg@_@_BgAWMQE[AQDOJKPI`@?\\DTX`@nB`B', 'resource_state': 3}",50464,1449,2,"{'pr_elapsed_time': None, 'pr_date': None, 'pr_visibility': None, 'pr_activity_id': None, 'pr_activity_visibility': None, 'effort_count': 0}","{'kom': '3:11', 'qom': '5:20', 'overall': '3:11', 'destination': {'href': 'strava://segments/18181488/leaderboard', 'type': 'overall', 'name': 'All-Time'}}","{'athlete_id': 130425061, 'title': 'Reno Pérez', 'profile': 'https://dgalywyr863hv.cloudfront.net/pictures/athletes/130425061/29746058/5/large.jpg', 'effort_description': '259 efforts in the last 90 days', 'effort_count': '259', 'effort_counts': {'overall': '259 efforts', 'female': '83 efforts'}, 'destination': 'strava://segments/18181488/local_legend?categories%5B%5D=overall'}"
19811048,3,Central Park María Luisa 5k ,Run,5003.6,0.0,7.4,2245.3,2237.6,"[19.477367, -99.126248]","[19.477552, -99.126542]",https://d3o5xota0a1fcr.cloudfront.net/v6/charts/TALNRSBJB247NSHKRYVTJCW5GUZ4GW5JJ75V3BRQSPEB5HYRNDQTRVOIKPX6VB3JRYCJMTHU7SWUJ3HIHVIYGVMH,"{'light_url': 'https://d3o5xota0a1fcr.cloudfront.net/v6/charts/TALNRSBJB247NSHKRYVTJCW5GUZ4GW5JJ75V3BRQSPEB5HYRNDQTRVOIKPX6VB3JRYCJMTHU7SWUJ3HIHVIYGVMH', 'dark_url': 'https://d3o5xota0a1fcr.cloudfront.net/v6/charts/TNJZKLT25ITBIA6RMMAOGPLAMXKHAJMQX3ICNN4J5N7EO4CMM6UBXMXXP2RAYCBC2BORNGB7LJ77ANZXDCDB2FE7'}",0,Ciudad de México,Ciudad de México,Mexico,False,False,False,2019-02-04T23:28:57Z,2021-05-15T02:22:35Z,74.8,"{'id': 's19811048', 'polyline': 'od{uB`r_|Q@k@b@wABUUIg@D_Ab@u@z@Mv@Ct@Hj@Rj@TZTHLMXw@Hi@Zw@Ba@Tq@Ba@Pg@OMW@s@Pe@ZQT]t@S`ADx@Nj@NPDPNNPDNQNw@?ULYJe@h@aBPw@BSQOc@@SFa@ZSH[V_@t@Kl@A^Jr@`@bALLRHNYFo@`AwC?W^mAQMoANMJ[RWTc@t@GV@XPtA\\n@VZT?TqAf@oBNw@Vw@LQEYo@F]Ho@Zk@d@[~@?|AVr@Xh@RLRKBWNW?_@Zq@@[Rw@Vk@D[Nc@_@Ku@Bo@\\ONq@jAEZ@p@Hj@Nb@`@t@RFNm@PYLy@Rs@D_@Vo@Ha@JUCWe@C]FiAx@YXYn@BZMRFx@HR@RPXZXVGTg@b@}A@]p@eC?Uc@Kc@L[N_Av@SZSh@@RCVPx@Vr@X`@XBJONg@n@eDRi@Ho@DUOIq@FSHiAhAU\\IZBXEv@Tx@Ph@XNROLs@L[R_A`@iABS\\sAOKg@HoA^]b@]v@Kd@Dx@`@jAXb@`@e@Fi@|@uCTg@Lw@CUq@DcAf@g@n@Q^Ot@Ct@Rx@\\p@RLZm@Ha@@UDQ', 'resource_state': 3}",674,36,0,"{'pr_elapsed_time': None, 'pr_date': None, 'pr_visibility': None, 'pr_activity_id': None, 'pr_activity_visibility': None, 'effort_count': 0}","{'kom': '19:08', 'qom': '20:37', 'overall': '19:08', 'destination': {'href': 'strava://segments/19811048/leaderboard', 'type': 'overall', 'name': 'All-Time'}}","{'athlete_id': 157939073, 'title': 'Guillermo González', 'profile': 'https://dgalywyr863hv.cloudfront.net/pictures/athletes/157939073/35250171/2/large.jpg', 'effort_description': '21 efforts in the last 90 days', 'effort_count': '21', 'effort_counts': {'overall': '21 efforts', 'female': '2 efforts'}, 'destination': 'strava://segments/19811048/local_legend?categories%5B%5D=overall'}"
19655113,3,Pista 400mts Deportivo 18 de Marzo (Arcilla),Run,419.3,-0.1,0.0,2235.8,2235.2,"[19.484653, -99.124321]","[19.484648, -99.124318]",https://d3o5xota0a1fcr.cloudfront.net/v6/charts/AKSWZOTZ6JURBJAFT5HMGIJNZHGTVNZ6SYYWW42KFMOF7SZZNCIYFP4IVUXWOC5EJCUY4HWHUJLMMSBHZWBEURLK,"{'light_url': 'https://d3o5xota0a1fcr.cloudfront.net/v6/charts/AKSWZOTZ6JURBJAFT5HMGIJNZHGTVNZ6SYYWW42KFMOF7SZZNCIYFP4IVUXWOC5EJCUY4HWHUJLMMSBHZWBEURLK', 'dark_url': 'https://d3o5xota0a1fcr.cloudfront.net/v6/charts/CYRILTDTESGGHD6VUUTB5FPRLLAODBXOJE7YC5XOEFB63PEBXA7H2QCHVSU6XPL3SIUMTEJSD2XGXUPU6BTVFZTZ'}",0,Ciudad de México,Ciudad de México,Mexico,False,False,False,2019-01-10T20:36:38Z,2021-05-15T02:22:29Z,0.0,"{'id': 's19655113', 'polyline': 'ar|uB`f_|Qf@VtBh@r@JN?ZQJKFOD]AII[QSQI}@SuB[Q@MDMHQ\\CXBNLT', 'resource_state': 3}",30754,174,3,"{'pr_elapsed_time': None, 'pr_date': None, 'pr_visibility': None, 'pr_activity_id': None, 'pr_activity_visibility': None, 'effort_count': 0}","{'kom': '1:11', 'qom': '1:27', 'overall': '1:11', 'destination': {'href': 'strava://segments/19655113/leaderboard', 'type': 'overall', 'name': 'All-Time'}}","{'athlete_id': 154458937, 'title': 'Zahyd G.', 'profile': 'https://dgalywyr863hv.cloudfront.net/pictures/athletes/154458937/34672729/12/large.jpg', 'effort_description': '374 efforts in the last 90 days', 'effort_count': '374', 'effort_counts': {'overall': '374 efforts', 'female': '97 efforts'}, 'destination': 'strava://segments/19655113/local_legend?categories%5B%5D=overall'}"
8339266,3,Potrero,Run,996.9,0.0,1.4,2244.2,2243.6,"[19.478021, -99.130585]","[19.480157, -99.128817]",https://d3o5xota0a1fcr.cloudfront.net/v6/charts/JJSVZHPRRIZR7N7O7N7TCB5U7ZAHRJBHKW3GJKEWYVM74Z2QP7PZFCTD2WQTXYZRGQZIIPIXRQ7YIVSJGOJEBPCJ,"{'light_url': 'https://d3o5xota0a1fcr.cloudfront.net/v6/charts/JJSVZHPRRIZR7N7O7N7TCB5U7ZAHRJBHKW3GJKEWYVM74Z2QP7PZFCTD2WQTXYZRGQZIIPIXRQ7YIVSJGOJEBPCJ', 'dark_url': 'https://d3o5xota0a1fcr.cloudfront.net/v6/charts/4Z7Q564XYR4BYZN3JHF3MPGGUFLIIJZ65CIZIEWRMMAHWH4BH67ULJTWJ37DY53EOVIWZWHW5TNVM66DWJXOXANE'}",0,Mexico City,Federal District,Mexico,False,False,False,2014-10-14T19:53:23Z,2021-05-15T02:15:45Z,0.0,"{'id': 's8339266', 'polyline': 'sh{uBdm`|QKMI?IC?MCCe@[YSAEa@KAIOOQIKKM]MGSOI?DOOQGAKOE?IIWIk@[a@OCCAIIK_@QHHNA^^V\\PPLCFDHLFTJNPFPJF@LN`At@HTHJJ@LCFBHFRFz@j@?DFTHFC@?GQMGQ?EKIOFYUCQGMMKQAEMWKIIM[EAAEe@A[MCEYIGSe@[O]ECEIG?QG_@a@GC', 'resource_state': 3}",2599,123,3,"{'pr_elapsed_time': None, 'pr_date': None, 'pr_visibility': None, 'pr_activity_id': None, 'pr_activity_visibility': None, 'effort_count': 0}","{'kom': '3:40', 'qom': '4:39', 'overall': '3:40', 'destination': {'href': 'strava://segments/8339266/leaderboard', 'type': 'overall', 'name': 'All-Time'}}","{'athlete_id': 153335608, 'title': 'Gabino Benitez', 'profile': 'https://lh3.googleusercontent.com/a/ACg8ocJBTrxDV4qB_bGwb3k7yRyEtX44A0c0QsNBzNIRsBZHYhfeiQ_Y=s96-c', 'effort_description': '17 efforts in the last 90 days', 'effort_count': '17', 'effort_counts': {'overall': '17 efforts', 'female': '12 efforts'}, 'destination': 'strava://segments/8339266/local_legend?categories%5B%5D=overall'}"
33945943,3,Vuelta Los Galeana,Run,3032.3,0.0,1.8,2239.2,2237.0,"[19.473932, -99.070448]","[19.473918, -99.070505]",https://d3o5xota0a1fcr.cloudfront.net/v6/charts/JAR6ZBGGQDXSFFC4BSAYYAEEEA4J3HD4MPDQVHQOJDU2ZXQLWBRGKBWYVGIGPPNJORPKILPY6UNLCQMCTFDBX77E,"{'light_url': 'https://d3o5xota0a1fcr.cloudfront.net/v6/charts/JAR6ZBGGQDXSFFC4BSAYYAEEEA4J3HD4MPDQVHQOJDU2ZXQLWBRGKBWYVGIGPPNJORPKILPY6UNLCQMCTFDBX77E', 'dark_url': 'https://d3o5xota0a1fcr.cloudfront.net/v6/charts/5CO6S54ZLQP3FZJGZX2JYLRPGQSKBEEEHZPQUEJGVIHWXTDVSHNMXLB75YPZJDSOG5BTMXYKKHVQDKOV7FT37XVQ'}",0,,Mexico City,Mexico,False,False,False,2023-03-16T02:09:26Z,2023-03-16T02:09:27Z,0.0,"{'id': 's33945943', 'polyline': 'aozuBhut{Qv@RlAPdBZfALn@JJHBF?LENQrAUjAAvBBVQzAI`@Cl@M`ACfAS|AE|@S`AG`BWxC_@~BGpAIf@C^@^M`@Kd@Gv@@PAJGFO@qAIyBG_AAWFm@?aAGg@IyBy@_@GgBi@iAYk@Sc@IeBg@uCk@UK{A]q@Ui@GcA_@kA[QKMSIi@@QBOLU~@w@r@u@v@e@p@m@^WpA}Aj@c@bCeCxCqC|@gARIRORWf@a@Va@v@{@~CwC^WvBqBZORE^B|AZ', 'resource_state': 3}",1024,78,4,"{'pr_elapsed_time': None, 'pr_date': None, 'pr_visibility': None, 'pr_activity_id': None, 'pr_activity_visibility': None, 'effort_count': 0}","{'kom': '10:46', 'qom': '14:09', 'overall': '10:46', 'destination': {'href': 'strava://segments/33945943/leaderboard', 'type': 'overall', 'name': 'All-Time'}}","{'athlete_id': 66127031, 'title': 'Lorena Reyes', 'profile': 'https://graph.facebook.com/10213393305145620/picture?height=256&width=256', 'effort_description': '6 efforts in the last 90 days', 'effort_count': '6', 'effort_counts': {'overall': '6 efforts', 'female': '6 efforts'}, 'destination': 'strava://segments/33945943/local_legend?categories%5B%5D=overall'}"
30399928,3,400m Luiggy,Run,406.7,0.0,12.4,2247.8,2246.7,"[19.485708, -99.094842]","[19.485725, -99.094828]",https://d3o5xota0a1fcr.cloudfront.net/v6/charts/64ASRA23RORLAXOXJZ63ZFOJDZSLTB5LDFXIVKBORLIGGDQNBQUOT3GN4SDAVFIPXGJF7NYKVYENKG6MGOHIMSOV,"{'light_url': 'https://d3o5xota0a1fcr.cloudfront.net/v6/charts/64ASRA23RORLAXOXJZ63ZFOJDZSLTB5LDFXIVKBORLIGGDQNBQUOT3GN4SDAVFIPXGJF7NYKVYENKG6MGOHIMSOV', 'dark_url': 'https://d3o5xota0a1fcr.cloudfront.net/v6/charts/55PDYNOMGLXTF7MYHGFINSRRYBU5KSVE7CS7IFSKPHZFE7VF3ILSG6EIUSZQJOF6BXLGZXRUOZQUMNGMVLZCEXMB'}",0,Ciudad de México,Ciudad de México,Mexico,False,False,False,2021-11-15T02:45:27Z,2021-11-15T02:54:47Z,0.0,"{'id': 's30399928', 'polyline': 'sx|uBxmy{QqA]y@WO?GF?L@LFJFDtBh@rC|@L@HGFUCMIIk@Ss@Om@S', 'resource_state': 3}",17386,226,2,"{'pr_elapsed_time': None, 'pr_date': None, 'pr_visibility': None, 'pr_activity_id': None, 'pr_activity_visibility': None, 'effort_count': 0}","{'kom': '36s', 'qom': '51s', 'overall': '36s', 'destination': {'href': 'strava://segments/30399928/leaderboard', 'type': 'overall', 'name': 'All-Time'}}","{'athlete_id': 16522660, 'title': 'Alfredo Sánchez 🇲🇽', 'profile': 'https://dgalywyr863hv.cloudfront.net/pictures/athletes/16522660/8985613/8/large.jpg', 'effort_description': '200 efforts in the last 90 days', 'effort_count': '200', 'effort_counts': {'overall': '200 efforts', 'female': '47 efforts'}, 'destination': 'strava://segments/30399928/local_legend?categories%5B%5D=overall'}"
35817261,3,Deportivo Leona Vicario,Run,3287.7,-0.1,39.5,2245.6,2226.2,"[19.487205, -99.083969]","[19.487198, -99.083775]",https://d3o5xota0a1fcr.cloudfront.net/v6/charts/HY5BND4SPOOGNTYZYRGYY2G4KHDW4GUESWRKIGOY7EPDIYYV5FRNTL7PQWWO4WZC3RXEMOVSNHSOD3WGJLV64YQ=,"{'light_url': 'https://d3o5xota0a1fcr.cloudfront.net/v6/charts/HY5BND4SPOOGNTYZYRGYY2G4KHDW4GUESWRKIGOY7EPDIYYV5FRNTL7PQWWO4WZC3RXEMOVSNHSOD3WGJLV64YQ=', 'dark_url': 'https://d3o5xota0a1fcr.cloudfront.net/v6/charts/5QFFOMAQIW7DX4CH27DZSHJIZXTQV4LDAUVCMCTXLEHHATAQSGFYOLR5GUYDQMVYPDK75NOXANL6NHJMSSCVYHI='}",0,,Mexico City,Mexico,False,False,False,2023-11-09T05:22:16Z,2023-11-09T05:24:57Z,86.6,"{'id': 's35817261', 'polyline': '_b}uBxiw{Qt@RvAf@NGPc@ToAJMHQTsAOMSEc@Sy@WQGQB[\\GRs@~BARIPARd@J|Bt@P@Li@HOToAVw@N{@S?QCQGa@Sy@WSDMLSd@g@xAKd@GPER@ThAXdA\\PBPAHQd@uB`@oABSOKSCa@SgA_@QB[^IRKd@INMd@ARQf@ARFP|Bt@RDPERa@BUv@yCDSQKSCs@_@u@UQDY^GNERIPARSx@GNKNATJL\\VjBn@PIRa@|@oDDUOIQE_@SgA_@U?e@jAs@bCCRHPbAd@hAZPK\\kAR{@Xw@Di@OKe@MMKa@Qg@MOJSb@Yt@Sz@Ef@IP?TLLNLb@NhAZNIHO^iARy@PmAGQaCy@OJKP[r@YlAGd@GR', 'resource_state': 3}",227,20,1,"{'pr_elapsed_time': None, 'pr_date': None, 'pr_visibility': None, 'pr_activity_id': None, 'pr_activity_visibility': None, 'effort_count': 0}","{'kom': '14:28', 'qom': '21:40', 'overall': '14:28', 'destination': {'href': 'strava://segments/35817261/leaderboard', 'type': 'overall', 'name': 'All-Time'}}","{'athlete_id': 164106418, 'title': 'melissa moctezuma', 'profile': 'avatar/athlete/large.png', 'effort_description': '3 efforts in the last 90 days', 'effort_count': '3', 'effort_counts': {'overall': '3 efforts', 'female': '3 efforts'}, 'destination': 'strava://segments/35817261/local_legend?categories%5B%5D=overall'}"
39406082,3,1k LPD JS,Run,1026.0,0.0,0.8,2237.4,2236.0,"[19.478616, -99.090179]","[19.47863, -99.090178]",https://d3o5xota0a1fcr.cloudfront.net/v6/charts/EHGZ63ZFLAUUO255P5UZWMGISI47YSQYWP3HY64JUPHYIAH35L2M64DWSPCZ56FCCBI3EFJ3TH5ZDFHU2XSL55AX,"{'light_url': 'https://d3o5xota0a1fcr.cloudfront.net/v6/charts/EHGZ63ZFLAUUO255P5UZWMGISI47YSQYWP3HY64JUPHYIAH35L2M64DWSPCZ56FCCBI3EFJ3TH5ZDFHU2XSL55AX', 'dark_url': 'https://d3o5xota0a1fcr.cloudfront.net/v6/charts/YL73JWOTAN6I4ZBSEHXETYAK7H6FHALXM7NF742AFAA2VHE5QBOEUATZWS4S453NTTH6TH4BLDXDLNHX6LOMN6OD'}",0,,Mexico City,Mexico,False,False,False,2025-06-15T16:18:11Z,2025-06-15T16:18:11Z,0.0,"{'id': 's39406082', 'polyline': 'il{uBrpx{QOMQEaBEoASyAa@m@OWAEDK\\?FHF~Af@NFRRl@R~GjBbBb@j@RdBf@ZFBEFK`@mBB]MO_AUo@UiBc@o@WSDSNQPSHYE]S', 'resource_state': 3}",11531,148,0,"{'pr_elapsed_time': None, 'pr_date': None, 'pr_visibility': None, 'pr_activity_id': None, 'pr_activity_visibility': None, 'effort_count': 0}","{'kom': '2:20', 'qom': '3:16', 'overall': '2:20', 'destination': {'href': 'strava://segments/39406082/leaderboard', 'type': 'overall', 'name': 'All-Time'}}","{'athlete_id': 159745450, 'title': 'Fernando Meza', 'profile': 'https://dgalywyr863hv.cloudfront.net/pictures/athletes/159745450/38089817/1/large.jpg', 'effort_description': '34 efforts in the last 90 days', 'effort_count': '34', 'effort_counts': {'overall': '34 efforts', 'female': '12 efforts'}, 'destination': 'strava://segments/39406082/local_legend?categories%5B%5D=overall'}"
38586328,3,6 KM DHG,Run,6001.7,-0.0,2.4,2237.8,2236.2,"[19.477475, -99.078103]","[19.476993, -99.07834]",https://d3o5xota0a1fcr.cloudfront.net/v6/charts/QYUMES5N4UEHYAKKUVSP64RM47FKDMD7GVOJ5H4LK4PJM4NQRYSPKE4ZFXLK4F64BGBSH2NYEXPDVEXGCDUS4MI=,"{'light_url': 'https://d3o5xota0a1fcr.cloudfront.net/v6/charts/QYUMES5N4UEHYAKKUVSP64RM47FKDMD7GVOJ5H4LK4PJM4NQRYSPKE4ZFXLK4F64BGBSH2NYEXPDVEXGCDUS4MI=', 'dark_url': 'https://d3o5xota0a1fcr.cloudfront.net/v6/charts/MHXVY26F5SEZKD6BCWSOFP73O4KJNHTGAX6XTNE32ERWC5J7QOBOIKUFHJAREPO7OVLSMYT2H6YOLWC25NKAJGQ='}",0,,Mexico City,Mexico,False,False,False,2025-02-12T04:24:12Z,2025-02-13T00:24:13Z,0.0,"{'id': 's38586328', 'polyline': 'ee{uBdev{Qr@H^LXTt@ZxA`@XJbAL`AGd@Bh@Fx@ANBh@BZG`ABp@DLCDCFW@a@P]H]?SN}ANg@D[HURiABu@Eg@?MZ}@FaANaAJcAC_@L_AB{@PaADy@H]BaAAQRqAD}@ReBBk@ReBAMCCKCY?i@Io@Qo@K[IsBWq@OK?[D_@O]EQ@SFc@Zi@n@_@ZUHQTSh@[RQHCPEJi@`@_@f@ELOJUTWb@uAx@O@MF}@v@MTKTOPiAt@_At@g@h@e@p@[Za@l@oAdAKTYXS\\e@X_@d@i@`@YVKNUNUXELD`AHNj@`@LFXBHHZHLHhALr@Vb@Zd@RhARn@Vz@LhA?b@Hj@Pj@VZF\\Xh@FNLd@Nh@Fp@Nl@F|@RVBVCT@\\FJ?JCPKPARHZ?NBlAAv@DJCFK?e@Do@DO@gA^yBCWFe@@s@JqAf@gCFc@Bi@JSLw@@q@Ag@DQVeBDcAN{@?QJu@F}@Pw@HuAF[E_@@[Lg@@Q?MIGO?q@Ko@Ee@GG@_@Cc@Kk@Sa@@OAYKi@A_AM[@g@L]VINWT_@n@o@h@WPMD]VWZ_@PYVWLSNYn@WX_@TSXOLk@T[l@k@ZSP_@f@c@\\EFAHU\\SNg@VS\\k@h@g@^_@j@s@f@g@p@k@\\ORe@ZILUN]\\EPq@n@GJCL?LD`@FNRHNNRFTCJ@ZNNJv@ZRDd@T^Hp@VR@b@LTNf@Fx@ZVFdANV@|@`@`AX', 'resource_state': 3}",211,38,0,"{'pr_elapsed_time': None, 'pr_date': None, 'pr_visibility': None, 'pr_activity_id': None, 'pr_activity_visibility': None, 'effort_count': 0}","{'kom': '26:32', 'qom': '29:36', 'overall': '25:49', 'destination': {'href': 'strava://segments/38586328/leaderboard', 'type': 'overall', 'name': 'All-Time'}}","{'athlete_id': 112780174, 'title': 'Angel Gonzalez Castillo', 'profile': 'https://dgalywyr863hv.cloudfront.net/pictures/athletes/112780174/29766893/2/large.jpg', 'effort_description': '24 efforts in the last 90 days', 'effort_count': '24', 'effort_counts': {'overall': '24 efforts', 'female': None}, 'destination': 'strava://segments/38586328/local_legend?categories%5B%5D=overall'}"
38590686,3,3 KM DHG,Run,3073.8,0.0,2.3,2238.1,2236.2,"[19.477549, -99.078118]","[19.477515, -99.078088]",https://d3o5xota0a1fcr.cloudfront.net/v6/charts/GQ7KYR2IXFTXVKAANONCADC7FJFLPDQHGB2CNQVMV2UTWPXJ46BZJWD6FJ7247S3Z5AL6LTFD34RBYA2OXL7SCFB,"{'light_url': 'https://d3o5xota0a1fcr.cloudfront.net/v6/charts/GQ7KYR2IXFTXVKAANONCADC7FJFLPDQHGB2CNQVMV2UTWPXJ46BZJWD6FJ7247S3Z5AL6LTFD34RBYA2OXL7SCFB', 'dark_url': 'https://d3o5xota0a1fcr.cloudfront.net/v6/charts/MR52I56UGSGJCHUW5RHHVA3UNJACWPWLWXTFO6L3R4EX7JYSWSN6SGBKYOAD3NXC77DWMVWN6AIGQCV5MK63QP42'}",0,,Mexico City,Mexico,False,False,False,2025-02-13T00:16:29Z,2025-02-13T00:23:50Z,0.0,"{'id': 's38590686', 'polyline': 'se{uBfev{QTBr@R`@Dj@XFDV@RHz@LVNNBNFNANJBFHDf@BRDx@EL@THRN\\HNATOPER?\\DVFL?x@IBDPFF?FABKAq@Dc@Pw@D{ADO\\q@La@Ao@FcA@k@BUHUCi@JYJc@Bm@C[^oBB{@DOD_ADU?g@DOFm@F]AS@SHg@?MPy@DcAD_@Ha@Ng@?]Hc@Fq@AMKOSGi@Gk@WYC[IK?i@Yq@KU@O@e@NQCo@YQEa@AWEK?_@J{@t@i@\\KNe@`@GNQHc@^W`@k@`@yAvAS^YTGRU`@]HEBORSLg@n@}AhASRW`@OJsArAe@\\a@l@]^s@d@GNEBKVYXELML]TYXYLKPOJYVw@^GNUjABJDBb@HX@TJdARd@ANHL@N?JCJ?RJZFBFTJb@HLJ\\HRHZDVL`@\\d@Vd@NLANDNHj@P', 'resource_state': 3}",864,85,0,"{'pr_elapsed_time': None, 'pr_date': None, 'pr_visibility': None, 'pr_activity_id': None, 'pr_activity_visibility': None, 'effort_count': 0}","{'kom': '12:26', 'qom': '14:34', 'overall': '12:26', 'destination': {'href': 'strava://segments/38590686/leaderboard', 'type': 'overall', 'name': 'All-Time'}}","{'athlete_id': 112780174, 'title': 'Angel Gonzalez Castillo', 'profile': 'https://dgalywyr863hv.cloudfront.net/pictures/athletes/112780174/29766893/2/large.jpg', 'effort_description': '79 efforts in the last 90 days', 'effort_count': '79', 'effort_counts': {'overall': '79 efforts', 'female': '1 effort'}, 'destination': 'strava://segments/38590686/local_legend?categories%5B%5D=overall'}"
39373441,3,9 Km DHG,Run,9083.9,0.0,7.9,2244.4,2236.8,"[19.477472, -99.078079]","[19.47681, -99.078369]",https://d3o5xota0a1fcr.cloudfront.net/v6/charts/HKIUDICT3NRNXTISVRVPKUO3H7UPYSC77ZIGMKIGPXROUOG7CPWWQFDZZWDWNSFWICXTQ23LGZMRAWXFDOTB4TY=,"{'light_url': 'https://d3o5xota0a1fcr.cloudfront.net/v6/charts/HKIUDICT3NRNXTISVRVPKUO3H7UPYSC77ZIGMKIGPXROUOG7CPWWQFDZZWDWNSFWICXTQ23LGZMRAWXFDOTB4TY=', 'dark_url': 'https://d3o5xota0a1fcr.cloudfront.net/v6/charts/QCTMO6RHXCX5ZHZG5YILBKZ4VQWJVSI7ZK5ZT2Z2LCXWQFB72XXNWW7AS6W3HQ64HSFLOBZSXNEWS4XBHOSTQ3Q='}",0,,Mexico City,Mexico,False,False,False,2025-06-10T21:18:02Z,2025-06-10T21:18:02Z,12.0,"{'id': 's39373441', 'polyline': 'ee{uB~dv{Qb@TnD~@r@VdB`@`BDz@DvD@~@DJAFEL_@B_ALa@FiANqADi@Le@Pw@L{AJa@Be@ZeCKq@@KV_AJm@Do@VoB?UDm@Jg@Ds@FY?UDe@Nw@Di@DO?e@Fg@@YFWA[MK[Iq@Mk@OcAKaC]}@I{A][BQFa@Xw@x@_@X{AxAkB`Ba@`@q@~@_@Tm@l@SJq@l@}A~Ai@b@GLy@v@i@b@{B|Bw@n@MTkAnA]RgAbAu@x@MTET@TFRNPJFl@NpAf@bCb@f@TPDd@Pt@R|@Z|@T\\Dj@Pz@L^P`AVZPxBh@f@P`BTdAHlD@nAAb@BLBJ?FGJ]Bu@DUHO\\qEJ[VcB?OViC?c@TeAAcAPi@?YLy@Bg@Je@Ju@BiA^yBH_BD_@Je@@q@TcB?EGKQGeAQaAS_@CeCe@oBWk@MI?]BYLOLmApAc@^oAtA]V}@|@m@f@q@x@gA~@QJ_A~@e@^q@v@e@^wAtASL}@~@ORKDg@`@{BdCs@h@q@p@Y\\YT[h@AXF^HLVLxA\\VJj@Jh@Rh@FXHbAb@`AZRB`@N`@J\\Dt@Tf@JtAd@TBPHpBf@J@dA^z@P~@H\\AvBDdBAv@@t@HFAFGP_@Dk@NkAVaDJu@Ne@FmAPoA?UFYNiAHYCg@?]d@kCRaB@_@Da@A[Do@H]Hw@Lm@Fw@Lm@BaARuAGMWMaFs@m@OsAS{@Oa@Ma@@WHQJe@`@u@|@_@\\U\\qAdAu@z@{@r@uBvBCDGCCB{@n@QXgBjBa@\\m@n@_BlA]`@i@d@}@dA_@Z]^a@`@c@ZeAfA[VQXGXD`@LRRLhBd@v@VjAV|Br@f@HbA^bCf@n@RTJZDvAf@', 'resource_state': 3}",51,18,0,"{'pr_elapsed_time': None, 'pr_date': None, 'pr_visibility': None, 'pr_activity_id': None, 'pr_activity_visibility': None, 'effort_count': 0}","{'kom': '39:55', 'qom': '46:24', 'overall': '39:55', 'destination': {'href': 'strava://segments/39373441/leaderboard', 'type': 'overall', 'name': 'All-Time'}}","{'athlete_id': 112780174, 'title': 'Angel Gonzalez Castillo', 'profile': 'https://dgalywyr863hv.cloudfront.net/pictures/athletes/112780174/29766893/2/large.jpg', 'effort_description': '3 efforts in the last 90 days', 'effort_count': '3', 'effort_counts': {'overall': '3 efforts', 'female': None}, 'destination': 'strava://segments/39373441/local_legend?categories%5B%5D=overall'}"
39373557,3,1 KM DHG,Run,997.1,0.0,0.9,2237.8,2236.7,"[19.477442, -99.078115]","[19.472539, -99.073894]",https://d3o5xota0a1fcr.cloudfront.net/v6/charts/2VNP5OK6BBJPTW3VJ5JBZV7JANS2Z63A7K5WZLVXYXALRLO6AVDPOPC7RIJZ2BVZWLZ3ZPN7WWSYWBHQ3J3BPBGV,"{'light_url': 'https://d3o5xota0a1fcr.cloudfront.net/v6/charts/2VNP5OK6BBJPTW3VJ5JBZV7JANS2Z63A7K5WZLVXYXALRLO6AVDPOPC7RIJZ2BVZWLZ3ZPN7WWSYWBHQ3J3BPBGV', 'dark_url': 'https://d3o5xota0a1fcr.cloudfront.net/v6/charts/MBW2BSYJPGOSYAJ4QBZXUBTJAJO4GMCNICMVWNIZOUGUXOFGNWYUXHI7MCPMNGFLI7JMGIRGU7FTHB7EZFUEEAFM'}",0,,Mexico City,Mexico,False,False,False,2025-06-10T21:36:53Z,2025-06-10T21:36:53Z,0.0,"{'id': 's39373557', 'polyline': '_e{uBfev{Q~@VTBf@L|Br@`@FTJvAXTBtCDf@BdA@`ACh@FHCDGBYFoADWRsCNaAR_AXwDDe@H[HcCZwA@_@F]HWD[', 'resource_state': 3}",2128,135,0,"{'pr_elapsed_time': None, 'pr_date': None, 'pr_visibility': None, 'pr_activity_id': None, 'pr_activity_visibility': None, 'effort_count': 0}","{'kom': '4:02', 'qom': '4:29', 'overall': '4:02', 'destination': {'href': 'strava://segments/39373557/leaderboard', 'type': 'overall', 'name': 'All-Time'}}","{'athlete_id': 112780174, 'title': 'Angel Gonzalez Castillo', 'profile': 'https://dgalywyr863hv.cloudfront.net/pictures/athletes/112780174/29766893/2/large.jpg', 'effort_description': '22 efforts in the last 90 days', 'effort_count': '22', 'effort_counts': {'overall': '22 efforts', 'female': '2 efforts'}, 'destination': 'strava://segments/39373557/local_legend?categories%5B%5D=overall'}"
38864138,3,5 Km DHG,Run,4999.6,0.0,1.6,2238.1,2236.2,"[19.477418, -99.0781]","[19.477567, -99.073138]",https://d3o5xota0a1fcr.cloudfront.net/v6/charts/575DH3GYO4EKJUBRG5I45AF3V77IWADDNRBGGPRXD6IK3RRABSJQJ4UUVSEW3BSRUHQPSPBFPDQ2ZTCXXLZZHSA=,"{'light_url': 'https://d3o5xota0a1fcr.cloudfront.net/v6/charts/575DH3GYO4EKJUBRG5I45AF3V77IWADDNRBGGPRXD6IK3RRABSJQJ4UUVSEW3BSRUHQPSPBFPDQ2ZTCXXLZZHSA=', 'dark_url': 'https://d3o5xota0a1fcr.cloudfront.net/v6/charts/UYPQQEBUY66PVVDMZD5QP6Y4F7OOKWHKEUGL2RGOHU3P2IXKJDPY6GVA4GZTHBFC33FRX4JIIWON2B53QFYXIVQ='}",0,,Mexico City,Mexico,False,False,False,2025-04-01T19:34:30Z,2025-04-01T19:34:30Z,0.0,"{'id': 's38864138', 'polyline': 'yd{uBbev{Q~Bt@rAZj@RR@zAd@l@BvCEhDHb@DNEFMJmBJ{@Fq@TuBHqAr@uGHeBRmAFyAVgBNcCD]TeANiAHuANoAGK]OUCSI_ASk@G_AUaBUi@EmASQ@]Hw@j@}@`AmDbDg@j@o@h@cBdBq@d@i@l@UP_A`As@l@uAxAgD|C_@f@i@`@g@h@QH}A~Aa@XKPCLATBLL^PPb@NzDdAjA^\\HvAb@d@HL@`@PtD|@jA`@~@RjA^^Fp@RTFn@DbE@p@Ft@?vADLIDUJmBVoCTiBNu@DcATgAJgDH_@H}@RoADk@F[PgCF_@JeA@[^qCHgBFc@EUQKg@IiA]mAQYIo@K_BOiASm@HOHeBtAMPuArA}BtBiBlBm@h@KBKHGLa@\\QR', 'resource_state': 3}",407,54,0,"{'pr_elapsed_time': None, 'pr_date': None, 'pr_visibility': None, 'pr_activity_id': None, 'pr_activity_visibility': None, 'effort_count': 0}","{'kom': '21:30', 'qom': '24:43', 'overall': '21:30', 'destination': {'href': 'strava://segments/38864138/leaderboard', 'type': 'overall', 'name': 'All-Time'}}","{'athlete_id': 112780174, 'title': 'Angel Gonzalez Castillo', 'profile': 'https://dgalywyr863hv.cloudfront.net/pictures/athletes/112780174/29766893/2/large.jpg', 'effort_description': '24 efforts in the last 90 days', 'effort_count': '24', 'effort_counts': {'overall': '24 efforts', 'female': None}, 'destination': 'strava://segments/38864138/local_legend?categories%5B%5D=overall'}"
38864365,3,10 Km DHG,Run,10015.0,0.0,2.3,2238.1,2236.2,"[19.477418, -99.0781]","[19.472438, -99.073178]",https://d3o5xota0a1fcr.cloudfront.net/v6/charts/FFEI52WXMELYJIWDPSSJD64DEWUAY7AHPUMM5RFRZZKTQF46SJPMMV3SHQXXP5KP4XWKYOJJIYGXAOVOINEFS4HR,"{'light_url': 'https://d3o5xota0a1fcr.cloudfront.net/v6/charts/FFEI52WXMELYJIWDPSSJD64DEWUAY7AHPUMM5RFRZZKTQF46SJPMMV3SHQXXP5KP4XWKYOJJIYGXAOVOINEFS4HR', 'dark_url': 'https://d3o5xota0a1fcr.cloudfront.net/v6/charts/NDP4YCL4NZBO5ANLRG2AO3GGBOARZI6VHJ4K3E3TYZNGDR6UGQTJMHCFAGHP4MXTPHTO2C2XUILJ46BOLLJ2QWAD'}",0,,Mexico City,Mexico,False,False,False,2025-04-01T20:08:31Z,2025-04-01T20:08:31Z,0.0,"{'id': 's38864365', 'polyline': 'yd{uBbev{Q~Bt@rAZj@RR@zAd@l@BvCEhDHb@DNEFMJmBJ{@Fq@TuBHqAr@uGHeBRmAFyAVgBNcCD]TeANiAHuANiA?EGK]OUCSI_ASk@G_AUaBUi@Eo@M]EQ@c@Lq@f@}@`AmDbDg@j@o@h@cBdBq@d@i@l@UP_A`As@l@uAxAgD|C_@f@i@`@g@h@QH}A~Aa@XKPCLATBLL^PPb@NzDdAjA^\\HvAb@d@HL@`@PtD|@pAd@XDnEjAr@FbE@p@Ft@?pAFHCHGF]HeBVoCTiBNu@DcATgAJgDH_@H}@RoADk@F[PgCF_@JeA@[^qCHgBFc@AOKK[KUCiA]mAQYIo@K_BOiAS_@DWFkBzAMPuArA}BtBiBlBm@h@KBKHGLa@\\[\\aAz@g@l@iF|E[\\WVW\\[T]`@aAt@iAfAa@VGLGVFh@P\\PL~Cv@VD~@\\p@NTBrAd@j@Jd@RjDz@p@T`ATx@Z`B`@`AXjANt@Cv@@jACtBB`@B^DHCBK@e@j@cG@a@XeBH}@Ns@?g@NoAP}CLc@LqAF]Dk@PgAD}@Lq@F}@Lq@HwAT_CCQOOKGqAa@QCkBa@wBYW?eBQSBUJqBfBoArAa@XqAhAc@f@WRe@h@kA~@e@h@e@j@_@Z_@d@g@\\a@b@_A~@OJoAjAg@^y@|@QTk@j@gAz@yAvAg@^KXEP?RHZPVNHl@N\\D|Bn@RBv@R^F^N^J`@PzA^RPd@HNFdAPb@Nb@FRLrCz@t@Pz@Tl@HxAHR?b@CnABrACn@BZFJAFIDMBcAN}@VcDViAH{ARiATcC@sADSJ]Bg@Hm@D_@HYD{@TqB', 'resource_state': 3}",28,11,0,"{'pr_elapsed_time': None, 'pr_date': None, 'pr_visibility': None, 'pr_activity_id': None, 'pr_activity_visibility': None, 'effort_count': 0}","{'kom': '44:40', 'qom': '52:59', 'overall': '44:40', 'destination': {'href': 'strava://segments/38864365/leaderboard', 'type': 'overall', 'name': 'All-Time'}}",
25518329,3,De los remedios lap//Cerveros Ecatepec Speedteam ,Run,1954.6,0.0,47.1,2243.6,2226.2,"[19.493851, -99.052012]","[19.493712, -99.051615]",https://d3o5xota0a1fcr.cloudfront.net/v6/charts/XGEV7JVTJ6ZTFKKSG6VXBO7XE6EWYZW7T3GBX2SIJKV4GNW5555DYKBWOKLLC3J6ANK4THIX4F5NYXZX3N6BSQQ=,"{'light_url': 'https://d3o5xota0a1fcr.cloudfront.net/v6/charts/XGEV7JVTJ6ZTFKKSG6VXBO7XE6EWYZW7T3GBX2SIJKV4GNW5555DYKBWOKLLC3J6ANK4THIX4F5NYXZX3N6BSQQ=', 'dark_url': 'https://d3o5xota0a1fcr.cloudfront.net/v6/charts/6WTXWNKJTX7ZWK5OOCFOFO6GFB3Y6JK5RRZHEPOY35A34E7MS36ITEYM6CIZMGZQEFGSH4RY24EU2XLBNUXPHGI='}",0,Ecatepec de Morelos,Estado de México,Mexico,False,False,False,2020-08-30T06:21:17Z,2021-05-18T08:06:09Z,49.9,"{'id': 's25518329', 'polyline': 'qk~uBbbq{QKFEPMPiAtDEV@JDJLFN@FKJa@`@}@l@gBd@qBp@qB^uAN]R{@Nc@T{@Pg@Nq@Ri@Nw@Pe@x@uC^kAkB`GlA{DHa@@_@CMEACI@DOXI^GLYTc@lAiAtESd@}@rCgAzDO^B??@GCBX', 'resource_state': 3}",994,14,1,"{'pr_elapsed_time': None, 'pr_date': None, 'pr_visibility': None, 'pr_activity_id': None, 'pr_activity_visibility': None, 'effort_count': 0}","{'kom': '5:48', 'qom': '6:26', 'overall': '5:48', 'destination': {'href': 'strava://segments/25518329/leaderboard', 'type': 'overall', 'name': 'All-Time'}}",
20279985,3,Gamberros 5k Cerveros running lap,Run,5009.3,-0.2,19.6,2244.2,2228.0,"[19.49798, -99.043775]","[19.493215, -99.04575]",https://d3o5xota0a1fcr.cloudfront.net/v6/charts/PGXDXCDEZUB6DQ52WE7EPRRNRXGCGYJU75LK2KFTDNPKQSFBQGTPXZ4ZMG3FVUPRANTZZDORFZ5D35RJEPCV6OI=,"{'light_url': 'https://d3o5xota0a1fcr.cloudfront.net/v6/charts/PGXDXCDEZUB6DQ52WE7EPRRNRXGCGYJU75LK2KFTDNPKQSFBQGTPXZ4ZMG3FVUPRANTZZDORFZ5D35RJEPCV6OI=', 'dark_url': 'https://d3o5xota0a1fcr.cloudfront.net/v6/charts/D7ALLXSVEU5MSSKTDFF4WS3C7MV3NLCWZXCMV7QLXNN3U4GUQZVS2VCZ5JE3PJDPBTN42IS73TEB3PBGTGHPJFQ='}",0,Ecatepec de Morelos,Estado de México,Mexico,False,False,False,2019-04-10T17:43:57Z,2021-05-18T08:05:34Z,69.5,"{'id': 's20279985', 'polyline': 'ie_vBrno{Qv@NhAZjAf@h@Rb@Vj@Hx@TxAh@v@NzAh@dAXdBr@rA\\z@X`@JnCdAx@d@jA\\fAf@lBb@dA`@~@l@vJnCjATp@Rp@X`@LnB|@jAX^Rr@LP@VHnAz@l@XnEpAhATv@TtAl@jA\\FA^J~@X|An@nBh@jAf@|A`@xAf@zBz@vC|@rBv@dBd@r@Zn@Rh@R`Bf@b@V|@b@`ATXJLHD?CEuAo@s@Qk@W_AQu@UwAg@QUi@Mm@Wy@c@k@Kq@[m@I[KEGg@OyA[sBk@u@[kBm@_Cc@_@OKKy@WSOcBi@]Y]O[GKIqAc@qBk@mAc@{@SeA[{Bw@MI_@GEEy@KGGq@W{Ai@iB{@cBi@s@Qy@[kBm@gAc@sC}@UQm@Wq@Kq@]{@IgAU_@Qk@OcD_B_Bk@', 'resource_state': 3}",1873,222,0,"{'pr_elapsed_time': None, 'pr_date': None, 'pr_visibility': None, 'pr_activity_id': None, 'pr_activity_visibility': None, 'effort_count': 0}","{'kom': '19:43', 'qom': '21:50', 'overall': '19:43', 'destination': {'href': 'strava://segments/20279985/leaderboard', 'type': 'overall', 'name': 'All-Time'}}","{'athlete_id': 158130802, 'title': 'Juan Leyva', 'profile': 'https://dgalywyr863hv.cloudfront.net/pictures/athletes/158130802/35602399/1/large.jpg', 'effort_description': '23 efforts in the last 90 days', 'effort_count': '23', 'effort_counts': {'overall': '23 efforts', 'female': '11 efforts'}, 'destination': 'strava://segments/20279985/local_legend?categories%5B%5D=overall'}"
22180320,3,pista del Don /Cerveros running lap,Run,4981.0,0.0,7.1,2238.1,2230.9,"[19.496765, -99.043133]","[19.496725, -99.043135]",https://d3o5xota0a1fcr.cloudfront.net/v6/charts/UUK2XXF4EPHEUWZB6JQCPQZDGVVF5JCMJT22A6BDWHGUTDUH4F727BW2SJURNJNA7FD553LWTGWNL36ACTI62SA=,"{'light_url': 'https://d3o5xota0a1fcr.cloudfront.net/v6/charts/UUK2XXF4EPHEUWZB6JQCPQZDGVVF5JCMJT22A6BDWHGUTDUH4F727BW2SJURNJNA7FD553LWTGWNL36ACTI62SA=', 'dark_url': 'https://d3o5xota0a1fcr.cloudfront.net/v6/charts/E72D5Z6OYMH3RBFMOGOG2RC6PTLUUJ5EVMMP4J4NFORE5GDJG5EKOR55AA3CB7A3NL7PXC6TN3NTHQNRS4AK6NQ='}",0,Ecatepec de Morelos,Estado de México,Mexico,False,False,False,2019-10-30T17:08:49Z,2021-05-15T02:24:02Z,32.4,"{'id': 's22180320', 'polyline': 'w}~uBrjo{Qb@s@DMFw@j@eANkALm@j@w@J[AqADUJ]Xm@H]L[BUN]RuARe@R}@z@iCZuAHs@FUz@qBFQHi@NWFc@R]fAqDBSLWTmAN_@V_AVa@XsAVk@f@yAXsAPkAl@aB\\yAz@qCLmADETi@Ha@LWDCJk@Pa@Ha@\\eARe@b@}AH_@?Or@_Cn@kCVw@`@w@Ng@N_@N}@d@oAJe@Xw@d@{ALi@JYRw@d@oAZiANs@LWBONc@N[Wd@@RWr@_@dBs@hBUdAY~@I`@u@~Bm@vBKP[hAG^]`A]~Ak@`BCPc@tA[jASf@I`@OXm@~BQ|@U\\Q`@UxAUl@G`@Yp@GZQTMb@O~@Md@CVO\\Qt@KTQz@Yl@e@|AGZq@dBAVe@hBc@dAo@jBSz@Qb@Kf@U^GZk@vBUf@Qf@]lAKd@@F]bAGZQ`@Kh@Q`@Kn@]z@Md@OdA[n@K\\ETAn@Mf@QZIRId@MZM|@m@rA?f@K`@KZQT', 'resource_state': 3}",62,16,0,"{'pr_elapsed_time': None, 'pr_date': None, 'pr_visibility': None, 'pr_activity_id': None, 'pr_activity_visibility': None, 'effort_count': 0}","{'kom': '22:06', 'qom': '28:21', 'overall': '22:06', 'destination': {'href': 'strava://segments/22180320/leaderboard', 'type': 'overall', 'name': 'All-Time'}}","{'athlete_id': 128123964, 'title': 'Luis Pablo', 'profile': 'https://graph.facebook.com/3900483096904886/picture?height=256&width=256', 'effort_description': '1 effort in the last 90 days', 'effort_count': '1', 'effort_counts': {'overall': '1 effort', 'female': None}, 'destination': 'strava://segments/22180320/local_legend?categories%5B%5D=overall'}"
22075546,3,rampota del mal (río)- Cerveros running climb,Run,198.0,0.3,14.7,2244.2,2240.4,"[19.489882, -99.047295]","[19.489983, -99.047252]",https://d3o5xota0a1fcr.cloudfront.net/v6/charts/XOJJJXPBJ4HFSFTXTYPSXN6YJXBRGEV5R3WLFMHL2K3S52MP5ZUJ7O5ZDS7TWJICQEKLL23KYPUPZBQ4TDKQUBFI,"{'light_url': 'https://d3o5xota0a1fcr.cloudfront.net/v6/charts/XOJJJXPBJ4HFSFTXTYPSXN6YJXBRGEV5R3WLFMHL2K3S52MP5ZUJ7O5ZDS7TWJICQEKLL23KYPUPZBQ4TDKQUBFI', 'dark_url': 'https://d3o5xota0a1fcr.cloudfront.net/v6/charts/C3BTEYH5VGMGO6TEBARK73GZKIC4P2LSVWXNN6IP67IVRMMWRZATMIBDUE6CTBZFEMMJAEIUBOBB7G3AQTBH5OTP'}",0,Nezahualcóyotl,Estado de México,Mexico,False,False,False,2019-10-16T23:13:30Z,2021-05-15T02:24:00Z,6.9,"{'id': 's22075546', 'polyline': 'wr}uBrdp{Qi@SsB_AGIb@PlBbA', 'resource_state': 3}",1130,84,0,"{'pr_elapsed_time': None, 'pr_date': None, 'pr_visibility': None, 'pr_activity_id': None, 'pr_activity_visibility': None, 'effort_count': 0}","{'kom': '27s', 'qom': '45s', 'overall': '27s', 'destination': {'href': 'strava://segments/22075546/leaderboard', 'type': 'overall', 'name': 'All-Time'}}","{'athlete_id': 149573091, 'title': 'Raquel Rodriguez', 'profile': 'https://lh3.googleusercontent.com/a/ACg8ocJofkI6Qw7p4Rnr7hZPSXWp27CFQN8QbJ7EO0FtvnO6hAqi1cUy=s96-c', 'effort_description': '29 efforts in the last 90 days', 'effort_count': '29', 'effort_counts': {'overall': '29 efforts', 'female': '29 efforts'}, 'destination': 'strava://segments/22075546/local_legend?categories%5B%5D=overall'}"
19912227,3,Malandros 5k /Cerveros lap,Run,4912.2,0.0,12.2,2243.2,2231.0,"[19.493575, -99.045632]","[19.4949, -99.045047]",https://d3o5xota0a1fcr.cloudfront.net/v6/charts/PDPIDFRQV5RRICJ7JDLIQ7DBKGZMSFUHQHVKD2FXSGTMNFIPYIVAFBHWKVEAN47XPSWKDNSJVSHB2MTPXGDJO7A=,"{'light_url': 'https://d3o5xota0a1fcr.cloudfront.net/v6/charts/PDPIDFRQV5RRICJ7JDLIQ7DBKGZMSFUHQHVKD2FXSGTMNFIPYIVAFBHWKVEAN47XPSWKDNSJVSHB2MTPXGDJO7A=', 'dark_url': 'https://d3o5xota0a1fcr.cloudfront.net/v6/charts/V3R7AJTFZLPXLDMLODZPMI2Q4EWXZ7RGZUL53C4RWJUBA3QQMCEI5GVV4TR7EXRCBM7ATSOIDYZCISDDRFZZN2Q='}",0,Ecatepec de Morelos,Estado de México,Mexico,False,False,False,2019-02-20T17:49:28Z,2021-05-15T02:22:39Z,79.3,"{'id': 's19912227', 'polyline': 'yi~uBfzo{QIGMQUKi@KoA]_AQc@Sm@a@m@MkA_@_Aa@o@Sa@Uw@YqA]m@Gk@U_B_@cAe@m@MwCgAUEw@WIIWI]GUKyAc@o@G]Q_@a@]KGIMGu@UKGeAYYE{CcAiBs@o@Q[M{@Ss@Ye@KuBq@{@WOGCEYIo@W{@U]QgAc@iA[WC[Ic@Os@_@w@S_@SuAc@e@MiBs@[Ig@Ss@OyAi@YGaBo@c@UuC{@y@]YGm@Wo@Ou@Y_@Go@SiA[k@S|Bf@~@ZdAd@x@RNHb@Jr@ZjA^TBf@Tv@TXNj@T^Ft@V`A`@|Ab@fAh@\\LdAVhA^l@XjAVxBt@`@F~@`@ZHj@Xb@Pb@JjAh@d@JPNjA`@\\TZLz@Pr@TL@hA`@XNbBf@nBv@XPhA^n@\\P@RCNDtAd@b@VrF`B|@`@CI[Ov@\\fAXd@RjATx@TfBl@VNlAd@j@RfATxAf@`@V|@^hATf@T', 'resource_state': 3}",115,40,0,"{'pr_elapsed_time': None, 'pr_date': None, 'pr_visibility': None, 'pr_activity_id': None, 'pr_activity_visibility': None, 'effort_count': 0}","{'kom': '20:28', 'qom': '25:13', 'overall': '20:28', 'destination': {'href': 'strava://segments/19912227/leaderboard', 'type': 'overall', 'name': 'All-Time'}}","{'athlete_id': 111836994, 'title': 'Alejandro Hernández', 'profile': 'https://lh3.googleusercontent.com/a/ACg8ocKba2c-ppLwcTD73qKbnebkMRsHiFx26FVilvul69k1jPTOoLZ5=s96-c', 'effort_description': '11 efforts in the last 90 days', 'effort_count': '11', 'effort_counts': {'overall': '11 efforts', 'female': None}, 'destination': 'strava://segments/19912227/local_legend?categories%5B%5D=overall'}"
22075516,3,Aragon speedlap /Lobos bike lap,Run,4465.2,-0.0,9.4,2242.4,2228.6,"[19.493449, -99.045676]","[19.493259, -99.045719]",https://d3o5xota0a1fcr.cloudfront.net/v6/charts/2YA4YBAJSL4ELLCHEAG23LSQIEHP6OHKYQAR4QRBQ3A67IIMAKEPEQXPCSM7OSLBCYL6LQFCNJL3SKF3HPVMMOEK,"{'light_url': 'https://d3o5xota0a1fcr.cloudfront.net/v6/charts/2YA4YBAJSL4ELLCHEAG23LSQIEHP6OHKYQAR4QRBQ3A67IIMAKEPEQXPCSM7OSLBCYL6LQFCNJL3SKF3HPVMMOEK', 'dark_url': 'https://d3o5xota0a1fcr.cloudfront.net/v6/charts/XDHNSOW3SO3JIZXSRPYD3QEO3GZKZ5H662TOPPOA6AHTXBB3TP5VUGXE4GRJB7NXDICEJBEVFU46IOPR7I6ELPHH'}",0,Nezahualcóyotl,Estado de México,Mexico,False,False,False,2019-10-16T23:02:24Z,2021-11-07T23:27:54Z,39.8,"{'id': 's22075516', 'polyline': '_i~uBnzo{Q^J|Bx@n@Nr@b@n@Tb@Xl@VZJ\\DHALD^VzBb@lA`@^FrA\\`@NjAr@bA\\zCt@n@X`@HbAd@pAf@nAZl@TR?p@FpAj@j@XrDrAZPdAZ^HPHh@LnC~@p@Pn@Vb@X`A\\nA\\dA^|A`@ZNp@R`ATZNNBTJdA\\h@Tf@L~@\\hAVbBp@v@TdCfAlBp@d@Ld@Xr@TDDAEa@WkA[gBw@sAg@_Bc@{@]sA]eBm@s@][Ie@Ua@I]O_@GkAe@g@OSIWI_Ae@oCw@e@GaAU{Ai@uCkAeA[sAi@uC{@y@[_ASu@Yc@KIG_AQgA]i@WSEs@]i@QsAm@s@Sw@[cBc@{DuAuBm@mDoA[So@OWAw@a@gBc@cCgAmBo@', 'resource_state': 3}",2108,242,0,"{'pr_elapsed_time': None, 'pr_date': None, 'pr_visibility': None, 'pr_activity_id': None, 'pr_activity_visibility': None, 'effort_count': 0}","{'kom': '15:35', 'qom': '19:33', 'overall': '15:35', 'destination': {'href': 'strava://segments/22075516/leaderboard', 'type': 'overall', 'name': 'All-Time'}}","{'athlete_id': 24204276, 'title': 'Francisco Perez', 'profile': 'https://graph.facebook.com/1623226604376469/picture?height=256&width=256', 'effort_description': '23 efforts in the last 90 days', 'effort_count': '23', 'effort_counts': {'overall': '23 efforts', 'female': '11 efforts'}, 'destination': 'strava://segments/22075516/local_legend?categories%5B%5D=overall'}"
19912319,3,Pista Río 500mts- Cerveros running  lap,Run,514.4,0.0,14.0,2241.8,2232.0,"[19.493998, -99.050762]","[19.493968, -99.050763]",https://d3o5xota0a1fcr.cloudfront.net/v6/charts/AU3YR4J2ULWQVY5FPZ3JDSEH7LGJJXY2QT7JZUZDSPBPJHXSUPRVCZTF6UUNDVJCYWQU5DZP532E2PJFNCJNWLKB,"{'light_url': 'https://d3o5xota0a1fcr.cloudfront.net/v6/charts/AU3YR4J2ULWQVY5FPZ3JDSEH7LGJJXY2QT7JZUZDSPBPJHXSUPRVCZTF6UUNDVJCYWQU5DZP532E2PJFNCJNWLKB', 'dark_url': 'https://d3o5xota0a1fcr.cloudfront.net/v6/charts/EPSM3Q5JGSK26FZO45IWK25OEXVZNNCCG5K3YHWJCT2ZVI3YE2V7S4NIPFSHF3EJ4APFDCLLRJTBT47RSYQGG4K5'}",0,Ecatepec de Morelos,Estado de México,Mexico,False,False,False,2019-02-20T18:01:34Z,2021-05-15T02:22:39Z,14.5,"{'id': 's19912319', 'polyline': 'ml~uBhzp{QIHKb@Yl@q@hCOr@IPMx@QXARJPF@L?FKXu@Ne@Je@X{@`@mBb@yAAQGIMACF', 'resource_state': 3}",6759,43,0,"{'pr_elapsed_time': None, 'pr_date': None, 'pr_visibility': None, 'pr_activity_id': None, 'pr_activity_visibility': None, 'effort_count': 0}","{'kom': '1:39', 'qom': '1:41', 'overall': '1:39', 'destination': {'href': 'strava://segments/19912319/leaderboard', 'type': 'overall', 'name': 'All-Time'}}","{'athlete_id': 61474243, 'title': 'Graciela Meneses Arias', 'profile': 'https://dgalywyr863hv.cloudfront.net/pictures/athletes/61474243/36213837/1/large.jpg', 'effort_description': '163 efforts in the last 90 days', 'effort_count': '163', 'effort_counts': {'overall': '163 efforts', 'female': '163 efforts'}, 'destination': 'strava://segments/19912319/local_legend?categories%5B%5D=overall'}"
38168785,3,Km 30 - 28,Run,1912.9,0.0,3.3,2227.0,2224.8,"[19.485201, -98.964781]","[19.490694, -98.948291]",https://d3o5xota0a1fcr.cloudfront.net/v6/charts/NYZ3CABN674P4NP4ITJK7SFBRRS6OOKARTWDE25VNCAJNYS2WQRW2ZMLFEPOCRGOMYLT2JHRI5JSKREHPSDOQKJ2,"{'light_url': 'https://d3o5xota0a1fcr.cloudfront.net/v6/charts/NYZ3CABN674P4NP4ITJK7SFBRRS6OOKARTWDE25VNCAJNYS2WQRW2ZMLFEPOCRGOMYLT2JHRI5JSKREHPSDOQKJ2', 'dark_url': 'https://d3o5xota0a1fcr.cloudfront.net/v6/charts/JYMVXNLTSQ4YHQ4DTI3USTCUMYETBZ2K3O4CPL62VQRU4XQPTDOXQKWAHQCPWBSDXFI57VXDQYMHRSPBYFOPFRY4'}",0,,State of Mexico,Mexico,False,False,False,2024-11-18T17:17:58Z,2024-11-18T17:17:58Z,2.2,"{'id': 's38168785', 'polyline': 'ou|uB|``{QR?b@XP?@CFy@i@cCc@cB{@oC{@iDcCsJqCmKoDwNg@mBg@}AqB{Hy@yCMo@{BuIkCyJ', 'resource_state': 3}",1049,692,1,"{'pr_elapsed_time': None, 'pr_date': None, 'pr_visibility': None, 'pr_activity_id': None, 'pr_activity_visibility': None, 'effort_count': 0}","{'kom': '6:10', 'qom': '7:14', 'overall': '4:36', 'destination': {'href': 'strava://segments/38168785/leaderboard', 'type': 'overall', 'name': 'All-Time'}}","{'athlete_id': 51404571, 'title': 'Fabriani Acosta // Garza Team', 'profile': 'https://dgalywyr863hv.cloudfront.net/pictures/athletes/51404571/17163652/1/large.jpg', 'effort_description': '5 efforts in the last 90 days', 'effort_count': '5', 'effort_counts': {'overall': '5 efforts', 'female': '2 efforts'}, 'destination': 'strava://segments/38168785/local_legend?categories%5B%5D=overall'}"
