id,resource_state,name,climb_category,climb_category_desc,avg_grade,start_latlng,end_latlng,elev_difference,distance,points,starred,elevation_profile,local_legend_enabled,classification
6641735,2,Ignacio Aldama Climb,1.0,4,4.0,"[19.216857, -99.131298]","[19.19988, -99.142123]",101.7,2528.7,ihhtBrq`|QlBnBxAjA|@n@jLhHdAf@jA`@f@JlALfEXj@?j@E~B]rAOh@EtABf@Hd@Pd@V`@X~@v@vDnDbBnAhBbAd@RlAd@nAZpATdDTtA?|GElAFf@Df@JfAb@^T\Xv@z@T`@Pd@\hAVlADh@CrAYlEYzF,False,https://d3o5xota0a1fcr.cloudfront.net/v6/charts/H4QTFTT3U5AKV5CLVOWTQFSB6NDV6GDMHGCTFAC53BFWDLS7EBCZFDVB72SVCCK63S55FFBUEL7USYXS43NOXUBA,True,other
37271983,2,circuito monte sur 🏃‍♂️,0.0,NC,0.0,"[19.206535, -99.126926]","[19.206525, -99.126903]",16.2,1322.8,ygftBhv_|QRBJH@DIf@IPI\?LDL`@b@@DCDBRUVQ?CDED?NK`@EBS?[PG^?h@IROHYBUCi@FI?a@UOQISGKa@Mc@Tw@h@SZSR_@NEHCNBLHNPHPBNAREn@]TIDAVBDHHBFJLLRJJNRJNVA@BFLNVLNAFEDI?GIa@_@a@e@YIQQSEKEUO]Cm@KUAOCI[a@AOIe@?QDKHGVKDEJ?ZJR@HGFODg@DU\e@p@w@RMZMVA\P,False,https://d3o5xota0a1fcr.cloudfront.net/v6/charts/WADX3FIVC4H3UFCT2JYJ7DUWRW7BNK4HABXL43I32XOHNYMFRZKOEKB4IQ64PZIWM4ZZBHMM3PR4EEECMC23XJHG,True,other
37272020,2,5K (4 vueltas) Montesur ,0.0,NC,-0.0,"[19.206476, -99.126898]","[19.20653, -99.126951]",21.4,4945.3,mgftBbv_|QHDHJBTCNKRAd@n@p@@HQ\AFUNKNCPGPKLI@MJSRK^AZKTGBi@H]LG?s@SGICAOa@c@OQBIFm@RSLKL_A`@IHEPJ\RNNFZANKZGZQP@\NPXJDDJ`@Pl@f@PDPEAWYU_@Ma@U[e@Gk@GM@c@Eg@G[c@o@Ki@?WDGn@]TBTFJCLMBMD_@L_@Ze@XYLOHIXKPEd@FHHHN?JI\Bz@RXPLHLCJc@h@Kd@IJSFGHSf@ARQb@MFUFAACBeABa@OIMUO[Gy@TWRc@TM@MHUFCNBb@HJVHX?dA[L@NHJPNLVLTRT\RT\HJABICK?IGK@CGI[WQ[MKUg@CQ@WKi@?GCIOS?KGYMUGc@?QJ]^[LAHHHBNINa@?QDMLSLa@LMHCPMPENOTCF@Z?PFJH@F?TKn@@PRb@HJBZIH?BEDMHOd@OLODSTO`@ANCNMR_@PkADSGYYYQGAS@e@JWLMRgAn@IL?RHVNP\BFGr@STEL?XJb@XHNVNPVD@PRHNJBHADEDUIGKWSM}@aAEYAWCG?u@_@cASUKWAS@]Va@HERCBBRBJAHGJUAEHYV_@^W\c@d@SPE^BLDNL@TO\ATFTXXJNBZAJQNAFQRKVs@^GRC^IRUNIJEAABS@EAWBSB]E_@k@KI]Ag@JYLILE@MNm@b@KBUTATDRHH?DLJL@LALGJA^W^GZHRTXRb@d@J@\ZRDPEDSMMGOY]YQ_@[I[AQCIAi@Ka@GOG]IO?EMQMY@_@BQX[ZGLDNLH@HCLQ@WJWRQBMhAgAPGz@J,False,https://d3o5xota0a1fcr.cloudfront.net/v6/charts/MXLX5PZZIK2EDI5GRS42MAPOEALGSQN7KQNIO2D6US6MJ2DQOFADDZOYRYU54VKEFEEVHRG2BNM62NTAYLGSLTI=,True,other
4394350,2,Avenida 5 de Mayo Oriente Climb,0.0,NC,4.5,"[19.210921, -99.092715]","[19.211971, -99.081965]",59.1,1300.4,gcgtBn`y{QD_Eg@mHMoAMi@eAqCe@eAY[[Y_CyAw@w@kCoEa@eAGg@BqAFg@\gA`AsCd@kAr@oBn@iAdCcE,False,https://d3o5xota0a1fcr.cloudfront.net/v6/charts/TDASHH27RVIEU7J7VX2JOM3CULFBPVU2X5YG56O7YK5JZG3OOYK3CBMZ34JHID6XFGFVG7WRYZVSVQCCED7G6XGN,True,other
31155164,2,Romperse el hocico,0.0,NC,-15.3,"[19.200256, -99.068989]","[19.199825, -99.070663]",40.7,266.5,q`etBdlt{QRUDAHB@HCPUp@Wd@KZQ`ABXPd@?TJZJBL@bAX,False,https://d3o5xota0a1fcr.cloudfront.net/v6/charts/VMFEP7GECKWNQEJXSQGCJD6KZGOQJEQDGXDHLDTRPSBQVA565QZBR575X2FABJ7U7SLQXUPLVVLGEAMUL6ZTYDA=,True,other
31155159,2,Sube perrito sube ,0.0,NC,15.1,"[19.199878, -99.070702]","[19.200259, -99.069012]",40.2,265.8,e~dtB|vt{Q_@G{@YGS@QMu@@o@PmAHKHWZo@BSEIE?OHGP,False,https://d3o5xota0a1fcr.cloudfront.net/v6/charts/5FZHSJ7XBA3DETB5N6TDK5MDKNMHW34UMWHZLF653AAJZLHIXVSXCR5CQZT3OTEB2N7DKJQ4VEWT6VD7BR4OXZQT,True,other
4945828,2,Camino a San Bartolomé Xicomulco Climb,1.0,4,6.7,"[19.206382, -99.050288]","[19.208406, -99.053884]",95.2,1419.2,{fftBhwp{QaBgAaB}@gAa@a@Kc@Cg@@c@@{ANoBCWBe@J[Rq@t@_@VgAh@_@T[TQRSb@WjAQd@W`@Of@Gh@Ad@@f@Df@Jf@n@nBT`@\Nf@EZUNa@FqALa@`@]pBm@b@Gb@FXRNb@@h@Gh@@d@Ld@XXzB|A,False,https://d3o5xota0a1fcr.cloudfront.net/v6/charts/5DGZ2V6SV65YMSNRLRVP46NTO4BXWY3Z7ZUL3TDRYPAHBTRSBKMRMOUFPFB27UVLP3TKP3KJGYYNMVQM3TVQSPY=,True,other
26070867,2,La Ruta del Mole 2020,0.0,NC,0.0,"[19.2151, -99.05104]","[19.21507, -99.05102]",88.7,10009.6,k}gtB~{p{QpNoHt@YpAo@^UHK`@A?BdNaAjHOXFtH?nBFrAGbHNHsDN_GXsGa@mEGcANmAj@eB`@cA?}@mAeFq@aG?}A`@wBlBqNXc@`@GxBPz@a@p@eEPQ`@OlAFjAPrD|AdA?`@Qz@i@tAwBr@s@NGHIQi@?s@h@eExBwJVoB?kDPmE?}A`@oF?{CPaD@cALqB@}DNwENaDZaC@e@De@AyAGqA]ODt@B`COjCFj@KhAYxIIXStJIhBGpD[rFGlCGbAGfGYfBaBlHy@jEYzBBZIx@qA~BYZe@Rq@NcABWC[MiC}AkBOi@BQF[VGLWfDITMR_@NW@_BS_@?[NSZUz@q@`EcAbHMvA?f@TtC`@bD`@lBj@`B?|@w@hBOh@ObAEh@@f@\~CDrCk@rR_GGsHYwBBcCNgIFaIl@uDNIJ_@TqAn@u@XkNjH,False,https://d3o5xota0a1fcr.cloudfront.net/v6/charts/D6OWADZ2B6ZL4WEJVGUHHRK5A4DOLN2HIV7T7IQZEMQGOTRBMPXAZFL6IX3CVVGOP2HPDI3IGDZLXYIFYZMXWTG2,True,other
35496222,2,1v. Momoxco ,0.0,NC,0.0,"[19.214859, -99.0505]","[19.214876, -99.050484]",5.3,407.7,y{gtBrxp{QN_@Hc@C[OUMIUGWAe@NwBpASXEP?ZDPNTVLVF`@INGpBmA,False,https://d3o5xota0a1fcr.cloudfront.net/v6/charts/J3UV7KQ5UTRYW4TJPQDM7ANVZQRUPWRI3ODIST3RH6DRJUUWNVJPBH7YHHX4FY2KGZY4Z4VICNTZN5MO2QYTIQFS,True,other
6586741,2,España Climb,0.0,NC,7.8,"[19.198697, -99.005301]","[19.192437, -99.007372]",58.1,749.2,yvdtBd~g{QV@RDN?VDFDnAPXHDDN?l@NVBXFFFZJJAJDTB~Ab@T?l@HV?RBJFVHj@HHDd@HDDHBHFL@`@Rb@LTN`@DPFBBPDHLTJPBJHH?n@NN@VHZDTL`@HLLf@?LB,False,https://d3o5xota0a1fcr.cloudfront.net/v6/charts/N2XU6Q3IKT26WLJ57ARUITUMYET3AAKJU7ZCUHEF2O6KRPIYRRKSIT5UNFMRJ2I7WE36Y6JEWNVDNO6SQ64V7NUC,True,other
5591478,2,Zacualtitla (Camino a Pastortitla) Climb,0.0,NC,7.2,"[19.203642, -98.978544]","[19.199507, -98.979456]",40.7,567.1,wuetB|vb{QJQHEx@f@JVB`@N`@PRz@jBXRVL`@FH?v@m@\CTJXFb@?ZCtAm@^CjAHb@ArBS,False,https://d3o5xota0a1fcr.cloudfront.net/v6/charts/XQ3OQSCS2MGYBDSLELLZ2DEZEEFLCVGFOICLESP2SFIU4YZR274KUMGZGX46JQCZXJ5NLZCKOAOXYCHLAWADOFA=,True,other
30190342,2,rumbo laberinto 2,0.0,NC,2.5,"[19.226841, -99.225924]","[19.227761, -99.222505]",9.7,392.9,wfjtB`as|QBC?UMIEa@OUEOB_@EUGOGq@ISAOBQIUQYGa@I{@@q@D[ASMQEQC_@c@q@Sk@,False,https://d3o5xota0a1fcr.cloudfront.net/v6/charts/MJPEMSA2S5NLPDTLODJT2INHFWSWF3TKYIZT5UKKOS2FHRZXVB44NPEY4XKDT5ADBJZ5EMVS57VC2CVTMVMVB77F,True,other
30190334,2,rumbo al laberinto,0.0,NC,1.1,"[19.225513, -99.21259]","[19.228464, -99.22101]",20.9,981.5,m~itBtmp|QOl@GHQ`@ARIXS`@UfBa@tAQP]r@W^s@l@]f@c@`@k@nAId@OZER[j@A\Mp@?ZEV?RDb@EhAWr@OnBo@vBO\ORI`@MVAh@@RAd@Cj@EFAh@@JHT@H,False,https://d3o5xota0a1fcr.cloudfront.net/v6/charts/3GR2K6FGUZSHEDNK6IDJVIBYTEIUHXTVEGNHLNECQUTACE6IU7MJ2QKFBWLOVPETIFRGL34O6H4SFCFHKI45VGCD,True,other
24338538,2,Agua Cristalina a Cima Salsipuedes,0.0,NC,10.4,"[19.245265, -99.190225]","[19.244108, -99.194641]",54.2,520.6,{ymtB|al|Q^V`@PLJJRH`@HLDZAXHbAAh@|@vAX`ABZKn@IJ?RANGTMNKTGXDXPd@Pp@v@lABHAFQV,False,https://d3o5xota0a1fcr.cloudfront.net/v6/charts/4CKEF2UL3QETERXKQYFA2KKI4AYHNN77VGM4NXPXJKTLFFVFLG3LEC62VAIB7ZXOVWSE2OPDF2I6FSNE2ILPXRGQ,True,other
19786061,2,Zetas,1.0,4,16.2,"[19.251112, -99.196845]","[19.249219, -99.196292]",100.4,618.8,m~ntBhkm|Qf@aA^e@b@o@L_@Ae@DYBEDBLf@Vt@Gn@QNCLINCL@FB@PYZSLMVk@Lo@FGFEDFGR?VFjAGLAVBRDFD?HGRWDK?GB@NO@@F^B?Ti@FILEAEDC,False,https://d3o5xota0a1fcr.cloudfront.net/v6/charts/P5KNHXQQ3XPJMU4UM6SC6TGMOJ6LPFJ5ZRINMU6AZ2AQVEGAKU2DHKXTTOQZJCGPVSSJYTBEU5LFOPCX45XMTJA=,True,other
18520531,2,Rover del puente clavelito a la Mexico ajusco,2.0,3,9.7,"[19.249997, -99.174572]","[19.234186, -99.174629]",209.4,2155.1,mwntBb`i|Qr@LfAt@ZLh@Hj@E\Vh@H~Ah@hAj@b@HVAHCHOp@gCz@yBv@qAb@_@^UvA_@n@G`ABfCTd@?b@Kh@[TIn@Gp@@pBd@R@JENOXm@JOFENCZDzA^R?JGHULeBFYJWXMz@KfAWjB]PCTHh@l@\PLLMdCUnB@`@LH|A^f@Bf@JbAJt@Dv@XPBxCFNFl@`@f@Lb@@hAIj@?r@FXFT@bAJt@@,False,https://d3o5xota0a1fcr.cloudfront.net/v6/charts/I5TFHGV2J3A2YRVDAKC4P7HK6GPJO374CEFRXRYQLBLSWBDGG4EGCQ2NJWMU6ZWPFQAQHKJDIUIKBAPUBNIG5VYT,True,other
3614771,2,a. Cda. José González V. Climb,1.0,4,4.9,"[19.2336738, -99.1819436]","[19.2295832, -99.1958788]",99.4,2043.8,mqktBdnj|QYTk@l@Qt@B\RnARdBKj@a@Xu@TYRQp@D`@xBvGTx@Bl@K^]^_C`As@p@eB|De@z@sAxAc@p@Ol@?t@Lh@X\b@\hErArBh@hBj@z@\pBfAtAdA`JbJr@z@x@nAjAzB^fAP`A,False,https://d3o5xota0a1fcr.cloudfront.net/v6/charts/QGVANLHSEAOWVU42R2S5JS5KURQ43HLVEEZC7JSUKSCCKWNXBIRSYLDFE3TORGYZUQPXZOYKLTPYQYCPXLWXQPI=,True,other
24429656,2,Árbol Agua Cristalina a Caballerizas Rey,0.0,NC,8.8,"[19.25011, -99.185398]","[19.24756, -99.188827]",38.4,433.6,exntBvck|Q@Lb@\`AfBVTb@zALXNPFNLPv@n@`@f@l@n@lAdAb@d@HRB^\p@,False,https://d3o5xota0a1fcr.cloudfront.net/v6/charts/72KZVV6CD5RERSKY7CIDVD7OGHXA6AWGT66NUC7MQPI6JZN5M2EYBNPD7LYMOBSZ2NDVJVUUSVI7BI5LRG4JM5W2,True,other
19660806,2,Tepetetla-Zoquiaqui,0.0,NC,32.7,"[19.248156, -99.143371]","[19.248827, -99.141767]",67.4,206.0,}kntBb}b|QC[IY?MGEEWBMEM?OKG@MGMMIIa@KCCG?KDEAGMMKG?CGAKKCU,False,https://d3o5xota0a1fcr.cloudfront.net/v6/charts/RLM2GBBM3KMQ3J4LX37VDLWGSWFEBBDEWD3PGNDHXHNACOOGYOBDPGU3ELE44MU2MD6JMNFXC7TXVZMQDV6WHFI=,True,other
6641734,2,Ciudad De Mexico - Cuernavaca Climb,0.0,NC,5.6,"[19.228268, -99.144761]","[19.224186, -99.139626]",61.9,1107.6,sojtBxec|Qx@~@^\lAd@h@@h@AbDWzDIjAKb@MbAa@\QV]l@_APa@tAyDZgAHc@Fe@@c@Ge@M_@aDwFg@eAGsABg@Fg@,False,https://d3o5xota0a1fcr.cloudfront.net/v6/charts/OPND6SBEUSFBDYULFXXJICIEAP2VCXQBGOYNEEQTINCORSLG6B5Z6I6A7IKNWBFJZNSGRQHAC7DAGLUHTXV3XRFC,True,other
4380908,2,Ignacio Zaragoza Climb,0.0,NC,4.8,"[19.238437, -99.112807]","[19.234698, -99.119714]",40.5,851.4,eoltB`~|{QTV`@~@tC~FvDlIf@z@b@bAlCpFNf@Jj@ZtBHjAPZPPd@H,False,https://d3o5xota0a1fcr.cloudfront.net/v6/charts/VNKVBW7GXV4W4PJNVBFXZDD4WN6OMHZK53SA54DBIDX5637KKSU7A4OGAATJEXFJA6FTMYOJTBN52PT3664ACKA=,True,other
38929945,2,Muur Sn Matteo ,1.0,4,7.6,"[19.246089, -99.117286]","[19.235001, -99.121172]",108.2,1432.8,__ntB`z}{QpAWPC`@KhAk@~Ak@|@WZ?`@P^VV`@Lb@d@b@H^jA`AdAjAXR^PLRb@VDF?DRTRDNN`@HJRNNXJx@N`A?t@F\JVPvAh@TAf@F`@?lBEz@M`@CdBCf@Fd@PVPZDZJ|@H|@T`@RXFpAxA\PPVPRNTd@f@,False,https://d3o5xota0a1fcr.cloudfront.net/v6/charts/4JBDA6IWHAG74DN4IGV7W73YLXQCPDSUJPSDPXJOJP3STWWAKNAHYW77Q6WZMFA2NCPA7PMV3O5N2IAVFFSAE3Y=,True,other
35634344,2,casa,0.0,NC,13.4,"[19.242753, -99.076179]","[19.241399, -99.075341]",42.9,265.2,ejmtBbyu{Q\Cd@FPCZ@?CFAAAp@E?GRL]QXBn@AFKHAHMRIFK?GCMS_@Dg@,False,https://d3o5xota0a1fcr.cloudfront.net/v6/charts/ZHNME4ZB3EDNOUQJWNQC23VOP75MSEIWS364ZP2BMDFJX6AHW4XKEMRXT65KWAR5CJRI24NS3K2L5GBT7OPZOKY=,True,other
33891951,2,ahualapa,0.0,NC,-1.5,"[19.246623, -99.068756]","[19.246626, -99.068781]",4.4,286.0,kbntBvjt{Q_@jAMl@?LBHNJTDD?HGf@uATy@Da@IKe@QQXM^,False,https://d3o5xota0a1fcr.cloudfront.net/v6/charts/CUP73ALKCH7DBSG6XPVP5AUHIBE5SJOAFZKBE7EEC2VOO42NZ4U7LWLBPVXG5RS3AWCBTIWFG76DEGMZYLULHZCT,True,other
37193454,2,piedra larga,1.0,4,11.6,"[19.240017, -99.067354]","[19.22873, -99.066196]",158.2,1358.6,ayltB~at{Qp@o@x@m@TMRCTMNQf@Yz@[XGR@XIb@AVIFIJURQRIb@q@NKh@Ud@Kn@WjAWbACnBKz@@ZAt@HP?JC`@LJ?b@Nf@LZDb@Hd@BXFXNh@Fl@d@JBXPb@LRBv@B^APEf@@l@CXDNANB^?bAE^DbABbBXN?VDbBGTB,False,https://d3o5xota0a1fcr.cloudfront.net/v6/charts/5ZQHTSCRFI7ADURHXFQHOZRCSIBNWZITU2DYKMITSYONXWQ4T4UVRAEVDUSNA54KFM5CTGLJTI2MIPM4PJL3QHA=,True,other
33844411,2,av. campo,1.0,4,8.4,"[19.241377, -99.075298]","[19.235461, -99.077261]",95.0,1134.3,qamtBrsu{QI??BB`@DFA?TH^MVSPGFAJBNCZ@XCRBFELA@KFC@IAKLWRBJIXAPDFHIPDHBQB@FCFKFB?XIz@CDJ?RFDDD?FHJBFCBBRUR@@HEBELFFFENEJJ@BCDLDRALJAED@HIBKJALAFBBBFLDBFABGJ@?IT?JL@PJZf@x@^Vh@H@EFRJ@XCICEBVN`@AFEz@DL@FDL@ROIQLCBN?h@LDV@LK@EE[DYUd@?BHBJVLp@b@^H@DQLCHBPND@C@@BEA,False,https://d3o5xota0a1fcr.cloudfront.net/v6/charts/3MGETBTVPJUIDSJ4HDLMGM46ITTULMAYCMXBNEDTBYDHMMZCFMKMTGFK3UHIOR4A33TMKWUYJDPKIWS325SR5NY=,True,other
18428821,2,Subidita :),1.0,4,4.7,"[19.249125, -99.056585]","[19.229831, -99.055132]",111.2,2352.3,_rntBt~q{QDZHH~@LdAFlAMbB]hBWfBqAr@cAr@{A^a@P_@VYp@e@d@GpCsAr@a@fAe@b@Mf@EtA?v@Jv@ZlDnAhCdAfDdA`AN`@@v@Iv@UzCu@v@Uf@Kp@U|Bm@`@GTCl@BfARh@Nt@Zn@N\NzAZ~@HbBA`BB`C\lBd@vAd@v@L~@Bz@G`@IfBg@h@I,False,https://d3o5xota0a1fcr.cloudfront.net/v6/charts/EDAJ4QC2XJTMZD3U2BXMTIJ7DYUFQ6SNIET7MCEDU5AEPT6T35F7NPXMW4K4CYAPO4VWNLO7NOOCOEZWBKPLSZEX,True,other
13663347,2,P Olivos 1v Abajo,0.0,NC,0.0,"[19.249286, -99.006161]","[19.249277, -99.006154]",10.6,1158.9,_sntBpch{QKBO?[QGIG_@CGIKICqA\]FWC[KMIOi@IoCGy@SiA_AoE?GBCP?LB`@V`@LDDMxAMj@CZFPb@^VHdA`@|Bf@n@Fn@EfBSX?XDTNLLBJAD[VEHGb@IR{@t@eAr@_@JWN,False,https://d3o5xota0a1fcr.cloudfront.net/v6/charts/3WFDLQOMPCPET4DOAHUS4JMUL4UVC3KZTCGQKWHNVMGVNQQ6BKKPTVZ364SEIJ4LLISYWM44TTOOI65GMT7RVNI=,True,other
18122710,2,P Olivos Recta MayOr,0.0,NC,1.4,"[19.250687, -99.005684]","[19.251253, -99.00324]",6.1,265.9,w{ntBp`h{QMeAEk@?eA}AqH,False,https://d3o5xota0a1fcr.cloudfront.net/v6/charts/RU3GYNLRLJHHQM6VN5WSKXL7DOBLAPLZFSCI3ONZ3HYT7TLI7Z4TPZFULE2EC6R3TG5Z2ACEQ4R6NNRZH4EHTQA=,True,other
13648483,2,P Olivos-UTB,0.0,NC,0.7,"[19.249132, -99.006203]","[19.241925, -99.000131]",7.6,1038.1,arntBxch{QF?HK@GTU\UV_@j@_@VIl@W^WTc@V[j@y@fAgAXKFKt@a@JCb@WXSFA|XoUTBDGHA,False,https://d3o5xota0a1fcr.cloudfront.net/v6/charts/66UAWCTNAR7Q4FK7DX4B2JMRRYF52M3IQV3OZHHNYJ4HXAJP7OGJ43UC74NE54DVIMJ57WM2MZR5HMETDZ3M2RY=,True,other
30606826,2,La rampa,0.0,NC,1.6,"[19.247995, -99.004983]","[19.249068, -99.004]",3.7,227.3,}jntBd|g{QDARDLATW@OEGaAm@g@Wg@_@u@Q_@Og@O,False,https://d3o5xota0a1fcr.cloudfront.net/v6/charts/OPUWZB4QAAJQTASJOU6TV5DTEX6DN7Z7DHJQINAJ3X2XTMCTS5VMFCDE4VEWVV6VUVVI3KQRBJX4XWJ7GCGXGSA=,True,other
13663339,2,"P Olivos 1v c/Subida en ""8""",0.0,NC,0.0,"[19.249344, -99.006167]","[19.249344, -99.006162]",11.3,1737.1,ksntBpch{QQ@UOMMSm@MIi@Ps@NI?i@IOGEKGOAM@u@OaAC{@K{@Mq@o@eCM{@BGHAf@Jb@JLJ@HE~@UfA?VLXJH~An@dBf@XNxABz@Gx@KPAb@HRJl@RNALMP]@GAGk@WcAi@YYo@Og@QMIgDiAMAIDED@DJTTTl@\DJRPt@PlA@RDJJHTNTl@n@JRBFAFYXGn@QVcBjAOHWD{@\,False,https://d3o5xota0a1fcr.cloudfront.net/v6/charts/ZPDWVA4MUSCGYRHUOEBXBRQQMI2OJIH5JPTNOFGXBY4SGFIHYWI2A5QVP66BJYJFSCP5KEOEHKAWBOEVQTGU3UHZ,True,other
36910589,2,Deportivo ,0.0,NC,-0.6,"[19.229033, -98.993657]","[19.229055, -98.993646]",5.3,483.9,mtjtBjue{Qb@BLArAJNIFU?o@BQ@a@Fq@EQMIq@Ca@IKBGCaBMODMR@TIh@Ef@G\?P@LHPf@BRFX?,False,https://d3o5xota0a1fcr.cloudfront.net/v6/charts/N6KSZU23EYQ3KKCCD6XJIH4LY74AKAR2DBU26UK46PKDAJGOGRCI25IPV3XPJOC7NOQXU4Q6NCCNU5L3LE5KFUI=,True,other
19611815,2,Centro Vocacional Ajusco,0.0,NC,14.2,"[19.261856, -99.197307]","[19.258934, -99.200196]",62.9,444.3,qaqtBdnm|QdClCfBzA\f@n@r@hAbAv@~@rBfBTN,False,https://d3o5xota0a1fcr.cloudfront.net/v6/charts/6FF5NL2D4VMREFF5IAT2RV4MYV5URZAHJRTWHAYPQLUTSYKVBONRLOI2NGP2KJDWWI2XUMTVVOMSDRYWXJV3QJI=,True,other
28814941,2,"el segmento del Rafa, el original",1.0,4,13.0,"[19.280559, -99.214587]","[19.272763, -99.21784]",136.8,1050.5,mvttBdzp|QXJTCZDTAj@Qd@Bj@ATOLAZ@j@FP@~@U|ARRIrCALELMLEt@ERNHBJHDPLNHVf@x@Pj@Ln@\^Rl@d@r@HFDJABA?AADALDPPHNt@`@n@XVPVZ^N\?b@VXBPR@AZLVXb@ZXF^DLDJNP?JD,False,https://d3o5xota0a1fcr.cloudfront.net/v6/charts/3473PBWD4D2XSQ2B4KQLYX2GE6ZME45IJUGPXMVPQ4QM7E5KQ47TJC6T6PSNQR3RXRAYZKRRCTXSB7G7VF7EWVGS,True,other
6716840,2,Alhelíes Climb,0.0,NC,6.1,"[19.269249, -99.214021]","[19.268062, -99.220456]",45.7,754.9,wortBtvp|Q@DGf@Sn@?TIJATGP@XDHMTMb@XVLNDN@DETFZBJPPBTNX?TEP\b@@LENBTBB?PLTLH@TL^NN@RTh@ALBTJVD\HH?ZJ^?ZBJJF?JDJC`@FRBr@BJKp@BN?\DRNZFX,False,https://d3o5xota0a1fcr.cloudfront.net/v6/charts/PVRV5V7XEFHXX27PK5X2TXBGONBUP6RLYA33JDE4WSOJI36YAVN55E7PR3J2DDCI3BHYMEXKCN2QGLKUVXFPDCBH,True,other
28814473,2,"el segmento del Rafa, pero de reversa sasa",0.0,NC,-12.4,"[19.272745, -99.217839]","[19.280581, -99.214599]",127.0,1020.5,sestBnnq|Qc@Ee@O}@g@aBm@s@e@{@a@m@Ss@]a@KSMSYUQUWw@eAUe@c@wAWq@k@kAa@q@QOSCmAX_AB_AA{E\uB@qCTe@AWK,False,https://d3o5xota0a1fcr.cloudfront.net/v6/charts/SNRTSR3WH4P5ODNPOR6XGIXPFF3M3MJXTYH2DDC3N36WZUK6W7MLXEBKFAWKPNVLDYKPGD3SCGKSXHHGOQHAAXQ=,True,other
30421870,2,Vuelta a pista Parque Ecológico de la Cdmx,0.0,NC,0.1,"[19.26342, -99.204085]","[19.263326, -99.204185]",57.4,3239.6,kkqtBpxn|QdA}@l@}@f@g@dBaCj@e@fAsAfBgBv@m@pAq@zB{@fB{@p@WHGhBq@`EoBh@M`Ae@XUl@QlBy@~Ag@bAk@d@Q^YXg@b@e@L]ZcBPmD`@wAt@yAR[RSLQt@s@TKNQCMD@HR]d@_BbBOVKZ[f@St@Ip@I`@CDGv@?`@UtA[jAQ`@K\OTk@^]Lg@HiAl@]FmBv@]ReBx@sA^wAl@u@`@qDxASNaA`@kA`@iAh@WPwAj@SNUTu@l@c@j@m@h@eCjCi@|@m@r@q@bAe@d@c@l@IF?A,False,https://d3o5xota0a1fcr.cloudfront.net/v6/charts/2TCY526HCUS36T2ZAK34XNSFT3DBQ7HNWKHKAWBSVKCBHJ62CFEIKHITDYTC65RV3PP43EHJREXO7FVXXJSINZOK,True,track
29350636,2,pollo trail 21k,0.0,NC,-0.0,"[19.26818, -99.213331]","[19.26828, -99.213491]",437.0,19887.9,cirtBjrp|Qf@o@bCyEp@aANEVBr@`@NLT\h@TFNP|@JNDTFN^XLBPHZBRPDFd@nA\h@\Xp@x@PHTVRLDJBRDDTFVNLNJVHHTJh@LVNt@TVTNT?FEb@BJHLf@Zj@NDBXVx@lAFDj@F`@Tp@Pp@^LPd@h@RZRPHLTv@AFc@n@?TPl@RZHFj@PRTHBVCj@MRAL@NRNd@NTh@Lj@n@DNAH[j@U\EL?FHNXNLPXt@NRHPDRAHCDO@w@MGEYSGCk@@_@POBQAa@KI?SH]VeAd@gAOWBMJCPJ^Gp@DlALHd@FVDZ?DDH\HDCAIKAKDG|Bb@|@BPHlBJTJp@@NBPLLCJDTCL?f@P^BLFL?PIJBh@@r@T\PP@^A`@H`@Bp@RtADh@HX@^HRLb@Fz@XpBELELKHM?IEQWSEQA{@Pk@Ay@@MN]De@RQTq@FCD?DBPXb@`@d@|@j@\`@Hj@h@HFr@NLCT[r@g@NGPAf@Fr@C`@NNDPP^FHHPDFFL\V^Vd@BTJPFVCN?\BFNFXHf@AJBHFT@ZKR@LG`@EZSFMRE`@YHCDKd@ENW@IJIJYLO?KUg@WiAAo@Im@Eg@@YEa@A]@IJ_@TCJBNIPCNXNBFDJBDJ@NTHVZN\RR^RPNP^VFN?THZBh@?g@?u@Ec@IIBANFd@HPD?@FF@?JNFF\EJDTAJ@FCRBVRV?LELFLHBAXa@l@s@d@IPUHIJM?SF_@?IFWd@[BIL@LGXWLMNG?a@IQFK?YPO`@]n@ENANDVCXDXOX@THd@AJK`@?TDFLJxAd@LBJENSDCJGTANGLOXCLG`@C\BRHFZ@HIVCNJdA?r@FVTFD?ZYVGTOXGTf@\`@Pd@FCBKJEDILCPJRCr@JJDT?ZH@PB@FIJCz@HHAJc@GKAMB]P_@FWXc@PIJ@DHFBh@OLMD?\VZFPJLN\p@x@XP@HCFQFiA?s@XoCA[Ei@CGECgBHq@IaAB]COUKa@A]E]F_@AUQo@ME_@J]FaAd@oBR_@Pk@FOAKIIe@Sg@?SCIU[?SHKBOMCIGDMAMOIYG_@CGE?CLIFMROLEP?BCCCBCPGTCf@a@`@UV[^{@BUJ[B]CYEAUDEUF_AGc@Da@Cc@FUMuAFMn@QPMLATBFGDAv@\^^NFVRZJFALYf@YLCPOXEDE?EIO_@[SWc@a@iAgCm@i@iAm@eBmAu@a@UIa@Y_By@s@Q]WaAa@SMUEc@Fa@Ew@a@w@Sg@g@EI?KBK^o@DWEWg@w@EI?KFS`@_@LQ^}@Za@HSD_@GWW]AODUPc@X]d@[FALBDOPMH[Jy@HIHAXJ`AEDPNLHRBRBF`@RPZJ?PI@E@SH[AODAqBiGH?JIPYDWJMJGt@ULK^eAVc@Ji@NUx@e@`@KPWDCL?TJf@D^Jp@@F@Xb@Rf@`ApA`@p@j@\Af@BP\t@@h@Vl@Gr@BZFLVVHd@Rl@f@x@NJ`@NXTZNp@Nh@Rn@Jd@XXA^B^LF??MGIIGSEAC@MXMAGMGCCJWDY`@Mz@EN@\Md@KTKXQVg@v@eAXm@Hg@AcBCg@IMg@kAY_@Q]Kk@Wg@IYKSKa@]c@KsAQy@?]GGOIIFQb@WhASFKJo@tAQXWR]^G@GCQe@ODOLUFOPQFa@TGHKDU^UTQd@GFC?AEGeAIUIi@U_@Qy@Iu@Me@KOOA{@Ne@LWTYDQCIM{@?u@MYSUW[s@CUD]J[Fq@Ac@@]G_ABiADa@IgA@k@QgAIiAE_DEc@LoCCkANeAEc@Dc@?a@KcA?UBWFY@k@BMV[AGUWAK@m@IoA?s@IQEWDyAJiAA[Mw@Ia@EMKIME[CgADw@JK?OQw@mBEE]MMMEUBKPQRKl@GJGDKUe@Mo@@}AG_@OW_@WOQa@}@C[AUCGKKOCwABGCAEFYCAe@FcA?c@Fe@EEAACHY@GE?YV[h@e@xA?^Lj@DXBJ\p@Fd@Op@@n@OfAS|@k@~AORm@Za@f@g@b@_EfBo@TWDm@De@E}@Fg@Km@Bo@F}@Zw@j@e@r@YRKTMf@[j@Ib@Ub@SRm@\QRgA`@qBJ}@JIDDPCRNN@HJP?LFXf@h@JTFDLv@Vl@Fh@R`@FV?VBRNNTHT^?RFt@d@hA?\@J\h@NJTHXVv@ZLHLPLh@FPBV`@h@Rn@P^TVN\RRT\BPDJBRCXHb@N\@JGP@z@K`@@VIV[TABB\EXFd@?JGV?RSb@Mb@S`@K|@Bp@J`@K^DfAJVF\Bj@BLPPLXNVDJ@RAn@ETGPg@n@EN@NXZJVDPAJ[l@GZTxBLx@B^IPc@b@EPEZWt@EDYFU@]Ew@k@OOU_AIQGCk@Ig@Sk@ISQ[g@QMQI_@Gs@a@]GUSk@[OMe@M_@[_@c@c@Ks@IiA[UKWUg@WW[e@u@_@y@][Q]o@c@e@k@[OKQWWk@WMMYw@_@a@[g@GOGIQ_@Uw@GoAMe@C_@Oo@Ks@EKUU[SOYMOa@OSQ[QGGOWSS]MWCGC]Wa@_@W[o@yA[Yg@eAMOQIK?UNa@d@o@l@eAvAq@l@_@j@u@n@{@Zu@`@y@XsAXq@Hq@Rq@L[LYRm@p@SZcDnG{@xAw@`B]d@UL,False,https://d3o5xota0a1fcr.cloudfront.net/v6/charts/7G5T55AYSUMPRKSUOUM2MU55MHA2CJ5NFIBPDQLDVWBWDN2LHASUCQQ3S4Z2RXWBNUCXUOUII5VWPHOADSYWZMWK,True,other
19786057,2,ruta del teporingo,0.0,NC,3.3,"[19.259251, -99.192588]","[19.255229, -99.192293]",16.9,447.0,iqptBtpl|QxAKl@?vHUn@?XCr@@`ACrBOp@A,False,https://d3o5xota0a1fcr.cloudfront.net/v6/charts/UGIHJIVXK3Q4TVC7WBN75DTP4XZZ45ESZN3ZOFQ46WUYXIECZG2EN7A4FO2OVWSMKGX5KQMTSWONBTXLWSUJUEY=,True,other
19786050,2,Camino verde,0.0,NC,7.7,"[19.262753, -99.190989]","[19.260054, -99.192262]",25.3,329.8,egqtBtfl|QJHRHx@JvAx@bA\`B`@lAn@~Af@TL,False,https://d3o5xota0a1fcr.cloudfront.net/v6/charts/VVDOC5YXKTWN7UBOX3F775ANUWACEVGSPOSO4Z75P3QAN2GPEIXAAKBTMV63YLI7IZ6NQDLADF26EY4DJRESHVQ=,True,other
2109061,2,a Del Rosal Climb,1.0,4,5.4,"[19.2765433, -99.1669577]","[19.2628842, -99.1727088]",93.2,1711.9,k}stBnpg|Qd@X~@Zl@BfAZR@^TPDNJvAj@vBl@XAh@E`Bq@j@E\@d@HNAHCLWNOb@Mb@GPCz@Rz@^ZHj@ZRBTJr@^PPdAl@PFdFhCPDZPvB~@p@`@~@r@VNl@P|Ax@LJRDr@Xp@^p@VRLn@XNLnAv@f@RbAh@fAt@xApAr@h@HBl@K,False,https://d3o5xota0a1fcr.cloudfront.net/v6/charts/GWEQAA4YQCOPTXGTQ2KLND2MTO2GJMNHDQITERYIEL5P34F6552KAG3DM4N5PUE6KTVSQGXBEAG7GSNJAYIVDTQ=,True,other
11111486,2,blvd fuentes,0.0,NC,-0.1,"[19.281192, -99.187032]","[19.281155, -99.187033]",48.0,2289.2,mzttB~mk|Qu@mAa@c@mAeBUWu@aA_@Q_BWMEu@Kg@Qk@c@]eAGi@Iy@GkCIm@[s@y@sAm@u@aAaB}AqBsAaAoAq@uCkBQCe@Aa@JkAPH?f@M^Mb@Ab@D`Ab@\TvBfAfBbAb@^R`@b@r@|AtBzAjCPb@PfADzBJvAJb@N\X`@XPb@NxB\`A^nAlAj@n@j@bAxAtB,False,https://d3o5xota0a1fcr.cloudfront.net/v6/charts/RLGGGNKPOJGWFZPM35VQLPRTLAMGMKM4X45R2HBOZCSVYYRGFHOYL3TMMMQ2MQAXMO3XRP267ENG2NVEEM7HQ6Q=,True,other
19647326,2,Vuelta a la pluma,0.0,NC,0.0,"[19.264267, -99.176871]","[19.264266, -99.176849]",18.1,568.0,spqtBnni|Qz@T^FDD@H@z@OfDEZBhACx@CTIBM?q@OUOEM?_@ESAYBkBVoDAUFc@,False,https://d3o5xota0a1fcr.cloudfront.net/v6/charts/VEJQUEVPMBQC4SHO7XPH743PFHOGIQH5IYAHZY64XLQJK4IBLRYAQEA2BIWOPUEKP77REDSOLEBOBVFYJZRLL5Q=,True,other
39169666,2,Camino al xitle de (Tlalpuente hasta el PECDMX),,NC,5.2,"[19.25359, -99.180349]","[19.253246, -99.192667]",75.4,1435.5,}motBddj|QTtA\lAH\B\CtAE`@a@vAE^ILGV@j@F^Cl@?pBJbAJb@L\LPLXHJh@dAPVl@n@XTz@d@RR`@b@LXFVE\IVMVCPIt@EnAFl@Tb@Vx@@VMx@@l@Ff@CRCdAM^W^[jAYx@w@v@SZITGPDnAe@pBWp@]`@,False,https://d3o5xota0a1fcr.cloudfront.net/v6/charts/5JJOREUCWTIGQ5FWJAVVS2EQMB2P5ZMBUVWVQJ2WCOOFIRCOMVONP2MV2MKNKORJKAOMAWKWQTGRDJHKJ42RYVPW,True,other
17604807,2,Vuelta a la cancha deportivo ,0.0,NC,0.0,"[19.268176, -99.176372]","[19.26816, -99.176368]",5.4,241.6,airtBjki|QG`@BJFDn@Db@?RDFABEFgA?OCCuAGQ@IDCDCZ,False,https://d3o5xota0a1fcr.cloudfront.net/v6/charts/BAJMTFKUCD3RGZJMANJQKMX2RNV6F3AVIAPHL4IUFQ3ENAVHZKAPL5TGWGCCEXAANU7PJPJWKLF3XYWCFQ2HZVZ7,True,other
19480132,2,pista la Alfombra,0.0,NC,-0.0,"[19.262577, -99.182339]","[19.26256, -99.182338]",10.0,294.0,afqtBrpj|QLD`@A~@Id@ORKRc@?KGWGGUGUA}@T[@UHIDKNIZBVJN,False,https://d3o5xota0a1fcr.cloudfront.net/v6/charts/KNGOCOKY5WUW5VYOGOPF5APNGQIFFKOIOCQXGSTTVQ2NTOPTOG2FWQIMUWRXCVUD7O4TKEFLL5AE372OVOJIOFNP,True,track
18492136,2,Diligencias de clavel a violeta,0.0,NC,3.7,"[19.27181, -99.167376]","[19.268727, -99.169277]",15.4,409.3,w_stBbsg|QRDb@NP@FBt@^H@^ZTLRDV@nAp@LPXPVHh@X|@RNJZl@\Z@DHJNFNLD?,False,https://d3o5xota0a1fcr.cloudfront.net/v6/charts/AV4W4M457KHUTNDKQZNZJVWU65VUWZXLYIPLUPENPMCTWBCFB6RPM7T5C4LD6NM7RHAOZD325WUO64RIOZAFQ7KG,True,other
19537928,2,Tlalmille Climb al 10%,1.0,4,9.5,"[19.262545, -99.182429]","[19.261715, -99.188979]",85.9,899.3,{eqtBdqj|QL`@AJU`AK|@WdACT@^h@`@b@JNQPITBNJHBR@PCJ@l@j@R@JFBHBNIh@?ZSx@Cd@EHYLEL?JFd@AJQp@?REPC^MXAXITQVKjASbA@HHHrATPJFLJfAH\@JITON_@l@,False,https://d3o5xota0a1fcr.cloudfront.net/v6/charts/YFUUHQ26ED7YGMR3K3UCYSEJLNXTVWSGHPL7IPTTMWAF2AOXFQYZF7DVHXGTYDPIWBMA3K3JUWJNLPG56RDNRO4A,True,other
19660793,2,Cerro de la Cruz climb,2.0,3,36.1,"[19.260375, -99.135258]","[19.257791, -99.138458]",186.2,516.0,ixptBjja|QBAJD@JJBDCJFJCDFB?DVHNJHL\PPBHZRH@BDLT@NHFHZVJHA\JBFNJR@?RF@BFB?DFDBFL?LDD@BF??FDNAJFBDA@NRT@JCTNRNNCTD\B?BXD@FR^HFJLH,False,https://d3o5xota0a1fcr.cloudfront.net/v6/charts/NC3ZMAYKFCMGJ26AYYQGOPGCVIBOMB6OJSZ7TP5JEIGC5CV2CBB7KX7EN2W735T5YQ7BU27OSECHTSSSFCJGPCFI,True,other
14173139,2,Club - Circuito,0.0,NC,-0.2,"[19.277379, -99.139034]","[19.277393, -99.13901]",14.0,1098.8,qbttB~ab|Q@NJPPJ?DFHLFJADCPi@NOD@ALMLK`AKZCl@DNHDj@HDD@F?z@Cd@EJCDQOMAMBEDGNMh@AT@NAVBDLFbBJPB\?DBLR?NF@NGTAZJNOHQ?GBo@BWM[AYBi@F]AQCE[Mq@_AEK@e@Cm@Mc@EIMEe@@GCIAMBECKUAMJW?QGG_@U_@Go@]GDEPGh@CB@PFT,False,https://d3o5xota0a1fcr.cloudfront.net/v6/charts/HNWNGFOCQ22ULJ3DJW7FTCLZINFFOQ5BUTFCC2GGNESYYYCRIZFBMWY5MNDQXVLXCW356HUA6ABKXCD3RUNX43A=,True,other
17858707,2,Down to Santa Cruz,0.0,NC,-2.0,"[19.268791, -99.140295]","[19.256447, -99.133422]",40.7,1772.7,}lrtBzib|QZaDPg@@SxA{EFs@Am@ByAJk@R_@VULQz@[h@YFIrAc@x@w@l@Un@]|@]p@IV?^In@_@d@Uh@i@`Cy@x@g@j@IRQNSNIdAYXEVKRCrBq@RMVEp@SpBs@b@CXKZEr@@b@Ef@Dl@GjBDpAJ~ATj@L`BPPAlAPhAJ,False,https://d3o5xota0a1fcr.cloudfront.net/v6/charts/RJR7FJL2EEWUBRNL2U3OG7WHZCDUIBSHTWCN4VYXDBDEAW76RK23KNUZ7HS45BF65AFEUQ7BMDEP3I6JBQUUOL5Z,True,other
16804099,2,Subida de la Joya hasta el Reclu,0.0,NC,7.7,"[19.278905, -99.142434]","[19.276542, -99.143177]",22.9,296.5,clttBfwb|QVNV?VBRC`@M\CV@rACh@Bp@V^d@v@r@Z`@,False,https://d3o5xota0a1fcr.cloudfront.net/v6/charts/H4S2DUVMXDDUO5HRA36IHEY2I2WNFKKCAJK4LFDDYANOWKZKFYDPOJQO6HMGKVTHDYXM5LERKD5QPHQOTPSZG2Y=,True,other
28409496,2,Parque BRS completo,0.0,NC,0.0,"[19.281046, -99.133151]","[19.281047, -99.133099]",8.5,587.1,oyttBf}`|QUGi@CE@U\Oz@M\?NZtBHN\NXGHQ?[N}@HI\@PFXBPCPGTQDICOJOJ?VGh@e@@MOMk@Og@?eCM,False,https://d3o5xota0a1fcr.cloudfront.net/v6/charts/PK33VN636ALEOOVCW4APOXMKQ4ZJ4YIZRVQQXYAK7LBNW2BYTMDYXFC4GGUTJEU2FWRJMDJPUS4SFOZZB2RYZYSW,True,park
20523289,2,subida a la cruz de xochitepec,2.0,3,16.6,"[19.254276, -99.133658]","[19.257782, -99.138498]",224.9,1312.6,erotBj`a|QGJ@XKf@J\JPVZVb@x@x@hB~@JVXFDNJBHHFPFABDHCHBV`@@NNh@BRFJANDZCROj@Ub@Ij@Sh@IdAMt@STELM~AS\WTWFoADo@f@]ROFm@HYDo@As@Fe@Hc@Cu@BkB@e@ISAKG_@Gm@WKIMQGCWOc@}@YEUe@G?,False,https://d3o5xota0a1fcr.cloudfront.net/v6/charts/ZACJ5AIZ5HYRF6QQVM7H3LJWYZSTGYTNIT3AQ2XVITOG6QCNU77YIH3XBAEZETYIRBOCFDEZX6OTE7WMXU6DOGEF,True,other
20523291,2,bajada de cruz xochitepec,0.0,NC,-16.6,"[19.257764, -99.138492]","[19.25434, -99.133668]",220.4,1323.4,_hptBr~a|QC@?LHNRPRFLRJLTFRPHDZ\fAd@\HZDrA?|AG~@@f@GZ@LE\C\JH?RIf@WTQRYNKRIh@CZG\MVUPk@B_Ad@qAXsBn@wBDc@A[WoAIUAMOWMIQLGAEKBQIEe@g@UGCYICQO[GKMu@g@e@i@OY[]KUC[OGCGBIJU,False,https://d3o5xota0a1fcr.cloudfront.net/v6/charts/SDOZXX6STTGSBKZZP6HCSYEQEG37AUSK26QKIVG46YUROU3FOYCH4D6AKQY5ELR4MKWNSKXFAEITVYOUYJEMZ6CU,True,other
35946521,2,primer km Tri,0.0,NC,-0.6,"[19.259788, -99.153849]","[19.258227, -99.147441]",9.6,1000.8,stptBp~d|QFa@ToBBc@He@XeC?_@KeASk@O{@g@mBc@uASe@eAeAkAaA]Ui@k@KYCU@MJQRI|@Q`Bc@j@A`@KH@PIFG\OvAYx@WfCk@,False,https://d3o5xota0a1fcr.cloudfront.net/v6/charts/PI4N5JDEKLNLCOK5WFGIVDAN7U7W2CNEY5KMPAWHOVCYWTZHOKEJIYEVZSK2R55YFQLV27R6M4HO3FBICC7JGQI=,True,other
36358022,2,el pato CGM,0.0,NC,0.2,"[19.282315, -99.155989]","[19.281666, -99.155922]",4.6,963.1,mautB|ke|QMGgAUqA]_AQOGKMCQ@KdAeEIg@Sg@K_@Cg@F_@Xa@BUDGRBh@VBFFTANUdAYd@ATn@dA`@^\`@LRFRFr@FLf@T\`@JHTF|@Pt@Rb@HJJ@HGHO@SGi@W_@E,False,https://d3o5xota0a1fcr.cloudfront.net/v6/charts/HBJXEN2JRA2HOBSI56TYA6VOTUUGMB42SF47OTUH757AGS7Q5JVT5U56PDLRJPS6IW2L72FQZ7IYRIXU6HGC2TA=,True,other
35946531,2,el ultimo jalon tri ,0.0,NC,-0.2,"[19.257546, -99.147248]","[19.258278, -99.148958]",4.4,1235.9,sfptBhuc|QoLpCwAf@mANqBf@SJIHCL@LHRJHRB~@WhGuAVKdE{@VKlBe@LCD@HHXjAZjBXlA@LAFKHuDz@GAIM[aB,False,https://d3o5xota0a1fcr.cloudfront.net/v6/charts/OFX37EXCRZIV6EFQX3ER6CDNBMYVUZDAODENA47PT7TW6O6FL6NJYW227S37MXAYFPI4MIM6ACJOOVSRIAPICGJL,True,other
19371680,2,5k Pavo Cacheton,0.0,NC,0.0,"[19.25324, -99.10572]","[19.25315, -99.10574]",9.3,4751.8,wkotBvq{{QxFr@uOvs@~FbJaCrBkJhNw@xAc@j@g@b@mIvLwFpIZMvPqVhAoAt@yA|GaKnA_B`A}@bAs@oGwJlCgMzEeTjDiPgFo@,False,https://d3o5xota0a1fcr.cloudfront.net/v6/charts/IPR4YJKKKV3T6SSJIPDPSRNEILVYTIP2GAF2KSUMOVTAGCALLYOX3M2NOJOLBDHMUE4VRN5KB75YHK4XQYWZT4AR,True,other
38275226,2,circuito de las Towers,,NC,0.0,"[19.268126, -99.128552]","[19.268094, -99.128502]",6.6,888.4,whrtBn``|Q@Dh@f@b@VVn@RtBDLJzBHd@?NFh@RdCHf@J~@HZNTJ?BKASW_CM_BQsAG_@Cc@Gc@a@wDQa@WWy@qAMIKH,False,https://d3o5xota0a1fcr.cloudfront.net/v6/charts/AEUN6IYFXQVEPIVFZPVJEY6LOIWAJYRQBFYV3PBXFKMXZKDLPPIJAWOUXE2P7D5RAWFSTG43WDMV6LMQDFGFM7KQ,True,other
33902902,2,Campos de béisbol - Deportivo Xochimilco,0.0,NC,-0.0,"[19.25609, -99.110713]","[19.256077, -99.110652]",8.0,1092.4,q}otB~p|{QRm@C]_@Gg@@aAa@UAEBKXUjAEf@hB|CdB~BjAdBfAtA^XD@TK\S~@ONKDa@Lg@Ra@?c@WUo@Kk@C{@[a@IEKTu@@_@MQEAk@B]KUCe@Ba@KECM[Be@BORe@,False,https://d3o5xota0a1fcr.cloudfront.net/v6/charts/DVM6P3K4AKWBP54YMF35G3TLSKQ3I4TAOP2WSYB7XSABLAAB4E2LYMCBWCQCMCVLY5WUTYXRZOHFS5KOAPTQHDQ=,True,other
33902957,2,Pista Xochimilco,0.0,NC,0.0,"[19.253633, -99.106514]","[19.253589, -99.106555]",8.9,394.4,enotBvv{{Q[@OJMNGRCVD\JNfA^`B`@b@BPGLML]Da@EUKMs@W}@Oi@OUC,False,https://d3o5xota0a1fcr.cloudfront.net/v6/charts/MPPTK2YS6D7SDHWQ6D3VTUTD25BL2QB2DHLZUSVG6YPNSRERZMC4JSMBXEEAOESKFKXK6VNKRVR5SJHXOBTYBWQ=,True,track
15939848,2,Cuenca lechera por la derecha,0.0,NC,0.0,"[19.265136, -99.073224]","[19.265155, -99.073323]",5.6,10800.3,avqtBtfu{QAE?UOOsBm@k@[w@[{CaAYOy@]c@Ia@Sm@QGECO@I|@sBRq@?GAOQ_@qAmAc@m@g@a@eAcAs@a@u@We@OeBa@m@Ie@OeAi@iAWm@IMICGp@{B\qBRq@V{@Te@Ps@L]No@\eA`@kBbAoCRgA`@uARcAh@kBp@sBN{@\uAZy@P_AX}@`@kBb@mA`@qAFc@HQAa@JYJQT_A\u@Pk@P[XeAb@iABQVy@d@iBb@sADU\cANs@Ty@Hg@X_AN{@l@gBDSNc@Li@r@yBT{ApAsDTw@DIZkA\y@r@uC^kA`@iBRo@BWLg@@SCIKQIEgA_@wAs@sA]{@MYIu@a@aA]QCWK]Ea@Oq@M{Ai@QEKGmA[UMq@Oi@Yw@Qg@SmBk@cAa@{@UMIk@U]Eu@YSOaB_@[AE@CJRtAXj@R|@P^H\?PS|AGTKVaBbAS^I`@GnBBZAdBBV@~@Bb@@d@Jt@@`@N|ABnACvAIn@_@fA}@tBk@bAORc@~@QVWj@OX]|@a@v@_@f@g@fAQn@Q|@Qt@Sr@a@x@]d@iAv@e@b@mAvAg@r@_BzAa@p@SPUXQLYXk@v@e@^q@v@CJo@f@gAhA]b@_@l@g@xAQ\_@bAQ\St@e@fAOh@}@~Bm@|AQn@w@jBa@lA{@nBY~@g@jAW~@e@dAiCjHm@rAUz@Q\_@lAm@xAU^[~@Yl@_@jA?HFFdBd@t@^t@Rl@Hz@Mf@@j@\f@NdA^v@d@dA\ZPt@Vh@NZPHh@Ib@?JBJZPZFNFHL?FETWj@e@hBSj@e@nB[~@_@xAIPOx@Ur@?TDFXT`A^tB`Al@Jz@TpCz@nBp@b@Rj@Nh@XfAXbA`@VG^g@Na@Vy@`@aCJSLEF?z@LV@t@NtAd@F?FAJKRkATcAJ_AHe@@]H]Ju@HWJKB?RBbBd@b@HfAZb@Jb@Px@RXLr@Lp@Tf@LhAZTJVFp@RnAd@fCj@`AZlAV^V\NpATxBj@N?RMH[RiAFULWRw@Hi@Pu@Dc@l@cCZaBTs@L[,False,https://d3o5xota0a1fcr.cloudfront.net/v6/charts/6YEQBP6TGASFP6YYPVZJWNWRBNGCESIY4ZKP2IBYKUSPB3SPMXKZZ4TW4W4SBUW2DJHQDAV6ZXMSXBZ6LCZ3EWIP,True,other
13307517,2,Baso Regulador-Tlahuac,0.0,NC,0.0,"[19.280629, -99.045876]","[19.280567, -99.045903]",4.0,2695.1,{vttBv{o{QjG|@xBb@bFv@hGhA`@KLg@ViBdA_Fb@uBR{@v@aEr@_Dh@uC^kA`AyBT_@`AaCCc@Oc@@_@GMSMe@_AQOg@BmANcE`@oADiCXkADuCRg@F{BLe@D_@XGLKb@KlAi@bDS~A_ArFwAnJq@nDIx@EL,False,https://d3o5xota0a1fcr.cloudfront.net/v6/charts/TUGA7EIPWUSTGSJXU47V7KKNRFYQVJNPBPQPJGHAWL5TNKS2IUJPSSNON5M7SMCFKQKDS7X53PN2IQZ3VB4II2WT,True,other
28102494,2,Chalco-Bosque Tlahuac,0.0,NC,2.3,"[19.273443, -99.040384]","[19.273487, -99.040368]",80.2,2735.3,_jstBlyn{Qg@EKDMH{@hBo@xAc@dB{BxK_A~Dy@`EUz@Oz@S~@K\GFM@qAKg@QoFy@oGiAoCc@c@Km@GKGCOHs@fAuGHa@BURgAPsAhAqHX_BPs@h@{DDYLYPSJGNCzAIf@IhEWlAMfAEtEc@x@Ef@G`CSZ?F@FHPh@X^JPHx@P^BZ?H[v@DPRD,False,https://d3o5xota0a1fcr.cloudfront.net/v6/charts/OCYRJZ7UEQKG5UP6KPFVC4ZAKTIPJDOO7O57L3XMNJQQRV253EHNV4YJKRYUPFJOF2POFM73I6NTP766ZTC5YVI=,True,park
22908340,2,Paseo ecologico,0.0,NC,-0.3,"[19.281327, -99.048604]","[19.28071, -99.046032]",3.3,988.1,g{ttBxlp{QvAFfA?jAKhABVKVUfAeBXYNIn@G~@@vC?h@BRA^MPYDO@YIe@GKMKQIqASuFQUGmAi@c@MsAGOEw@[o@[OK,False,https://d3o5xota0a1fcr.cloudfront.net/v6/charts/53JFL4QAV5SLLLLST6QXPTH2K3WU3FJRDOBLZSI4H5HOCQ7H3SYB6OD4TWFRZZ2A4W7EULBODXAEBG6O3OQF2AQ=,True,other
25486431,2,Reto Los Reyes Del Segmento,0.0,NC,-0.1,"[19.27634, -99.048864]","[19.276336, -99.048951]",10.8,10003.9,c|stBlnp{Qd@aA`@oAr@eBf@uBHSh@qCHs@b@{ANy@Rq@\qBz@aEZgBn@yCTwAXeAx@kBz@iBd@e@xDsIJ[|@}D\aED}A\cCHgARiAJaAJe@JgDAk@@q@HcAF_FJiBViBDq@jAoFFk@Tw@^wBNqAJc@F{@PqAFeBN{@PqADiAL{A@q@RsCBi@Hc@De@j@}J\cDJq@Fo@IEmC@]DWN[DoAQ_@So@U[Be@JSLWX]FiBc@}@YsASQDk@x@e@h@S|@Y~@KJSBOC]M}@Uc@WcA[mEeA[WEWLo@v@_CD]To@@K?Su@KM?m@GaAOOEo@WIGCK?MFa@V_A?MCCKCoAEcAWaAO_C]uBg@yCk@QMB_@Fg@N{AClAGr@A^B@JBh@?bB\ZBf@PnALjAXlCj@d@Nz@PFHAPKrA?ZJFd@BxAXr@Vn@JDN?Fk@rDMh@M`A?JFFbBPbCp@FDN@z@\tAVZ?DEb@yATa@v@q@Va@^GzAXl@RjAT`@JXCJQVI~AGVDj@RjAHXGZOxAChALBBBRElA]jDKfBU~BED?\Y|GEb@CNCn@I\KjC?^QdBUpAOvBKZCd@G`@KlBGb@MZm@bDK\[nBQt@M\Gd@WjAGdAG^Cp@Gd@EbDEp@CnA@j@AXED?~AWfCMd@Sd@YpDObAIhAI^BfAEbAEVMd@W`B_@zAAZQj@i@lA[^Yt@QVc@nAOXQRELWZ]p@UVi@rAUx@OT]|BQx@_@tAy@fF[tAKXS~Aa@nAUhAMXC^Ol@Ef@I\Of@Ib@Yl@QbAOh@Qd@[t@GC[r@KBEJE?,False,https://d3o5xota0a1fcr.cloudfront.net/v6/charts/3INGKONB7T5HT2SR6OR3TCET7VINC6RFXZWHMGR6LIDIRTVTO5YZCVP3IXKH5O52C64HGY7HLSHUUGUWNYSAUE6Y,True,other
11926261,2,Vuelta contorno del deportivo,0.0,NC,0.0,"[19.274931, -99.001014]","[19.274905, -99.000992]",1.3,1125.0,isstBjcg{QT_@x@aADKHe@JYr@kANuABu@CCW@aACyD]sCOSAi@H]?ODELSdA]~GWxC@HpCj@\L\D^JP?VBDC@OHMl@QDGf@eAp@}@,False,https://d3o5xota0a1fcr.cloudfront.net/v6/charts/CADPO4J44NY74RRMAXMPR3WLVXLUMXIERH3V3U5HT5TEH7BB3OAM24WTBL7WJBSS3JQIK4GMXO7B6G2Y5TPREYQ=,True,other
20553856,2,Pista San Jose,0.0,NC,-0.0,"[19.274989, -99.000693]","[19.274955, -99.000673]",1.0,413.3,ssstBjag{QR@`@INODKDO?_@GYQUSImBIi@Gi@AMBKHS\Ab@R`@b@RzCV,False,https://d3o5xota0a1fcr.cloudfront.net/v6/charts/OLXFTVKEYXSUJXSB2IWQWFZZG4UCMJTXD4D6POWLU4Y6UNR6QYXVGOXHPOOHHCKXMHOIAUP4H252RXVRWJD4JQFK,True,track
18250121,2,Xochi.- 5 Km,0.0,NC,0.0,"[19.256535, -99.021042]","[19.256543, -99.020955]",7.5,347.6,i`ptBp`k{Q\{ANaA@_@EMSKc@MY?SLIVIf@YnAAXDJJFb@Ld@@LG,False,https://d3o5xota0a1fcr.cloudfront.net/v6/charts/5ZPX4PUFYPUZ2VEESS2GLYGWXFX7VOIKHSXY4CB4CJIL7IESSOXXQEFTDGA44LOECBFN7D54SWCXNBMF2QHQ6EI=,True,other
26082865,2,Running deportivo Colocio.,0.0,NC,0.1,"[19.274371, -98.941677]","[19.274372, -98.941709]",1.6,669.9,yostBnp{zQA[ZuCAa@kAaAQCqAfA]Rk@d@]TMTWnDEfAFD`A?VEjDMHSFUB]CCJk@,False,https://d3o5xota0a1fcr.cloudfront.net/v6/charts/H4W3QDY63FWMY2SQIK7XBAGMXUBUHICWNYPI5A3S7KX6S77S63VRJFVX7RM2GRMOD3KESY2QXMWC6BK5CPWJM44H,True,other
25499859,2,Vuelta ciclopista Xicotencatl,0.0,NC,-0.1,"[19.253602, -98.935218]","[19.253266, -98.934948]",1.8,1427.2,_notBbhzzQ~@]TEX?ZHTPj@XF?HEj@CRIVQTWn@_@ZCf@D^?RCVORQLSDa@Ng@\aC`@qBBQAQQc@IOYMY?eBOeBZ_AZe@ViA^aAn@wAb@gAb@e@JwCbAm@NQHKJQTGP?LBHRLF@HANE`@S\@ZLnAt@NPTb@LJLFT?\KVMXE,False,https://d3o5xota0a1fcr.cloudfront.net/v6/charts/WHLMJBXOWW7QBKCHVQJHLJYRKQ6SEKYHRHCQCTJLIH72LS3RLHUXCFTV2ETXUFCMXHXGAJ7RMO2JKH4OH6B5F2Q=,True,track
25146873,2,Subida Volcán Xico,1.0,4,4.4,"[19.256341, -98.937526]","[19.264598, -98.942462]",105.1,2316.6,c_ptBpvzzQ\PTR\f@lArA`@l@j@bA\b@VX^j@J\L\RfA\x@Nx@Fz@F^D`CLvBGn@ShASp@Wp@EXQf@y@tAMXIFI@m@Yi@KU@ODa@t@SPa@Te@z@]Zm@z@aBhBEFCNAd@QPq@JMHQVqC|@WFu@Dk@LsAHo@NQAg@Ia@?YEU@k@Ec@Mw@Is@Mq@U[S[MYUi@Qy@e@SUMIQSc@YMS[Yc@YEMCYS[M]}@kAg@y@c@aACS]cAQy@GgAI_@@}@,False,https://d3o5xota0a1fcr.cloudfront.net/v6/charts/UY2GYJ2VAKZMOIHO2NREC2Y3RI5YIMXRC6CEMVFRW2OCKDOXHVSHZL2ST776EECJH2L4UUG4VOM6ONKII74E34UY,True,other
34007387,2,Contorno Volcán Xico,0.0,NC,0.0,"[19.262387, -98.938041]","[19.2626, -98.938199]",67.3,3370.0,{dqtBxyzzQh@]|@QZKhBu@ZIxAQf@AtADlAF|CVn@BTBhATp@Jz@Vp@b@`@b@ZLt@Jh@\PNh@x@^^V`@r@l@d@n@NXX^JZX`@HTFh@L`@Fl@Ct@Ll@FdAGz@St@?PBRA`@O`AMXEd@]pASHEFMWO@CA?ICAOBELBj@ATc@fAKL]RQPwBzCsArAIVA\ETUPqA`@eAh@_@D}@Vg@DiBZ{@H}BO[@{AGkA_@k@KWQ_Ac@MKaA[_Ao@Y[YQc@_@e@k@[WGIIc@g@aAUUm@y@e@gAIUScAKW_@}AMq@A_@BmAFo@@sBp@}C\aAHe@La@j@oAd@y@\s@`@q@X_@VQh@Sp@i@,False,https://d3o5xota0a1fcr.cloudfront.net/v6/charts/JPS6HZZDI4JNGLDOWHR7TOCKAB4G4K5MABUDRPWIMZKY4I4VMCPKEQJPXWF2QBC2RUK3UM6RQZLWNYAPPIO5ABQ=,True,other
38307023,2,Panteón - Caseta Xico,,NC,5.5,"[19.256337, -98.936496]","[19.255296, -98.944181]",54.5,993.2,a_ptBbpzzQU`@O~@BXDPFb@R`@NJL@NLHRh@p@`@v@h@v@NRd@XR\HFXXR^`@f@Fp@Rf@Ft@Th@DN?h@BTPl@Jx@Bx@Ad@@HC`@?z@AF@PKT?PI^Er@GPWh@Md@Qb@CHIHWf@KJGPMNGAGFE?ICGCWW,False,https://d3o5xota0a1fcr.cloudfront.net/v6/charts/P6ZN7IUV6GQRK6IQ5BXYHSRC3Z45JUTMDM3ZXUIO6W4TE6WE3U3MAZGYY4WS4QC2THHGK37RBNMBY67Z7W2I4OY=,True,other
36286347,2,Circuito ciclopista running ,0.0,NC,0.0,"[19.274849, -98.939152]","[19.274888, -98.939134]",0.7,742.6,wrstBv`{zQIh@?b@Df@L`@Tf@^b@XT^Lb@Fj@Ar@In@S\S\[R]Pc@Fi@@s@Em@Ke@O_@Wa@YWg@Qa@EsA?c@Fg@Ni@Z[^Sf@Id@,False,https://d3o5xota0a1fcr.cloudfront.net/v6/charts/II7NXL7BUV5UOTLNKND7DOUYLA54ZHQP65GK2XROFZHKKMBG7GU6XPKVN36EKK5KYPV34AWYZLJTNARB26ZNEVDO,True,track
22372422,2,Recta Torres,0.0,NC,0.9,"[19.25807, -98.909475]","[19.252478, -98.904673]",7.8,808.6,}iptBfguzQ^[\Qx@W`@i@Vg@NOVKf@Kf@_@RSh@s@x@i@pDeDp@e@n@o@zAoAf@g@lDoCp@q@dAw@,False,https://d3o5xota0a1fcr.cloudfront.net/v6/charts/HWRM7WIZA2VMYDWGLAAIMI7UZDPYI5IFE3LVC2MGP4HLQERRJ2Y3CEBUM642CI3B2UK45Q4WLEO2GLG65LHIX3A=,True,other
19921190,2,Barda Six Flags,0.0,NC,2.5,"[19.297457, -99.20514]","[19.292913, -99.211088]",31.0,1109.2,a`xtBb_o|QPPZJ`BRJC`@@d@GZ?lAFd@?d@HlBD\B`@AVBf@CPE~BHd@?^Gd@FP`@Df@G\Hz@?PJj@F~@DfAGZAv@UpABl@QfACd@@RCdDKjB@h@Ip@?TXZ,False,https://d3o5xota0a1fcr.cloudfront.net/v6/charts/7JATGXBFKOYCXBZ3VRFHXP6WX5A4WZRZ6SVJRFWDD3YS3IUFTB4ZKFTTB5KFD2TNT5R7HYENTFK6DDLWRFH4S7I=,True,other
19921193,2,Encumbrando la montaña,0.0,NC,-0.5,"[19.292712, -99.210999]","[19.286947, -99.203868]",34.4,1674.4,mbwtBvcp|QLEDIDKLU^UNAPD\VPT`@DnB]b@Dr@d@j@|@\bA\Vb@Er@\b@L\PL@hAXP@^@`BSb@Od@CPQHa@FEl@KVOBMOU?]Va@v@a@t@eARc@j@cAFoAGSE[Jo@\[BKAoAEi@JuAB{BCYMGQAY@C@?Dj@YJCDEDMBcBAyAWmA?a@Ka@]q@]WQEk@CWEOSCU@[DON]V_@Fa@,False,https://d3o5xota0a1fcr.cloudfront.net/v6/charts/J22BNPTZWJD7VP2OFJINYYWCSKJV43KM4N25EK7675TSSAVLKVQ4ZW2KP7BA2FD6BNNKOWD77ZSLIUY4IZI246I=,True,other
19867209,2,Tartán parque fuentes,0.0,NC,-0.3,"[19.309883, -99.214598]","[19.309876, -99.21451]",5.8,436.2,wmztBfzp|QDMGq@?k@FaAAQK[@c@EYAIE?c@Hg@BMJE`@JXBf@DzDDDRBFAVOXAHM@O,False,https://d3o5xota0a1fcr.cloudfront.net/v6/charts/YZ6HSEHVIFAJN3SG5ZTZCBHSHTYDHREITIT6QYUHP54RWTM5FHPACOYNGHACSUA63O5M3SONKZKGL33DK72FNH2U,True,park
10766269,2,Pegado a la barda,1.0,4,3.8,"[19.297268, -99.199252]","[19.287425, -99.211572]",97.8,2606.9,{~wtBjzm|Q@l@Nf@Vj@ALDLb@\HJTh@J`@FJXPCNWd@ST_@PG@g@IQB_@d@IRDTP`@Fd@DL?fAFb@Ej@KTc@j@AH?TCTBb@CROd@MlADjAEr@B`@h@`@ZFb@Af@GvAEP?RFnA@p@?`AHnB?zADrA?|BGVH`@T?f@MbCPlAB~AQ|C?f@@b@S|CAnBQrC?dAFT`@Pl@GNQTm@`@KHBx@~@`@F`Cu@b@@`@XJLVbAL\@RJP\TJBb@Ed@RhATzAV`@Lf@Hf@?nBOZYNa@h@UVO,False,https://d3o5xota0a1fcr.cloudfront.net/v6/charts/2H3BPE72HI3UZIW6Q44K4BNYJPS6OG3VZ7NQCIM7IHHVCKOEDRXNEVMHGS6JYTF6TGE5RXIS3TERTCPLU4C6E6Q=,True,other
5096833,2,Tizimín Climb,0.0,NC,4.3,"[19.287042, -99.202687]","[19.286911, -99.210582]",40.4,931.4,__vtBxon|QDd@@d@IjAH|AENWPS\Cd@@RR^FBL?VGXATJZv@Pn@@^^fBBjBBv@?RENEp@DlBKr@AXCp@@pBKLSNK^?VP`@A\BRCRS`@Op@Q\[Z,False,https://d3o5xota0a1fcr.cloudfront.net/v6/charts/BQV7IACS2TBQB6HT33WHGATD7W446BBYO46MSNSJJJXNONEJIQD2H6AORL2XMQBD5EUJNMUUP2U3YW4XR6OIEG6B,True,other
27286191,2,subida muro fuentes ,0.0,NC,4.2,"[19.307602, -99.224512]","[19.306681, -99.227212]",12.8,304.0,o_ztBfxr|QLx@PpBFTPZTt@NVNr@fAzD,False,https://d3o5xota0a1fcr.cloudfront.net/v6/charts/CX2TPZLL5LCSHTCNWUQ2E4C4WCOJ7D5XD3MINCJ7M7S2RGXQTDVXB6BMNPHR6KC5OB4OOCPJC6VFLUCH7ADHXPY=,True,other
20096957,2,⛰Subida Salvaje Bosque de Tlalpan ,0.0,NC,23.1,"[19.291426, -99.197502]","[19.289623, -99.198639]",60.6,262.0,kzvtBlom|QlAHnBbBn@Nr@HZETREDPNFf@?L,False,https://d3o5xota0a1fcr.cloudfront.net/v6/charts/F7XHD2EYHDAEUGHYXI2TYUMNLDZ54X33ES4MNFSOVQHJCUS3KRSREYFEEPPMUNI4Y33BZIBBRS5YD3UG27WRF2JV,True,park
13123653,2,Pizarra Up,0.0,NC,3.6,"[19.313415, -99.20867]","[19.311828, -99.210393]",9.3,254.9,yc{tBduo|Qd@n@`@^n@bA^`@LRVXNVn@p@~@j@,False,https://d3o5xota0a1fcr.cloudfront.net/v6/charts/44BSOKWWF7AFLAV62XASTYSMUH6V4I4QFGIHHJDSGQPEPPHOXZ3KCLERI2BLHQQVNQHEGQQGD6ZUUMWC6AGNUQRS,True,other
27316699,2,Camino Sta Teresa - Montaña Loop,0.0,NC,-0.2,"[19.308356, -99.201695]","[19.308354, -99.201687]",11.2,1322.3,edztBrin|Q~@o@t@[r@QdBo@XI`@C~Bw@VERKXI~@w@l@{@f@]pAs@FSCCI?_@@ODs@A_@?KEYEg@QuAMO@u@RQAg@HOJ[Pc@r@k@f@eAxAo@b@WZWR_@`@]Xc@Xi@l@YRs@TWNCJBXBJb@p@PHF?RM\k@b@_@b@YJK,False,https://d3o5xota0a1fcr.cloudfront.net/v6/charts/B55FMOTFNXNJ2O5X6ZZTT5XP6ECGFMMBQ7QX5ONVJ2755EM2VY4VGXZDGBE2CDEEPGUKFIEBAI35B7XHWZHNXIY=,True,other
20061250,2,Santa Teresa con Loop Ladera,0.0,NC,-0.2,"[19.304438, -99.199356]","[19.309001, -99.20237]",6.0,1061.8,ukytB~zm|QAFEDSLgA\}@f@W^k@f@MXQJe@NOHc@H]Pq@JGAMGAGA]EGAI?IHo@^m@lAq@TWJENDh@n@PDNLRDLLBHCH[f@_@TMNG@OAa@PwBf@QJkBd@m@X]F{@ZwA~@o@\i@^MTWt@@L,False,https://d3o5xota0a1fcr.cloudfront.net/v6/charts/5NO7S4QK7CMVGOHDQWJY3A2LWJM5YBTC5Q2RS2JARPN2M2ZQXBEVZ5GZGV5TQA26VS2TXJ7JHDPTCWRYPPJIABDS,True,other
3794570,2,Circuito Bosque de Pedregal,0.0,NC,0.0,"[19.295783, -99.1937968]","[19.2957277, -99.1936278]",22.5,915.2,suwtBfxl|Q?_@Ng@T]VG|@?bAK`ABt@El@I`@EjCDt@Kl@C`@JTX@ZEXO\qAfBST_@R_@Cy@S_@AgANsBPg@C[EyAo@WWa@o@B],False,https://d3o5xota0a1fcr.cloudfront.net/v6/charts/FWHVUTCSU4RU4RE3DS4QFOXCT4OGUPRMAQFRPUMPMXWIXAIA247IQY7GXNTXRDOEED3L4R777ET4VUX2OVPGSLSK,True,park
10712277,2,subida posgrado a insurgentes,0.0,NC,0.4,"[19.308149, -99.184885]","[19.310713, -99.186616]",1.8,359.9,{bztBp`k|QOd@uBjCqCfCq@Tg@BmB@a@B,False,https://d3o5xota0a1fcr.cloudfront.net/v6/charts/5Z3N25ONB2RR2V6GJ4IXZKV4C6LWGAFCATHCWNGXILSFRZEA53SLBGYXGZSA2PALUU27SUXGDOZ7OOLADNFURP3Q,True,other
23231799,2,Universum vs. MUAC,0.0,NC,1.1,"[19.308183, -99.17996]","[19.313981, -99.185948]",18.0,1048.8,ccztBvaj|QEEQEcAV}ACg@I_ALUAQDg@Ve@^W`@G^a@xA]j@i@~AQb@STMn@Yb@Wx@YtAA^KZId@[v@Kh@C`@[|@EVDj@Ej@Od@GHOFa@ZUBWLUBY?Q@[Ni@Jy@Cu@HOA,False,https://d3o5xota0a1fcr.cloudfront.net/v6/charts/Y6RCFNSQHPJJCYMNWTXKGCEEVKJ3KOAQVGX4KAADR5DBOCVF2YOLURPFRALCR6XXF6GHY5FE5Z4IDRFJQH2I2GQ=,True,other
27231221,2,3K LQS,0.0,NC,0.0,"[19.312015, -99.185285]","[19.311902, -99.184948]",9.6,3029.0,a{ztB`ck|QGTQP}@^u@RITBJRJ\?ZI`A_@VCNBHHTb@J\F`@?ZSl@?LFRHFVBzA@REb@WPEpBO`ACj@@XGp@cAr@s@v@eAxBkCBUESKEM@MPE^OXm@r@mAhAs@z@u@p@g@Xm@HsCJs@@UEMESMKOk@oAs@sA[uAEi@?]Lw@Ro@LUn@aCDWlAsEL_@P[PgAT{@Vg@Hi@Xi@VWh@_@\Ox@KhAGzBDp@LL?NQFYG]IIQIKAeARo@@g@A_@@_@As@D[Fa@Pa@`@k@`Ai@lBqChIa@tB_@tAc@xBC^AdA,False,https://d3o5xota0a1fcr.cloudfront.net/v6/charts/WGEAMM32XUGR33KG4I4PZ55U3BDLRBRGNRQ52OVJHILQ2SN5ANUNTQIR3LWIE4DKDBJCDDXZ34JOOTZAC6REVSY=,True,other
23962133,2,El paseo del filósofo ,0.0,NC,0.3,"[19.313969, -99.179116]","[19.311244, -99.18213]",2.7,671.2,gg{tBn|i|QJnA?^BVE`@G\Cn@I`@Ax@MrA?b@KbAAXB`ADNFJVPp@HV@n@Ox@MXA^Ih@Eh@?`AKVAZI^Bn@MVD,False,https://d3o5xota0a1fcr.cloudfront.net/v6/charts/CDYSKVEQH3UU3MKV6LPO75AER5RCWVZDSHQKWYUIRTXZL5LWU4BKL4AZ2KAMAWRS2JGXBQXLFYFTS73Y4QPG44I=,True,other
12971475,2,Vuelta Pista Villa Olimpica,0.0,NC,0.0,"[19.29943, -99.188051]","[19.299401, -99.188056]",3.7,405.8,mlxtBjtk|Q{CAc@HKJS^A^L`@^Td@BlABhAC`@SPa@?e@S_@c@S,False,https://d3o5xota0a1fcr.cloudfront.net/v6/charts/OI3WKTZ633D667KGSGVSIKCY6QMCVVH5CZESZ7L722WB6MM2APIQYGAIMJKDN7ZDTVN2L35NAITQBA3FQA3LTGG2,True,track
26822354,2,delfín madrigal a circuito cultural,0.0,NC,1.1,"[19.312267, -99.170792]","[19.307867, -99.18038]",14.0,1140.0,s|ztBnhh|QPVRb@l@h@|@tA`@fAJf@D\Rn@`@z@Rn@l@dAXr@ZjAF`@h@tAb@xA\v@b@|@Rj@R|@f@|ATd@|@bCJh@`@nAFb@`AzCLj@fAvC@FAFMF,False,https://d3o5xota0a1fcr.cloudfront.net/v6/charts/Z7ESRUKSYUBQKBNQCWYOWATUYXT5A6GQMMAIVEIVJBBXLIM57W3EIOFDOKY36UAH63VWPCUX2CMVA75MRMK3UP4Y,True,other
27490277,2,Trail Periferia BT,0.0,NC,-0.0,"[19.287771, -99.196147]","[19.287747, -99.196149]",152.4,6416.9,qcvtB|fm|Qa@m@YGk@kAm@u@a@_@WSIO[Og@e@aAo@c@MuAq@OQG[e@m@aAYY[O_@o@s@KG]AMCaA}@cBaAOs@_@WuA[_@E{AG}AU]Co@@URMh@ItAWvBKRIF_@F]@_ALKFWxAMd@u@`CEHeAnAQXUf@Ob@?JPV`@N`@B@DA^@FFD\HHHDr@P^?HK^Ef@Mf@[N]b@k@`@a@f@UNA~@Ob@FX@\e@x@If@@l@Gh@b@pABNATHHRFTPl@zAXPANOZm@b@WD[C]GQFOZQP?TZv@B\JXDf@Cf@Dl@CRKTQVMHMRAj@D\@RUpAMjADj@Id@Bb@HPb@TJBvBNr@@^C~@HnABh@Ff@?rBFNCjABpBGf@@`@GXAZNBbAK|A@XXdAHbBK|AIl@CpAUvEAvAQxB?x@DVFHRJV@\KFKTu@POX@NDJH\`@PPXBnAUPAl@@`@F\NFJNf@LRNn@h@VV@b@FjA`@b@Jn@HjAV^F|@C`AITMN]DQFKd@KNIPQYe@@_@RUf@WtAmAb@uARe@D{@EUK[AOBWBC^WHKB_@Ci@Ge@E_AFaAAo@JmABs@CyAFu@Co@Ie@]iBo@yAQIa@B_@AUQIa@?QBORYVUBK@]_@qANi@Hk@IaAQi@OcADe@C]BWCm@LuAJcBTu@Py@HcA`@aB@MIw@M]@]Ai@YsBCi@WgBKUU]g@e@U[Q[KGIA@E,False,https://d3o5xota0a1fcr.cloudfront.net/v6/charts/4S7YWHFODA7BBIWUPEXRNM3L62MXQNYLN7H3CBFQ3AHWI5ZPG6MPWQY772DTVW6XIF2CEESFZ5EZ7NRRVOJJZJPX,True,other
26312673,2,pista parque cantera,0.0,NC,0.3,"[19.312076, -99.166809]","[19.312089, -99.16684]",5.0,337.5,m{ztBpog|QCS@M\oA@MASEIUKWIW?IDGHGPi@nCCZDHFFh@TPBJCHETu@,False,https://d3o5xota0a1fcr.cloudfront.net/v6/charts/257J65F7VW23HUP52SOIOE6O7XWGSDWV6IAWLZ5UP5FSB6NY6UI2XHANHFEEEGIBRXKLRU3W6QD5XIW7E7HHMMQ=,True,track
11659102,2,Botanicus Loop,0.0,NC,-0.0,"[19.311472, -99.196079]","[19.311478, -99.195965]",8.6,2054.3,uwztBnfm|QCHSQWFUVMHWZG@c@DUJ]?OFO@WAODILG?sAU[Uw@M]_@KQSMq@m@WIY@UGG?WLCJWJw@DWLU?yAc@g@Ga@Se@OCAOYMKo@MO@ICKEQBG?UWOIUEa@?e@WSC_@O]USAKCQSK{@MYm@Wo@s@WSBF`@LRNTTXNLf@Jv@HPRLpA`@ZPNDXBf@TbAJb@Vx@PTLNP\VVNRBRFbAHf@LP@XGf@U`BSXANDVPb@d@ZJHHJb@N\RHb@Dt@EZ@x@CTBz@K`DqAPU,False,https://d3o5xota0a1fcr.cloudfront.net/v6/charts/W2METPIPQTQ7WLA3OEB3VBGTXTR3A5Y76IHN64T63I2XVYJL7ZXTHWEWWOCWDIOQT3DWSTKL6EDWCEJ3NV4ZW37B,True,other
17538476,2,Trotapista Vergel de Coyoacán,0.0,NC,0.0,"[19.301486, -99.13771]","[19.301471, -99.137698]",0.8,777.4,gyxtBtya|QAGe@OkASg@ESLg@EC??IGIkASc@Cg@KI@QL[EAUc@KO?MNWCEUe@IO@Id@ZTL?FSTDR\`@CFG^BFNnB\b@@\Gd@J@NFDjC\b@?DAP_@,False,https://d3o5xota0a1fcr.cloudfront.net/v6/charts/Z5QEEP26RMX7ZHTNPH2DGGXYSPINAU44A5VST5LYMVI43IF7PDLVDEEXXOL4JARYXK6FUCZSKA46CE6AZGTDEEW4,True,track
8820746,2,Vuelta Parque Prados Coapa,0.0,NC,0.0,"[19.298533, -99.134091]","[19.298531, -99.134071]",3.7,1144.9,yfxtBbca|Q~BS~AA`AEVq@b@_Bx@aCNi@Fe@QC{ESkCCcB@m@AyB@aADQFCR@pAL|GJNbAElEE,False,https://d3o5xota0a1fcr.cloudfront.net/v6/charts/PWEFHQRD7VFIIOU4HERN26MU43KRARC7DKJJ6DTMIYEQTSNSNES5PJ3T52R5SQMHBKY55NQ2KVVH7A4ORWRMIRA=,True,park
18895251,2,Vuelta parque la Wafflería,0.0,NC,0.0,"[19.297719, -99.141603]","[19.297724, -99.141601]",5.9,454.8,uaxtB`rb|Qm@tCYz@WjAIVAJFHP?FIJc@Bu@Te@Jc@?iBBGZSZa@?UGMGCIBKl@,False,https://d3o5xota0a1fcr.cloudfront.net/v6/charts/45GZ7GLJJF6BW4RT633UH6BLKPZUJIG75AGRFPNKSZ2MW23BGHPM6IP2YSZGBXIHPHIMFNP66WPADSA5MRZYJVDX,True,park
27561437,2,"San Guillermo a san Ricky, por la avenida",0.0,NC,-1.2,"[19.311701, -99.162252]","[19.310258, -99.157123]",8.0,565.5,cyztBbsf|QCWH{@\qA~AuHRmATq@TiAV{@Hq@La@ZeBRw@@MC_@,False,https://d3o5xota0a1fcr.cloudfront.net/v6/charts/YPV34UBKHO3OCBNH2SVRFYDX6HXY5AZ5YLATM4ZDTJOVR5E4V4HQT2Y4B7PFAX7BVCJLZXXUNLT2MHLH4QEXJ7Q=,True,other
16622662,2,550m Parque Prado Coapa,0.0,NC,-0.5,"[19.298069, -99.132618]","[19.298051, -99.132478]",2.8,515.5,{cxtBzy`|Q@oAU[e@Eg@BExBDtAGf@FnA?l@`@Bh@?VE@i@AsA@oACi@@i@,False,https://d3o5xota0a1fcr.cloudfront.net/v6/charts/X7GCFQJHDZAFQGT3RBGX3Q25HVKGABVC3RZL4MRULDM2NZZBMDFEFURYUTIPRUMT4AUUHDN5IS5N44YEIFOJEKTL,True,park
12256595,2,Mexico City Backroom staff lap,0.0,NC,-0.1,"[19.303709, -99.158948]","[19.30364, -99.158876]",5.3,875.7,cgytBl~e|QSa@Oe@w@yDOm@y@eEA?_@uAi@aCG[@KRYB?FFBH|@lEpCdM^l@Of@?D,False,https://d3o5xota0a1fcr.cloudfront.net/v6/charts/T6V5BKUWWYCQJXPER6WAJOJDVKT325WHJ4VQCAEQFGKM5WY3HTPZFVGYOIOLFUX3T3PFORD77C5LLTGUN42HVZZN,True,other
21110805,2,Circuito Buenaventura,0.0,NC,0.0,"[19.284825, -99.158407]","[19.284816, -99.158306]",7.6,770.6,cqutB`{e|Qj@RzBjA~@b@pBv@NJl@x@`@XRVZP\Ld@?ZFDA?ECAeASg@UUSiAuAMMuEqBkAo@q@WYI,False,https://d3o5xota0a1fcr.cloudfront.net/v6/charts/2OHH5SC3VBKCNZAAKWP3VNGA7P7ZP6XELCHP4RAJF3JPGV5PUZT7WWEKBBZWT76N2AVN7HYTW2WMNXIUBD4SHGA=,True,other
37827671,2,Vuelta Parque Toriello,0.0,NC,-0.1,"[19.293095, -99.160505]","[19.293142, -99.160556]",3.0,404.0,ydwtBdhf|QMP?f@ETUf@Mb@CXFPRLdANf@N\@LUFa@^uAA[{Bu@m@M,False,https://d3o5xota0a1fcr.cloudfront.net/v6/charts/CD6WZCD25CHDMZRNAWRN3DMB5KODF2ESVDQWQ2XLBVQLXAG5EUBGNN3OWU4SKUM556GDQUZJ7UMAGRHNM7VXGZY=,True,park
38988842,2,400m - TEC CCM,,NC,-0.0,"[19.286776, -99.142071]","[19.28681, -99.142033]",2.4,434.8,i}utB~tb|Q|AvATJ^D^CTKTWH_@Aa@CKQ[sBiB[Ka@A[JIDKLOZC\F^DJNP,False,https://d3o5xota0a1fcr.cloudfront.net/v6/charts/E4SKL5B4HDMARSEWGZMVJRILA2L5TXOFYGD6ZIRFER3TQWHWVIB3IK2FFAS4MVN32L5UKI37ZKQCRETVZPPR4344,True,other
37683052,2,Calle Miguel Hidalgo,0.0,NC,0.2,"[19.287526, -99.161751]","[19.286402, -99.157928]",2.2,423.2,_bvtB~of|QBSAc@Jg@FI@QPa@JaANa@NeALiAJa@BQ?I`@wANSAELa@Pu@?YB[Vm@,False,https://d3o5xota0a1fcr.cloudfront.net/v6/charts/5PD7SDU2PL3DNSC6KTKL2ZQPZRJ56TSVXSBM7BYUMQ7RUET2H5SK5RKZEKUPUK3QNML3R2DESTJPK532S3KHZS6T,True,other
25439351,2,covid ,0.0,NC,0.0,"[19.288137, -99.103121]","[19.288149, -99.103155]",1.8,8319.9,yevtBpa{{Q|ENhCNn@@bBLhA@fCNhA@jAHdABjCLvBDhJl@t@Ap@Fl@At@Ht@@nBLfEHzDRlAB^Dz@?nALvBJ`EHdFXd@D`@LLJHP@NIzCEXKNIBW?aCMyCEiDSeBCuDOmAGiAOaAG}DIaAI_FKo@?qBSaBEY@WF[LsAx@KDQ@wAGwBSiBEwAQwBBoBEoAMiG_@yAA{@Ou@Ae@EsBCsDWmA?k@EeAA]Bi@AgAMm@Ai@EOE[][i@i@WC?CDTDPHb@n@TPn@Nd@FhBBnALd@@P?XEf@?tCJb@Dr@DVDn@@b@DbA@d@Dn@NdABrAP~ACxALx@D`BAp@B`CVx@A|@Fp@@n@HXAb@DtA?n@BNCx@k@r@c@XGJ?fBLxBJz@JjCF|@J|@?zEVrB?tBN`@?rAJzADlBPzHTtAHLCFIBIHcCAaACKOUUK_@GeCOmBE{CQwEMe@Ec@@sEMaAIuGWk@EyGY[Ea@CcA@w@GmAEeH[cACsAIwEMm@GoDImEWkEO,False,https://d3o5xota0a1fcr.cloudfront.net/v6/charts/ZDDL5R2NYRPSLWXR2KWGW7JLZU6GV2YGFA6KP4DD4GFRQT3FM3FGC4HGXT4TG57VWDGVDGJP5XO7AUJZISUJA===,True,other
11293480,2,cuemanco,0.0,NC,0.0,"[19.290553, -99.102785]","[19.289761, -99.102963]",5.3,5066.5,}tvtBl_{{QZHt@DTF`ANbC@hCLzBF`@DxADvCR~DLpAChALp@BZJr@ArCTjFBlDVvAR`AArAJbCBnAHtCHn@DlBBtAJzBHbAJjAC|AJ^FrB@nETd@AfCH`@Jd@T~@v@DJFPBZ@fAAd@IVSLQ@mGWoAA{@Og@C]GaABu@GQBw@@}BQq@?kAMg@Cw@AkDQU@QCwA@kAK]@o@CU@cDWc@?u@M_@Cg@DgAf@q@b@G?{@IwACa@?sAK{@?s@IiAAqBM_@GiACaAGU@}AE[?e@E_AAcCOe@?mAEcBK_AIwAASCk@O_@E_@@gBAsFSS]g@o@oAm@UCe@@WECE@KQSAE@WJe@Ga@Am@@m@DKDCVEhACpBJrB?bAFp@J`BHd@J,False,https://d3o5xota0a1fcr.cloudfront.net/v6/charts/3ERUC3A74MBKJWP6K4TSEY2GXUMN7C2PVVITNX6SC2VNVNA7TYRAYVZIB6ERCLAFZXF5I4WXEXCMKFOFN2SIBK2K,True,other
17720109,2,Cuemanco 5k,0.0,NC,-0.2,"[19.288602, -99.103133]","[19.288628, -99.103]",18.0,4993.8,whvtBra{{QXEpDDxGXpDJnH`@vADTCr@B`@DbBDbCNh@D~CJpAHpERhFNb@DbERhA@bEPpCF`DP`A@~AJv@@rAHJ@h@TLRDd@GdA?|AEPGJIFQ?iAGkAOmCK}@Ik@?uDMmBEiH_@mHWoCOk@Aa@EoEMe@D}@\_Ap@KBc@A}@GsAO_BG_A?i@Ce@GmBI}@?uBImAKcAEe@AcCO{GSgAIiBE}@KoKa@QEIG_AeAa@UQMmAESCUOGQ?sALaABo@DIRErAAdAFhBCv@DjA@\FDABEEY@QDOJC^@|ALNDLPBd@FJpAFh@?hAF,False,https://d3o5xota0a1fcr.cloudfront.net/v6/charts/R54CIWEHSWJLLSVPYR6HM2TFULSRQRPFTXDTNRSM2HTF2OQOSDPCJ3YJMNQ42VIB22MBCETGDYPHU7XIADQK43A=,True,other
14048030,2,Canal Nacional,0.0,NC,0.0,"[19.306537, -99.100146]","[19.306587, -99.100155]",19.3,5024.1,yxytB|nz{Q@BS@G@CAc@?MAKIOEe@B]?SKQCDBKGCBU@QGa@BMAECWAUBc@IEBUCW@M?m@IU@SECDSEc@@c@G[?OAQ@SGo@@w@Ec@?w@IE@IEG@qAEG@OEo@@_@AW?[EM@e@ES@}@AGCQ@YKG@AFQ?KGE?IDk@I[@i@Ie@?SCS@g@CMBeAMm@@_@Eg@?eAEQ@EBCCI@cAOS@s@EeAHq@Gm@?EAK?[Iu@AMG]@YKa@GS?_@EG@s@AIFK?CE_@HABO@DBG@GEOBO?MDAGOAOG?GOm@@G?FXOBFNEV@j@EHFb@HP?l@ExAH@DPFv@Fd@J^?ZFLCDBFAHI`@ILDVA`@BNBh@AHITJLB`@IT@NDJ@F?NIBBJALFN?JEF@?DD@`@@ZDFA^Jv@@LB?FNCJ@DBp@Cb@NLENBBDTGBJX@HAHGPA`@FZQF?OHBHPID@FDZA?DX?BDR?JBf@@NAF@BDFEF?P@DBf@CEDRHZAVDh@GPBNEDBP@f@IH@@BPJv@?JCT?LGj@HH?^JX?\@\GPNH@\EH@DCXDNEV?FCN@HCH@JJPD\AF@FC^DLFRAHBF?DEP?EBBCDBP@FGPLLCVBNADDXDAFDCj@?JCNAAEFAN@DDIDL@PEH?NHTALBDCJ?E@?DD@HABABEF?HDd@B`@LJAMBJFBAT?VBD@K@D?BBZA\FPCN@XEPF^@\E^BDAJHd@@TCTDh@?NHREBDH@?DF@?GD@BEZ?ZJd@@DBJ?BDJAn@KBFD?h@A`@DDAT@@EV?ZBJFlA@DAHFRCLD\AF@NALBPERDJ?Bj@Kd@MDCAWDGCE@WI?UCDIEe@AIDAEOADAOBu@CGCWBq@Em@IK?EB_@BWGy@EOEY@EEY@QE]?@Iq@Bs@A_AE[Gm@Ey@@MC_@BCG_@BYCUIa@Aq@@]IY?OAFCYAi@?IC[Ba@G,False,https://d3o5xota0a1fcr.cloudfront.net/v6/charts/MRY762ZBWFU3Q5L2N37VCMWT7YE4D7O4MYSZMT3RR6BO44TQXG4YVZASS6XA26CEE3MBIURMZD27JQJV2HQRZBBQ,True,other
14048054,2,Sprint final 800m,0.0,NC,0.2,"[19.30051, -99.100709]","[19.307914, -99.100039]",7.3,866.8,esxtBlrz{QY?IDAEOADAOBu@CGCWBq@Em@IK?EB_@BWGy@EOEY@EEY@QE]?@Iq@Bs@A_AE[Gm@Ey@@MC_@BCG_@BYCUIa@Aq@@]IY?OAFCYAi@?IC[Bu@Kw@?MCE@SCc@I[?SCaA?,False,https://d3o5xota0a1fcr.cloudfront.net/v6/charts/P2CHPWBGNDA4YSLRAGRAITNK5N2V3LTZT7YWIWGEY4EUZSCIXLEBHXAB6NXBPC2YFLQZCTLXA52VHVML3NUQEU3T,True,other
23696487,2,V. QUIETUD EXTERNO,0.0,NC,1.2,"[19.304835, -99.106259]","[19.304837, -99.106235]",12.6,1025.6,enytBbu{{QdAM\OnAArAQ~@ClBWl@AhAIl@G|@QrBQZSBYAe@Oe@KC{@DqCBiBJaC@{BPa@@_@AaABQHYt@G`@O^UbABJ,False,https://d3o5xota0a1fcr.cloudfront.net/v6/charts/4JCOXMMHLGJLIRBB7K53SXAU7NOA5PTIV64RQGXO7WAWIFMO5QSLH2M33ZHVZ3ZGZAW2R6535VKBIE3GMJI5FYNS,True,other
21549291,2,RUNNING SME 1.1KM,0.0,NC,-0.1,"[19.306382, -99.127954]","[19.306391, -99.127915]",4.0,1129.7,{wytBv|_|Q}@Wg@CSCyAe@mAUaAUc@Ii@AgBo@eBc@EMJ?D@hAFxB^ZNx@j@lCn@hA\`Cf@`@DZJNJZJX?HCXsAEWyA[QAG@UpACBUF,False,https://d3o5xota0a1fcr.cloudfront.net/v6/charts/KCWETL5G2XDNP4L3UL4DPJRNNLTKCGVTQUQSN5MMPNVONBQRMVYSPXYUHXNGNVSGRVWJYSFUAYVAYUCEEH7WCYC2,True,other
31062185,2,St. Cecilia,0.0,NC,0.0,"[19.311346, -99.10813]","[19.311422, -99.108065]",4.0,896.0,{vztBx`|{QHEDM?IIUQK[@_ACg@IKESAo@Sm@?e@GO?}@QWIMAW@UIa@EU?a@Ii@SS@UAgAQS?SPEJ?DBBXLp@Dx@L`ABtA`@d@BXFr@Dj@Ht@NN@HDV?fBNNAp@PJ?HC,False,https://d3o5xota0a1fcr.cloudfront.net/v6/charts/IJUOIS4ERFK5F3D3XL4VU6V5745MSGDWEPM774RCR6VPOEKN4ZBIPBEZVPVPOUIDEJWXGVQCLZFAJKOXGDTOFDT3,True,other
34719186,2,periferico de Acoxpa a Acoxpa - Dia del Padre,0.0,NC,0.1,"[19.289334, -99.114911]","[19.289453, -99.114869]",4.0,2031.8,imvtBfk}{Qu@uBeAeDgA{C}@gDiCaIaA}Cy@cCQo@Um@eAiDyBqGKACD@RRp@pDvKh@hBvAdEz@xBl@jBnAzDj@rBtC|INf@Pd@,False,https://d3o5xota0a1fcr.cloudfront.net/v6/charts/RQGYIYJJY4WYIJH2GH4QQAY22JKFHSR5FWFD5XHV6SCYTTFWOUORPTKKA753PMZI5HFF2ROWGCKM2C6HNXFQOQ4P,True,other
32634212,2,VILLA QUIETUD FULL,0.0,NC,0.3,"[19.304893, -99.106433]","[19.304873, -99.106422]",3.2,1267.2,qnytBfv{{Qb@Gf@KpAI`@Gz@GjAMN?nBW`BMz@Qn@EVAzASV?NIHO?c@Ak@CKIGQAi@@}AHUAk@DIACCE_@G{@AkACOACK?cADGHANDv@@|ACPID[DeA@w@HoA@{@Hs@@s@HIJKVMv@WhACVDH,False,https://d3o5xota0a1fcr.cloudfront.net/v6/charts/NCCKMQQXFRC4ZJYZGMFTUHD66MMXRB7G2NM7OJITPQAJNFPROFNAT6KXKOBSU7IG226ZWJTTF3YVSEQOKM7L2Y3L,True,other
26742792,2,el triángulo canal nacional iztapalapa,0.0,NC,-0.0,"[19.306683, -99.08995]","[19.306969, -99.089785]",11.6,4360.7,wyytBdox{QKRGBH?CBDFCL@D?d@Bh@Ad@Bf@DLAHCBDDh@zBRb@Np@Pp@b@dA\pADVXn@Rp@x@~Bj@bCXp@X|@DZN`@DXH\t@fBLl@Tj@`BjFHTXdATh@f@dBTj@HXAJGL[F_COk@A_@IcAKo@@SEW?_@KkADe@Ec@Aw@M[@WEs@F{CWO@[HgBWu@@KC}@Gg@?m@EM@aBKS@kBMo@BkBG}CWi@B]FWIY?c@IYAKCOMs@Dw@?WC]IS?WEYB]AYBi@JKAk@Mk@DYAk@Ma@Es@D_AI_@?QAu@Hk@Ag@KUKI[?oABUJUX[h@U^e@lB_ATQTW^SX[z@e@~@_Az@o@v@e@lAeAj@Yj@]d@]VWb@WXW\OZYx@e@\]hBmARSb@YPSl@_@jA}@n@o@`@UNOx@q@x@g@j@m@^SPQ\Ub@_@\QlCyBlA{@JOrAgAJOb@a@XMNA,False,https://d3o5xota0a1fcr.cloudfront.net/v6/charts/UNB45KETV2QTYA2LOD3TTW6WMDJPLVCLH6NPRXS5CCY5LDJVTT7LKF4IGBDQESAN4XH2WKMNR5FRRZA7BCHEWKA=,True,other
9016746,2,3km Vuelta a Xochimilco,0.0,NC,0.0,"[19.300079, -99.094424]","[19.300122, -99.094363]",7.6,3037.5,mpxtBdky{QBgBJ{@Ne@x@_BJa@BS?]I]Yu@Q]USWO{@UUMOOa@o@US}CwBkAoAaBaAaBsA[Ou@MWMQU]_AWY[Wm@So@Cw@@_@BYHOJ[`@Ut@QVQLu@XOLKN[|@y@fAMXId@?ZDb@Np@`AxCR\n@dANZDb@AdADl@Nr@j@bBP`@JPdAr@R`@D^EdAF^JNPJjA\^PPLLNLZF\H~BDd@H\R^TTVNx@ZZXFLDT?`ABRP^^VRFTB\Ap@KZ?VB`@Jf@RTRh@h@NJPBHANIFKJe@JaBHgDDwCVeBDe@PsI,False,https://d3o5xota0a1fcr.cloudfront.net/v6/charts/ZXSB7NFYJL3H3KG4ORQP3YK4NIXJMWUJEGXD6RCLASPJQLSSPQZYK35OCNUKG6OKKGU7EXKL5QR7NMEUQWGPUMI=,True,other
19270846,2,3km entrada por canal de chalco,0.0,NC,0.0,"[19.305844, -99.089401]","[19.305899, -99.089392]",12.4,3066.4,otytBxkx{Q}AdCO^IXE\D^Ln@|@vCVj@r@jALZJpCJv@Rz@L\T`@V\l@j@R^F^@~@Hb@LRPN~Ap@XRNTL\DZLnCF`@L`@f@`@~@f@ZXJTDPNtAFPLPTP`@FnBCp@DZJNJfA~@VHH@DCNMHSFWHo@PgD@kCBu@f@eDC_EHwCLcBBYDM~@gBJ]D_@@{@Sm@Sa@Y]aBcAoAmAuAy@]WkBkBsBmAsA}@qAm@UOUWg@w@QSYW]Oe@Kw@Ei@@_@FULSRk@`AW^[Xi@\,False,https://d3o5xota0a1fcr.cloudfront.net/v6/charts/4FANG7YQQR4FRBQ6C4MWVFPQXT32W7EX5FEBT5OOVJZZACAAP2WN6TGBG2N7LPCYEYIQVRLBL5NOM4TUA2ABBQQ=,True,other
30451002,2,Todo Canal El Bordo,0.0,NC,-0.0,"[19.286212, -99.097665]","[19.28536, -99.092492]",1.2,559.0,yyutBl_z{QHADGJo@NcCToBN}BPeBHmBBWJ[Jg@FiA\uD?]EO,False,https://d3o5xota0a1fcr.cloudfront.net/v6/charts/3OZTZUXUDBMELKWM6TDPTDPLNQ4I4HVAFW5SJD2S3KQ43MURVMQJEMCBYJPVESZNEGAKVA3HRYPSBNQUKGW7QPA=,True,other
30451010,2,Ida y vuelta hasta el fondo,0.0,NC,-0.0,"[19.294605, -99.090534]","[19.294568, -99.090557]",1.8,1916.4,gnwtBzrx{QSa@UQoBw@]S}@u@e@Ue@M_Ae@c@Qm@a@y@a@cAs@e@Sg@IUGe@[c@SmA{@_A_@}BmAoAg@e@MIAYJiCzBa@Xg@j@o@h@@BDGX]r@q@nByAb@Uf@a@^Gp@Pp@VfB~@hAf@|AfAhAl@`ATTH`@TfAx@b@Pd@XrAp@tAb@nA|@bBx@\Lb@VTb@,False,https://d3o5xota0a1fcr.cloudfront.net/v6/charts/RLYGO5HB3LHOS3S22B3GA42BBSHOB2R7L7JQOXFGOBOIUQHOODUBDMAD22SMAHM5CDYUMGROKDZH5WVDIAH767A=,True,other
30451016,2,por adentro,0.0,NC,-0.1,"[19.288669, -99.094901]","[19.294485, -99.091981]",1.2,796.2,civtBdny{QUOg@u@q@o@SYYQ[OqAg@kCe@_Aa@_@Wq@w@]o@YYc@Oe@Cs@HyBCMLg@n@URc@W]Ya@e@]o@Y]aAk@G@,False,https://d3o5xota0a1fcr.cloudfront.net/v6/charts/OLBWRLBDMXV7YYE5ZHJC4NIAIEYF2X4ZWNQ4FXYUMM2GZVAB6M7IBLAJYJX3IFMFF5NR4GOFZIHOOFYVDQMWPQQ=,True,other
30450998,2,Recta para llegar a El Bordo,0.0,NC,0.1,"[19.291764, -99.094372]","[19.285897, -99.095598]",1.0,709.1,o|vtBzjy{Q^Xd@Td@Fp@@`@Bb@Ld@TXHfANT?f@Dd@?LAf@Fd@CfA]?VVZT`@VJ`@FlCLd@Cl@U`Ab@x@DzAD,False,https://d3o5xota0a1fcr.cloudfront.net/v6/charts/PIWRCJ2TVOZHWHPBK6QVJFC3OJDCVVG3LDD7YZFHV5KG5AZC4LQ6XVOBBCJRBZ2O4TCLKILGAHRYXOOXJVVSPQY=,True,other
30451000,2,El Bordo hasta topar,0.0,NC,0.1,"[19.285854, -99.095599]","[19.285803, -99.095525]",1.0,468.5,qwutBnry{QFF?HMxBY~CQlA[T?HDBHADGJo@NcCZwCHuA,False,https://d3o5xota0a1fcr.cloudfront.net/v6/charts/6G5WIDLU4MS2U44CGQZNS4OMVYXYPZZ2BOCAXCMN7HGNFGAMMEM6RCH52PXSMZIC3UUXFAOHFY4NHKT6I33GCRY=,True,other
30451006,2,Ruta exterior completa,0.0,NC,-0.0,"[19.286212, -99.097665]","[19.301849, -99.088262]",2.8,2918.8,yyutBl_z{QHADGJo@NcCToBN}BPeBHmBBWJ[Jg@FiA\uD?]EOY_@cJmF_CeAiAo@iAg@mDB[NU`@cCnGw@`B]\]CgAg@_B_AeB{@W?QVy@`BW\KIc@_Aw@yAO_@c@aBMQa@[uAe@a@WSa@UQoBw@]S}@u@e@Ue@M_Ae@c@Qm@a@y@a@cAs@e@Sg@IUGe@[c@SmA{@_A_@}Ay@qAm@cA[IAYJiCzBa@Xg@j@o@h@@B,False,https://d3o5xota0a1fcr.cloudfront.net/v6/charts/KW65SM3QLUYMD3II3IQ53YZRBIOHKGQVRLHRWXUCXKCQQNV45E66E7VMKIGD4X2FQ6567Z4HCK6LNVR3CRSY4LA=,True,other
30450992,2,Empezando el circuito,0.0,NC,0.4,"[19.29629, -99.094211]","[19.292945, -99.096524]",2.6,568.7,yxwtBziy{QNh@|@bA\z@V|@PXd@TjAJ~A\l@\ZZf@nAB\Aj@H\VFxAMP[Z[DQPU,False,https://d3o5xota0a1fcr.cloudfront.net/v6/charts/Q7VHPC64WOQVKGOHWNCQBZX5G4KD3HE45P6ACL7UIBVU6Y4JXL36LDL2VHUV2EZHXIQADJTOGASD5DJZOBZ3F7A=,True,other
22908355,2,Vuelta por fuera de la pista,0.0,NC,-0.4,"[19.284873, -99.04935]","[19.284887, -99.049354]",3.9,648.1,mqutBlqp{QCPDVRPXPzFv@dCPJAFG?SMaBMaAKQQI}BYy@IoA?SFQJ_A|@_@X,False,https://d3o5xota0a1fcr.cloudfront.net/v6/charts/GHHZQYDVSSSFDMSRM5CIAVAQ5WKGTCY33F7TIKG4RNTFA3MX7K5FIQ7V4ADBAYKKTBUCVMNW5EH5GZY7VWFWPWI=,True,track
37689787,2,"Running ciclopista ""Lago Los Reyes""",0.0,NC,0.0,"[19.283985, -99.047235]","[19.284086, -99.047237]",0.8,1401.2,{kutBfdp{QLp@NXZd@p@j@PJZJT@`@Cp@Mv@c@p@i@|AaBz@g@VSXc@Nk@B]@cBL}@VoABUA]Ee@M[U_@UQUK_@Ia@CW?YB]L[N]`@Uf@I^MtAI\W\SL[L_@F_@@[G_@QSGm@Gc@Au@DSDWLWRY\Kf@IdA@\DLJPt@l@vAh@,False,https://d3o5xota0a1fcr.cloudfront.net/v6/charts/QOICX4I7HBDPQZQFUFIT5WTM6UI6BCKZVYLU77T5WCUBVSZPMAE2CA4U5CJKDCC5RSTETFS5N4IL6KKLY2ZSRTXC,True,track
13465670,2,Deportivo Tlaltenco,0.0,NC,0.0,"[19.29002, -99.014491]","[19.290012, -99.014487]",0.6,441.3,qqvtBrwi{QDe@FiAHe@Fy@COkCMc@FSnACh@K|AH@RJ`A?lADB?DG,False,https://d3o5xota0a1fcr.cloudfront.net/v6/charts/FSAHFF23GBUY3T33YO4K6E7VIFATNPN4OFWQDZGBV55X4HNXUXPYBQUWUZCRG6EUUFZNU7OKX6CYFMSUVJP6IYA=,True,other
24753451,2,San Rafael Atlixco,0.0,NC,0.4,"[19.29612, -99.02174]","[19.287079, -99.014007]",14.6,1296.9,uwwtBzdk{QXe@tCcClHqF|AoAn@a@tAgAbFoDl@e@t@s@r@{@tBuBlBsBp@{@fAeAp@w@pAgAp@e@dAk@b@QrA],False,https://d3o5xota0a1fcr.cloudfront.net/v6/charts/P5FE6ZQ26FUSHT4HY5342OECW7AXH4IEKJMHOXZY7N2VOBLRDTUFOGJKWRNGSQWBGX2AESTQ72BPXF2KKLOCZ7SW,True,other
15975386,2,Circuito-Tlaltenco,0.0,NC,0.0,"[19.291078, -99.009242]","[19.29109, -99.009307]",6.7,5047.3,exvtBxvh{Qi@Ie@Ae@H]?_BQaAEkBK{Ee@{B_@c@QWe@a@kAI_@UwA?}AB}@JkATeETuBLmBXcC~@mMb@eDd@iGTwBHOh@ClJx@tCRpB\lAFrEb@pBL~D\f@BxKdAd@BfF`@rBL`Ff@xDXVR?f@UzD\Xd@H`@LAv@SzB]jEIrBSvBGpASdD_@hE]hDI~BS`DQtA[`@yBzAe@NsBQsBYgESi@GuCe@wBMuGm@qFo@kAIg@?mCOkAC,False,https://d3o5xota0a1fcr.cloudfront.net/v6/charts/FGWHTBKSJUQ6PM5DUOAYF66WJD6VHH2TWQNYU4WXV34BSBC2HAZJQFL5MTFCIH4S7YNTRKE4TD4Q76G7KY7QXBY=,True,other
25080769,2,Puro trail,0.0,NC,2.5,"[19.292077, -98.989786]","[19.293438, -98.995181]",16.0,619.0,m~vtBd}d{QSCGDCHM~AGZInACHMj@IHQH]^S^[bA?VKz@A`@AJOxBEREl@QfA?r@GN?^QlBB^?X,False,https://d3o5xota0a1fcr.cloudfront.net/v6/charts/YQFZH2LZKOLX7AJXH6STNQI7HEDMSHVZES5GEHSV3SHEWCMKWNFC5U3NMTMDQ76H5HSEAQDFMMUXGGAI6EVJT6YC,True,other
21453099,2,CETIS 1 A Panteon,0.0,NC,0.0,"[19.294013, -98.997705]","[19.305481, -98.974627]",4.1,2898.2,qjwtBtnf{QJ}@JcCZmCJiBP{ALyBRqALyADQJgB?_@Fk@Ai@IkAYkA}@iBoAgB[k@a@c@o@mA]a@a@u@SUk@_AYa@Qa@w@cA_@k@a@a@EQOQKSOOYg@Y_@a@{@QWWe@OO[o@[g@WYUa@WYO]SUWk@Y_@GMk@y@IQa@q@WYM]OOq@iAa@a@KSSWm@mAq@y@i@kAq@{@a@q@M[gBgCWe@QUYo@iAqAIc@sAwBKUKMMYe@o@UQEQMU]c@_@o@U]m@cAi@s@OYMOEO]_@Wc@KKWg@M_@W[WWkCcE,False,https://d3o5xota0a1fcr.cloudfront.net/v6/charts/T66PNHALLZVGBJLEWL26UWK3TGHGQFBHQKOIINHL3KDXH2GLWNUULDYQNTC5SJ64SZCQAR6VJMXYGNYPDYHI63I=,True,other
20418675,2,Marraneras - Panteón,0.0,NC,-0.0,"[19.293347, -98.991841]","[19.306291, -98.9735]",4.1,2404.2,kfwtB`je{QMa@_@y@m@cAsAoBk@gAoAcBo@gASc@iAaBk@eAaAoAeA_BkEiHsB}Cm@cAgA_BoF}Im@}@o@eAiA}AcDcF}CgF}CqEwFeJ_B}BiHgL,False,https://d3o5xota0a1fcr.cloudfront.net/v6/charts/VHEPFTQW3LO75SQHAWVZIFHXCPQKMBY53FXBRT6AQ5LTTFILVSXTAQLC3O2AAK5EPMCFVCKOBVX2VFASUYIWZSRV,True,other
24753435,2,Av San Fco- 3 de Mayo,0.0,NC,0.1,"[19.307798, -98.976166]","[19.296472, -98.995195]",11.8,2576.5,u`ztB`hb{Qt@|@`@ZhBjBbBlAjAdA^ZNFTNb@d@\j@N\r@hAp@pAX^Xh@V^r@h@FJHh@Dj@?l@H`ADRRVj@`@\f@b@ZR\rAlAxCxDl@^|@t@rA`Ah@b@^T`@Hb@Np@ZXF^@jAMN?f@Pb@RZJNNh@xA`BzD`@hAF\dAjCFXAXq@vASh@CZAdBR|AXdAHh@Jf@@b@DVZnAj@nDRvAd@jCVdAF|@HjCAvB,False,https://d3o5xota0a1fcr.cloudfront.net/v6/charts/4IOAFTLTZAJM72TI65AZOFOL2D55MAAPNAOPS4VCJRDFU64RFVIZN2534BAI5AMJPEBJRVX4KWNC47RH45SJJYI=,True,other
21453113,2,Panteon a CETIS 1,0.0,NC,-0.0,"[19.305552, -98.974623]","[19.294058, -98.997662]",4.1,2906.0,urytBl~a{QhCrDT^HRZ\HNNJLLNd@NX^b@h@|@VXh@fAd@l@b@v@TPNb@LLXl@^\LXNLRXPLBH@THNj@v@JV\b@FRXh@XVTV`@n@FP^d@Xh@LNV`@JZ`@f@Vb@f@n@JXx@rAp@t@d@|@b@j@JZd@n@fAbBNb@r@jA\d@dBjCj@r@Xd@JZlBpCLL^p@TPh@fAj@v@Vb@FPTVXh@x@fAf@|@\\\d@Xh@Pd@NVp@|@LJr@vA\h@R^Pl@R`AFnAE|@WzCUrBKlBOxAMl@Cp@@RANQbAAZGXGx@?ZCf@Oj@@TEb@GN,False,https://d3o5xota0a1fcr.cloudfront.net/v6/charts/XCIRI5W6MOZSK27Z33ZP274HG4RAHEMKLVVIQK6YNF343I5YUFWSMQRINU24K5HXI3BCV6QKKADQSUL2Y3RX4UKD,True,other
38769420,2,400 M Deportivo,,NC,-0.2,"[19.303075, -98.95607]","[19.302915, -98.95605]",1.2,421.1,ecytBlj~zQ[Ve@f@yAjBG\D^LXPNXFP@`@KZ[fBcCFYAWESOYc@U,False,https://d3o5xota0a1fcr.cloudfront.net/v6/charts/C27O7IQM5BF64UGBFTHDPALOSWCVJLMROCPVHW5Q7LOR5YP4MV56GBOLISQD45BISDPWB22IEAMB3KD56BOKOTA=,True,other
38769431,2,Vuelta XL Deportivo,,NC,-0.0,"[19.303274, -98.954724]","[19.303271, -98.954697]",2.2,1563.3,mdytB`b~zQS@ID_@j@o@r@GRCd@INk@`@KDgAASHc@b@oAzAIPERHVp@l@xAzAL@HGx@kAv@_AFKDe@l@s@b@c@XSj@MB@?FGJiCxCOTGZ@ZDRPRTNPDXAVIROzAoBT[FUAe@K[UUg@WMU?KH?LHrAzANTF@DAvA}A?OAG[c@_AkAi@i@y@_AKGKCs@@,False,https://d3o5xota0a1fcr.cloudfront.net/v6/charts/7JCEG7ZZ7GJTCMPXMBD2GYSAJ4L47ZRJCXVSBL7DRMSQRBVS37JBKCF6G6NOUJZWKLOMVBW7T5WZPMQB3AU74ZQ=,True,other
38769448,2,Vuelta S Deportivo,0.0,NC,0.2,"[19.303271, -98.954697]","[19.303256, -98.954687]",2.4,891.6,mdytBza~zQQ?KDwAxAGLIv@_@\[N}@DWFOFWT_AbAc@l@CH?JDLJNrBpBVRF@JG|AgB`@k@Rg@PYtEeF@OM[MSa@a@SKo@@,False,https://d3o5xota0a1fcr.cloudfront.net/v6/charts/JT3PQ5QVAIZIHEZNDMHPFNRRV4JDUJC2IEPAKSXA2LAE6WSSXG6IQ7QDJGSYRVLOHWAXODYE5WGSHQRBTTEDGRI=,True,other
17751603,2,Cerro del elefante,0.0,NC,-0.1,"[19.295537, -98.914999]","[19.295586, -98.915028]",24.5,1111.4,atwtBvivzQTFf@Bn@Cd@MXQ^A~@Oj@Sh@KVUDO?MCGMIm@K[OUIKIKSY]Ka@KMKWQ[Uq@Yk@GUMUSQeAi@cAYOASKk@S_@Ee@?_@FS?CDADBF`@b@hBhBxAzBN~@JZKZ@ZAT_@r@?DDDXJHJD^GZ,False,https://d3o5xota0a1fcr.cloudfront.net/v6/charts/PULBAK7IG5VS37AG2HPLCWTDXO4ALFYBHRVNPRVDZSFFSKOFFTDKIVJ6BENPALREG3CXO7WOIQUAKQYXMZ2ZMIAE,True,other
27934708,2,Vuelta parque Unión de Guadalupe (Terracería),0.0,NC,0.0,"[19.286867, -98.910364]","[19.286867, -98.910346]",0.9,434.6,{}utBxluzQHm@d@_B@QESIMWKYCK@KFSTUl@Kn@MZWb@K\?HHNRJBDHj@PPL?VKHM`@}A,False,https://d3o5xota0a1fcr.cloudfront.net/v6/charts/3KWLHQ537CYFSUW3LVYHD3GBT6ULTJLS3TII3QRGQKCU63VQTZBFZKM35MOILAXJSH42JGTGDXLIPOIBLVWJP3A=,True,park
33706319,2,Ascenso al Elefante ,1.0,4,12.9,"[19.30143, -98.911991]","[19.295906, -98.914567]",151.3,1171.6,}xxtB~vuzQNJBJ?NMTC\On@@NLLTFR?n@Kh@B`B\z@AFBDFADeAh@a@Je@Pk@P]Da@@a@CM@GJAFDHz@RnACdAOh@Of@Gp@WP?lAe@VORUXIj@GTBl@@d@HR?NRXFVRDHLJHN`@^HBJAVHZD~@`@t@b@ZTn@|@NFJ?,False,https://d3o5xota0a1fcr.cloudfront.net/v6/charts/S2MFAKAXGB4YSC33KPWHS5WSJNAQCKR5SA4GVYL3P6DQC2V7VLS72JOMMMP3GRMLI7HY2MBKYLI6B5OIBDXRDTDQ,True,other
36991910,2,Explanada - Mirador,0.0,NC,2.3,"[19.295917, -98.914743]","[19.295223, -98.912423]",23.2,537.1,mvwtBdhvzQP]Z{@Lk@Dk@Gy@Wq@S[]y@W[[SSUQKk@k@U_@EYtA@rATVF^Nl@NNNZJ,False,https://d3o5xota0a1fcr.cloudfront.net/v6/charts/MLPBKW4FIBAPEZ6DLK2VHCLP5U2P7RCEBCRJLL5B62HAOZMJJK5SAZ2AQQ7FMT3G4POTZDGHXVZ2KJYHBG53BRY=,True,other
36503723,2,Explanada - Vigilante ,0.0,NC,7.3,"[19.295842, -98.914663]","[19.299451, -98.915993]",33.7,461.8,_vwtBtgvzQY\YFeB@_@@_BCc@FsBHUJMLIPQJkAD_@PYFi@Tk@|@GX?HB@,False,https://d3o5xota0a1fcr.cloudfront.net/v6/charts/VVOUXKEXX3G7GM674GO524UJVOBDIXUIHVFJTNHCSEMLFMY7KQEKN7IXCC2SEMOZUVL5MCL3Q7PCLDEFFEGXR52O,True,other
38435014,2,Escalada al elefante sur,2.0,3,43.7,"[19.291229, -98.913296]","[19.2936, -98.914552]",169.4,386.3,cyvtBb_vzQKPKBILKBAPO?IAADK?@BC@O@CCG@CBE?GECBAJG@KH]DCFGCGLG?AEKAYLQ@AJG@CAIHGL@JGDG@EH?NI?GHKAIJMGM?IJ@PCLI@KEk@G,False,https://d3o5xota0a1fcr.cloudfront.net/v6/charts/4XVYBTDVSGWXTNSIISS6JRJRN3EHYGGMHUHE4BKBYM7L6DCKZQV2EWXIGPRVOR3BZRZYTNFMRXHEB4I74IL34RUW,True,other
18351347,2,Vuelta Trota Pista Boulevard de La Luz,0.0,NC,0.0,"[19.316428, -99.213162]","[19.316441, -99.213148]",5.0,722.9,sv{tBhqp|Qc@FYNk@Ja@Lk@J[JSB[Hm@Fi@A[F]AQDUASCID_AJ]A?FBBTC\DVC`@@^Kp@ELDLCD?h@Lf@CjAk@JKt@SXAr@[bAKHC@GEEE?a@H,False,https://d3o5xota0a1fcr.cloudfront.net/v6/charts/IJ4PPQJOPGJPXESZNP7YTVLGS66QXOLDW2DBIFYH7AUFAQKBHXFG5VDXCO4QGZRUYFY3XBNJCPNJ5RPJEM6MGFI=,True,track
22430952,2,Av Toluca-Av San Bernabe,0.0,NC,2.3,"[19.341119, -99.206751]","[19.331588, -99.222455]",53.3,2269.7,}p`uBfio|Qd@n@Xd@l@p@Tf@ZVf@|@PTZTBN\`@Td@JDd@nAxArCVx@z@jBTp@T`@Rp@Lp@LtA@d@AfABf@?z@F`A@nCFb@@ZPpA`@|@^h@\r@Rh@LTd@n@HN\\n@t@Xd@FPRXn@l@BF?NPNNTTd@Tx@~@zADh@Nf@^z@`@pAP^Pr@RbABr@D\Gx@B^Gv@CLILCXLzAZhARXn@`@z@VtALx@OPGTOf@KPIZURGZW^S|@Ub@?,False,https://d3o5xota0a1fcr.cloudfront.net/v6/charts/ONK2JXZKLGMF2FRRS74OSLHFSM6C4YVL4B35VUT3IPMNVPAVICB4VUU2FDW6KRMJZIZNPEOP45UFKLWMFSM7M4ER,True,other
13123635,2,Nubes Norte - Nubes Sur,0.0,NC,-0.2,"[19.321628, -99.216802]","[19.315485, -99.213201]",16.8,1350.1,cw|tB`hq|QPHXDd@Zl@Pj@d@LXVb@Hd@DF|@~@RXPFPER[`@_@LSJIvBuAPQPITGjAPTLNDHF~@zBH|@FLH@h@Gb@Dh@Jb@TVCLEVWJW?a@Su@?y@^eCDk@HU?k@N_Ab@oBTi@Ng@TsAJkBNeA?o@JgA,False,https://d3o5xota0a1fcr.cloudfront.net/v6/charts/5UW5JIHKJC23V6H2OU3ZFRJK57UKSTCAVJ2ASE7ZY7LDJ7NUXAW4YPQJBBV645RG6TTUHU3TY6I4H5XXPLR2TJI=,True,other
12807039,2,vuelta pista libanés,0.0,NC,-0.0,"[19.335011, -99.221256]","[19.335001, -99.22124]",10.5,423.4,yj_uBzcr|QEQKQQIWIS@e@JQPKTAJDR?`ANhAN\Xb@h@JVANIT]La@@MEg@Ge@K_@Es@,False,https://d3o5xota0a1fcr.cloudfront.net/v6/charts/I6O2ZU5ECLK4OFI3CKVM2TAOAPHYGEMRKFGTDBWI3HIONX5LJLHTXLYHOWTIBHUC4JSM2STZ5XJMNKJ5UCVXVRRN,True,track
26222305,2,Subida Serpiete a Iglesia,0.0,NC,2.3,"[19.33242, -99.204209]","[19.315646, -99.212653]",50.0,2146.7,sz~tBhyn|Q|@]fCSlACr@Hz@Z\BXFfCjAp@h@l@Rb@@nBGt@Dj@Nt@\XVrAx@vC|AVThAv@pAv@^\`@Tf@b@^PNDR@XK\EHATDbBpAp@b@zBbAbB|A`Av@t@t@lA~@fAbAj@\r@n@\TnAb@jAp@bAr@XLNR`@Zx@t@t@^tBt@t@JzAb@V@d@Fp@BRDTA\B\JFBDN@J?V,False,https://d3o5xota0a1fcr.cloudfront.net/v6/charts/6KFXEK7YTXPMUQXDTWPSKQJFFZZFJZIC3MFBGHYIOD432IEXHD6L4BQEEUUWHEFDZGFUWIIIZPQE44HZ2DQGWUUC,True,other
6546968,2,a. Cerrada del Potrero Climb,0.0,NC,5.6,"[19.337903, -99.214624]","[19.336711, -99.225347]",71.4,1272.4,{|_uBlzp|QE@CUKEK@QASGQ?EBGAC@CFQr@AH@b@Cf@FPJr@?r@Et@LfACr@d@xDPp@Hd@R`@Jd@HHB`@DZ^zADVZ`AF^JXHt@Rx@Dd@P`@ANS\IT?h@EROf@BZDBDJGr@A`@Dd@DN@VPr@?^H^Fr@d@nCJX@VZxAHj@AJ,False,https://d3o5xota0a1fcr.cloudfront.net/v6/charts/CI2JTMI2K5QFNAHXIOMVYZAMMEZXZVO64VN6XVVQMB5LBPLJZHNEQBMEWSHF3CKUJWR264SMFXZM24LU2MMDOXZW,True,other
22187421,2,2 unidad,0.0,NC,-3.0,"[19.326447, -99.227067]","[19.331958, -99.213902]",61.1,2024.2,gu}tBdhs|Q_@e@I@y@y@e@[SIa@Ka@Cq@B]?UC[BcAIQGc@U[YUY]q@i@gDKg@O_@Q[a@i@_@a@a@iA_BsBq@m@c@Yy@QSEIGUYe@}@iAgCe@_BCYQq@o@mAy@iBGWcA{B{@{B{AoD?ONUVMTQJCHGj@a@b@c@`@U`@_@NSb@[TWJ_@?KAKQ]e@oA}@iFBMJER@p@J^NXFv@DJAPGLO,False,https://d3o5xota0a1fcr.cloudfront.net/v6/charts/UJZI6V3L7ADXQ2RN3HDPARXJPQ2EGR57YK3GFVKQLK3F3INA25IHEGFF5WU3R6UISOTMPKWWFESND7V3IXS3XJ67,True,other
38457522,2,Subida Crater,,NC,2.2,"[19.330327, -99.200191]","[19.315354, -99.212392]",52.4,2211.1,om~tBf`n|QRFLLl@jANNNFr@Rt@Jt@FfB\t@FZJNLPTRp@Fl@Dp@Hr@FRP`@LNl@d@jBhA`@Zx@b@j@b@|@^f@XZTv@t@lDfB^Vz@`@h@^fAj@b@`@lEhCr@h@b@Nb@Td@N|Bd@b@NLHj@l@|@|Av@`Ap@p@^TZ`@p@p@r@b@d@h@bAz@VNb@LNHPNh@l@^VPDd@@n@H`Bv@RP\f@Zz@f@pBLjA,False,https://d3o5xota0a1fcr.cloudfront.net/v6/charts/ZEC6XDOZ5IR6CZFHC72Z4L5EW52MFUJBZKKXLAQH5I4J4VA4G5WQ5J76XL4VU6YVGMU3KGXPOKHOOAJEHXPD7ZIA,True,other
28771273,2,Posentacos Lap,0.0,NC,0.0,"[19.336837, -99.226159]","[19.336504, -99.226161]",19.6,911.9,ev_uBnbs|QCB]@GQK{AMa@Mq@GMGe@AwADa@I]EAQq@MWKc@BA?GIgA?UQi@OcAOq@?Gb@IHE`@Fb@~ABXPl@Pz@Ld@Ah@Hd@JVFZVzBB`@FN`@rBF`B,False,https://d3o5xota0a1fcr.cloudfront.net/v6/charts/R5ZK2PS5GJI4LWGXF5M4KIGGCM55DXA37F5FHGSPTFAG2ZT6ANTUUKH2OPQJQZQNRTRNE7MRMNBB36DALV7NOYQ=,True,other
38586296,2,10k Ciclopista Up & Down | Wo&Oo,0.0,NC,-0.0,"[19.336655, -99.216605]","[19.3368, -99.216418]",107.2,10045.8,au_uBxfq|Qf@p@xCfD^j@n@jBVfAZ|@LPBNC^Td@DXRTJ\B`@HNBd@HT?LJf@@bAGj@BRCx@Qp@Hb@Ab@Lf@FLf@b@^Jf@\D@r@Bh@FZ?TE~@]PKVBTGFBJAfAq@t@YhAMf@Fd@TXR`@^N\t@x@|AdCh@p@Vd@Nd@TdAF|@VtAZd@RVXTPHfAXZGT@~@M~@FXHPLPV`A`@FFFNPRRHb@f@d@\ZJJ@RC?Br@Hh@AP@|@WXQZORQJSb@[z@MX@`@B`@Jf@FVRr@XXTXL~BtBd@h@rAnAHDd@f@pA`BVZb@Zh@v@~@~@`@h@d@d@p@f@NVd@ZTRfAXVPTFH?^NZAt@K`@OZS\[VILSLYV}@DmAJkALm@Tg@Ve@RWb@]fAYfAUtA?h@GfAD|@NVHr@d@Z^PZ^fAJ\H~@\dBx@dCH^P|Ad@tBHh@|@~C^x@VfAj@rAZ|@Zr@PXl@tARb@Z|@Tb@J^FFRf@PZZ`@v@f@\LH?VFVDx@AZ@r@Ax@O`@MZOZIj@Wd@a@d@MHGd@a@V_@VS[Lg@r@c@d@YLq@j@c@T_Bj@}ANuBIm@K{@a@c@g@KW_@g@m@}As@yBk@gA{@oBKa@i@kAW{@IWKw@Ua@a@iAKg@MSS_AQsAmAkGAKYgBM_@Mg@Yk@y@gAq@a@oAYEEWCuABaAFsBXg@Pc@Xi@f@_@r@M^Q~@At@Gl@W~@]v@SXq@b@e@Rm@Ja@AOC_Cw@OQe@SUYGCg@e@W_@kAaAi@{@q@u@o@_AyBwBY_@YYWa@]_@]]w@m@QIqAkAq@_@]KSMe@Ka@Gg@@gAR_@Lk@b@aAn@e@N{@Lm@?a@EgAe@s@q@_AoAiAm@i@Gg@Cc@Bq@Cu@Ae@G}@_@YWS[Yk@Me@WiBWcAUm@c@w@m@w@s@iAsAkBWUi@_@WIqAOk@D{A`@eBdAaA^s@Nm@?a@Es@Sw@o@a@o@Wy@Ic@?y@\_D@w@Ag@Ic@Q_@}@cC}@qDmAmD_AkAWWaBaCs@}@,False,https://d3o5xota0a1fcr.cloudfront.net/v6/charts/J6KNRM3VHRAAVQ6VMXKE4L6ZZCX3BBJMSRTVLWOFU7ELXPM3YL45FVMABEV5NOQSTSFU2XKOKCKKUU2GAYZSHRNA,True,track
9998161,2,Vuelta al Estadio Olímpico,0.0,NC,0.0,"[19.331951, -99.190062]","[19.332113, -99.190045]",19.8,1770.2,uw~tB|`l|Qb@C~@K`@AXBTC`AHxAb@^P\Tb@^TPZ^T`@P^\lAThB?`@G`AQz@a@nAa@j@oAtBg@f@{@n@a@X{Ar@_@Ne@HkAL}@FcABg@A_AU}@e@_@_@[_@_@eAI]c@}DO_AIaAEq@LaEBc@Hc@Pa@j@{@TUTKj@K~EU,False,https://d3o5xota0a1fcr.cloudfront.net/v6/charts/YRJYMDCGQHZ7PJ3ZJB3FKVDRXGITWPRG2KKYLXKXIMT6QMWHTIM6GWCESQR3WNLPGT63IC3LZQMMISWDY6IIWDI=,True,other
24532329,2,Subida al estadio JO68,0.0,NC,4.6,"[19.325316, -99.189346]","[19.322995, -99.194381]",32.9,708.5,en}tBl|k|QHPd@`@N\Fj@VpAB^Zp@h@pBP`@R^\~@lAfAb@r@h@d@D@Z?H@j@p@^Vb@RLLNl@Dn@C\Of@UXOHW@SCS@,False,https://d3o5xota0a1fcr.cloudfront.net/v6/charts/EP6WH7MDZFIBCAP7QH3TF33HGMIEGKVBOQLU7EJRT7W2XACLHMD2ETZQT6MNTU4KWPL7CEBELRLKILGZOUB7AJQ=,True,other
23231806,2,Fin de la subida,0.0,NC,0.6,"[19.317074, -99.180351]","[19.317162, -99.18652]",4.9,722.0,uz{tBfdj|QGtAKt@Cd@Dd@Gf@?x@Gd@AtAShCIf@GxB@f@Ix@AXCFAF?^Ep@?|AE~@SpAHf@NPHBH@PGf@W,False,https://d3o5xota0a1fcr.cloudfront.net/v6/charts/XRDQFK5VRCJPNZJ7RYKWLZZ7P4IIZM6ISC6AIYGZDC2W3I3X7VZF6Y5ONETUBPYER4OPKQ3G4BPFAKVAQXCXGVK5,True,other
25250158,2,"Circuito Escolar, Junto a paseo de las facultades",0.0,NC,1.3,"[19.334108, -99.178619]","[19.336409, -99.185463]",10.0,769.1,ce_uBjyi|QQRUn@QpAI^Ed@Wt@Ih@k@fBQx@MXk@hCGPAZKn@Sj@E^IR_@`BW|@c@vBSr@MfAe@lAAXG\,False,https://d3o5xota0a1fcr.cloudfront.net/v6/charts/7HPCQ6WBRNID6MNZ4IDPPFPEO7JAGNOFYZ46QQTUIQSEVFBPTGZRD7OZM7WNZNXLPCDKMNNVT4YRGPTXOMMQK6WZ,True,other
26615723,2,Recta canchas futbol CU,0.0,NC,1.7,"[19.330086, -99.194665]","[19.323093, -99.194859]",15.6,777.9,_l~tBt}l|QtBFNDpCFtE?vAGnAJl@@tAEl@DbBCj@BLFT@d@Cz@DtACx@Bf@A`@B|@C,False,https://d3o5xota0a1fcr.cloudfront.net/v6/charts/R3K2L47XYJHCRSHZABXIVJCO23LWIDAIB4ZSHU33XUOTKSILEQ4UWNA5CCS6ERMNPAT4WKEK7DZ6Y7D7VWWKQ2JJ,True,other
26199979,2,Pendiente Sur Estadio CU,0.0,NC,3.5,"[19.332184, -99.190069]","[19.330493, -99.194515]",27.2,788.3,cy~tB|`l|Qf@CvAOt@C\B\K\B`APhAb@n@^RPh@n@Xd@^dARt@ZzAEbBKv@a@nAy@lAMVgAxAYZcAv@,False,https://d3o5xota0a1fcr.cloudfront.net/v6/charts/JTNMURR3BOSTRE5W5U3JMPHN44FVMCSFRF6DSOO76ROKTMEA2YOMNEQAGQFMNTON3QN6BXOOHCOG73JJRQZPRVY=,True,other
24501420,2,Kilómetro Rápido…,0.0,NC,-2.0,"[19.317723, -99.186606]","[19.324718, -99.1895]",21.1,1005.6,w~{tBhkk|QCPAlAFj@MhAB`@ARQr@E~@G\S`@UNg@CmAD]Ca@JOHAHEFUHYAWIe@@_@CM@a@?_@Dw@GM?c@Je@Cg@Bu@?y@J_ADeATsAF_@HkBBgARcB@_@K[C,False,https://d3o5xota0a1fcr.cloudfront.net/v6/charts/PVNGMDWXPRI7YUJKHPYIVSVQ7ZAFVV5PZETO7R7SIGDQ6YNVEQMETXGPEJ4KFQ75PFIRPJULS25MXUJJWCEIM6Y=,True,other
19116459,2,ascenso Mario de la Cueva,0.0,NC,1.6,"[19.31684, -99.178798]","[19.317341, -99.186217]",13.0,794.7,gy{tBnzi|QBNAt@I~C@z@DP@JEVEr@@VIdAM~CMb@UxACz@K`AGbBOpCAxAEhAMnB@\DJFHLF,False,https://d3o5xota0a1fcr.cloudfront.net/v6/charts/AGQKBEZX3YZFSKE4NYE4C4LJU4Y4LXLQ472XETHKNHGQEYDBGGTKS5C2NVILTBHIRVGL57MGGROWVVQ7OZGLXFJQ,True,other
14848597,2,FacEcono+FacQuim,0.0,NC,-0.0,"[19.335201, -99.183328]","[19.330882, -99.181362]",9.2,1059.1,_l_uBxvj|QIq@BG?UPm@Ji@H_CNqALm@`@iAl@kDt@{CTk@\[FC@@AAv@Gh@B~@Cf@?r@Fz@EpANf@Lb@Xz@`A\f@Rh@Jh@LrDAxA,False,https://d3o5xota0a1fcr.cloudfront.net/v6/charts/PL4HP22ZDKY3DAKGQSMF6YYV23WPNDCMUCWZ54DPXG6MK7ICSRVKNDIJQSEWUU6ZIOYVI5I2FJ3XO2IO4KRJEC7V,True,other
27569695,2,CU Circuito Int - subida anexo ingenieria ,0.0,NC,1.9,"[19.329354, -99.179631]","[19.323254, -99.185241]",19.0,918.5,mg~tBv_j|Qh@RXRp@ZjAn@`FvBd@\l@T|Av@v@`@`EbEr@|@nAnAt@dAbApBvAxDHNRR,False,https://d3o5xota0a1fcr.cloudfront.net/v6/charts/4F4ARWEGGGTCB63NM2ZMLHG4NFJVVQ7YVLP5RM72ESA5FYXIBZATIKVCOD2SOIHTJMBLZAEYGO6Q4DBUR2ZBSR2B,True,other
9523943,2,mq de división a carrillo puerto,0.0,NC,0.4,"[19.3428, -99.149771]","[19.344569, -99.163567]",6.5,1473.1,o{`uBbed|QA\E^Ef@@z@MvA@r@If@EhAU`AAXIx@A`@Gb@CjASx@?VEf@An@Ib@EtCG^Ej@GXEp@CVIT@VE\GlBKl@?VEn@CxAMl@@`@UdB@x@Q`B@x@Q`A?\EZAn@MbAG~BIn@Aj@MjBUzB?^,False,https://d3o5xota0a1fcr.cloudfront.net/v6/charts/LCV7LB6FFQVGMUVFJA6C6QWNJFH65GJMIIPVLU4PR6TDGEIEH53OB4BXU7HHP2SRB4RXKCCPZU7M66QIJOMU6KJB,True,other
24173388,2,El Unico terreno blando que puedo encontrar,0.0,NC,-0.1,"[19.331149, -99.144381]","[19.325868, -99.140169]",1.8,742.2,sr~tBlcc|QjA{@l@[hGmEj@g@z@m@t@m@|AeAdAeA|@c@`@_@|BiBx@i@`A}@,False,https://d3o5xota0a1fcr.cloudfront.net/v6/charts/QWV6Z5IQ2UJX7SE54YZJLMMVOW7XJQ2MSKWQLN33YTZSSFXJSQHPFREHVKAIDA4PNAOBGURN766ONVUOWBDWJMI=,True,other
24173333,2,La pejor pista de 600m del mundo,0.0,NC,0.0,"[19.33339, -99.137229]","[19.333347, -99.137201]",1.5,553.9,u`_uBtva|QLp@Tp@XrB\pA\~BRt@FF@KSo@O{@Ok@M}@s@}DWkA,False,https://d3o5xota0a1fcr.cloudfront.net/v6/charts/BG5YFAVFZKY7QAFPMGMJQQORZVR4QLOYVKDOBQCTJVCWWZP2M3BRLLWU4CKLYQRSI2AJCXPR5AWX2BD5N7PH65LT,True,track
17338198,2,Huayamilpas,0.0,NC,0.3,"[19.326041, -99.149464]","[19.326053, -99.149441]",14.2,1476.2,wr}tBdcd|Q@NIb@NRVr@VVFTHJ`AXNNRlBJb@RTTLD@d@WPDBD?HW\BLTP^?FL@PLP\\Vb@FDFDn@JVGPWTy@@ICE]KOIUY?ORg@@YEEGCc@CGAEGBMRe@Rk@XeA@OS[O[Ky@a@cAOUYSKQYwAGMA_@IYIAIB]\QFo@De@Gg@F{@DYDsA@w@BQBa@XQf@ATJb@XZVNXBvAG,False,https://d3o5xota0a1fcr.cloudfront.net/v6/charts/I4ESKV4CRFFRP3BOLNRQQ6XSONSISR2OSPDF56YYGE4O7S3SV37FZLTTOLI7VNGPKZGMI7X3AJXRNQVSCQWY3PQ=,True,other
17338182,2,1 km Huayamilpas,0.0,NC,0.0,"[19.32617, -99.148569]","[19.326904, -99.149061]",5.1,1005.1,qs}tBp}c|QuALQFYRMXCd@BPLV\Xd@FnCIZENGRSHUDSA]GQWa@UMSEaDLSD[PSb@E^BRFPTVVJXF~BEl@GZONQFOBQ?[Mc@CE]UUGYCiADkAFYLMNSb@CV,False,https://d3o5xota0a1fcr.cloudfront.net/v6/charts/VDBPBBU252CSC2ONIXHAI2AXE5J4AGF6ZXB6VBRZFIBKECLYQ2NQZF55AGP3DB2X2F5I7NYI5JOVA2QTYUSKD2WA,True,other
19647708,2,milla pista huayamilpas,0.0,NC,0.0,"[19.325692, -99.148592]","[19.325903, -99.148624]",6.9,1675.4,qp}tBv}c|QoANyAD]HQRK^@`@LVXT^FdAGfAAPCJGPQJY@]CWIUMOSIUAmCTWHQJMTGR@XFPJPPLPFzCKZGLKNUF]?WIYMOQKUEm@?gBN]FUNMTCTBXLVLNRHTBdCGb@IPIHKFU@YCUO]KOMESCmCLSDSHUTIT?ZHXJNPLRDP@`CIPCTITSFU@a@E_@KOQK[C[@,False,https://d3o5xota0a1fcr.cloudfront.net/v6/charts/6IEYY5O6TI3XUUGQGBWY7KFV5CS3JZ3PVPNHGNMK7KS2YO6A3KZ5ZT7BS33WVPX2A5Z7YIXGEIGNRGLBANEMOMA=,True,track
28997646,2,Vuelta corta velocidad,0.0,NC,0.0,"[19.318629, -99.144407]","[19.318625, -99.144461]",1.4,539.6,kd|tBpcc|QDBT?dAFVJLDJ?NLTHVG^PVCLBFBDLCBq@VqAv@[H]RQ?WEeA_@gBYU[C_@HSXIN?JDNCVIJKXI,False,https://d3o5xota0a1fcr.cloudfront.net/v6/charts/QVK7SF5ZBOB4NNJUHOWOLOUR6TTDJBSY75EDS7GLYZ7GE4WDDS6OEHO4RGBBH4IV57FRMXL2EGL72HZZ7XLELSVR,True,other
28997661,2,Vuelta larga,0.0,NC,0.0,"[19.318309, -99.144542]","[19.318349, -99.144492]",8.4,1166.0,kb|tBldc|QFAj@RL@VAPBfATl@H\NVDRE`@e@PKT@b@\`@F|@\BPLRHX?HIF[f@k@b@KFaAR[IIBe@?YEOBMC[Mc@Cu@Ma@Wa@Qm@Ma@QEMm@S[GIB]~@EEAKBc@ASc@MI@EDGTCd@?VHy@I_@}ALFEZI~@SDQLGD?FE?IEKVYFAZJTKZANDZIP@,False,https://d3o5xota0a1fcr.cloudfront.net/v6/charts/XJN4UUJ76HFFKEJOLVGEFXWD4RDNBBNXQU4GAELC7HGDLATAEJ3KWASEHERRR4GIVN5JGQHF7GVLZHTO4ZVNXIQ=,True,other
29207047,2,200m,0.0,NC,-0.2,"[19.317568, -99.14509]","[19.319289, -99.145077]",0.8,205.7,w}{tBxgc|Qu@^[X]F]AeCm@cAS,False,https://d3o5xota0a1fcr.cloudfront.net/v6/charts/WJD7W6LGWKMWCW7DAL2E2WAR4ZTYUVERXBM3BHI632PK5AVUBFWVLH6X4YBYGX3JZPFWKSLOUL5KUGJ5CTWPEWYM,True,other
11685984,2,Vuelta completa,0.0,NC,0.0,"[19.320092, -99.124007]","[19.320053, -99.123989]",6.1,1496.1,qm|tB`d_|QUUCW?Ij@yABk@d@qAD[Xg@DaA?QGU?c@BOFITGv@c@\e@f@OE]@]Cs@CGIOCe@QSSECGFe@Bs@DI`@WPUXOJQFEd@ERIV@TCLFHHFN@JGr@?dAHn@Mh@En@DZCNRd@@TAHMXGVBPHNB`@Cv@Uh@GFYTAf@Bp@K`@WTGRS\CZCFKFS`@Ih@CVIX?RGNGDGAMIEMGg@ESKKEAE?i@Zg@ASIWEGBQTGB,False,https://d3o5xota0a1fcr.cloudfront.net/v6/charts/NIYWVPNMJ5DIYMINNQWIK6GSEH62SIK6VAJCTJ24H5YIU5JDHDFTB4XH3NRNWXFHQLPBCYSANFHOPYP5TLVJYOIM,True,other
17133828,2,Primeros 500m,0.0,NC,-2.0,"[19.318703, -99.119133]","[19.318753, -99.123125]",13.3,530.0,{d|tBre~{Qd@O^Db@P`@dADR@RC`ADVATDLAXDd@GRAXS^JTBn@M`@QdAEBCb@GJARBBCRBF?LGJC^SZ[NYVSF,False,https://d3o5xota0a1fcr.cloudfront.net/v6/charts/BTPWWOGKNEJOVXPQO6TYOVSSRR6GNKXVAZJJYRUIKUTF4WUYC5CGQAL6PUZLDBQOYBOWDLF33UXIJVEIB4HOCYDN,True,other
17133833,2,Vuelta 1200m,0.0,NC,0.4,"[19.318925, -99.120619]","[19.318948, -99.120654]",13.5,1174.5,gf|tBzn~{Q?{AMYQKCKAUBUCm@@GLMTGVWH?HI\MFA^Db@Pd@lAB^C`ADVATDLAXD^Ir@S^JTBn@M`@QdAEBCb@IR?JBBCRBF?LGJC^MVSLMDYV[JGHQHMJGBKCSUOAQFi@TKCUOEOSUEOBg@DO@g@Z]JSDUCmBNUp@g@`@UZ[N_@Eg@,False,https://d3o5xota0a1fcr.cloudfront.net/v6/charts/OL5YL66H6ZYKLOXJVJSNELAJVKUQOYH7NVW4WUEVC2426NIAQ2AI5O6YHYUNAGYZ72PBKV4UPPTV2EFTLEBHIL4D,True,other
31810138,2,Poligono Tepetlapa,0.0,NC,0.0,"[19.318095, -99.115267]","[19.31809, -99.115283]",0.6,662.8,aa|tBlm}{QGaDEYKMMAgAAwBDMBCDAHBXXpAJhANp@XtCBNFJTB`@ClACHAHIDUCsA@g@Ag@?W,False,https://d3o5xota0a1fcr.cloudfront.net/v6/charts/OMHGOUPJRLGNBVND4UH272YSAFPNKHBFY4W472VRAXEFT7W7O6TVFUTONK37AXYLBZ2EFWAQR234TLR3JDHLHQTE,True,other
5546986,2,Almendros Climb,0.0,NC,7.3,"[19.343925, -99.092578]","[19.344151, -99.09008]",41.4,565.9,obauBr_y{QT?JELm@@MIoAOk@BOFKLMBGBg@C[LUBOE]R]H[Xu@TYPi@By@_@m@i@UGAc@@QDUVQj@?b@KJOb@GV,False,https://d3o5xota0a1fcr.cloudfront.net/v6/charts/VTIFHGVXN7M6GNINUHTTGWUNSMTMOV5QHMB7J5NPMGSZXNAJYIJ4RE4P44TUAV6EUTDO54UTBCI43XUXDRZADLT4,True,other
24853931,2,La rampa,0.0,NC,8.1,"[19.340165, -99.094019]","[19.343596, -99.091362]",42.3,499.7,_k`uBrhy{Qy@o@OGk@e@Y[_@?KCk@_@q@k@c@Y[Ge@BOCWWYQc@Sc@MEK[MSQUKKMG_@U[Mg@IGKUESC@,False,https://d3o5xota0a1fcr.cloudfront.net/v6/charts/M2PQQWPOVQGOUAXHUI7OIIORSNZZOV6N4GKWUPRT76F7O4GXGDU33RM6ZJCXDAADPDEPVH6CNCGTMAZTCE36HILR,True,other
6763016,2,Almendros Climb,0.0,NC,5.8,"[19.344044, -99.081294]","[19.341104, -99.085622]",48.5,832.7,gcauBbyv{QGHk@HWNSTg@^g@l@WP_@`@K^Cd@Rt@JLLH^DVGb@]`@An@Vd@\f@P`@R\VXF\Pd@XPP\Tp@l@^h@^z@Rp@RVLHRHH@^A`@HLFHNLt@JNPH,False,https://d3o5xota0a1fcr.cloudfront.net/v6/charts/N6DATBYWY4U7PM2QDQJROLJUVN6EBGLWTC3TQSJPS7Q4DM2C3EAZT3HUGS65EP76AFVRT64YJ4TME2HPNKPZTUA=,True,other
6763015,2,Almendros Climb,0.0,NC,4.5,"[19.3295, -99.092916]","[19.339052, -99.08924]",50.8,1140.3,kh~tBvay{Qa@Q]GUMS?MI]CQM_@KOIWCYKwA[YOWGm@KcA[MI_@Mg@KwAe@QE[A_@Ki@YgAWu@U_Ba@y@Y[E{@UqBk@sAe@aCg@s@U_@IQMQGaAOiBo@mBk@,False,https://d3o5xota0a1fcr.cloudfront.net/v6/charts/2AYD3L6VY6BSFFQTK3UHNNE2OSJ2EISP32QVPYIS3UQPYPVY5LW4OZDTOAQNXPI57MRJN5NYBPVRFW2624L4GLQ=,True,other
19942685,2,Panteón de Lomas al Cerro,0.0,NC,4.5,"[19.333069, -99.091517]","[19.338851, -99.089357]",31.8,699.0,s~~tB~xx{QEEc@Sk@MGEyAY[Eg@MaAQm@Ym@Qc@KKG{CaAuCy@cAWc@IyAg@yA[q@Y{@E,False,https://d3o5xota0a1fcr.cloudfront.net/v6/charts/UC7EQLJM3VNVIOJUMASCBDHBAMUGGXCVD52G6C3SQA5Q2KVUIJXMIAIQXJ5XJQCQXJ2FUTJ3DK7I7QXPVBBJ4AY=,True,other
37970059,2,Circuito Bahamas (Caseta a Caseta),0.0,NC,-0.1,"[19.322878, -99.097115]","[19.321939, -99.091879]",11.5,1296.0,}~|tB~{y{QEEm@QOO_A[uA]m@G[M{@UOOsBm@SMo@Q]Qi@OGIEm@Ia@O]Im@G_AMy@OWOK]]Oa@?GLmBNs@Z_@f@y@TmANa@hAcAz@o@PGb@Cl@D|D`@fBXbAJ~@LfBJv@LDG,False,https://d3o5xota0a1fcr.cloudfront.net/v6/charts/LJUPCLN2IJLDA4RQQEPHB753PX5ZT6CNO6OQ5QFO7D3HZBVIHTO5KIRT7YFKMVR2JCPOXDH3YNRXENZFJUQHGJY=,True,other
29097017,2,Almendros Bajada Panteón,0.0,NC,-4.8,"[19.338687, -99.089379]","[19.33322, -99.091446]",30.8,635.5,wa`uBrkx{QVL~@XhAXf@Rv@TXLfAP|Bl@pAb@t@P`Bd@^DzDjA`@H~@Xx@P,False,https://d3o5xota0a1fcr.cloudfront.net/v6/charts/HWODF3QYSP7VH2R6BQBKU77567RWLJXMJLC34LXAQXLZASXUO55OVTJZRAMQQYH322MZKBNSVUYHCP7S55LBUSQ=,True,other
32812797,2,Cerro vuelta,0.0,NC,-0.3,"[19.343542, -99.090775]","[19.343522, -99.090752]",14.8,542.0,c`auBjtx{QHUJQNa@P_@b@iAHs@?WIc@GIKGa@Mu@IM?]FMLGNw@|BMt@Gb@CH@PJVZXn@VTPLDF?LIRg@,False,https://d3o5xota0a1fcr.cloudfront.net/v6/charts/7GWFTDKYH5UJ4EIBF2CUZ2WRZPWYP7JF5FPZ6ZDEYGBHGYC75L2DOCAW733KWBPFVU4ET4ZCG7BOYND3JSXMDXKU,True,other
34614277,2,"Star Hill ""Climb""",0.0,NC,12.9,"[19.344611, -99.085124]","[19.341957, -99.087074]",51.8,402.8,yfauB`qw{QpAVTNXf@Bf@Rj@N^RNH@lAKd@HLNPl@Zr@t@d@dBX,False,https://d3o5xota0a1fcr.cloudfront.net/v6/charts/LTV4OE3BCRM5BHMDMEYPCZWH5KUE5Y3YAWLXV2GYXRIS6NHZMLK477F3Q63U4IMLBC4PIJAWOZ7IOIEPZ6BUZTQD,True,other
38988472,2,"Star Hill ""Climber""",,NC,7.1,"[19.341791, -99.092489]","[19.343254, -99.089179]",57.2,787.4,eu`uB`_y{QMYUUc@o@Me@@EFCd@JFCHOd@i@\g@DWLSDMBUAKCCy@]YGI@SIGMKECGAYGCAAGDEJ?H[^CBEACG?ELS@SAIDYHYJm@b@]V]NINQP[@k@CCICa@EUL_@FGCe@TUFe@Cc@BWCk@B,False,https://d3o5xota0a1fcr.cloudfront.net/v6/charts/NTGDSH32ADXB52JKKCJ6LJSRX7KWPAGG5JMI7ZVHEEDAGJSIZZ3YE2CGOPDOVT2HODQMKEZVYZKPKC22AHDWKVI=,True,other
18492180,2,5k,0.0,NC,-0.0,"[19.344055, -99.048241]","[19.343744, -99.048988]",7.4,5029.9,icauBpjp{QO@SNQPCLL~@DLJJNDfBFJAlABJCLEJINWB[?]GYIKGIWG}DK]LKDUb@CZ@LXj@ZN^FNAhADbAH^ELIRs@@YGc@EMKMMG[GoDK]FMJSXEN@`@J`@FLLHZHb@A|CDXGJKFO@_@Ge@M_@EGMGQAu@EO?QAwACa@FMHKLI\?RDb@^j@b@HvB@bAC\MFGH_@Aa@Uq@IGa@Is@Es@BsAEMBMJQ^E^@TFPTZLFr@H`@CbA?p@DZEJKLa@@QEm@EOOMOG}@Gc@BcB?_@DKHKJEPEp@@PHPNJb@J|@@P@z@Ef@@PCPEZUDQAe@EUQa@MKOEy@CwAAa@@SBMDMJS\CJDr@JPJLPJ|AFx@Ef@?d@INMHIBOKy@IO[SSCe@GkACeA?OHMLMJIP?PHf@P`@LLz@@zAAd@B`@IPKT]E{@EOIKc@QSAiBEy@BODi@d@CLAPDTPb@LNLFlACnABd@APENIXWDOOy@KOQImCSi@BSCMDSL[h@?LDb@P^LJd@Hz@CpB?`@SJIFO?e@Qs@MKQGS?{@B{AGc@BOHUXIN@d@Pf@FFNHd@Jv@?|@Cz@?PGXUBOC[Kc@IQQKqBOcB?WNMPEPAJD`@J^RTTDz@A,False,https://d3o5xota0a1fcr.cloudfront.net/v6/charts/YZ64CBK3HOJAQOAYTWRN3ZJYDNHZWXT5EJLP4KEJ4OVG5XV5PCZWUNLQW3VVE5FM5IDDP2POOSYXSWM3MKTBAVY=,True,other
30365409,2,Parque Avíón DUQ Correr,0.0,NC,0.0,"[19.329596, -99.043491]","[19.329497, -99.043518]",2.0,617.9,}h~tBzlo{QKPGXLZAdAHtAE`@@p@Ab@FnACr@BpABFH@FC?CAgBBqAEcAFs@A]DWE[Aw@@e@J{@AGC@MK,False,https://d3o5xota0a1fcr.cloudfront.net/v6/charts/HSPYHEOOZ7KRMXHR747WPLJTE5SPPCQ5ZUSB7PM4FLEU3ZP5DBT55L3I7TUPDCCO7KWY6HJNA63P53SHQAXOGJY=,True,park
17586689,2,Vuelta a la pista de atletismo 400mts,0.0,NC,-0.0,"[19.343995, -99.048254]","[19.344039, -99.048257]",7.3,427.7,}bauBrjp{Q]BOFGHGP?`@F\NZLFbADv@@tAE\MDIB_@Ei@O]IGSIwCD]A,False,https://d3o5xota0a1fcr.cloudfront.net/v6/charts/6HIUST57CZNDBIX4V4WNTH3TNISBVBT7KMESRUC22U6I3L3D67KOLW66UKBLPOIE4PZN6VAOMKDQNPIHDT4RPICR,True,track
18367238,2,1km en la pista,0.0,NC,0.1,"[19.343979, -99.04824]","[19.342994, -99.048972]",7.5,1046.9,ybauBnjp{Qg@TM`@AXFb@JPJFTD^D~AAL@RALCTKV]Ba@EUCMMQIEoEKKBMLM`@CTD^BJLLJFx@FdC@REJGLOF_@Ee@GQEKQGa@EeDCK@OHIPGb@Dd@BLNLRHdADpA@|@E,False,https://d3o5xota0a1fcr.cloudfront.net/v6/charts/OQJGAW3DGAIKKB6UBCHGC5R2Q2OM5UFTVFIY2ADMTQQEGG75NPHH4VPWYUVOXZWS5MKWEWYUPK4ELZ2N4UI6JBI=,True,track
19527619,2,10000 metros,0.0,NC,-0.0,"[19.343196, -99.048905]","[19.34403, -99.048213]",7.5,10099.6,}}`uBtnp{QH@LEHIJOJq@ASESOOg@Oc@Ci@?[BKDw@FQFIFMPCJC^DZHTRLPDxD?NCJGFIFQDa@E[KWMKo@GqCC[DKFILIZAXBXJPNHNFb@D|AE~@BLCJGFGDMDWA[K]QSQE]?]Ey@?w@C[DKDU^ER?\DLT\LHN@zADtAAZMPWFY?YG[GKQISCgAEmB?QFIHIPER?XBZJVHJLDXBxBCn@BNENMJ]B]Ec@GQQKa@GgD@QDOPIXAV?NBRPXLHh@DxC?RGNKJ[@k@G]IKIGWGeC@q@CQDOPKVCT?VBNJTPRf@BvAEhABTILOJm@Ks@GKKGMCkACm@EaA@QBOJINEZ?`@DVHNRJf@BxBAd@@PEJIL]@YCYIYQOOCsDCWFKFGJITA`@BVFRLNJFRBrDETKJKFUB[?OEWMQQK_@A}@?_AEs@?MFKNGRAX@^FRJPPJ^DjDCNIJKH[B_@C[ISGGSIuDGWBQHKPCNA`@@RJ\LPJDf@@d@C`CALGJQFSB_@CYGOOOQIYCqD?OJKNERATBVH\LNLHd@Bv@Gv@Al@@NCPMDKFY?WI_@KSSIcBEc@@}@AOBKJGTCZ@\FVJNLHl@Bv@?~ABNGJMHWBYAWIWMOQGcCEaA@MFKLGTCPD`@HXJNFDv@B`AEvAAHELMFUBWCYGQMOOGYCmACaB@OHKNENCXBXFVLPNH`@@rCARCJENUDS@SAYGQKOQG_@CmDAMFINENA\Ff@NTLJp@?~AAp@@HANIHQBW@YAQGQKOQGi@C_D?KDKLEJCX@ZFXHPLJp@@x@A~A@NGFIL]@SAWEOIQOISCcAAsAE_@@QFKJGPCXBZDTLPNJn@DzA@x@ANEHGJSDUBa@EQMWOKg@K}AAu@Ca@PIHINEPCZDTJXJJLDRBjD@LELGHMDSB]Ga@MSQKy@CiC@ODMHKPCP?XF\FNPNJ@l@@|@AxA@HCJKJWBQA_@GYQQQGOCsD@ODKJGVA`@DZFPNNPDN@lBAt@@PCLIJMDW@YC[GQMMQG{CAk@BOHKLGVATBRJ\JLNFbE?NIJMHW@[CYIQGGQIsCEs@@OFKLITAV@RHVLNNJr@BtCCLGJOH]?KC[EQKMOIq@CcCAY@MHKLGT?R@RJ\JLLHn@B|ACz@@HCJMJ[BWCYIWIIOGQAuDEOHKLGPCX@TFXLPNHPBpBCfA@JCLMHYBS?SGYIOOKe@E{B?]CEA,False,https://d3o5xota0a1fcr.cloudfront.net/v6/charts/W7OBVCZA35FTHALFHUBEJVYR67EJVDRK75U6762PT6IQUKGFGAKM3AKKK7CLKFWYLJZOEZABRLOXGTZR5YGA7BA=,True,other
13782830,2,Faldas-Punta del CG,3.0,2,39.8,"[19.317489, -99.000168]","[19.323592, -98.999912]",334.6,840.5,g}{tB`~f{QWOYEME_A@MCU@cBGs@QAICA@ISMMEO@EG?E@@e@G[JEAIFCAa@JQAUBY?e@PY@MEOB[Lm@CeAP[AWFOHa@?[Da@EO?ABKCCBOa@C?E@QGc@REAGFGGI@MQI@IC[DEDUBOJEEAM,False,https://d3o5xota0a1fcr.cloudfront.net/v6/charts/G4THH7DCSXAV5FDN3NMKBDH2UCDKW4CE5MX3IUIKM763RJSSGNIT5DHZ6NVT7OUFQBP3UWLUQIKOZNLX24QC7MWA,True,other
13662102,2,Desviación,0.0,NC,9.7,"[19.315047, -99.000917]","[19.3188, -99.00234]",59.4,603.1,_n{tBvbg{Qa@OKMOe@S_@a@GaBEy@Mc@?}@IwCMkAhBQb@Gf@Af@If@KL_Ah@g@d@Id@Hh@,False,https://d3o5xota0a1fcr.cloudfront.net/v6/charts/K47C775VDQWETEZ6H2EBMZM2ESMWZMLL2ICNBRCCWYAIVFMHR5STWCIQ76UMW2IPEZHTRTIZWMY3KPNLCY2SRJY=,True,other
13662111,2,Ultima Meseta,0.0,NC,12.4,"[19.324162, -99.008445]","[19.324764, -99.005903]",43.1,326.5,_g}tBxqh{QZOP_@@[AMEUQa@Y]i@Yg@KY[E]B]Em@@c@Co@?e@AOBU,False,https://d3o5xota0a1fcr.cloudfront.net/v6/charts/G7EBFLLLZDO3NGM33YNGN7URXDJ4XYJRP2H6AIBXZTCO54UISMWIV3W7P5IFVCXIRTJLTQOWGKPW6XQ33EEDGSQ=,True,other
17356507,2,Volcan Guadalupe,0.0,NC,0.5,"[19.323675, -98.999642]","[19.323696, -99.000363]",22.0,1021.3,}c}tBxzf{QM}@c@kAGIo@m@}@y@GCK??Ea@?_@]ME[BIGWCa@JB@WL_@^g@Be@LONKDICW`@Qf@Wz@KnAAl@DtAHt@LVPj@r@v@DPhAPjA?nAI`@InBk@ZE@IVONo@v@}@,False,https://d3o5xota0a1fcr.cloudfront.net/v6/charts/WOXKQ3LLZU2VDYNV2WJ5OZ7FPU6X3KPRW5XVY5THQSOOVDL2MGTO5NBINGLKNVJ55B6JLL5IZQZAK65PY4MEQ6EP,True,other
35413399,2,del arenal rojo al OTSO,1.0,4,4.3,"[19.316854, -99.019971]","[19.322342, -99.008567]",155.4,3620.8,iy{tBzyj{QVcA^}@R]?QF_@DIF]HOFUNs@AQH[ZMVO\GXKA_@Hm@CiAJw@DKTAZNhA`@^FFGR_@FUBm@GQSYCG?q@KcBRe@FUB]ASWSQ[]iAaAuBIYi@gAI?MV@XP~@?HCDGCCECMa@EMK]C]]KGUAYBE?IIASHsDD]n@oBBSO_@Do@AEUSAYISy@i@SWE?oAjAOJg@PKCM@SEi@DUKM?KCKMIYGiBF[T]v@aA@UIM_@QMa@QUi@WU[SUk@yBKS?OVu@BUA[_@k@ASNk@NSLGJ@`@KPO`@SHO@q@Pu@G_AAc@H{@Ey@B]RI^E^M^oABYC]aAiCEGKCe@Ym@}@a@WKEU@C@CHBh@Ej@_@dA?NHp@B\GrAMp@ENMhAa@dBIl@C`@IXQRc@z@SV]L[Dw@@]F_@NYRODo@`@]Zu@jAMHWf@_@f@[x@a@t@SN,False,https://d3o5xota0a1fcr.cloudfront.net/v6/charts/ANYJBLVXQLPVM5GKT6BDTACY6324JJJDMD6LAHQRDFYMBTEELP4TN3EHVNACLWIQVNK7DA5XWYULMPEPMNBKJDI=,True,other
35413363,2,del C5 al Guaje,1.0,4,5.7,"[19.315563, -99.017912]","[19.318777, -99.006668]",112.8,1937.9,gq{tB~lj{QEIAQFkALuBNUhCv@TCN[LcAAOEMMOI[@e@EmA@SPe@HY@OEUa@c@_@i@c@qAOw@_@eAWg@KKIAIBETD\J`@?\EDICAMIIQ?SMSCUGWWWE[@SECWBQ?uAFqAH_@b@mALc@EOMSDm@]e@E]u@i@OYICE@MLa@Xg@b@a@NMB]GQ?SFU@[KQCMKEKCUCoA@WDOb@w@PQR]BI?MKO[MIOG_@OO]MOMQWOMGI[_BUk@@MTs@B]EQ_@a@EWTq@RYLA,False,https://d3o5xota0a1fcr.cloudfront.net/v6/charts/2537BJ5XU6HEK7BW75FZSXQGBXQSD7YJOL23VU6S3H4K7IIVR4IWRJCFZEPAUIXPHYVLLG76U5LMYZ565US7DU47,True,other
35413405,2,Al OTSO por la rompe piernas,1.0,4,15.4,"[19.31682, -99.010509]","[19.322669, -99.008646]",124.0,807.4,cy{tBt~h{Q}@v@OVe@POJK?IIi@Ck@@YIK?KGGBWAe@SKBKICSOMMESQSAYIEKc@Ds@MSHa@SQAGCCG]Fe@EUKGQCDKH_@Ks@GWBKDYCUYs@MOG}@a@YSEMU_@CW]_AEQ?a@,False,https://d3o5xota0a1fcr.cloudfront.net/v6/charts/XRUCW3SSHFAMEZBZEWL5TOLFVTMACQJMID23A4Y22U5SMO7L6NSKOOARMYTX4OIADUEBBKINVET6CHLNLTZEWOSN,True,other
34830068,2,brujita climb,2.0,3,20.8,"[19.320698, -99.018458]","[19.320914, -99.013514]",189.6,869.8,iq|tBjpj{QFMLO?WCIBGGY?_@AEII?IIGCOE@EGI[NUVQHM?M?CG?IH]JQEK@ACFILAHIFODYDMFGNERY?WI]E?KZYHGAI@IQ?EMG[PUDOAIKSADG\QRQHYAYBCGIA@CAEKGAa@u@KGCaACEE@CEAI@GAGKCCGECAGI?[]XYVURO`@Q^k@JITMLUDSNKAK,False,https://d3o5xota0a1fcr.cloudfront.net/v6/charts/N4GIXO3TU74J6FKUYSWIXHCFZIKR7MEBWHVPCDRJJVWTLMFVAABOEF2M3CE336NGKYDESFGL35YFSHBLPBG3LUY=,True,other
38331442,2,Cima Tecuauhtzin,1.0,4,23.0,"[19.325306, -99.009001]","[19.326941, -99.010998]",97.2,415.3,cn}tBhuh{QCFC?KKE?KHKEIFKA?GCDCJCBEL@ADDABAAABIDCDBC?DCB?GBI@DGJBCDD?TE@ACOCAFDDCB@DG@ABC@@B?@O?ED@JM@@HG@GLD@GBBDFBIAE@ELBDACEDCPBJCJc@NGJ@DOLJHADBDCBD@@DDBKFMGGBELAHMFKN?FIDBCA@IGKJ,False,https://d3o5xota0a1fcr.cloudfront.net/v6/charts/NJ6AFY7G5STZPRADUZ4ZEL6ZAXOIP7OHCWC4X34WEUOU5YXWVSCZC7JVNGEGBUP4HTR2AGK6HRGJOMK3VNOJ5YQ=,True,other
37487591,2,Cruz de Alma,2.0,3,32.4,"[19.319983, -99.006421]","[19.323373, -99.001026]",262.2,804.6,{l|tBdeh{QECAEIACC@ECGAOKUMIQOGSOM[a@Ke@EMGE?IM@ECEMMKGQIGk@GQYMIMOASCEE@GCQc@MKKWYSCQ@GGIAKGS?CQY?IU]Ka@IOMG?EOWA]KWMQAKKSAGECISC@CCCOE?AI@EEKA??ECIIE?GGGKEGKECCQIK?AMK?GEECK?IIQAOBa@,False,https://d3o5xota0a1fcr.cloudfront.net/v6/charts/L26TMJ6GXIFDS5KXRKJTVPGOK7HD26XRMKZIR3MSD6V76AHCC6AMA6J3RZLSOAMWSU3JI3YPPWLDZKXK3E6KBBA=,True,other
38773590,2,Tetlalmanche KOM,3.0,2,9.6,"[19.316734, -98.997727]","[19.326299, -98.998565]",342.6,3559.1,qx{tBxnf{QDO?UGcBJoCN{@Cm@Bu@EKIEM@WFwAPQDk@DYEo@QKFQXIFK@ISBe@AUCMGOQWw@a@YUGSGu@c@o@e@}Ac@i@GAe@Bc@HSCGCEGC[KWWSGQKGUEy@@OCQIO_@KKk@_@GCu@HcA[MOKW?SBKGQYK_AMSDMCGIMa@a@_@u@mAY[M]_@_@IWKQu@YQKUWa@GIGBi@KQ[CQEc@YMCiAECGB[EEE?MD[XM?SCq@LMCa@Uo@LaAAMBYLw@Ro@XONYJg@BKD]`@m@^e@l@_@B[n@KBa@EEBGJNVGx@Jr@Bh@V\DL@~@Kn@JnAHRX\LVLN\@VITAZRFHHZ\f@\NL@ZOJKr@YLALK@GAIIWCQEMS[AG?IDQJEH@`AZ\b@ZFLHVXNZFZ?HI\S`@AF@VT^@VPb@DZ?f@L~@HVPVAPJBDJEH?JBD?ZHL?JLLD@@DF@BB@ABDPD@BJDYFUVLH?@ED?FH@FAPF?BE@BDUV@FJBAFEB@BLBDCBDe@l@DDC??FHDEB@BDFIBEHFJGRMPQBMHY@c@P@NCNCFOPEN?FIFCFBJINBD,False,https://d3o5xota0a1fcr.cloudfront.net/v6/charts/474D4XVYQHYH3XAACWZ3DVFMHFIZAWQWRHKTGP3NNMKNOELTBT522TGCNIYEJDB7Z4W2SVBNRSQLMT7O4FB2KJVU,True,other
34830040,2,tetlalmanche cabaña,2.0,3,21.1,"[19.327258, -98.989626]","[19.326315, -98.998635]",236.4,1113.6,iz}tBd|d{QHv@Nd@B^DLLJHPBLRf@JHDHBRBH?ZHXVPEZHPFXAb@FrAJrAEf@@`@DNTZNVF\ATMv@Ad@GKL\Fb@Pf@RvBFLLRJn@N`@@FENFVLL?DBDCT@@@HEN@@CJ@DCF@F?LBNEJB@@DADEBD@BH?BCBBVDDF?BJBBGH@FCFBDAHF@CPYd@m@PUPSDOPGJI^AN@NGf@?I?H,False,https://d3o5xota0a1fcr.cloudfront.net/v6/charts/ZLXKWNWLP5LTN6XXTJJDVD444F6YRML5IRCWS36QPUYIEQX6XNSCGLNOS2IEQSHPFQ6QGGRF7WWDILVEW3W4FYA=,True,other
34671313,2,Ascenso Volcán Guadalupe,2.0,3,19.9,"[19.33051, -98.994792]","[19.326359, -98.998536]",265.3,1333.5,un~tBn|e{QP?VCXKTSLGX@b@I\@VCXGJG`@EDCRWLw@L_@Jq@PQPE`@QXIJ@TRFPX^^PJB\GXKNOVINMDMCSOWCUDEz@QL?VJl@NVPXb@@D@LQ`AEh@D^L^Jz@L`BBNPXLZTdACPH\`@TPDNLWHENQJPJCBGBh@N?@G@@DALOLBDHDEH@BND@BU\CTBF?DEHAJBHIT}@\w@p@Q^ERARI\,False,https://d3o5xota0a1fcr.cloudfront.net/v6/charts/LCOBDKS4JERC6EFRLLIAWGGZSPSZCC62DHHUUQJSMXEW3OQVW2N2TX3XGMGMSYFCBDDTN7VFTK3Q5XGNB4GDQCI6,True,other
34830080,2,media circunvalacion,1.0,4,6.3,"[19.316671, -98.995471]","[19.327271, -98.989555]",109.0,1602.7,ex{tBv`f{QGCQ@i@HuBNe@CWIK?G@_@^I@GM?_@AUMe@QWy@i@QOGOU_A_@q@g@uA]i@UEw@LQ?MKI_@i@w@]M}@@UCMKYc@k@c@IAMDo@?[GYOWWGOCOBUGQYMKCy@AUKGGQa@QOYc@SUQ_@KIJLABY_@Yg@]]Se@UMg@O][[CGCCM?a@KMw@QSQMGe@EIC[_@KEJ?DGSFe@Xm@DWFS?k@SqAHk@Ag@Ni@J,False,https://d3o5xota0a1fcr.cloudfront.net/v6/charts/SBJQKUPOTY3JS5I7ZHWLL2L7RPTQ5LN2HQORYMJYBMCQ3RS7R7J57KWIYQNQCEKMH7WS2S5VZWIGEAPZYW7B7DQ=,True,other
24753417,2,Parque el Zapote,0.0,NC,-0.4,"[19.31862, -98.964761]","[19.318603, -98.964771]",32.2,2251.5,kd|tBx``{QMX_@b@YTMDiC\SAw@N_Eh@yCh@mAVc@Bc@Hm@FcATuANaATwARs@N]DeAVq@FS?c@Dq@NABFFFRZbCFv@DFFBd@DhAFp@CLGBKCu@Fm@LUXSHEz@Q`AQr@?|@I\?^@RFHFP`@HLz@n@t@`@d@LRHzAv@dAp@p@\LDNCVQh@Ir@GnB[|@EhBWVURq@Ca@?o@C_@i@kDMmADsAN_BKc@@I,False,https://d3o5xota0a1fcr.cloudfront.net/v6/charts/PJV2Y6HKC7V5HSX4SVSP3OFVTRG5ABI4KDBZPSLLBVMNSAINMV4MX5OVYDVXCP6HSRGNGTNLQSWP2MQWCES45QWC,True,park
10994036,2,parque perritos entrada romulo,0.0,NC,-0.2,"[19.352981, -99.206679]","[19.352976, -99.206703]",26.1,1200.3,c{buBvho|QH?DI?OFANJRFfAN`@@VJd@@PIZ_BBq@Lc@Aa@G_@M_@e@q@a@mAa@i@o@mAa@c@w@]S?OEa@C_Bg@GG[Mc@WMAIBGHCDAJBDJ@HTABMd@E`@K^E\Wn@Uz@Bf@JPBV@fBDV?^DNBf@DFLDXVXN@BPHb@DL?TDf@ALBl@MD?DH,False,https://d3o5xota0a1fcr.cloudfront.net/v6/charts/Y3XEP2UY6B2VV7NUSSM3GZGJLVDVGPOLRGICWJOYIOST6MEDAF3KXT5Z6Q5EKFRF4QAIYWLH4IRGXWPET4XDF2Q=,True,park
4973371,2,Puerto Benito Juárez Climb,0.0,NC,6.1,"[19.364802, -99.226308]","[19.365056, -99.228961]",41.9,691.6,_eeuBlcs|QC\@\J`@JRAHBTNj@Jf@@LJ\ADPPTZBPJP@LJZ@LTj@DVN\@NJNLFFL?NJ^HNBRCH@VHLADFNAFB\G\EBYB_AmAq@kA][GAY[E?KKMEQOOEWO,False,https://d3o5xota0a1fcr.cloudfront.net/v6/charts/JW4WOE4N6THG4QZLIXRUCGLCOXGE32K5KBVSEXU5EFY5I52ZS4JCRSJO57Z5MQNXQ4Q73WMHWDYQCDWSLBL6UJXF,True,other
15607671,2,Vuelta de aguilas,0.0,NC,-0.0,"[19.35373, -99.204204]","[19.353751, -99.204206]",18.3,964.6,w_cuBhyn|QOj@QjAMj@@RDDHBL@XIRMRILCH@LHTb@@\M\a@`@[Pq@LgAb@QN?HBF`@VTHP@p@ENG^AnBUr@DZHV@p@EPEPIBG?EWW_@g@SQ}@cAQc@QUk@e@]S[]UQ]i@YWOEMB,False,https://d3o5xota0a1fcr.cloudfront.net/v6/charts/3O6JMJLN2FHR2USUAU2IMNNADTWVMLIERIY44LOUZJ3CQMGBQLJ27T7ESDKRBA3QXJVGTKGHWNCMODH27QXG54I=,True,other
22430948,2,Guadalupe-Av Santiago y vuelta 8km,0.0,NC,0.0,"[19.34566, -99.208481]","[19.345235, -99.208824]",78.8,8059.8,imauB`to|Qa@UKAM@OIMOG_@OSUo@Gm@Do@Ry@b@wAp@u@Va@f@c@j@o@jAq@x@[f@Gf@IPIh@GZBf@E^DPFZAnATVNn@TzAr@^`@Zx@^^`@j@v@t@p@dAl@p@Tf@ZVf@|@PTZTBN\`@Td@JDd@nAxArCVx@z@jBTp@T`@Rp@Lp@LtA@d@AfABf@?z@F`A@nCFb@@ZPpA`@|@^h@\r@Rh@LTd@n@HN\\n@t@Xd@FPRXn@l@BF?NPNNTTd@Tx@~@zADh@Nf@^z@`@pAP^Pr@RbABr@D\Gx@B^Gv@CLILAb@LxAX`ALRZVXNz@VtALx@OPGTOf@KPIZURGZW^S|@UNA\Bx@RNHPRVFNJj@n@Vb@RJ|@~A`@l@ZXFNb@r@`@pAZxBP`@H^LP|@p@~@Vd@DzB@tAZ~@`@n@v@VNb@b@y@u@U]g@e@m@YcAWk@EyA@}@I[GWMg@_@e@i@Q[Oe@Kg@QsA]mAWi@Y_@k@k@M]GW[m@[]QUi@c@S[GMMKeA_@m@IM?g@RYFeA`@_@V_@\_Af@oAJ_AI_AYe@Yq@q@_@y@Ks@Ds@?k@\qB?YIeAMq@Wy@Yo@Sw@Qa@Si@EUe@{AIe@Ym@EWWc@Uk@gBuBMWmA{AGOeAmAUc@Y_@KWMQWu@QOEKC[[eBGq@I{DEcA@a@EcBOmBSaAc@cAY}@o@iB_@q@Uq@aAeBSu@W_@Ui@MS_@c@QMOU]YKUYa@Yq@u@aAk@k@Yc@[]aAuAGGO[MMUQuAm@SO_@Se@KSMy@IgAAoCNYFWN_@H{@h@_@^{AnA{@bA]p@K^SZGZEj@@h@Ln@j@r@TNRTh@ZnAjA,False,https://d3o5xota0a1fcr.cloudfront.net/v6/charts/23H4KAF2FLWNXETEBK2FVY2EHNRPPRV63GXKSS7CAS66DYS7H23Z5HZ4PGYFFPJO6PXGTLTI4ONWFZKRYDOL72C3,True,other
26685553,2,Los más planito de Colinas,0.0,NC,-2.0,"[19.365146, -99.228619]","[19.366967, -99.2234]",11.6,592.5,cgeuBzqs|QUqBa@cBWw@K_AMUCe@Kc@S_@U_AIe@Mc@[g@y@{CKYy@eESW,False,https://d3o5xota0a1fcr.cloudfront.net/v6/charts/4X65QHQC56EBLRZMRCMXFQYSAKHF3LMJLYAM2PXKN6UA2JX7JBUZD42P2QHDP7HXQY43GQHWEL4U7VJM5NXNDRHA,True,other
5611998,2,Calzada de Las Aguilas Climb,0.0,NC,5.1,"[19.357714, -99.198563]","[19.358293, -99.206236]",42.8,833.5,uxcuB`vm|QW@GDELIrB@t@CPCr@GR?\Db@EV@VEf@Cz@HZDx@AVI^If@A\D`A?h@GPBf@Er@ENGfAAnADh@I~@CxA@LIbACz@@NCZ@r@@D,False,https://d3o5xota0a1fcr.cloudfront.net/v6/charts/HGQT2KIL47QPBICT3CVEPWDTXMP27OVLW6TOIFPI6KIARZKBMVUFHMSPGVNQBXJYWYLLYPOW6W5K2M7HLZCGBZI=,True,other
23660432,2,Fujiyama ida y vuelta,0.0,NC,0.0,"[19.362896, -99.20097]","[19.362904, -99.200967]",8.8,1007.5,ayduB`en|QVgCBeA?mAKeH@a@Cm@@iACaBC]Bm@?q@FDJ^@RGnAC|AFzBCbABdCBv@?fBBbAGt@_@rB,False,https://d3o5xota0a1fcr.cloudfront.net/v6/charts/DOPE5SFTKNXZPDVGOVE7DSA65YOB36YDUPKFFX655WHXBIZXZOKBCJPBZ2M7Z2JU3G73TZ7XIANX6NGMH3VJM3Y=,True,other
26685548,2,Vuelta Charrería,0.0,NC,-0.5,"[19.367621, -99.222659]","[19.367688, -99.222667]",21.4,1150.9,sveuBrlr|QIYYg@A_AMq@Ba@AMm@kAI_Ac@oACa@Ia@G[KUOsAMo@Im@K[Y]KYIw@WiAIm@GOAB@Db@tAPb@Fp@d@bA`@bBLt@Dz@\fAFr@BPZp@@\Ld@Bn@Fn@DXJTDREZHl@Xz@,False,https://d3o5xota0a1fcr.cloudfront.net/v6/charts/UA6H4BV2CWYKFLQHYDZRJHQQR4EZMHL7RTE2H35SATVWOKTGFBKZGRF75S3CYAX22KEXGUW4QB4L3PJRTFA6BLY=,True,other
30104691,2,Av. Hidalgo: Extrema Subida de Olivar del Conde - Coppel O. del Conde,0.0,NC,8.3,"[19.373251, -99.21181]","[19.372831, -99.21379]",18.0,214.5,yyfuBxhp|QFVd@fFJh@?PXnA,False,https://d3o5xota0a1fcr.cloudfront.net/v6/charts/MKTZUBTBWHUKEL37PRTBZVY42W3OSZEQ5HKNCYPXTWHYMSHGHFDPHJICQHQWKIEYC4Y55PWEBFVX32UNSRHGI7NQ,True,other
12611862,2,Subida Meseta-Las Águilas,0.0,NC,9.4,"[19.348001, -99.216181]","[19.351125, -99.21837]",61.6,653.6,_|auBddq|QQ?QDIHU`AkArE_@~Aa@fAOFE?M}AO[UIG@EFEVInBYZQFC?m@k@c@Uc@IUAc@EuA?,False,https://d3o5xota0a1fcr.cloudfront.net/v6/charts/YQXXOVQTRHZUL4PHCEIEAW4NODKTAZI6QXXQEB553SDG5TZ36TMV5E7I3C764ENDREB5MXVK7U3L6WYLBQ262LI=,True,other
1653354,2,Pista larga Viveros,0.0,NC,-0.0,"[19.35616717581091, -99.16919814393717]","[19.356170017325088, -99.16922815193026]",5.2,2158.7,eocuBn~g|QeAfOMtBBH~DrDrLxKZOPHPB?DJBBDGI?CJBBAZ?rEaVrAkJAOsPyFK?IBeBbCS?iAq@IBe@n@M?oAgA[\Ed@,False,https://d3o5xota0a1fcr.cloudfront.net/v6/charts/WY4HIUXUCV3LOXBDR56JJBDBPYHFKLWHOCEOW6DU2YNJUCKF2JXGVLN3J2Y7INVSQFX4BR2RALV2M2TTHDCHJBM3,True,track
14513229,2,Viveros 0-2000,0.0,NC,-0.0,"[19.353027, -99.175326]","[19.353393, -99.175175]",10.4,1943.7,k{buBxdi|QNuAd@cBNkAf@_CXgBz@_Eh@kGD{AHs@AUGIKGyBk@oE_BsCu@O?MDQNq@z@ULODUAm@SSEUB]\KBKCm@WQ@IFEJGXCxA[hFCpAUbB?j@D\P^Zd@dBfB~AfBjBbBz@r@fAfAbBfAZN,False,https://d3o5xota0a1fcr.cloudfront.net/v6/charts/7GIZSVALNUOXYSL3JZUFPL6JYM27PK6EWGQG4T5JMDPVXZPOEOMNGZOCTBGXC4722EC37Y2TBS46OB347KCS67JC,True,other
21685914,2,Minverva to Viveros,0.0,NC,-0.2,"[19.362805, -99.179284]","[19.352856, -99.177146]",6.3,1130.3,oxduBp}i|QRCz@Ap@Ez@W\QPEjDYdAUtAMp@Of@ChAYx@Gr@Ml@E|@SV?j@WhBUn@A`@G`@AdAYbAQfBIlBWhACl@KjAGjEs@,False,https://d3o5xota0a1fcr.cloudfront.net/v6/charts/LH2NGYQ7AU4UEDTFHQRYNSGBGA5EXVS4G4YHWDXYOBULEZNUCOJZNV5G2FVJF6ULK36NUDI3EQGGDDIMA3SC2SA=,True,other
20072918,2,G. Pérez Valenzuela,0.0,NC,-1.1,"[19.351795, -99.177421]","[19.350942, -99.169888]",8.6,806.8,usbuB|qi|QRa@j@oFj@aDBe@\wBBe@?qAI}CDsABeDAsBBg@BeDH{@FC,False,https://d3o5xota0a1fcr.cloudfront.net/v6/charts/UDJTL5GBD2ZFUDWFK34S7WYA7B3664WI6HUX34EIDA3AWSFZISBDUTGARBB3KLJGRGM2UMI4CKXC3NRYZQBDCAA=,True,other
10366698,2,Viveros puerta 1 a puerta 3,0.0,NC,0.4,"[19.351854, -99.16968]","[19.356121, -99.16914]",2.5,559.2,atbuBnah|QwAg@oAi@yAg@_@Qy@Sw@]m@IWIO?QLq@bAa@d@OBOAQKQQUKSBYZMFG@MAa@a@QEUDON,False,https://d3o5xota0a1fcr.cloudfront.net/v6/charts/NGMHJFU37OV5SDLKCXWQC2GQ2OPICGXDWYZMUURREQTZ6KUYBPUBRVERUCN22VGQVVBJETUU3BHS6LVKGDKK3F4V,True,other
21217001,2,Parque la bola ,0.0,NC,-0.0,"[19.366158, -99.184551]","[19.366176, -99.184561]",3.8,329.6,mmeuBn~j|QNd@JJNb@RXJBT?REROHO@QK[IQ[Y[cAOQQGSAQDMNK\?TTb@,False,https://d3o5xota0a1fcr.cloudfront.net/v6/charts/GUD2YF6XUI2AD2MS26QWQVRQAWZJIRAXJ2MCOBCUBEDIVOAMOQHRHX4EZNR5R2N7Z7RMOOVYLQLQVT4JQ72XSQAX,True,park
21217013,2,Parque la vola invertido,0.0,NC,-0.0,"[19.365473, -99.184751]","[19.365388, -99.184719]",3.8,351.6,eieuBv_k|QADHR@VMX[LOCMGMIYc@m@uASYEK@GFQJKLEbAEH?HDVl@b@p@DL@P,False,https://d3o5xota0a1fcr.cloudfront.net/v6/charts/FAGGSYP4N4WHVU65PEME7VS7DFFCJS5JZKBTEV4MENFEDZUYQYBFJ5NHR5Y35DGPTNVKKPWANYNG7D2WMWMGIEHG,True,park
10003359,2,Vito a Viveros,0.0,NC,-1.2,"[19.351472, -99.183976]","[19.352183, -99.178056]",7.5,630.6,uqbuBzzj|QHo@?o@KyA@_@Ce@GU?WM_AC}@Oy@Gm@MqBBUM{AIa@K_AAe@I_AGYG{@@e@OcB,False,https://d3o5xota0a1fcr.cloudfront.net/v6/charts/3FKXZFTXIKUU25YP6D6MBI2VALQ55SCYXCHBXV2CKJPDZXZUKX65MPSKJIE2I3TS5JWGVL75RYIBTTGKLHNAKJ3B,True,other
24398393,2,Último kilómetro!,0.0,NC,0.4,"[19.358543, -99.178291]","[19.367149, -99.180577]",4.4,1003.1,{}cuBjwi|Qa@LoEn@m@LO@c@Ni@Fe@Re@Js@?s@LeADaARc@@WEM@]P[Dc@NKRGDG@_@GSASB[LSP]Hk@Xa@@a@Fo@AY@eA^a@Jg@Hs@DgAP_A`@QBUDc@@qAR,False,https://d3o5xota0a1fcr.cloudfront.net/v6/charts/KIAX36V45NEKFZS3VPLYCKR2U67DKTULJA4DXGAVSSJN5U4L6CYPLB5IFUAIHAN2CGVMMR62P7QIOZLYYU5QSTQ=,True,other
24560410,2,Quesos a barranca,0.0,NC,-0.1,"[19.354299, -99.188698]","[19.361563, -99.185019]",4.0,926.7,iccuBjxk|QSAg@_@e@Q}A}@iAi@_Am@qAm@UGw@JM?MEKKGMEo@IIwCgAkAo@u@[uAu@{@k@]MOOyCsAk@O[Es@?yAM]I[B,False,https://d3o5xota0a1fcr.cloudfront.net/v6/charts/3KQXRKGAUTFWXYZKMNRYFY3PFTDFWG5K7XEUCYXZHRFNZ2EEDR5QZGK7ESQEWBJLSTSCMBFRTLVKJT6A7KLHMNI=,True,other
22915024,2,1 vuelta pista,0.0,NC,-0.2,"[19.372355, -99.159523]","[19.372347, -99.159531]",2.2,381.7,etfuB`bf|Q?\H^d@Vf@LjALn@MVWJi@Ec@GOWYQK{AUK?WDOF[PKPE\,False,https://d3o5xota0a1fcr.cloudfront.net/v6/charts/FVENPKE2MC6P6FJWPV5CQB5D4UHAPVB6EVEVFLIRGRBVEZ5QOSDJF7CKL7FBB3BHT5WSRUDQXTKM43XN63GZ4FYN,True,track
20363599,2,Parque Los Venados Vuelta Exterior,0.0,NC,0.0,"[19.370473, -99.156501]","[19.370484, -99.156533]",8.4,1100.2,mhfuBdoe|QRcAVuB@_@CSsA]_C_@oBSo@OsAKyAW{AOABIPAR?RJr@GtAKl@AZEfD@VGj@?RZVz@Af@Cd@Kl@GdDo@f@GrCu@p@ELQ,False,https://d3o5xota0a1fcr.cloudfront.net/v6/charts/FUTDP3FBVUWGUBO2ZFNYQRJA4HXXXHYIVAURFOZ4YHSGEVEBDYQDA4KGRAGCYPWNKBPG53NBXJWWJADK76C4LXSK,True,park
27142316,2,Zapata a Ermita y vuelta  † ,0.0,NC,0.1,"[19.363531, -99.138515]","[19.363522, -99.138554]",3.2,881.0,a}duBv~a|QdAJ|@V`AF~ATj@DjAPf@Jj@?\LT@fAVh@@nBZC@SEeAO_AGcC_@[?g@Gg@M_CU{@QoAOaBYI?,False,https://d3o5xota0a1fcr.cloudfront.net/v6/charts/SHXSXMEYWDDW2AU4CNL42HTYPJTPUF2H6RNRO4XIUYY77KVO62RJ4YEJLOUDDRPCY4XKXOUW5R2WC6E3KJCC5VA=,True,other
17821093,2,Recta DIvNte,0.0,NC,-0.4,"[19.373499, -99.157379]","[19.370684, -99.156473]",1.6,326.9,i{fuBrte|QrBk@|Bg@`@OrA[dAUrBWNE,False,https://d3o5xota0a1fcr.cloudfront.net/v6/charts/LMB532HJA2FUQHZYGGAURGJOYVNLM6XYWOPY263ZAHBIAY7HCBSE76ISTOK6CHDL6RX4BH4RKPKCM3GOH5XKVBPK,True,other
26908397,2,Pato corto,0.0,NC,0.1,"[19.354237, -99.131748]","[19.35423, -99.131777]",2.0,723.0,}bcuBlt`|QaA~@a@h@WRs@x@CJUVCH?DFLLBb@WTWj@a@j@g@dBuBpAwA^YhA}AFI@KEEQIGBURo@b@gC~CWP,False,https://d3o5xota0a1fcr.cloudfront.net/v6/charts/TVVV6VGT2UBA4D5EA3B2WSQG7ZTSZTPOVCBN43ZCJ5E6HQHIIC5H3QXI743NZYF4TI6Z5RIXHVV3CSUWWMUT7LA=,True,other
27132384,2,Desde Sur75a +,0.0,NC,-0.0,"[19.361103, -99.132372]","[19.361091, -99.132384]",4.6,808.6,{mduBjx`|QBk@Hk@JuCHi@HqADSBARBFDBFD`@ChAi@xHMrC@NO~@At@EFSFICCEA{@NeEHsA,False,https://d3o5xota0a1fcr.cloudfront.net/v6/charts/YTVGILV3HJEQL2W52ZXO4Y67OKQ2PA4MZN2ZBLUTDWR6U6KYXHNDYJJNJHMFM5LETDZBJYER4R4WTYZKQ62ZUOA=,True,other
25191662,2,Puente Tlapan,0.0,NC,5.8,"[19.364676, -99.144895]","[19.364402, -99.142918]",18.0,210.1,edeuBrfc|QJaB?eC@SZqBJ],False,https://d3o5xota0a1fcr.cloudfront.net/v6/charts/T6A37JXZCPY737OTBPNRCEXTJOHL3SHMS3TZSHVTCB5QRMZKRKARNHBYPQVO4D2X3IZHXPGGLVJJKSBYIKVMBLQ=,True,other
27684069,2,Sinatel por los dos sentidos. †,0.0,NC,-0.8,"[19.364582, -99.133561]","[19.364705, -99.133551]",18.2,732.0,sceuBx_a|Q?wAFeA?{AC_@BuCBm@GeECMICEFEh@GzC?|ADdAG|D@lADt@,False,https://d3o5xota0a1fcr.cloudfront.net/v6/charts/4KJFYDXA5SWDU6L5LBQUQRRTTJG4I3TWLG6UMBJWQPRICGMXXG2TLFMAM4UBD7L2PBWGPLUQ6GOYD5EURJ3EUR2F,True,other
28245325,2,Egipto a Zapata +,0.0,NC,0.7,"[19.361637, -99.138944]","[19.363459, -99.138511]",2.2,205.7,eqduBlab|Qo@OkAK_AWs@IYAe@Km@EMC,False,https://d3o5xota0a1fcr.cloudfront.net/v6/charts/J2MHVHDBGDYPWTK2ZXR7SJNAP6F2R5R4NIPZIA42I4S6K7MYMIO6XLU3Y7HSM33LSSAOQSZD7E7BW7PHVTDTDII=,True,other
21675386,2,fIN JOKER PIRNITAS DE NENA,0.0,NC,-0.1,"[19.358119, -99.153368]","[19.370018, -99.156584]",3.4,1377.7,e{cuBp{d|QkABeCf@c@Bq@Ly@X[Ag@@m@L]@_@Jk@ZoC^w@?qAXm@Tm@N{B^}@Hs@Lc@ToAVaAVu@LeCVuATmA\g@HwA\i@Hs@Py@Vq@Lu@EqAN{Cr@e@R,False,https://d3o5xota0a1fcr.cloudfront.net/v6/charts/52WF6G2XGQEYNFSDITXPOU6GH7ARBUQL6EV22QYGMPHTXSB35F36YCJLGGSMTOALWQ543OBEQ2YMX5B5WP5Z7B6O,True,other
1359637,2,Patos,0.0,NC,0.0,"[19.350965977142152, -99.12678681803862]","[19.35093479875498, -99.12681408570565]",3.5,2149.9,onbuBlu_|QHgDEiAFyACwDD}A?gDFaGJ{AHa@X}@@QGOM?Q@MFIRMb@Il@Mf@G\BnAEbAA~BBlACr@@d@IvC?VH~@CVCtABtBCp@@bDCLGpDElAG^Ot@Q\qBzBw@l@GPDNN@`@Cv@e@zAgBPWXo@T}@LmADuD?_B,False,https://d3o5xota0a1fcr.cloudfront.net/v6/charts/NNCCZFXVEE6QNG5MVBUYKYGADF7SCRNPESNCIV5RLFV7XHXCGYM3SVEBO3VEKGNV4TUDXNFU3GDAZNWVJLGKNK3A,True,other
27664503,2,Ermita Vía Lactea - Patos,0.0,NC,0.2,"[19.358363, -99.130194]","[19.352139, -99.130075]",3.4,702.9,w|cuBvj`|QH[\I\BpA@v@E|AAdBKZFh@GjB?`AD\F`AGr@@~@FnAA\Cd@D`@A\@NDh@ArBF,False,https://d3o5xota0a1fcr.cloudfront.net/v6/charts/BBNTIXI3M5UWMUJKSX3JDSLNAFV5OFPBDGJGJVV53ZCEE6CE66Z4UA7ZYWDEYRY62RSBIA7FIFTS4SZNPRFE57AJ,True,other
17222503,2,P[arque las Montañas,0.0,NC,-0.2,"[19.347372, -99.123209]","[19.347469, -99.123202]",9.2,804.9,axauB`__|Q?WEMFs@G}BYQUE]As@Io@?OBGDITCl@@l@AL?`ABFB\DD@FAz@CR@XAHKVBd@EN?P\xAPPBFj@H\EL@VCBCFaASyBDUFe@Ci@@I`@UDG,False,https://d3o5xota0a1fcr.cloudfront.net/v6/charts/5JIESSQA45NHEVCHXY7H5ZCT3SWCQGL5QHWQMQXLACUVOLE6OVPCKOZNYNCN2JVIIFC2TYN7CA6IUO6WR2XGBOAF,True,other
26685025,2,SUR 107 200m,0.0,NC,0.3,"[19.363391, -99.117061]","[19.363385, -99.117084]",4.2,246.0,e|duBtx}{QLGDWJuAAi@BYAGQKG@KJSrCFd@NHB?,False,https://d3o5xota0a1fcr.cloudfront.net/v6/charts/LP3CV337NGOXQOAZOQKVETB2JTOOTEAAYQD6SX6SV47GIZ7NR6WMJ3VPRZE44NFSL5RHI4KV4FZJH4AUUULEIWA=,True,other
19553388,2,EJE 2 OTE Derecha: CTO Bicentenario (Churubusco) → EJE 8 SUR,0.0,NC,0.1,"[19.36876, -99.122148]","[19.357889, -99.12168]",2.8,1200.1,w}euBlx~{Q^G`@?ZEl@Hn@?f@Gf@IXCRBl@Tl@Hr@@b@B`@KR@l@EbA?f@Cf@BlAA\El@A\GZA`AFz@KlAB`A?rAFv@?lE_@~AGpA?TBf@GN?NDfAAj@Fn@Af@Iz@Wr@MP?,False,https://d3o5xota0a1fcr.cloudfront.net/v6/charts/SFPULFAGJJN5LFL3PZJSGAXIQPFYLKDYEZC5Q7SZEG3GPQUCRZQT6IM637IR4ZGSKJE5W7SOUE4BNM7DESPYZYY=,True,other
19553397,2,EJE 2 OTE Derecha: EJE 8 SUR → EJE 6 SUR,0.0,NC,-0.2,"[19.357887, -99.1217]","[19.375348, -99.122593]",4.2,1949.0,wycuBru~{QIFO?URYL_APc@FwABWBe@@m@MmAC{BD}@HcAB_@?o@G{@FsAR{A?cABgAEu@BqAEiBH}@H_@@a@AWBc@Ie@EcA@wFReAEe@D[A_@MY@EFSDcAE_AFiBEW@wA?UDi@Cs@HqABaADaA?_AIm@@g@D_@Ae@@kAI}@?aAHY?YB{AZqAB,False,https://d3o5xota0a1fcr.cloudfront.net/v6/charts/XCQHHIO4ZLKFJM2GP2H24AFXUMCYZK3JNZITZKIIBUHKCTSKILHQLFRSJ6P6MKZR6S3RNADJPVLAL7RESXLFWHFV,True,other
19553382,2,EJE 2 OTE Derecha: EJE 6 SUR → CTO Bicentenario (Churubusco),0.0,NC,0.4,"[19.375387, -99.122267]","[19.369832, -99.122217]",2.2,609.0,cgguBdy~{Qr@MhARjCG`AIj@Db@Ex@O`@H|@Cr@DXAdAKbA@fAGZ?`BP`CF,False,https://d3o5xota0a1fcr.cloudfront.net/v6/charts/UNOW6WQBIOPBGZA7QPORTGPZGQJ5WESJACDCOJOCY47WPW6YRCCWZ4ZRDVVFVPH42OYO74KYEPLCPWPGBPVN2OUS,True,other
32015807,2,Churubusco rocks ,0.0,NC,-0.3,"[19.369507, -99.115771]","[19.369522, -99.115892]",9.2,2210.7,kbfuBrp}{QEAAK?g@Ms@CaACW@i@Gw@?gAEkB@aBMuBEQ?g@Cg@@sAIoALp@@lBDl@@`AB\@z@Fv@A\JjCAj@FbAGTDj@Ah@NnACVDx@Ap@BX?^Fb@Ad@P|DEbA@LA`@Db@FJ?x@DX@r@AL?bAD`AAR@nADd@?ZB\Bv@Fz@CK?u@MeB?}@CQEmAESCyCEu@@c@?CGCCO@mAK_D?{@GgB?yABS,False,https://d3o5xota0a1fcr.cloudfront.net/v6/charts/6XUOW5O7VCTICL2AUOEBNAFV5SZNDS7Q2SRUKDWUOZAYVFWH3K6QEZAVHCAEF7PPAV2TAIIJAG76MB7FXSSML6DK,True,other
37551375,2,Parque Portal Churubusco,0.0,NC,0.2,"[19.368072, -99.120456]","[19.368144, -99.120508]",3.2,345.0,myeuBzm~{QMpB@fAMtB?LDD@SE[?}@Bg@Hq@BiAA_@EG,False,https://d3o5xota0a1fcr.cloudfront.net/v6/charts/RZ7XTIAVZEVV2PFDAROJOXEN5YFH5FJA35CB37ROQOQQUI2I3YMCCM7SEQBPMJST3BPSSICE34OYBOQEN4R5IOY=,True,park
33360437,2,"7,8km †",0.0,NC,-0.0,"[19.352152, -99.129908]","[19.351296, -99.124349]",5.8,7809.4,}ubuB|h`|QVKNMjAiAz@kARa@H[VmBHoBGgFBqBCkABgBAsADmB@oE@}@EcB@aABuAHw@N}@LYR]@GC?c@DMHc@tAKx@Az@?hDEnAAnBE`A?n@ErADdIEhBIzB@fAA\@z@Ej@_@fAe@v@[n@QVMT_AlACLFLHDJ?b@KtAqA`@e@h@gANm@N_ADs@@qAAk@LkDGcAAuADkBE}ABwBAyCHgBAs@@uABa@AoABe@HiAVaAPc@AGGAa@BGDOXSn@Kj@Gp@E`A@jAC`@@vAKpC?dADn@GfAB`@EbCBxCI`EDb@EnDKdAOn@Yf@_@d@OZ{AhBGZHLNFXIt@m@fAeA^u@Vq@RaAH}@?oAFwEEyCFeCCu@BcGAm@FoCAwABiAAy@FqAR_AJ_@LY?IEC]@IBUb@WlAKt@Eh@BrBGvCBdBGrABZChABj@IxBA~CCZA`FDlAAv@CZOv@EHG`@KX_@r@y@nAkAnACFHJNFJ?ZG`BaBb@o@h@kAX}ABc@FgDCsBD}CA}@DwBASCqADuA?a@Dy@@cACYDsAEiBFs@H{CLs@\cAAGC?gAFGDSb@IZIp@Ed@A~A@vBERUh@Nn@Al@?~@BZ?nC,False,https://d3o5xota0a1fcr.cloudfront.net/v6/charts/BKNWD5L53UNAZQM4BHMTBXZCZYO72NXUPWHDWA6WZXP5BICLVGKFHGEFPZZVQH2BB7F4ZTTIOP7MWX6EDZGVQOA=,True,other
20573182,2,la polvosa ,0.0,NC,0.4,"[19.348161, -99.091792]","[19.347461, -99.092402]",17.6,2064.8,_}auBvzx{Qf@t@hA`Af@|@NPj@\ZVt@\b@FTTVt@NTr@j@p@d@l@Zx@^VFTNXHp@b@d@J`@Bx@At@Jx@R\BXCh@Nf@Dr@@VD^JZRVJr@JH?JGf@i@HCbBJ\LgB[WGWY_@SSS}Ac@[Ca@KOCQ@y@HmACm@F[PU?y@Ik@Yi@Ci@Qo@ESM{@[YQIIKU[[}@{BUUa@G[DWC_@QUWqB_BkAo@aAu@QGABb@b@ZLv@h@RZ,False,https://d3o5xota0a1fcr.cloudfront.net/v6/charts/TKD4JOGYRHBXTMPX7SDCWTIELCCMOX7KGK5AYYKONUCAB2I2NVBSEWEGF72IG2LLX7Y7FTHOX7QHNJCGFFMYMBKP,True,other
4542539,2,Fuentes Climb,0.0,NC,5.7,"[19.346459, -99.097555]","[19.347548, -99.092128]",44.6,784.2,irauBv~y{QS[M]QQYOaA_@[SGKCQ?m@La@@u@JUPUJe@?IKe@MWWK[QOESAg@]]YMWMq@K_@Wa@Wo@MoAWu@CUAOJYl@w@FCd@G`@W^WN_@HGZJ,False,https://d3o5xota0a1fcr.cloudfront.net/v6/charts/4XGISAX66LGPZIEJO6NFSINLEERRJ2UHVGG2KHEJPK5Z3TAG5TAWJ4FCG5UI5HO6XAGYWYXWO7DEBKH2J6FDSQY=,True,other
4542538,2,Fuentes Climb,0.0,NC,6.1,"[19.35442, -99.090604]","[19.347505, -99.0922]",60.4,995.7,cdcuBhsx{QVHL?vB^`@Ap@J`@LpBKNBd@NRNNRPJTZNVTp@@LZn@HBPED@DT^r@j@h@NRTPLV`@Zj@Vv@BVIJOHm@FMV{@^u@FKdBiAr@Qr@GV@JD|AnA`@VDA,False,https://d3o5xota0a1fcr.cloudfront.net/v6/charts/H6MNLJUXPITT5FC3X2UIHVCJ2C5XCI5B6FT3MZKOYU7TS5EZINSX23H6UE3DSRZTVCYBLH46M4IHBZABQM67UYJC,True,other
22271116,2,Vuelta 400m,0.0,NC,-0.7,"[19.367462, -99.073247]","[19.367805, -99.072673]",4.6,401.9,sueuBxfu{QJKLi@r@cB`@q@Zy@Ve@BMCI}Aa@_AdBi@tA_@v@,False,https://d3o5xota0a1fcr.cloudfront.net/v6/charts/F3KQ4B3H7CRCFUODM5LOMXMRNE53GB5YCZZGZUJZT6MBMEYVRPVN4W77GMBVOOFBCMPF7HZLZH4S3673SIQ75XM3,True,other
37343603,2,"Circuito Corto, puestos a museo  (TGrana2)",0.0,NC,0.3,"[19.349469, -99.091068]","[19.34828, -99.091741]",81.0,3824.1,cebuBdvx{Q@g@PuAFQRUJYBa@Ia@?SBQNK^MVYTk@@]C]?SS_@OKYEYKQKY[CG@YHYPa@V_@ZYlAm@~@q@HKFYv@aAPa@X[bAu@TE^PDLLJHLABf@d@R\HXHNRRh@J^NFEAUHU|AcCn@]LMRUL[j@o@VUZE~@JZJNZVZAJEH@RRj@LT@FF@BFH@^GX?RE\?PDFJARHF@LDB@LB@DLLFDD@NJVL?LHJ?b@JX?|@Xd@FNDTBZPn@T~Ax@jAd@V\R~@DZA\Up@GD]t@AJ@NCPQZCT|@Th@Ab@@bALj@RRPPRN^PhAY~AAZ?h@iAXUJm@RKPDVIDAFATDF?HCVGNKLSx@OVUNM@SHGL@^Uf@A`@GTDRb@VRn@?LGXYh@Ct@G`@IV@J_@De@Km@Ec@I]Oo@Oc@WGG]IQMy@UIEcBEaABKCa@FKDGHKBIEQAY@II]F{@HWQ]A[OWESAKIs@Em@i@YKUOIAwAeAIKS}@EIgAWuA}@k@s@O_@CQk@Wa@a@s@c@OGAIDG,False,https://d3o5xota0a1fcr.cloudfront.net/v6/charts/VN5LRX6D5GX4LIVSRWTPU5VXQEQ32M5HPQFIOTLFQV6ISHE73GEN2P4KP2XFFZ35KA5HAPEKYI2Q26HQIM2LDUEV,True,other
35631101,2,"Star Hill ""Circuit""",0.0,NC,0.0,"[19.345318, -99.094307]","[19.345359, -99.094263]",40.7,1555.0,ekauBljy{QEPORWJYHKDIPA`@Ph@Fn@El@ELOVCVQb@Mh@Ap@Oz@g@j@Wf@EL@HERIXIDKAOWK]Yg@c@]eAc@SQCWDSDo@Nm@RWTc@@SEWQ_@}@y@[SkAa@KIOWOa@UeAQc@EUIk@Ka@Go@Si@?OHM|@k@l@Of@GJKHONQHSFGFADBZZd@`ANRZX`@Z\Nb@Xn@XVPNp@LV~AdAv@\,False,https://d3o5xota0a1fcr.cloudfront.net/v6/charts/USVWSDWZYHTR4AMCM7INCPOL4A3VWQDMLJYE45AUTOEHJR7R4EK7D2EA3GKJNISMJHFUXGG6RHUPOOQLAOSSGVA=,True,other
22271118,2,Vuelta 500m,0.0,NC,0.2,"[19.367462, -99.073247]","[19.367638, -99.073231]",4.8,500.5,sueuBxfu{QJKLi@r@cB`@q@t@gB@ECIs@Qa@OG?CBENq@hAm@|AmAdC?FJFbAP,False,https://d3o5xota0a1fcr.cloudfront.net/v6/charts/KWPMCUAV3HSD56CXBE5BUJDK5JPJAB32ZZ4ZVI2JIZHXGTNALKVOG62GFNA2SHJ54ZRZWODI7WNFR7374MPLOL6M,True,other
22271134,2,1000m,0.0,NC,0.1,"[19.367462, -99.073247]","[19.367804, -99.073183]",4.8,1003.4,sueuBxfu{QJKLi@r@cB`@q@t@gB@ECIs@Q[MMACBENq@hAm@|AmAdC?FJF`@F~@RJCBGT{@Vq@jBeECMQ?[QG?YOM@IHWn@u@|AKX{@nBM^ADDH`@F,False,https://d3o5xota0a1fcr.cloudfront.net/v6/charts/VAHLBJAKWLMEL5HIKE2Z5HQHAJBXWDF3BXPPMO2HGL4HJKZUVWTDA65FBWWYOHUHXCBI5KRDNJKV63S3WEQRIKT2,True,other
30280675,2,Ovalo Peri-Oriente,0.0,NC,0.0,"[19.351619, -99.059613]","[19.351692, -99.059562]",4.7,2655.1,qrbuBrqr{QqDi@yC]wFkA_DUwBe@iDa@}AWiAI_BA]CeHeAiEi@qAMaHWz@L~CZ~BLp@Hf@JzBj@ZFtBThEn@zD`@bEv@`Ed@nEr@fBDvB?fFd@j@BSE,False,https://d3o5xota0a1fcr.cloudfront.net/v6/charts/74RY25Z4T3KRHH3IH2633HJRXK4OPW7D4AOY2B3HKUL27WKI4KESTFY7M5ZDZM7DU7AJSO2RGUJTDF5ZNQZX43JH,True,other
16820215,2,Vuelta Parque Cuitláhuac,0.0,NC,0.0,"[19.364718, -99.04104]","[19.364661, -99.041101]",8.8,2173.1,mdeuBn}n{Q}Ai@QCIBy@b@w@f@GLCd@ETSZULKPWVw@d@s@TKH_@rBFZ\f@FR@\G`@Sl@o@j@iAt@ST]tAc@tBWz@Ih@?TDJpAv@PRVb@Pz@NN`@DfCQzBc@~Bg@J@ND`@XX@pC[rAG`AKJKLUDKFi@HgAJs@JsAIq@c@oAA]D[RiCz@gHKo@JoA?SAEICo@QmADgBCa@Bs@Ge@M,False,https://d3o5xota0a1fcr.cloudfront.net/v6/charts/ONPWNYQVFX3BUGHDMK3WICMY34XBCKMLLBRSNVJPE4SSB7CRWDERTZT75LSUAHO5CNZM5UB2BCDYKBDCADLFK4G2,True,park
33581003,2,Parque lineal GN,0.0,NC,0.0,"[19.364593, -99.056493]","[19.364796, -99.056892]",2.8,1766.8,uceuBb~q{Qq@U{@QuASgBEs@BqCf@SFo@ZwA^g@Fi@P}B`@SHsDv@_AR_Cp@mDr@[Lw@PYT@RBBb@Lb@FZCfAWtCi@bDaA~AW|Aa@zA[b@Oh@IbCi@b@Qt@If@SrAYp@A`AHvDh@,False,https://d3o5xota0a1fcr.cloudfront.net/v6/charts/H5RHHPNZUM2VO2Y7N6SBMEFFLQUWLEIZWYGRNAKVXXQAEWDBC7ZIZ7NAXEWR3HRVSRH7TJE2JGDKH2PHEGFYGIYT,True,park
31676212,2,Ovalo Inverso Colonial,0.0,NC,0.0,"[19.348308, -99.057235]","[19.348036, -99.057287]",3.0,943.9,{}auBvbr{QSWGe@Am@No@Ak@DOHi@L[Dk@Jk@Dg@L]Hs@L_@Fe@Tq@D]Le@NqALa@^Ob@@NFR`@BNAd@Gd@K^_@hBOhAYbAShA@LA^MXSjAM^[jCKNE?,False,https://d3o5xota0a1fcr.cloudfront.net/v6/charts/OEDOE7DKNAAEUAQXSUUKCRBI3MXOERK33LGGZZXSGF5PXAZSLE6V7UPX5B3SU2AVHUNVJDIVB344RXYGGVBTPLQ=,True,other
33580996,2,Peri a GN,0.0,NC,-0.1,"[19.347388, -99.060769]","[19.371426, -99.057886]",5.0,2811.7,cxauBxxr{Q_@OAOCC[IcBS}A[s@Ks@Sa@IoC[_AE}@Us@JO?]G[Oe@MYOgAQ]?[E_@SKCeAIqB_@oHeAo@Mc@C]Jk@CiBWqAWkDa@sC_@o@O{B]cBOo@MkA@[Iw@IoAUu@U]CkAFmBSo@Ma@CSY[Y[?IX[UOE}Be@GEGe@SKaDw@uASgBEi@@}B^q@Po@ZwA^g@Fi@P}B`@SHsDv@_AR_Cp@eARi@N,False,https://d3o5xota0a1fcr.cloudfront.net/v6/charts/LW5CLHS4WVPX75ZTMJZEGQUYKXAF2KGMB4SKKXETS5WC2VZ6AVZ4S6GCNBRALJWFZBZPMWDOHY23O6OOT3K3NHFE,True,other
32033108,2,Barras - Fronton Peri Oriente,0.0,NC,-0.1,"[19.353537, -99.059209]","[19.353497, -99.059423]",4.2,1514.9,q~buB`or{Qc@KcEq@e@Gs@C_@Ko@Sc@Im@CoC_@sAEuAa@_@B]Fq@E_@Iu@IsASyAYk@AaAS[@EH@PNFlBRtB\lBRd@J~Df@p@JhBb@|ATx@HZ?r@PxCh@hD^PGDE,False,https://d3o5xota0a1fcr.cloudfront.net/v6/charts/42SMCVSZJDOF3ZXBLPAJ5X44XCB2TTP4IDJJE5B3JRAMCWMOZIVV5OSAI74PFRAZZYNEZOFCL6SKIQLUSMG4NYY=,True,other
31270462,2,Ovalo de colonial,0.0,NC,-0.0,"[19.348187, -99.05715]","[19.348328, -99.057105]",5.7,896.3,c}auBdbr{QV@HG\yALeAXm@DMTwC^kBNk@b@mCRg@@OAOEKMMOEU?c@Ro@vCW|@MbA]tAUtBOx@KnBKf@?`@FP,False,https://d3o5xota0a1fcr.cloudfront.net/v6/charts/SSBSJJ7VOCJJWY7WXHMUTXVMCXDUW76INEDKKE53MBSSPRJK5YIZHXWOJ4GAR4QECR6MQL4WQOEWMUAASV5MSRJX,True,other
31425153,2,Colonial Completo,0.0,NC,-0.0,"[19.347625, -99.056559]","[19.347918, -99.056701]",3.4,1797.3,syauBn~q{QPF|@DNHb@Hf@DzCd@rAZt@DpB^dAJ`BVJAEE{AIo@Ii@AKCg@Se@GE?g@I{@CuB]sAO}A[k@Gk@Ke@OCK@Mf@iCR{@JcAPs@BSf@yCRy@Hg@?KO]SG[?MHKXGbAGVWhAM`A[rAEf@SlAU`AOjAMlC?DLf@XBPOHy@F[,False,https://d3o5xota0a1fcr.cloudfront.net/v6/charts/WCTTUL3RCKGIZB6KR3GMOD3SFTE646MANWHIE7X22FPBOV5MHFITMSBOAAZCPVW7KNHENI4ONZXMYJGC2DPO2YXX,True,other
19539228,2,5 Vueltas Parque Cuitláhuac,0.0,NC,0.0,"[19.364754, -99.041007]","[19.364673, -99.041105]",10.4,10915.7,udeuBh}n{QeBi@K@m@Vs@`@YRCJ?b@CTe@n@cA|@]Nm@NMJg@tBANFR`@v@BLAXMp@OXyB`BQRa@nBs@jCGb@A`@FNx@f@b@\\d@Np@JPRNPBJ?`AQxAQvBg@nAQVGXBb@ZJBJ?jBWrDYZOPWNmBPkCCWc@wAE_@`@sEV_B^}C?UKm@D{AIIs@SkG@QCs@Y}@g@YCUHaBz@KTCj@KTaBbBeAZIDGHc@zBBJb@bAFXQfAEJMNe@^kAv@QR_ArDa@dBEZ@VNR`An@XVT`@Tr@DHNHJBP?dC[hEu@t@UL@JDd@^X?pAU`CQbAMVKLKDKDS?k@DaATmB@YI]e@uAC[HeAd@aEP}@Jy@HqAG_@?QLm@Bc@?OMMc@KWC_CHaCAu@UoAm@WGM@q@\aAn@EHAn@GNa@h@u@v@OHiAXMJe@rBBR\p@J\?LGf@M^QTcCvB}AtGC^?RDJFFbAj@VRXb@Xz@VRNB~F{@xAUj@OR@d@ZPB`CW`D[ZIT[FYBiATyCASGW_@oAAKVgD|@qH?KEm@DkAA[KKq@O{@DuAC{B?SGgBy@SGSDmBfAGH?f@GTSXgAjA[R{@PSL_@vB@JXn@Nh@?RKl@MVML_ClBEHaAnDYbBAl@HNlAr@RPXh@Pv@PNTDTA~@Ob@CpAWt@IdCk@VBf@XZB~AMzDc@PGRWDKDcAFc@?c@VmBCQk@gBAM?SFa@PkDZiBPcBHg@?[Ge@NiAAQKKi@QmAHe@?_DEiAa@q@_@WIODoBbAEL?l@AJKNaBzAOH}@VIDGHc@vBBP^v@FX?JKn@OZcCrBKNuApGEX@ZJLl@^n@f@NZV~@DHLHZD|BUbGiAPBn@\Z?n@IzBQrAOf@KVWHSRcBTiC?SGWa@}@IUAMFi@TuANuADw@\kCHcAGu@LuAAOCGMIo@KMAeAHiD?]CWM,False,https://d3o5xota0a1fcr.cloudfront.net/v6/charts/YS2SOC2RNCB23EY4WRXEMDZY3FETIHWXTRFTWSRCJFQGVEWRERRG46QDSZSKN6LUDH3S4ZLRR2NZHGQTYHNHVAY=,True,park
34200435,2,Circuito Mercado Consti,0.0,NC,0.0,"[19.34758, -99.060701]","[19.347608, -99.060689]",4.0,675.9,kyauBlxr{Q?YMGm@CsAOaE{@eBWcBOQLC\RTb@HxCZt@LdAJxA\RBhB@FO,False,https://d3o5xota0a1fcr.cloudfront.net/v6/charts/ETNHBIQYIQOLOBB5FDTT66O554KVDDER7PIMQ3MFKCN75GDKWAILNBHJAMVIX7CPLDWDSVXOMOO3T7IOGQ2VMGA=,True,other
29324246,2,Av del Pino | Av Puebla - Av Valle de los Reyes,0.0,NC,-0.3,"[19.359303, -98.982961]","[19.369871, -98.980404]",4.0,1205.4,sbduBprc{Qe@GsCg@mAMe@KmAGe@ImAWg@Ec@KiAO_@KaBYW@c@Oc@IeDe@sBUeCa@kAMsBe@e@Iq@A]GUKsAMoBc@}Dk@kB[,False,https://d3o5xota0a1fcr.cloudfront.net/v6/charts/57IUTAROT2SXE7YP4LPWWBMPS4UX63WP4SOQS2UNU5YFOFFXXIBFW4PTZYHL2SIJ3YRVGMPGDXH6URCFF7BYE7VY,True,other
29242277,2,Andres Molina | Panti - Lerma,0.0,NC,0.1,"[19.369275, -98.969031]","[19.366414, -98.970506]",0.5,354.1,}`fuBn{`{QNHbA`@RL|@b@|@X\RbA^\V`@Pt@X~Bt@,False,https://d3o5xota0a1fcr.cloudfront.net/v6/charts/BOH6OGAHEAFUO33Z2Q3JG2IEWYFKU7WUSKMWZAKX6L7RBVQQHDRVUTKQ24IRJVHORWGBHANR6V7DN4UGKRCTZCQ=,True,other
29300495,2,Loma Bonita | Ote 1 - Av Floresta,0.0,NC,0.8,"[19.37359, -98.985962]","[19.371991, -98.982859]",2.8,373.0,}{fuBhed{QF[z@_CpAwC\Y`AkCf@iA`@iA,False,https://d3o5xota0a1fcr.cloudfront.net/v6/charts/6JDMTOOB7VXO2A53QWE2PYM7WGE2KWLP7BWU62OBARP25FTLWJE4KQIVFG4HWAFLECMPUHDKC6QAP32YWEPFOAZS,True,other
29324196,2,Av Puebla | Torres - Simón Bolivar,0.0,NC,-0.1,"[19.358381, -98.968899]","[19.358839, -98.979515]",3.4,1141.1,{|cuBrz`{Qw@pCSfA[fAu@~De@~EC|@QpAAf@A|BZ|DFlARtCLtDLnAJh@Nb@VdE@hAElA,False,https://d3o5xota0a1fcr.cloudfront.net/v6/charts/RE4HPR4JD73ZNJZCWOCINIXF24KQYXP4HZ4E67KE3S7ZSENPVDNE4SLIFDYEKXMGTLFSYI7WDHBRR7Z3WJPZCUI=,True,other
29324461,2,Av del Pino | Av Valle de los Reyes - Av Puebla,0.0,NC,0.3,"[19.369857, -98.980349]","[19.359255, -98.982963]",4.1,1209.8,qdfuBdbc{QlBf@jAJlB`@jALlB\lBTnBXvDr@f@DjAVbFj@nBf@f@?`@LfAPfALhAVf@DlB\f@BnB\rBVb@J\B,False,https://d3o5xota0a1fcr.cloudfront.net/v6/charts/B5AZCMZBMTHT4IQ3NDGDUYXAQJYZ6OZMQR2M2U7WGXGUPKCRWUHYC2VOM2IXLV75AZFOUH53WI5EUBZWYNA35BVD,True,other
29242387,2,Av Lerma | Calle 9 - Av Valle de los Reyes,0.0,NC,0.0,"[19.368143, -98.975159]","[19.370058, -98.979395]",0.9,495.1,{yeuBvab{Qe@xAOVk@hBUz@e@fAU\m@nBIb@U`@u@lBKf@Mb@S`@W~@,False,https://d3o5xota0a1fcr.cloudfront.net/v6/charts/MVNF4TN5GPXTF5BLKQ3BKPUTEKJLSMHEXTDTNOXQ74MG5XS6Z5EVFEMPQQOW4NI5E6FSXMQHDMUDASH3ZYTV2AVJ,True,other
29324310,2,Andres Molina | Av Texcoco - Lerma,0.0,NC,-0.5,"[19.360683, -98.97354]","[19.366264, -98.970868]",3.4,681.1,gkduBrwa{Qc@E}@c@a@Ia@O_@Wc@Sc@KqAk@uEgB_@SoBq@c@SkBk@y@_@e@Ge@Ke@QyAy@,False,https://d3o5xota0a1fcr.cloudfront.net/v6/charts/HHJ64GGHDCPWHD55FSQ3FGCMPKMN5BCXNOHXNLLUQO4TW3QZSPGRANP5ZXNQT6XGV54WNMFRGS5X624XWAELZLY=,True,other
29242486,2,Loma Bonita | Av Floresta - Ote 1,0.0,NC,-0.8,"[19.371819, -98.983028]","[19.373334, -98.985986]",3.1,354.2,ypfuB|rc{Qc@dAoApCeArCW^k@vAU`@[hA,False,https://d3o5xota0a1fcr.cloudfront.net/v6/charts/7UXHZMC5CMB7GBJYOCP5DZO6TM52PL3CYM7TWNI4ZQSWK7TJZOCO2PEOW2JSQFJRPRKFX7G4SLZRK2UD74YUE6A=,True,other
29300588,2,Av Lerma | Calle 9 - Andres Molina,0.0,NC,0.2,"[19.368211, -98.974975]","[19.366426, -98.970899]",1.1,472.1,izeuBr`b{QPs@`@gAHi@HK|@cBlA}DJ]Tc@x@uCb@mAPu@,False,https://d3o5xota0a1fcr.cloudfront.net/v6/charts/SL73Y7NFDAGVGG6LTUQQTWF7VCEO5PIIBLHYCMRFTDYW5PZDTPMIDTQSRCGIAGX3MRMGON2ZYTCJBHSPU5QN2SQ=,True,other
29324217,2,Lateral Prk Fco Villa | B,0.0,NC,-1.4,"[19.358879, -98.979629]","[19.359187, -98.982824]",4.9,338.4,}_duBt}b{QGnAY~DMhGMdB,False,https://d3o5xota0a1fcr.cloudfront.net/v6/charts/LZA37ELX4GU25ZILC7SB6AVDVNIFHBZ7ER64PFLUMI4COYHP7UW7CFX6BNYFX76JONFGUPOVTGXI7WEWGU2H6OY=,True,other
29370920,2,Depor Soraya | Pico 3,1.0,4,10.7,"[19.346177, -98.948849]","[19.352715, -98.943522]",98.9,922.6,qpauBh}|zQY[m@[[Sc@SeCgBc@QwBwA[MmAu@kA}@a@Q{@s@eAcAaAu@k@i@]W[YEIIEw@u@W[sAmAs@w@}@o@W[W_@KEM@,False,https://d3o5xota0a1fcr.cloudfront.net/v6/charts/GI3VJDGPVSZJCTV7VBSGVFIUJLLUEII2NN24NI335UHLLX5XIK4WQ4CBVFDR3PSVCVM3775KD23NFA2WNHDUJVQ=,True,other
29323766,2,Torres | Cuauhtémoc - Panti,0.0,NC,0.2,"[19.366295, -98.964421]","[19.363592, -98.965586]",0.7,328.5,ineuBt~_{Qb@Cd@LdB|@nC~@^Td@L^TrA^`@D,False,https://d3o5xota0a1fcr.cloudfront.net/v6/charts/DA3OU3KGCKSYDATNMH4HXCR7DK3AYONBWC6AV2JLRJWUICWLHBGYSYRSODDKEQXLH56DEHFVABIQE74JBIWZV2I=,True,other
29619226,2,Depor Soraya | La farsante,0.0,NC,2.3,"[19.358661, -98.948835]","[19.355927, -98.950799]",9.8,369.9,s~cuBf}|zQvBtA|@ZT\^XzDbC`Ah@\TZX,False,https://d3o5xota0a1fcr.cloudfront.net/v6/charts/N3ULFANW6YF3BE4YBHGPZ3S2TWBW53GAWGG2Z4CDRQCMUH5735C4NNURNJHISGP353SRH4CB5IBGBBQDXLWKIYHG,True,other
29301541,2,Bajadita | Coca - Canal,0.0,NC,-1.1,"[19.357665, -98.955849]","[19.360177, -98.959979]",6.9,651.7,kxcuB`i~zQMXSdAU^@ZCZe@zCYbAEZ@ZET?HQrAMV]CyAYaA_@eAUEFUlAMbAg@vC,False,https://d3o5xota0a1fcr.cloudfront.net/v6/charts/TNW2YJD5XZ6SDKVUXQ3THTGZ2QMXHZSKMUAJQCDIQS6EB2DZ5DAZRCJZ7UTIVEH5ILL2MEZBNCWQ5WZ6IAADHJA=,True,other
2644923,2,República Del Brasil Climb,0.0,NC,5.4,"[19.35517769774362, -98.94476900817727]","[19.352081757988177, -98.9398666006503]",55.3,1028.9,yhcuBxc|zQVx@HH?FJ?LJBJLB^QNAt@BtAJ~@?JCLa@FOVOHk@e@i@y@Ur@B`AGCEBSTm@@_@RYCW@KD?LLGq@TmBBOHIJc@EILUFW?MJSBc@KSCO?QAG?GFK@q@FGDKLEBIFA@UDM?MGU?IDQGa@BG?WDOAIPYNCBVHLCE@GFCOIEMEA,False,https://d3o5xota0a1fcr.cloudfront.net/v6/charts/6JAKO25DUBXU4JCVU4IZRH5G4KWRWK3HC4GC2SQVQMVMZVN3C4HHFWJQBQIZJET3H3UYBPTS7TIC5KK6Y5NBFIQ=,True,other
29301017,2,Depor Soraya | Pico 2,1.0,4,10.5,"[19.355259, -98.951222]","[19.352746, -98.943617]",91.7,865.3,iicuBdl}zQDK?i@Lu@AYb@{APc@Jc@v@sBTa@Pc@v@mAbAqBd@oAF[DmAVyAViAReAVcARoANo@JiACmABo@AMFO,False,https://d3o5xota0a1fcr.cloudfront.net/v6/charts/TBP4JDIBQ7S27HQJITEUTBMJQBPKINRWCHODLQ3EPXDCHXTB7BJYM6SQVRT4Z2AUX7YJP5I2BFB35XPDTBLN3UA=,True,other
29301372,2,Carr MexTex | Automotriz - Coca,0.0,NC,-2.3,"[19.359124, -98.954616]","[19.35765, -98.955851]",4.8,209.7,oaduBja~zQ`@T|B`BnB~AT^,False,https://d3o5xota0a1fcr.cloudfront.net/v6/charts/IQUIKUJVZB6UO3HHGNTRKHSHU2KXROVBA7K7NMM7ZXX6JDXST3H354HRB6C3IPKRI5WSJOQBVI6DTSRLHHPYKDQ=,True,other
29301483,2,Columpio | Gas - Maicera,0.0,NC,0.0,"[19.361131, -98.963661]","[19.363605, -98.956228]",3.6,843.8,anduB|y_{Q?Wa@kBGsASmAEg@Kc@_@_AMg@MmAGmAKiALi@Oe@Qa@qBoF[mAu@_BsAeDUs@Ke@,False,https://d3o5xota0a1fcr.cloudfront.net/v6/charts/TNLLRYED7DZG7FLNSOAJ47DRWCLIU3TVVGE46CLISYJOLH7HV3BD7TOVFLJGJUPYS6ZXZHFHBJS5SXQU4NJ3YAQU,True,other
29301581,2,Canal - Gass X 5 de Mayo y Av Puebla,0.0,NC,0.8,"[19.360192, -98.96017]","[19.361048, -98.963816]",3.7,469.2,ehduB`d_{QM`@Kd@_@vBEf@Kh@HjAMb@O@{A@[BCFVlCHvBN`A,False,https://d3o5xota0a1fcr.cloudfront.net/v6/charts/GYLERDAILADJJP5HMY6P6DAMV3WRQ724VHUPLIXG3ZLMMQK7FER46WAZ2KSLUO74GJ6ZMPDZR3FIA5NZTGCVPXK5,True,other
29301103,2,Depor Soraya | Glorieta & Pico 1,0.0,NC,6.6,"[19.355915, -98.950815]","[19.356652, -98.945172]",63.3,862.1,mmcuBri}zQYSsAo@oA}@MOgByAa@QyAeAa@Ua@M_@S[[Ai@TsADe@Je@To@p@{@lAi@Z[Hc@@e@PiALmANc@ZWf@]^Mb@I,False,https://d3o5xota0a1fcr.cloudfront.net/v6/charts/UURQF7AVBJWEON7NCUONOSQD7PG3KVGWVIL5LIROBYT6IH2DLC7GI7POVNXCZMI6CV473RCPEBRBV7SQAQXUWFAU,True,other
24035937,2,Martin Downhill,0.0,NC,-6.2,"[19.399081, -99.223428]","[19.404045, -99.214612]",72.8,1171.0,g{kuBlqr|QJMVQN[?GCGkA{@ICy@{@Qk@Wm@e@q@EOAUYo@IYMU{@}@G]@e@Qe@USYQWUISiAiA[q@QWI}@QS[qA}@cBMGe@EQOW}@K}@Mm@Wk@Kk@Qa@o@{@_@MSMGAGBQAWs@Mi@A_@@e@Ga@?S,False,https://d3o5xota0a1fcr.cloudfront.net/v6/charts/LQ3JNMIJKRPQU4SSI27CBFVITIJENFQ6OK4X4PMIRXOPOJDMMN33QEGMMPNZTXQZ7SKNOMAIE7W6SAI6JJX4Z7I=,True,other
17495357,2,1km Cancha,0.0,NC,-0.3,"[19.392075, -99.207172]","[19.392203, -99.207166]",12.3,979.9,mojuBzko|QR?ZCVIPCFGBMEC@uBCOGMc@?o@BGFc@HIFGR@F?n@Hx@BLHJHADBn@Mp@CJGBO?o@Gs@Aa@EMGCO?yALQBKJAF@PNv@J`ADLDBN@^Ej@CNCJGBG?QMk@E_@GU?QM[ECKCkAPWLEJ?FBl@Nj@B`@HLDB,False,https://d3o5xota0a1fcr.cloudfront.net/v6/charts/LXBJAQZGCRZBY2V4UZ6QKGHNKRN6GNFBEWFB56576MVAXTRFFXBQCXZZZELIWRBP5JBJFYHGTMWTBMBJ2XJDJFQN,True,other
24035925,2,Martin Uphill,0.0,NC,5.9,"[19.404014, -99.214621]","[19.399084, -99.223439]",69.5,1171.1,azluBlzp|QGpATx@@NPh@JHL?LB^VTJp@p@Xz@Lj@LXPhAD\Nd@NXVLPBTJ^p@X\FPFFPfARb@Fp@LZNd@b@l@TJPRLb@PR^R`@`@HT@TELH\DHTNPP`@f@Zz@F^p@dARf@DVNVh@n@XLz@f@JNAJs@`A,False,https://d3o5xota0a1fcr.cloudfront.net/v6/charts/OHBQJAAJ6JWBYDHWSEAQAFIA3FNUTXP5JJLZHUQZ2XKMTLUM4WWVZKCAZQILSGCP2PKT3Z72NBAQ7PVOA7HGMHQ=,True,other
1493093,2,Paseo Lomas Altas 252 Climb,0.0,NC,13.4,"[19.402835061791727, -99.22316528865994]","[19.40227565357406, -99.22578136445883]",46.2,344.3,urluBxor|QSBGP[XIZKRU|@ALB\HVD^HXd@r@FTf@~@?JDJl@z@ZNP@,False,https://d3o5xota0a1fcr.cloudfront.net/v6/charts/NGSTS2Z5NW7ILKEWB3O6KLQZ2NOBPVTK3PO7TSNLOUHH3OLCJ57TBDCLSOFSJTRWUQJ3NV2B5AGRFUXBUXMIKVQQ,True,other
17495342,2,Vuelta Cancha,0.0,NC,0.0,"[19.392075, -99.207172]","[19.392072, -99.207152]",12.2,338.0,mojuBzko|QR?ZCVIPCFGBMEC@uBCOGMc@?o@BGFc@HMNCJ@F?n@LfAHJHADBPC,False,https://d3o5xota0a1fcr.cloudfront.net/v6/charts/PQQNJAAX4FLNEFG6CHLAHBY6NI3QCWO227HQVLXS5MHUTCE4JXTOJI66WYDOXF5OKOOO6XRNNYKSW7Q4W3PZPRCR,True,other
23176349,2,ASF - 1 Lap - ,0.0,NC,0.6,"[19.399472, -99.207195]","[19.399463, -99.207163]",2.8,340.4,u}kuB~ko|Q@IUw@OOE?iAVm@HaATKPJh@PZD@pDm@LCLS,False,https://d3o5xota0a1fcr.cloudfront.net/v6/charts/SPEV7LBODLAWAT5DASG5TCGLMG4HAPQEITDXVEOCUMJV4KYSR4376QXRY4AIO5PGD67NROBBN2LGG436A74UUVPR,True,other
27470229,2,PÍCNIC ⚡,0.0,NC,0.0,"[19.402446, -99.219193]","[19.402394, -99.21917]",26.2,838.3,gpluB~vq|QEEI[[_@q@gA_BwC_@y@EO@m@YaAMMe@KIEM]g@aACIFKFARJd@Br@LPJPX\p@DTJ~@^rAd@nAp@`Ax@|@Rb@DV?L_@r@,False,https://d3o5xota0a1fcr.cloudfront.net/v6/charts/VISQOAK6J3RMX7XNJQLFX2SCUAK55KMKUSM4IBLC6E2ZXEIE3BMR5AKOMRUZ4LU7ZJYRHFOWE25SEQQNIWTVEJA=,True,other
29197452,2,Circuito Deportivo Batallón de San Patricio,0.0,NC,0.3,"[19.390065, -99.198032]","[19.390042, -99.197949]",16.4,779.6,{bjuBvrm|QEz@GX@PSp@Gd@Cd@DX^p@V\JJPHhAP^DL?j@OR]Bq@K_A?SDGh@YHQAo@Ie@k@{@Jg@B]JW@MCCC?MHM@w@MkAESQGOG?OJW`AGt@,False,https://d3o5xota0a1fcr.cloudfront.net/v6/charts/37SVKEWIHMIPC2LOKE5XYWG6DQZ5I6VQCFQA3M5FGCZPMQPXFMEOUZWGXYULAHPNYEAHXPUHWDK4PTEQOQNX3LI=,True,other
2466466,2,Paseo Lomas Altas 252 Climb,0.0,NC,4.0,"[19.398916438239997, -99.21768067413868]","[19.39546502197105, -99.22916505495014]",53.6,1332.7,ezkuBpmq|QAf@BLDZLRD@XZp@Xv@d@tAnALX@LHPB@H?FXP`@?FJXFb@R^HV@HCH?DP^?LF^DFAPDV`AhD`@dALd@Vd@d@xBVz@@\RlAN`BFjEIv@G`@Ah@IdAEx@Bx@PtB|@rG,False,https://d3o5xota0a1fcr.cloudfront.net/v6/charts/R4BCFLPK4IDNGO2ZNAVFH2GCDWOJFFLI3UEKTZIBKVACQM5HDNAP3CBJQM54E2MWLMGT5VQWFQ3BPW6JQ543DJ6I,True,other
6606174,2,Camino a Santa Fe Climb,0.0,NC,9.0,"[19.391155, -99.223223]","[19.39379, -99.224898]",66.4,736.8,uijuBdpr|QYDg@RU^YPUAOF]G_@LGHEVGHERUVQDW^KZONKp@GTANELEf@W^Qb@W^K@OEIK@ELKTCNM?MLw@Oc@?MFKTM?KH]EQUAE@SRMTODONIDAJDJBTKPOJGC@KEM?EEI?G,False,https://d3o5xota0a1fcr.cloudfront.net/v6/charts/OX47I6SE44LP4LNTBOPX577HEO6B35VSK7OH4UFY6LSWNLPTAQQQ3LCXIDV777F5DCTAIIP7FNRPO246C2B3XBI5,True,other
17160365,2,Tartán Parque Hundido,0.0,NC,0.2,"[19.377395, -99.178932]","[19.377407, -99.17904]",9.2,846.3,usguBj{i|QEIGE]EUIIKKUKMIAa@Uu@SKICKs@QUMK?QFa@t@CT@PB`@Nd@HJJFf@FHNHF\NJPJ~@NZHj@JTGf@B^On@BHDB\AFEL_@@q@RSCIQOOYEU@KBGFANQLKR[JAb@DLCFCHUHGDAFE@ECC?IGCSW,False,https://d3o5xota0a1fcr.cloudfront.net/v6/charts/CMMXLBNW2MZNH6VUMWQVBL7HNY5DIAZ2FOLV3RSMC4C5ZEFRLGEP4UQ5UORFLT2S7XPXBBYOFQLNL3WTSPVJFJY=,True,park
24185535,2,WTC al Parque Hundido,0.0,NC,0.6,"[19.394441, -99.172402]","[19.380132, -99.177101]",10.7,1762.2,g~juBprh|QP?d@PVF\@TG`@Jb@Cj@B^TP@PFRX\PJDNALBZHNHLCH@f@Xt@TXTd@CXJl@NVEPBJFf@CX@\LVZLEf@Pn@Ad@Gn@BJNJ\NVT?RFb@?NHJ@\XnAVZJPN\Fp@\F@LGV@FDBFFBb@CT?HBb@HdAXh@Xl@JJARDHPJDZBTDXA^NX?\BRHENP?T@|AZTJj@JVP^Aj@PRBp@EZV^JXL`@FFJBVLL?^@@h@BRCJDj@\JB`AEj@FLJD@LAT@PCTB,False,https://d3o5xota0a1fcr.cloudfront.net/v6/charts/BUP7HHGX2U6NRX7TODY2MXGZCXAQJQ3CPJVTB5JR5GFCKRYROML7SZJT3ZTB6GJBWFRNR6EOY2MDKHQWYCORYII=,True,park
13479830,2,Parque Alfonso Esparza ,0.0,NC,0.0,"[19.389776, -99.178164]","[19.389774, -99.178176]",2.3,529.7,aajuBpvi|QXKp@KZIRQ^IRI@SKg@KS[qAQc@Ms@EKGCcB\ONOFg@DEBCFJt@@JCDBLHLFVLN@XLPFj@J^RF,False,https://d3o5xota0a1fcr.cloudfront.net/v6/charts/COPZ6KZZNYXH2VCYBKTE7BSQOCCGHTSZ4JPPSIAQTNBNKHWKL4GX3TD3WHZNCC5TILAWSCY4AR5CXZ7QSN7T4GQ=,True,park
21005468,2,1k patrio,0.0,NC,-1.1,"[19.397416, -99.180887]","[19.405607, -99.177956]",11.4,968.0,ypkuBpgj|QGIc@OwBc@k@KWAk@We@MK?w@Yk@Gk@SWE_AY]GsBu@uCk@qAa@s@O_@Ea@Kk@QcAc@y@M}@Y}@QaFwA_AK,False,https://d3o5xota0a1fcr.cloudfront.net/v6/charts/IBTFB2IPJRICUXNZMCVMPI64CTLNCTTZTCNQXNVRNO5WJ2V36YDTNSES3JBYX22ACMGCRKX7VFXEB6YULW6YAN55,True,other
26864544,2,Nuevo Leon de Viaducto a BC,0.0,NC,0.0,"[19.399983, -99.170552]","[19.405566, -99.171825]",4.0,636.0,{`luB~fh|Qa@KU@a@K]?w@`@aBd@_ATSTOFY@MQUI]JYFc@R_@H_@J_@DYL_BTYBa@AgAPWJ]DOMWJkATe@@]L,False,https://d3o5xota0a1fcr.cloudfront.net/v6/charts/YQ5SQN5ZRP362PC35TZDCKSGD47BE6UX355UWF57DWROX72EPNG4ZUHQHQBSFDV34T5OZILDQRYXQORPB3K3T4I=,True,other
16742146,2,pista pequeña tartan parque Maria Enriqueta (by quique fuentees triatleta),0.0,NC,0.1,"[19.399806, -99.167528]","[19.399772, -99.167507]",1.0,364.3,w_luB`tg|QhA?`B_@d@EXMiBq@iA[c@KQA[bA?JJHIb@\L,False,https://d3o5xota0a1fcr.cloudfront.net/v6/charts/ZEQKONQ4XO2D3L622GELNDK6RP7P3F6OYRRN75CECLXXW4ULFLRMUPK3G3EHYJLWIRBK4GVZM6MGEVWYYFL36NQT,True,track
14873954,2,subida Viaducto,0.0,NC,4.8,"[19.402654, -99.179004]","[19.399941, -99.179974]",23.8,317.6,qqluBx{i|QnATjA\f@Fb@JlCv@hAV|Ah@,False,https://d3o5xota0a1fcr.cloudfront.net/v6/charts/LTKCIJBUBKJPDF6DWGTX4MZWR6UAOQ4UTWCM3X3JHIJSZWD3M4CPD4YJMFZZAC6QUNXLF62TH422J2N5JOX6O6Y=,True,other
26864539,2,Insurgentes de Angel Urraza a Viaducto,0.0,NC,0.5,"[19.383128, -99.175972]","[19.399378, -99.17088]",10.4,1912.1,owhuBzhi|QU]a@MOO_@GWSgAKm@?]E_@OYAi@IOK[MYEa@K_@SIQcAWw@Jq@MUSa@MFJkA@cBQQIY@i@KU?i@KsA_@}@_@_@Ii@BQJI?o@a@a@Ok@Kc@[c@S_@G_@UUC[Ua@M_@CQ@k@EsAKc@c@c@QY@_@LY\QQSKcAOe@UKSWO[AYIGI}@Oi@Qq@Oa@SUc@[QkAO_@QqBK[G]K_@[w@EYGa@@WMw@IIIAIGPKNC?_@Mu@a@i@K]Sm@HWE,False,https://d3o5xota0a1fcr.cloudfront.net/v6/charts/UHV3KFBNJO5XMARBHPEQRALRRYTTO72APO4YXVC5P7BXWWMCAHVCESLEZOT5TUGOHYGGIG3P5E2KQBPICIKKKWYN,True,other
21685685,2,Calle Indiana ,0.0,NC,0.0,"[19.391579, -99.180678]","[19.385626, -99.178457]",2.0,704.0,iljuBffj|Q`@Gb@Mf@GlBo@jASrBi@`@MhAWvC}@d@QfAY`@OfAYfAU~CaAb@I`@S,False,https://d3o5xota0a1fcr.cloudfront.net/v6/charts/IGGUROO3PIR6GSDPKD7DLOT7DJ32CXJWLNWRKN2HDBKJ6ONYLG337TIQZ4EGC3HKGDSGLKF6O3JVSDROSK7QAFQZ,True,other
21685698,2,Estadio Ciudad de los Deportes,0.0,NC,0.0,"[19.384421, -99.178257]","[19.384274, -99.178293]",5.1,649.3,s_iuBbwi|QLnAJd@\\b@Rb@Ld@?vCa@b@OT_@Jc@Hk@EmAGi@Y]]Y_@Se@@g@FoARe@N_@XS`@Kb@Eh@,False,https://d3o5xota0a1fcr.cloudfront.net/v6/charts/P7NZR5GXTDVEPRKJBRPCW63KWHJI43TLQM7STTXEWA3TIWYV3PQBN7ITC4MHDZP6TGYI3LZ4G5JT2XTNNFVMS7I=,True,other
20472990,2,Plaza Naciones Unidas,0.0,NC,0.0,"[19.401198, -99.148082]","[19.401205, -99.148049]",6.0,749.6,mhluBpzc|QE~@Ff@Td@h@|@d@fAv@zBt@lALNZBfAB`@E@EIWcAmCaByCm@sAo@iAOQUEe@CQBAB,False,https://d3o5xota0a1fcr.cloudfront.net/v6/charts/QTFU432XV66EEUYZS63GNZHZXDXE3TKJ5TFEUIFZICLXG4AXMPTOLSRMHVMLRLNIMQ5N6OP2M263MLH5XUEBSKQ=,True,other
2908909,2,Parque de las Arboledas,0.0,NC,0.2,"[19.37813, -99.161777]","[19.377823, -99.161649]",5.0,799.4,gxguBbpf|Qe@AV^yA_A_@F`@@w@FUYc@KHB@G@LUp@Ev@D[Y`AG`AHTFDJB|GdAxAQ`@cEQ_@YSMG_AS,False,https://d3o5xota0a1fcr.cloudfront.net/v6/charts/4MXCRSACCRCQKK62UU2OC4G62OUZIFB67HDTLIFXA753TOC3NQBQJOKEOTQ2T6TJNHMKL4HCZ25MMYXBU5CUQTNK,True,park
9839613,2,Vuelta Arboledas,0.0,NC,-0.1,"[19.379368, -99.16262]","[19.379469, -99.162695]",4.7,786.8,_`huBjuf|QKQG?ELn@ZZFRAt@Pd@NR?RFLLn@BRJ`BVPQTaBFeAFUHSDSOOo@IUGsAGg@KYKcAEm@Ma@Mc@IOLMVEz@W|BDV,False,https://d3o5xota0a1fcr.cloudfront.net/v6/charts/7HWPE57ZGG4WOYT4IL4QK2DVCAKU7LJFHEHZV6SMRMCMEBMMUZV4ZF3ZSI5BCZG7FEKYMPB432J3UKPB6PACTMCW,True,other
23046162,2,La Alamos,0.0,NC,-0.1,"[19.397692, -99.141135]","[19.397677, -99.141316]",3.2,586.1,qrkuBbob|QG?WGU?a@Ka@?UMQ?MKME[?YJIPBXKb@BfAEZKZDrAJJHBD?REr@JjAJXFRNLAFMHy@?_@Bq@AUFa@@a@F[,False,https://d3o5xota0a1fcr.cloudfront.net/v6/charts/7B54VNIKKFYFPNVVLFRRRKUTZ376S7WHDWYNPZVTSSL3NHBTD7NM52L3U6VLHNOUB7HQWPI54UV5Q47LD2JZ56A7,True,other
25225918,2,Fondo Arboledas,0.0,NC,0.0,"[19.377252, -99.162713]","[19.378554, -99.161556]",5.9,18241.0,yrguB~uf|Q@EFGHQ@q@Og@IIqAa@e@Gi@Ci@O]CYKgAUK@OP[p@a@vB?PBF`AP\J^FFDr@Vh@FnAVXBHAFMNOXk@H[J}@?YGMoAo@wASc@Og@EsAWM@MH[j@KXC\UbAAPBH~@TTJr@R^F\LpARb@@j@HHCAC\qAXyAAKEGm@SUO]MsAU[Oy@Su@IQDIJa@`AQ|@Ob@AXDFn@PX@ZFp@PZLz@PVBl@Ld@DJQDYNOTg@DUHq@FUCKKKw@Qc@SmAU]Mk@EqAUWNQt@MVK\CVQn@@RFFh@Lp@TX@|A\t@Jj@Lb@DDCJc@HCDIVqAD[C[IK]IMKQEEGWKmASi@Sw@Og@CQGM@IFSt@ATGPCTE@MXMf@CRFL`G~@bAJr@BBC?KXcALCJQDYBa@M_@GEa@Qc@Ka@O{@QgA[q@Ku@GG@MPUv@Iz@Q`A?PDFNBjAf@FAT@pCd@NAdARHIZi@Ho@HKJy@@UCGGGYMOA]OSMQGs@Ko@U]I{@Oe@EK?KFQh@K`@?LUv@Mh@@LHHfARZJF?l@V\FfA\b@F~@DJAn@{AHe@@u@U[qBo@k@Ic@Mo@KcAS[KE?OHSr@Iz@Qn@I`@BJFF|Aj@Z@pA^l@Fz@Nj@BB?DGNc@FELc@PYLu@@]GMSOkBm@[CSGgAQq@Qa@CWEKDKLQ\Mf@E`@WfA@RLJf@LR@NFR?XFnA`@hBXZBPBBCFWXa@ZiAD_AEIYS}@Ka@SuAOEEqCk@KBGFSj@M`ASn@Cd@@HTDp@PhATRLZFNF`@Jn@LZ@d@HJAHW@QNYFWLQFSJc@Fi@?EEEa@QaAQo@QoEw@K@ED]v@G\Gn@Sp@?RFFvAZLFX@x@\\Jf@HXLn@FVCN]R_ARSJ]PkACGgB[[Ow@QmAUiAOQEK?GDYx@Ip@UfACT?DFD^Lj@ZvBd@|ANp@JN?HEDIn@{BFYFk@?EEG[Kq@Kq@QYC[I]?[Ei@Iu@SSCOFS\SfAYdAEL?HDD|Ab@VLz@N~@VrBRHALQFa@Ne@Ho@Pk@Fa@AIOCOG]Ay@Oa@EWGO?w@Q_@C]Ku@KOBEVYl@CZSr@EZ@FFDLFXDv@^LBb@Pr@PZDtBb@R@HC\kALURcB@YCCc@MsAOu@SaAIWESA[Ki@IM@CBUp@Eb@c@jB?DJJvBn@ZBr@T|@Lb@@\FVAJCFKn@eCJy@?ICCmB[mCo@e@EgAOE?GFc@nAQr@Sf@CPDPXJ|AXb@NRAVDh@VTB\HtAJF?DGNk@RgBRq@?M?CIEsAWm@Cw@ScAKeAUm@IMJCVK`@ObAQ|@?N\PH?fAPn@Ph@DhCh@^?PSHSFo@JSF]PsACIYG]Ee@M]E{@U{@EWE{@Wg@GQBCD]|AIt@Kh@ANBJTHnB^\N`@BZHlALx@RJ?POLu@Ng@VqA@KCK[I}Bc@e@M_BUaA]UAOFOf@APITGd@[dA?DDHNFp@Hf@N\FRL`@JlBn@r@?^DFEFKNaALi@VaBCMK?aBYa@Cg@My@E[Gs@Ww@IIFEVMPALITGd@Qp@AZHHh@PjAXJDr@Fd@NVNn@HZ?h@HJ?JIDITaAVsB?WGEeAQaAUcAMOEeAIiAYOB_@xAIx@Kn@BPh@NZDTJP@RFJHJ@`@B\HNFv@HvA@HEN]TmAB_@Hi@?Oa@KwAS[KcAOc@KcAGu@OUBGP]|AKdABF\L`@H`@PP@XPl@F~@\Z@d@Lj@DJAJKJa@BYPk@TcBu@MYKaBUq@Qk@E{@UOIWGS@ILSdAIz@IXCPAFDJPJjAXTDRHh@HHAb@Db@R`ALd@DNAJGJ]Hs@Pi@LcA@ECIi@KoBQc@MaBWyA_@KFKPg@lDBHPD@DFBj@LbA\l@FvBb@x@HJENa@LcA\_B?QQG}@M_@Ck@KOE_BUSKOEi@Wc@?MH_@xBM\EZDP^R\Df@VTDvANj@N~@Lv@RH?FMJc@Jy@ZwABMAIICQ?e@GeAUkAKg@KaAMk@SYAMHKt@Ol@QjAANDHRFn@HRJnAN^@hBb@`AFJAFILa@@[Jc@T}AAKICqAOQEw@EyD}@a@CMLQvACf@Od@?J@HFFXDLHR@d@Z\Jn@Bn@Hx@PZ@x@PF?JUH]Hq@Je@PiAcASg@Q_AMk@SQ?OEe@C,False,https://d3o5xota0a1fcr.cloudfront.net/v6/charts/XVGHFYCISR6CYZMSYRP7K7UDNMA5M5K5J7DPHAUGSQOPNZF5ONY2RPKAOGJOCP3C4NLF2A6ZPNVNZQKEOQQQ6NX5,True,other
25872459,2,Ecoducto Pt 3,0.0,NC,-1.4,"[19.402502, -99.162247]","[19.403105, -99.160378]",3.0,209.0,spluB`sf|Q_@aAQs@Uo@W}AIs@GSEi@,False,https://d3o5xota0a1fcr.cloudfront.net/v6/charts/SO4ASLH7WSAFNFP56TVBDSFAV3CL5QNAZQEIPGBZN4ITHMJTRVN5OOYAEPQVOUPQ7FBBCC563LBHDO4MHCPULKA=,True,other
27663743,2,Tlalpan Eje 5 - Eje 4,0.0,NC,-0.9,"[19.382762, -99.139529]","[19.39388, -99.137834]",12.0,1263.1,guhuB`eb|Q[CQDU@SKIAK?[KcBS]DQEO?i@Ga@AMDSEWQk@CWG]A_@GI?UJ[DQCUDu@Wu@[UBw@Ki@B[ES@[Cc@MSMKCa@?g@Ga@Im@E_@Po@DWQw@UUAKDUESDUAs@Eo@U[GaBB[KMAk@Fu@Ya@EUIS?w@U[EiAFYGiA@YEKIc@I,False,https://d3o5xota0a1fcr.cloudfront.net/v6/charts/RXS4X6NAYRLH65X3276LCG2GC2R2MXTID24Z6M6PLOCARO4UQPCSIEG6ZLG4FUZZ6KF4U5U33L6KC3E4DKPWN7A=,True,other
27663763,2,Tlapan Eje 4 - Viaducto,0.0,NC,-0.1,"[19.393925, -99.137834]","[19.403427, -99.136318]",4.4,1072.9,_{juBnza|Qe@GS@UGa@?m@GMEk@AMGgAQy@Eg@Iy@II?a@F]AYBa@Oa@K]?[FQ?k@EOEM@w@?g@SUC_@KS@_@Lk@OUCOAc@HS?QFQ?g@M_@M]Sc@Om@CSGWEY?i@Me@Sa@E_@@c@Co@S{@A]?K@{@Ma@CaAO,False,https://d3o5xota0a1fcr.cloudfront.net/v6/charts/GEXN65YCM52PCXY2FMD2MZTZH6BFQ3ZHXETPEUA3MZHXTLSWB77VY7L6ZFP3DSOTCM3HN4JGILWT57D27PGE7RY=,True,other
21558426,2,Eje5-Eje6 DivNorte,0.0,NC,2.5,"[19.385776, -99.161493]","[19.381327, -99.160246]",33.6,515.9,ahiuBjnf|Qp@ITKf@Ez@CZBFCXBb@AHGt@Ep@O^MDEHUX?`@OPAXUHCvAKx@S^AJEBIHEN?TGh@Az@e@,False,https://d3o5xota0a1fcr.cloudfront.net/v6/charts/JYGMMZVTAABL627V6RI3IQNUHMVWUTKKILXBE2Q3MHKKXVBWE3UO4UDAOQG3LNL5RX2LU6O7M2XISENZP4ETX2A=,True,other
27663717,2,Tlalpan Eje 6- Eje 5,0.0,NC,0.1,"[19.377191, -99.140284]","[19.382762, -99.139529]",2.4,625.7,mrguBxib|Q]?YFw@AMEa@?aAWk@?a@KSBe@AcA@WGs@Gc@QWA{@OU?u@Ou@@YM[G_@Cg@NUCKGYA_AUUDU@_AO,False,https://d3o5xota0a1fcr.cloudfront.net/v6/charts/5EPZS6XAWNAVW7JV3TO34CYD4XZPPD35NNI4CMVXE3HVFWDQNNZO4UGRENNJ4GPUPGKFTM5TFFLNBG3ZMJC7YYQ=,True,other
19687705,2,Mini pista Patos,0.0,NC,0.1,"[19.386059, -99.129997]","[19.386072, -99.129971]",1.8,302.0,yiiuBni`|QQ@EJKhAOpAFDVFR?RBZ?DKAKFo@HqBGEU?E@e@A,False,https://d3o5xota0a1fcr.cloudfront.net/v6/charts/LPD76KQ2PBFF5AZS2GIF75S4T4PP5ELYARIOCZT3YKIJLUSAPQNH2VC5ZFAOFLD4LJSGI4ISHZB6DIX4GTTKYLZU,True,track
8643743,2,Segmento Parque Eje 4 Sur,0.0,NC,-0.2,"[19.398073, -99.110365]","[19.396915, -99.099505]",2.0,1170.8,}tkuBxn|{QLg@Be@Va@AC@sADe@Hi@Di@@k@Hc@FqAAm@LoA@i@Ei@RkA@g@C[T}ABg@RwBJ[Di@Rc@X]VcAOq@[eCCe@@i@JqA@g@CKFuBC_@Fe@DuA@oACg@BqABA,False,https://d3o5xota0a1fcr.cloudfront.net/v6/charts/7G5U5QQCJFP4ZDPQOZOTVSG2VLKIGM76JAPCVJ6KEZ2XZMCNYPZ2OYNQBW2736VHADLXN3AEW2Y6K4Q7W744IBQ=,True,park
30751526,2,Vuelta al lago Infona,0.0,NC,0.3,"[19.382206, -99.102683]","[19.382189, -99.102687]",2.2,685.2,wqhuBx~z{QAJKVs@N[XEt@GTSVi@TETBHHB^?n@M^PVBXEFGDMJuAJu@FkAFG\MZSRQBMFk@AMCGMAOFK?g@Ge@MKAK@KDIN@b@Kj@FHZPDL?J,False,https://d3o5xota0a1fcr.cloudfront.net/v6/charts/G7IW6ECFUXOPLDE4TAO2ZUJN6UGZUV32ONWPJ2AEUMB4H6IM7WS3HSO222ZLUJVFC4KAJV4YCLC2LE6FWRCGDRH7,True,other
28988114,2,Pista Coyuya-Delegacion Iztacalco,0.0,NC,-0.0,"[19.397278, -99.103438]","[19.397273, -99.103417]",7.2,1919.2,}okuBnc{{QEHE\M`CCf@@\MpCAFS`@EX@TFh@Ev@KlA?h@Kl@Cz@?t@Cf@ETBF@FKXBTB\Iz@GR?XWr@Ep@BRNoA@q@He@?c@BQ?OFg@?aAFk@Ag@Jo@?YNqADiAFc@?WHc@BQ?OIWF[C[F{@AOLi@AY@e@Ic@@ILq@LwACm@BYDs@FWNgB?UEgAZ_DBs@AQFPENDZCJ@ZET@VCv@@h@KRAx@K\QtE,False,https://d3o5xota0a1fcr.cloudfront.net/v6/charts/ICX7THHB453CWF4AZ5M4JTL74PBJIDKKVZOJS4IRNKNXUCQO4UEP7ARF6A7L2EKE3D72Z4IJM3JRMLHHTVHJNDQ=,True,track
19687703,2,Mini pista Patos,0.0,NC,0.1,"[19.386059, -99.129997]","[19.386072, -99.129971]",1.8,302.0,yiiuBni`|QQ@EJKhAOpAFDVFR?RBZ?DKAKFo@HqBGEU?E@e@A,False,https://d3o5xota0a1fcr.cloudfront.net/v6/charts/LPD76KQ2PBFF5AZS2GIF75S4T4PP5ELYARIOCZT3YKIJLUSAPQNH2VC5ZFAOFLD4LJSGI4ISHZB6DIX4GTTKYLZU,True,track
28089236,2,Iron Autódromo Vuelta Corta,0.0,NC,0.2,"[19.401069, -99.084311]","[19.401093, -99.084254]",7.6,3388.6,sgluB~kw{Qg@QWUsAu@uA_AaBo@cAUqBUW?SFINSn@IJI?m@KiAOS?ONGVGh@EjBInACfAIl@ArAEt@OnBQrAe@jG]fHEbA?p@ObCGf@@TPBRAt@U\Sv@K`@K|@?x@NVJb@f@^h@Zx@FV@VJTFJR?Be@Eu@?YNaAPo@d@_ApA_DNYVQXKhASRGNMFMDQDkBFo@FaANs@Vk@X[ZMl@ORIt@o@f@qANYNOTEbBP|CNXFvAJv@BrBNP?LMLc@GSm@y@yAwBMIOBMPWn@MTURyCmBaB}@kAu@cEwBq@a@,False,https://d3o5xota0a1fcr.cloudfront.net/v6/charts/3TOUDFHPYBVRM54PHC6URQCCV6XCAXU3ZSPGRQJJKZ2FCPSI62CGYCHB6ZOTKUOC2A2J2GVN65SRTHUKTE3ZZHSE,True,other
13900295,2,Autódromo arcilla 3km,0.0,NC,-0.0,"[19.401978, -99.088638]","[19.40201, -99.088779]",10.0,2586.5,imluB~fx{QF?Bu@PoAR_@Z]\[fB}@Ra@TmAXc@\[b@Oh@CjADd@JfA^H@`@WHc@Ke@]]]SoEcCkB{@_B}@aAq@iBy@oA{@aAF}Cd@mADmAA[B]\ADMfASbDQnACh@Ff@Nd@AD[ZKBEd@AZSlAMpACh@?d@Eh@GpAMjAQxBKh@Af@Hb@Mh@EpAD\b@In@Ud@OnAGb@@dBr@\Xb@BZULe@N_@z@y@ZUhBw@^UPc@He@Di@?aB,False,https://d3o5xota0a1fcr.cloudfront.net/v6/charts/VS63FVCFXKJ7UQIK4W4V4EYS6GAYDJXRWJJNTQQGP3CFONWZ7A7DNDXRIGCKTRYA64CKB3SDQJ2URJQ7ZZOTUO2R,True,other
18869375,2,regreso canal de churubusco,0.0,NC,0.4,"[19.406022, -99.078726]","[19.394197, -99.086401]",6.8,1546.2,sfmuB`iv{QCB^^jCxAlBlAnBbA~@l@z@`@nBhA^Nn@d@t@b@~@`@^VdCtAp@V^R`Al@XL~CnBh@TvClBbAd@`@LbBbAtAj@vAt@nHlE~CdBF@,False,https://d3o5xota0a1fcr.cloudfront.net/v6/charts/JAP5K5ATANTJA67YX4VS7U7AVLXTVGRYA2QRKASMS6YXFTK37TRL6M3ZRZTW45JBWM6NKMHQ7EXLQPMDWUJIICI=,True,other
18869553,2,ida y vuelta canal de churubusco,0.0,NC,-0.1,"[19.39412, -99.086379]","[19.394137, -99.086387]",8.8,3093.7,g|juBzxw{Q[Um@[yBqAgEwBqA{@iDeBoDwBaCgA{DaCoBcAkC}AsBaAmDwBw@]e@[]Oe@[eAi@u@i@wBeAuEgCqAk@@DXTbEnBn@^n@Zl@`@pB~@dAr@~Az@XRd@Vh@\rBbA`DnBrB~@f@ZVR|At@bBdAxBjA`@Jp@d@fCnAt@d@|@^lDvBz@b@hBhAx@^r@d@fAl@,False,https://d3o5xota0a1fcr.cloudfront.net/v6/charts/P7BZ2SESZ6HPY5FAZOSZKAAEPA754G7M3OMAHBLP7MDG6EJGZKOHQRYFAQ6YL3NQYFS2ISC4SGPSCUO25E654VR4,True,other
16303302,2,vuelta al autodromo por fuera,0.0,NC,0.0,"[19.401794, -99.091312]","[19.401381, -99.09119]",4.6,5584.0,elluBvwx{Qi@dCWvDKbCQtAIjAQrAQ~BGtA@pAGRItAWtBSVk@@qAEwHg@y@@]AqCWqAGgD]mEKg@IOe@SoAD_CHmARwA~@mJFcDHgAD}CXkDf@iDTqBVmDDwALqARqA@u@LyBNeAFsAl@aGJoBA_ABcAAQHiAPgBBMFErE\`ANh@DzA\zCRbBXvEb@xC^dAHlANb@HxAh@lD~A|A|@^^\Tb@PxA|@dBt@|Az@fAd@`Al@jAh@\VzAv@`EnBXPVb@FREPsArCs@tAcAbCi@dA[^_@Zc@Hc@EgC_AuCqAe@Ig@Co@B[Fa@Pe@\e@p@{BzCu@t@w@dA[Zy@\oA\kAb@{@R,False,https://d3o5xota0a1fcr.cloudfront.net/v6/charts/BHW5ZU44RR2XMBZZP656NXFMHE46UTNY5JDQNW546QA53PC3QTJQSRCNYU6E46TMWZOBAON2GJRD3UZYUE4EHB6F,True,other
10788315,2,Runthattrack Mexico other Start,0.0,NC,0.0,"[19.406285, -99.095243]","[19.406308, -99.09526]",11.0,4284.4,ghmuBhpy{QD}AFa@@c@Fi@@UAc@Fm@AiBF_@HkAF[D}@ZwBNsB?_@VaC?OEe@@{@Dw@L{@FcBVmC@e@LeAPuEJk@Ng@Dk@?e@HkAFoAJy@N_CLe@DCPEp@FfACTOZo@VMP@bA^xAVfAb@dAl@VLrA`AhCtA^\RD|@d@p@f@h@VvBx@bBt@t@h@XLJBLCPQj@w@ZUFAJDd@pA`@v@d@v@DRAHCHKL]DyACqCYiBK_BQeBGO?MFIJcAjBYZeAr@[N[ZKRMd@S|AInAMhACNMPSL]Nw@Ra@PKFKRo@pBi@hAYx@SnAIbAIp@KfBSzAAh@G\SjCKl@KdAETONc@Lk@D_@?qAFmAJODKFCFBRJNZ^DXIvB@v@EVILOBSCw@]]WaAcAMe@M_AA_@FkA,False,https://d3o5xota0a1fcr.cloudfront.net/v6/charts/ACZ2LNNABKK35OA645STWKZMI5QGR5DS6KPV3ONVJDLFB5LDM67MVWS4DKIWEFLDHJ4J3IWLQZIOMKICWL4HHVLW,True,track
20720763,2,Gallinero Autodromo,0.0,NC,-0.0,"[19.405424, -99.089601]","[19.405465, -99.089649]",4.0,2403.1,{bmuB`mx{QEjA@NJR?FCJSmBATBrAKzA?ZFBbB[nAIP@NBv@Vn@\b@ZR@VGJODo@@y@Py@JeALI~@KbAOdA_@ROFg@FaBTmCRWp@e@f@YzA_ANU\kAr@}@TKl@OLIFM`@mC?OCEcEcCUAOBIFSTW^GNc@tFEXW~@INSJg@@oDc@o@ESD{Az@UBKCq@aASMg@Qy@Iw@SU??j@Qx@Gh@GR@j@Ef@BREd@Gb@?XK^Et@EJ?rAEb@?d@ET,False,https://d3o5xota0a1fcr.cloudfront.net/v6/charts/JBEY57PRJ6GVRWH6SXDR7BOA5VPFQ36RJXNQFV6XFNXJKOOV5GAQLFT2G2CX3676SAOT5UWWUKW5IND4QJHSTYY6,True,other
17284847,2,Run autódromo lap,0.0,NC,-0.1,"[19.404848, -99.083458]","[19.404883, -99.083488]",14.0,4329.3,g_muBrfw{QSpAOlBUxE_@~DSnD_@pESpDKjDOpCi@`Hc@xGc@tFSfDDn@Xz@Zb@`@`@d@Xx@VRBl@@XAt@Mn@Wl@c@\[Xc@Rg@Lo@TkB@i@J}@JoAH}AToDZeDN{BF[Ry@Pi@lAwC^s@RQPIdBa@NILUFSJkAVyDJ_@N[RQTO~@[f@]V]n@sAPSPGJAX@fDXnDTbAJbBJLALKL[BMEWwAeCg@q@IEMAOF_A~AKBECoAs@s@i@s@c@gFqC_Ag@oBiAu@[qCaB_Aa@u@WwA[yAMKBIF]z@MJe@A}AQQDIJEL,False,https://d3o5xota0a1fcr.cloudfront.net/v6/charts/WN6NKVKWLT2FKJEH2D2B5ELKAOSAHUEZCKXPF6MICXHT224HLHPIFXZDILXD2JFG5JQIAJWUDF422CKFFUOGKKZY,True,other
3003103,2,Faro de Iztacalco,0.0,NC,0.0,"[19.385668, -99.065729]","[19.385773, -99.065736]",1.4,389.6,kgiuBxws{QPANGX[AO?WCKq@?e@KU@MIOAOIo@CSIQ@QQG@AZBXJXTTZd@RDFABDt@LVAPI,False,https://d3o5xota0a1fcr.cloudfront.net/v6/charts/RQDXFSFZKBVOAAACT4UOG3NFT2G7DUCBE3JEDN7RZLNOIDL7JGETFQRLXP4RF5DHZ7TPFFYYXU767LE7EBRY64Q=,True,other
38931417,2,4km †,,NC,-0.1,"[19.384264, -99.092781]","[19.39197, -99.087764]",4.8,3054.2,s~huB|`y{QcEyBoAu@cAi@aLqGgB{@cBaASMkFuCqDwBwAu@u@o@KC@BL?JFrAl@hHjEfCnAn@`@fCtA`BbA\Nf@VJJnB~@XR|HpEbDdBh@`@DA?Co@U}@c@kBiAi@UaB}@sA{@oCuAcCuAcGcDeBeAu@_@aH}DgAi@[Si@c@,False,https://d3o5xota0a1fcr.cloudfront.net/v6/charts/W67BNAM7KWTDUAC6TRSH5YM37HR6QJZZNGWOPZ7F4MK3YX4THRJBBJMDNHDQJCFTNPO2N2YD3344DFQDJ4Q2FTQ=,True,other
38414756,2,Pista 400m,0.0,NC,0.5,"[19.379601, -99.04666]","[19.379576, -99.046686]",3.4,416.7,oahuBr`p{QBNHPTRxBbATFb@AHCNMVk@@WCUGUMOwBeA[M_@D_@VUf@Ad@,False,https://d3o5xota0a1fcr.cloudfront.net/v6/charts/6QHBI4Z5FFH7EFTCSNUPUFMMX45L3XN5D4SPY5MVET7L4R32YKQW2D2COBIKDPMOBMCYZY3OHJYC77GSJGNM4DY=,True,track
31518296,2,San Juan-Tepalcates,0.0,NC,-0.0,"[19.39932, -99.060973]","[19.390978, -99.046436]",12.6,1792.1,w|kuBbzr{Qv@eATa@b@uAPYLKJQRm@r@}Av@y@NYTs@Lk@b@gAbAaCj@gAt@eBtAkCNc@j@mAHYt@uA`@}@t@mA`AyBP[l@qALSt@_BPc@r@{ALc@vAoCPSb@gARY^s@|@yB\g@Pg@|AwCLQRk@t@sARq@T]Tu@,False,https://d3o5xota0a1fcr.cloudfront.net/v6/charts/6NPLFK5ZYAB6AUZY3BHO64KARR2DJ6OHBXD2S6XARH57RMFG25M34ZXGKO33BGIO3XMUWW7Q6XYNP6DBXQUNVKQ=,True,other
28883781,2,Av Texcoco - Av Pantitlán. †,0.0,NC,0.2,"[19.402981, -99.037052]","[19.393485, -99.041695]",2.1,1170.6,ssluBrdn{Q^BPDrChA`A\jAf@fA^zB~@l@R`DpAtCdA~DdBx@XjAh@zAh@l@b@~At@z@Lb@HPNf@N`EdBFBLLj@NTNHC,False,https://d3o5xota0a1fcr.cloudfront.net/v6/charts/67BODSZNJACG6P6KQIHVNQPPE2SIDVXEGHDDDDCOQRLML7VHU335JFQ76HGDFQQNOWYRKWUY4Y2JCCH6RUVIPAY=,True,other
31518308,2,Guelatao-Tepalcates,0.0,NC,-0.0,"[19.384881, -99.03588]","[19.399263, -99.060976]",4.4,3095.4,obiuBf}m{QKLkAvCYl@WZYv@]d@Id@e@dAc@v@a@p@w@hB_AhBYZg@v@KV]p@_@dA{@fBQh@QVEP_@j@KTALO^[jAqAfBOf@_A|ASn@[p@GVCZOXADQVUf@SJQ^_@d@c@z@W`@IXYd@_@fAi@dA?LOh@MZKRIVKLKV_@h@MVa@l@U`@KTQl@s@fBMf@_@n@OPKP[n@KLO^c@j@O\eAfBUj@EPMT@^u@hAq@tACTGL?NER[l@_@z@SV]p@a@j@s@pAQVIV?FCFq@|ASXMd@a@h@I^[h@Y^CJaAnBENc@bAmA~BCTM\MNaA`B]|@S^Qp@{@|Ak@x@e@|@IX,False,https://d3o5xota0a1fcr.cloudfront.net/v6/charts/WXP2K4GUDFWI5FDR56ORB2WAVP3WQCRISA75KQ7IF4TTKJKCP2JBUU6O4L76GW56DLRLQS6NV3HKSC2GEKQENVA=,True,other
31518306,2,Tepalcates-Nissan Imperio,0.0,NC,-0.0,"[19.390158, -99.045086]","[19.387122, -99.039762]",3.8,654.9,mcjuBxvo{Qp@mAb@kAZo@`@gAx@gBrAkCTg@L]n@cAPe@NSj@mALa@PSH_@Pa@fAmBTi@,False,https://d3o5xota0a1fcr.cloudfront.net/v6/charts/ZUPEVT4T32ORK2S4P2DIXRXSQAMG3GEXVVLRYLDDKQZF3DIFRFQ2JDJZUY4GKU4HKREQCQHPL7JD73T55C76GIPL,True,other
29242737,2,Av Tepozanes | Panti - Chimal,0.0,NC,0.1,"[19.381292, -98.989611]","[19.390885, -98.984492]",1.3,1191.3,alhuBb|d{QmAe@q@[}Ak@sB}@{JsEe@O}JmEcBo@eB}@mBu@kD_BgH}C,False,https://d3o5xota0a1fcr.cloudfront.net/v6/charts/L6W5RM52DWS7BVVAIXIFLBSMW3KMC6H6EQC4HTNV2TG5C3LZXR4HT4LEC3HHBSXJ7EX442QRLHTM35IZTSEYL4A=,True,other
29243020,2,4ta Av | Av Carmelo P. - Av Tepozanes,0.0,NC,-0.1,"[19.403197, -98.994893]","[19.396569, -98.981663]",5.0,1627.3,}tluBb}e{QhBsE^gAz@oB\cAfAoC^kAfByE`BcEx@mBLg@r@kBT_@Z[~BuA\W^e@R_@lAqDtAcDrA}DR_@lAOX]BsAHqADoAFiAFwB,False,https://d3o5xota0a1fcr.cloudfront.net/v6/charts/WJ2IZMF6ODMSA5E4HCVIW2MVRTONN7IR6G4YYN7ZZNCOUHHLGS4AGREEWR2E6N37GW4CI7VZYJAXIQCQ7UDSFCGY,True,other
29242817,2,4ta Av | Av Tepozanez - Chedrahui,0.0,NC,0.1,"[19.396566, -98.981681]","[19.400436, -98.98902]",3.6,940.9,okkuBpjc{QMpEEd@MbDIh@a@PeANa@PEh@[|@cAbCo@rBk@vAUx@c@z@cAdAaDtBKRw@zBi@dA,False,https://d3o5xota0a1fcr.cloudfront.net/v6/charts/3YQNPSGXKKC2YXWGKKNVDPVOWCGSFX7DDCDRTDEBZFO5QPQOFMZUJ5J4QX64OROBNHFYJBM24KPQOVVNC5MBF3Z7,True,other
29242774,2,Av Tepozanes | Chimal - Rayito de Sol,0.0,NC,0.1,"[19.391386, -98.984219]","[19.396416, -98.981508]",3.5,625.6,ckjuBjzc{Qm^}O,False,https://d3o5xota0a1fcr.cloudfront.net/v6/charts/KHAKKT4TJ3CWVEYI6Q3XGF2AJJXMDREM3EL2ZMGACTKF7YV6ETGYDFD7EJPMF5MABJSGYX3OPRLAPDNKNUGCS3OX,True,other
29323880,2,Av 8 | Tepozanes - Kennedy,0.0,NC,0.2,"[19.37739, -98.991718]","[19.380906, -98.998873]",1.9,855.9,ssguBfie{QBh@Mf@{@hBM`@wAjDy@fCk@`AYVMVoAzDW`@[v@U`@Mb@Mr@_@t@Of@[t@Wv@[p@Mb@c@hA]V,False,https://d3o5xota0a1fcr.cloudfront.net/v6/charts/JOTJEQH2EJZ4K2XP7Q5UWEWIAURCRKIGE3JVGPXZK7SFAY6K6FOVJGPOPYX6DTCEGH45SF6U5YRWUFY35R4W34I=,True,other
29242690,2,Av Tepozanes | Ignacio Aldama - Panti,0.0,NC,0.2,"[19.376636, -98.992041]","[19.381052, -98.989742]",2.4,544.4,}nguBhke{QmCqA_C_AsBcAiFwBcBg@aBy@{@]E@,False,https://d3o5xota0a1fcr.cloudfront.net/v6/charts/NO6HRLUF6TYO7LXP545YNVMQVNI4D7L3AGXUI3UFCVFLTE6X2QTFW2LU37757NVBSAWSJNBD4DSNQZND6LVXXRA=,True,other
29243060,2,Av Tepozanes | Chimal - Panti ,0.0,NC,-0.1,"[19.390998, -98.984468]","[19.38129, -98.989673]",1.3,1201.4,uhjuB|{c{QbD~AzAh@vB~@dFbChBp@|FfCfBz@dC`A|BfAb@NzCzAbA^jCjAfBp@hBx@,False,https://d3o5xota0a1fcr.cloudfront.net/v6/charts/OVGCRM5T4OCUFX2QBULB72NAUVQG3ROS2BZTSYXWSI3XYZ4KAEOWAHSXPDGBWTP2FJY4B7TBZ73DSDIXOU4Y2ZY=,True,other
29242838,2,4ta Av | Av Tepozanez - Av Carmelo P.,0.0,NC,0.1,"[19.396566, -98.981681]","[19.403263, -98.995004]",4.9,1643.9,okkuBpjc{QMpEEd@MbDIh@a@PeANa@PEh@[|@cAbCo@rBk@vAUx@c@z@cAdAsChBMJKRw@zBcAxBQb@Ih@Od@y@vB]hAu@nBg@bAGReAbCcBtEUd@s@jBa@`A[lA,False,https://d3o5xota0a1fcr.cloudfront.net/v6/charts/4HZSJHB2RYDTKCP434DRH3AHILDLRR5AIBTRD7UM5EVLNXVPWRMRXCRPU4TYOIVAM5LQWA3MNHZWIIONY33T6QI=,True,other
29243045,2,Av Tepozanes | Rayito de Sol - Chimal,0.0,NC,-0.1,"[19.396422, -98.981554]","[19.391368, -98.984255]",3.5,627.7,sjkuBvic{Qd@PbBx@fAb@fCjAbBl@~BhAxCnA`Af@bBn@tB~@,False,https://d3o5xota0a1fcr.cloudfront.net/v6/charts/3UK45BI5M7F57OF47ANGUCM3FF4MP4PFH7EJEQZ3ATRWW4LJSSIGPYD57VPPAMT3D6CRGIYHR4D7YEBOKVUCYUAZ,True,other
29243082,2,Av Tepozanes | Panti - Ignacio Aldama,0.0,NC,0.0,"[19.380951, -98.989832]","[19.376528, -98.992105]",2.2,545.8,}ihuBn}d{QvB|@nBj@zFdCxDzArDlBb@J,False,https://d3o5xota0a1fcr.cloudfront.net/v6/charts/UIKNK7NBUH35MLRMBEKRQA77X4F62HPJ5YDXKTRUBBF56YBDB4UPCLW6ZFUT5KKHIRSLXHSQE6JHQDGPATEUOSI=,True,other
13311250,2,De fuente a fuente de subida,0.0,NC,1.8,"[19.419133, -99.202449]","[19.415507, -99.201305]",11.5,602.9,qxouBhnn|QHY\FjA@b@Af@KF@l@Nh@`@r@XXPj@@d@IN?xA{@V]FK\qAP[dA{@b@Yt@INKADqAZ,False,https://d3o5xota0a1fcr.cloudfront.net/v6/charts/FHP5JFNA4LLK67QF7LT56C5CNJPGPKF5E7D6PI77YEUY63RZEO2UT65FVKTFM2VIMALTIYESDMEUJCH6Z522G3TC,True,other
19927300,2,viboras 1 km,0.0,NC,-0.1,"[19.414576, -99.198838]","[19.414373, -99.197117]",4.4,983.5,a|nuBvwm|QH?hAY|@[dBs@Vc@Na@Xc@PIZ?xALd@Ad@G`@Mf@I~@c@d@Mn@e@Je@Kg@Qg@g@cA]_@g@Qi@Eg@JiAb@wC~@Y\[XkATgAFgA\,False,https://d3o5xota0a1fcr.cloudfront.net/v6/charts/OR3FLZVQWPWMYU4Y5DIQV7PZ4NFKHOF42S22FGYXXMEUJA5YL65ISDQYGQSG77Y62ZLWYHC5YPHE55V6TJY6IS4S,True,other
23014590,2,Lago 🌊,0.0,NC,0.0,"[19.416533, -99.19761]","[19.416502, -99.197516]",12.3,1355.0,ihouB`pm|QMRYBe@Kq@Ic@HW^sAbAyB|@_@VO`@D\Rp@?h@Qb@YVS?ME]USUYOa@Aa@Pe@^S\Cb@Fp@Xl@^`@PJJBd@Af@Mf@i@\S^MF?z@JzAAtBLl@Il@Mf@Ut@q@Zk@j@u@Pg@Da@Cq@Kc@Sc@}@qAOQQKHi@GM,False,https://d3o5xota0a1fcr.cloudfront.net/v6/charts/YE2PF5HMCCVSA7NMJTBMGXKOZQLNBB5B2LVQBOQZH2YMEZBOOHMUN7ZDADMV65ARP4QAN763AWKUR7HDBZAY2VDF,True,other
17705006,2,vuelta 3.5km ,0.0,NC,-0.0,"[19.409121, -99.201857]","[19.408974, -99.20157]",31.0,3619.7,_zmuBrjn|QBIVWfAy@N_@@wACUMs@yAkD[y@gAyBe@iAc@q@w@uB]k@m@g@WaAk@qAo@qAYiA]_@YKk@B_@JsAf@sA^aAb@u@TsAj@wAb@uAj@w@Ny@DeACa@@]Ay@QQ?{CW]?[NSVq@xBa@j@SRq@j@ST}@t@i@d@YJa@Dk@?]D{@VYPOLOZ[rAK`AAp@@x@Ld@Xt@h@r@p@nANv@Zv@h@l@PZZNn@HlBMl@?VF`At@TJ\JVBn@Al@GVMr@q@Ro@P}@R]jA_ARI\G\KlBy@rAs@hAk@RG\CT@R@XHXR^`@tBnB|@`ATPr@p@XN\D\@vEMLERBj@Cn@KTIh@Y`Aq@,False,https://d3o5xota0a1fcr.cloudfront.net/v6/charts/MZUDJAGSSQWW2BQ4E5AZRHQKRKPSXNZY7WKE7VRFO5D6YKJBNNE4FVLARJ2I2GW7SETM3LQPMN6GWYQJ2ZKQIVRE,True,other
15200934,2,PM hasta Seneca,0.0,NC,-0.3,"[19.432675, -99.207673]","[19.432175, -99.20275]",4.0,542.5,emruB~no|QBc@Jo@Aw@Pa@BKCENc@CSEQB]CQDi@Hm@AEBA?GCKB[DIB[CYBWCC?OLy@CGBG?IEM@]FYASCCDIBMCOBGCM@g@FaAFe@@c@,False,https://d3o5xota0a1fcr.cloudfront.net/v6/charts/QMV6PTL6OT5VYGCLJKZLF2GC7BAU6MM3IMJFAGYLV3CYDW7ZP5NJLZPOLNLQM6RKW7JQVMY6FZS64HFTUWGCTEI=,True,other
8731471,2,Entrando al Bosque,0.0,NC,0.2,"[19.425937, -99.203166]","[19.421256, -99.199321]",5.2,699.4,acquBxrn|QZKp@Mv@E^K\Up@QVAz@Or@ExAk@jAu@x@q@f@q@Xg@Vs@LQn@oBj@qAjAaBx@{@,False,https://d3o5xota0a1fcr.cloudfront.net/v6/charts/2MURIGWX2Z7LZYR5F5Y72LCWCY2XGFEJIUOB5ROVFQ26E5VWDCFXVMWHFV6AUFDPF3U5EJA25PCM52Q2E4GIBTHF,True,park
7344059,2,Parque Lincoln,0.0,NC,0.0,"[19.428991, -99.197126]","[19.428885, -99.197172]",10.2,1520.3,evquB`mm|QMMCG@YAO@QAMJgB?KIMIe@?GDK\_@BM?_@Hc@FwAJs@?OCUGOQ@KIK@EAOGSOWIKDQb@Kx@Qh@ATBn@Ip@E@@pAKVIn@?RDt@EVJPB\?h@?D]LCDCP@b@EV?PUXCFFZKFE`@Ar@Kd@@\E`AHxAATEBCPKP@NNLjAZF?BC^DJECK[]GSFMBUFO@M^i@DK@e@EQDaAFs@Rs@AY@YG]?MLc@NYZOHAXB,False,https://d3o5xota0a1fcr.cloudfront.net/v6/charts/ISWEQTMXDNOSOHQO23VYQWVAWE5EHTCXDVZPONSJIKLA37H76KS3CVTGCJTD4B6S5MNDDYBFOOUWSRI3GOXXPSSC,True,park
24221112,2,Circuito Joaquín Clausell Clockwise,0.0,NC,0.1,"[19.40819, -99.215165]","[19.408208, -99.215246]",55.5,2003.2,etmuBx}p|Qt@t@j@dAb@lAt@vCNvBJb@X\b@Rb@J`Br@z@x@t@|@Pd@h@xAJd@H~@TpAPf@fAbCJt@?h@Cf@@h@Dd@?`@U`@c@JWCW[OkAOe@Sg@]_@mAcA]]kAkB_@]QOa@QkC_Aa@S{@w@U_@o@{AW_@w@{@Qc@Oe@Eg@AwBHsA@qAFk@JyBLk@Xa@`@Od@C,False,https://d3o5xota0a1fcr.cloudfront.net/v6/charts/QSRM3LIM5HSNF3QZRFB5VMJQVMYB3AHENLUQMCO3XWHWLOQNH5NQ5M6VKBZUB5NSEOIVZA2Z4DBA47KEH2X6CTB6,True,other
22951623,2,Reforma a Prado Sur,0.0,NC,-3.2,"[19.415694, -99.218772]","[19.426589, -99.205741]",65.9,2074.5,acouBjtq|QGEOBYC[KYAGE}@[IGMBu@MCGOCM@_@MO?SQYA]KWAIIWMSE]C_AQKIe@GI@OEw@WO@AISBa@GWDKF]GQDU@IB[AU@GE?OOVSEc@HsABQCq@OEIKBo@WSKOAQ[YIK]e@e@MCGUGAMu@IS?e@CGECASMc@OQOg@COBUE]?]EM@IISCO?SDQMOAGHQEMCCMc@@[WSDK?MIS@SOc@AMY}ADQEWMa@KO@QGOAMQUCg@?OK]BOIy@IIK@EUVc@CWUe@GIGCIu@?WOe@I{@OSBWKq@CA?SOk@GEIOAMGM?IMSQaASY?@I]KKCKQOSm@KGBOAI[KI?@UCIOIIQKGCQGGQG?MMMKQCKu@gA@LIWOQ?O,False,https://d3o5xota0a1fcr.cloudfront.net/v6/charts/F4GHFLSXBQOQ3RYHH5PQ77HXTAQ53XAW2NZKWEVWJPMYGGJNUBPT5QPMQUOOYFLUOI6UMAQWBMMNNNOAHASNJBA=,True,other
4589411,2,Chapultepec Gran Avenida completa,0.0,NC,0.0,"[19.421142, -99.179401]","[19.421123, -99.179373]",9.1,3050.6,kepuB~}i|QcAbAiAdBc@bBKfAEv@@b@FxAPbBfA~EV|BJdBNtRVtEFj@VbAJV\j@d@j@j@d@f@\t@Tp@Lv@H~@@|AEl@KfA]b@Sd@Wt@m@v@sAZaAr@mC`AcG\{DJ_EE}@UeBe@sBQg@eB_EU_ACWCsDCa@Kk@S_@a@c@[WsBaAiEmBw@g@w@]WQs@YQEKAc@?c@BG@g@d@,False,https://d3o5xota0a1fcr.cloudfront.net/v6/charts/JNQBU3SL2PWFN47AAYPRFGQC4VWKBY4OKEC7DH2QXG4D7ZQP7HMU54FMZDXNN2ILY5SI2EUM5O6VPKQSZO6QYZXV,True,other
6760291,2,Av. Amsterdam Counterclockwise,0.0,NC,0.0,"[19.414229, -99.170029]","[19.414267, -99.169987]",2.1,1942.5,{ynuBtch|QRVLDN?XEJ@NLJRLLtB~@j@R`@Dp@d@\D\LpARVLVTb@JXJRBh@^RFd@BTDX?t@[PELKT[FE^AE[Ja@@a@?GGACE@i@E]@WGYAw@Km@Cg@Sa@Mk@MYCYMc@m@s@k@e@a@_@a@Uw@USM[ISOY?a@C_@ISIw@OY@g@E_@OMMKBSSSMu@WW?e@M}@KYIc@Eo@COBa@Ec@Fa@VW`@GDMX[LWXKRCHAbBXnA@NLPFVTXR^RN^d@R`@^PPNTTND^Z,False,https://d3o5xota0a1fcr.cloudfront.net/v6/charts/MKSS2WMFB4TQHKX5LN5OADQBQWMI2ZNXWYS5O7JKXLH2ZM6SWTHE77ZKGTFA6TS3DP3ZI7BG4XO2RHTYXB5POURG,True,other
17363513,2,Chapultapec 2da Seccion-Contraflujo de Entrada Principal,0.0,NC,-0.1,"[19.417565, -99.19681]","[19.417503, -99.196664]",29.2,3584.6,wnouB`km|Qg@zA]j@c@f@eDpCULWFgABc@Dg@P[TYd@i@dCG|@@n@Hb@Vt@jAlBP^b@vAXp@JL\VTZFFf@JT@`BIh@Bb@J|@p@p@V^DnAEt@]^e@TYHWPgADK`@a@f@[RWJEn@GRGvEyBbAc@VETANBNDVLx@t@dAhAXPv@r@t@|@f@j@TDFDTBd@@jAIp@@b@EbAAz@Eb@Id@QdAg@jBgAPUBO?KCeBIq@Sm@IOsEiKyAmCo@_AIWaBcDoA{CUSQEUAa@HyGbCeBr@sAb@uAb@uAXqAHuAScDWiAG]B[LUP,False,https://d3o5xota0a1fcr.cloudfront.net/v6/charts/OXIAVDZ2YK36HUHYWF6KUFY6G22YY6BIOR54VN45K4CB2GSDHVDKTAX7FR2RS4GWK4RC7RG37BMMM5T7MANRPHI=,True,other
24821328,2,3Z_MIlla_Castillo,0.0,NC,-0.2,"[19.421458, -99.185077]","[19.416732, -99.183815]",6.6,1611.9,agpuBvak|Q?z@FlBAtBDr@GnB?|@@`AXzCHl@d@`BVl@v@hAd@b@d@Xj@Nj@Vj@Jn@BdBEr@IdAYf@Sx@k@`@a@\c@j@mAh@yApAuFDmAV_BLeBR}AFeBIw@a@oBOq@e@yA,False,https://d3o5xota0a1fcr.cloudfront.net/v6/charts/Q2WH22ABUCLXZQAIPFRRCRX3HDTPZE3NMQ2EWTM36LLCHHF7P6MDKPW4B6D7NDDSGWXYWVYQ2CPCK3J6QCKWNRA=,True,other
15603415,2,Gandhi  KM0,0.0,NC,0.1,"[19.42782, -99.181553]","[19.428052, -99.181964]",10.6,831.3,{nquBvkj|Q?YKOOJQX_@T_@Ra@Lq@\YXs@f@U^@d@NVJb@@h@Z|@Dr@t@pBJf@b@`Ad@BFCNUW]Ge@HoA?g@Bk@TcDJqC@G,False,https://d3o5xota0a1fcr.cloudfront.net/v6/charts/7DKEI3SM74J3ASM4LTO2VDCFECXQG3FHZ6RV5IY2K43WCUJVFSBZYVR2GZXZWF6JDH4JBFKN3AC75TIUE7PGLAI=,True,other
22046625,2,Reforma Bajando,0.0,NC,-1.1,"[19.425479, -99.188701]","[19.423986, -99.180215]",11.2,922.8,e`quBlxk|QJFBEZqB?o@Dg@Nw@VgC@a@BOBwAHq@CkAj@sDP}BTgB?g@L_BP_ADgAZsBN_BFUA{@RaA,False,https://d3o5xota0a1fcr.cloudfront.net/v6/charts/GOUDNJKZJIATNLSIP7G3WIJG5IDYNVP22XR7RK6FL6WWC4PEGU6APS2X3GHM4KNGZ7VC6VMPOFRFMRKS72RLE5VJ,True,other
3325750,2,Calzada Del Río Climb,0.0,NC,11.7,"[19.4171349, -99.1823749]","[19.4192798, -99.1797167]",46.8,401.5,alouBzpj|QOs@IoDGKMi@Yi@Y]SKSI_@Sy@_@_Cu@gAq@,False,https://d3o5xota0a1fcr.cloudfront.net/v6/charts/RTPNLP7MSUMK4Q3UGFWZGILDONXMMOBFLAC5ZVEMDAJBZDAC5Q53CUCDLMPRSCIXNWNLNT3IOX2HA6C6MB6NZ5PN,True,other
14994422,2,Diana al Angel sprint,0.0,NC,-0.3,"[19.42482, -99.171265]","[19.426305, -99.167596]",5.0,434.5,c|puBlkh|QGGg@SIGO[Mw@Ue@Us@Uc@Mu@yAwD[mAW[Ae@DUIa@Tk@AE,False,https://d3o5xota0a1fcr.cloudfront.net/v6/charts/6PWDWFLMBL72AOUTHNUUASZBR7LS77ACXD7BE553MRGJE7K452MUD5S6ZJBXVBMYR2I4ZGDDR3R63DNTTPTQOGNZ,True,other
8364897,2,Reforma sprint,0.0,NC,0.8,"[19.426781, -99.167497]","[19.42841, -99.164153]",7.0,415.4,khquBzsg|QSWa@K]SSYu@{B_@mBKc@O[Ec@o@qAEu@Uk@c@i@H],False,https://d3o5xota0a1fcr.cloudfront.net/v6/charts/OA6VUHHDA6TSKJWEM4GVB2PX2JWYRSD6OIXSJAJEAN5V6ZSSCNGSL4LDAQHHRHMAQAOPTGWXUTL3YRLAP5RI4DA=,True,other
13105013,2,Yasso 800,0.0,NC,0.5,"[19.416444, -99.186738]","[19.420968, -99.189639]",5.4,804.7,wgouBblk|QSbBUt@G\Er@u@zCCXYvA_@rAs@`Ai@`@a@RSNi@RWD[LUBY@YFw@Aa@G[?cA_@w@K{@]g@Y_@[i@}@,False,https://d3o5xota0a1fcr.cloudfront.net/v6/charts/VXX4OISBKZ6PSBR37F7ML7FITZPVUQELYI2OXEALZOCLEBNNW3X6UD6AXX73GHKBBAANZTX4RPDOQTAL2PSDRMT6,True,other
20699063,2,La Palma - Insurgentes,0.0,NC,-1.3,"[19.428996, -99.163184]","[19.430471, -99.160219]",5.0,390.2,evquB|xf|QISa@u@O]AOBO?QYc@Wi@Gg@KU?a@GQgBqDQy@?EDC?HCDEBI@OUGA,False,https://d3o5xota0a1fcr.cloudfront.net/v6/charts/PCD3WHZJATFT4TBZS2OR2SPQY55PSO2GXGH7TDFCV2HEK2JYK7QL5SEY5AIWLUCPF5JVAZXKN3SZCH3BPLWN2HI=,True,other
23096949,2,BURS MSP33,0.0,NC,-0.2,"[19.434178, -99.140907]","[19.433124, -99.134165]",9.5,713.6,qvruBtmb|Q?WH}@Rs@DYAMJoABaAHYFe@BqAHS?[Hk@BeAJ}@NcDD]BuA^wCKeABoAr@gA,False,https://d3o5xota0a1fcr.cloudfront.net/v6/charts/OSMSWYFRFXB4OWMNLLXVN4LMHIU4SAALYT7AO5VROB6PDV4DISSDRCXDCWZP3YF6Z4DXH6QFWJDPIE4ISSDEJL4U,True,other
11121762,2,Zócalo,0.0,NC,0.1,"[19.432969, -99.133846]","[19.43292, -99.133866]",6.6,524.3,_oruBpaa|QRCd@DZ@LFL@FEJMHO\oADk@Ni@?i@GYEGICe@CQCcACeADKJYr@YjB?TJ`@JR\NVDNF,False,https://d3o5xota0a1fcr.cloudfront.net/v6/charts/EFHG63QN4NPQGE6QNQK5V36RBUGCF4VGG4IURCHIIZ5AR37TFHIPFGVAXABXCISRV5P3CBV5M6XQKTC5VVOOOBUE,True,other
21894349,2,Humboldt - Gante,0.0,NC,0.5,"[19.435226, -99.147906]","[19.433984, -99.139663]",16.0,886.6,c}ruBlyc|QEg@Ie@Bg@Hg@I{AJg@VoBXeABs@?g@Ak@Ek@\oAFk@He@Pc@JoAD]De@T{A@gAJg@Ag@Dg@EWQm@^a@HWDi@Le@@g@J[Bg@Nq@,False,https://d3o5xota0a1fcr.cloudfront.net/v6/charts/TM7DJN74TGNWP7CDZTP5D4GU7FXFBDUSF6GDQND2DZBY2HFSEWBF36LF3VLEBXVBBSS3QPANTMHY6W4ZTSLSZUY=,True,other
24821106,2,MonumentoRevolucion Vuelta,0.0,NC,0.2,"[19.436302, -99.155251]","[19.436234, -99.15527]",14.0,679.9,{csuBjge|Ql@BZEFEHOFe@As@TaBB{@Fo@@g@F]Bq@EOIGSGc@GcA?[JMRIz@Q~@?TSbAE`@AhAIbADPNNRHj@N\?,False,https://d3o5xota0a1fcr.cloudfront.net/v6/charts/WXOXCSAC5RVGQPEFCK4BCGWQIPI6IFOMHLHKXLD62B3TRRQCWENT4KXWDNIQR4GMFB66STJXVRB7ESPTQR635VHD,True,other
2496710,2,Insurgentes Sur 14 Climb,0.0,NC,10.6,"[19.4349916, -99.1544932]","[19.4317722, -99.1572296]",52.8,499.1,u{ruBrbe|Q`BNl@?fBHXHVXNXPVXJr@LHFzAlCh@lAh@~@n@rB,False,https://d3o5xota0a1fcr.cloudfront.net/v6/charts/YPHYBWVYDOENGYZVALGYKNGFDLL4XY24ROYXJLQXSPOKABC7AS72XQRKWPGHUAEZIYEO6PG3LTP273YDFJA75SGT,True,other
23052578,2,CENTRO MEDICO,0.0,NC,-0.0,"[19.409428, -99.157357]","[19.409518, -99.157333]",9.3,1192.2,{{muBnte|QWgA@_@BWBCNOZ@n@APE\@PM\A~@YHGLSh@_@HSD]?OCMGMCUKM]OOCq@FSJAFGD]HWAGCOQg@CG@eBr@K?GCEUGEYGYEg@g@[YQCODU\?H?nBHZ@RLf@LNHDXDb@?BD?FQPCVm@XYVO\YTCF@D|@`@\D`@^LFF?PILMLITYFA`@@NE@M,False,https://d3o5xota0a1fcr.cloudfront.net/v6/charts/UQMEPFKBOU2QS5OIAJM4H4HHF3R3Q5XKHYFMATTL5DNICCC5ARPVOXJEM2GRAVSWQQJWIX6DFUK56TS4RFJM2WA=,True,other
12920781,2,Jardín Dr. Ignacio Chávez,0.0,NC,0.0,"[19.421949, -99.153791]","[19.421985, -99.153793]",0.0,295.4,cjpuBf~d|QdANNMPGHe@AOGAGKEEWCUSSAWSSDQAQPGZMXETBB?FFDb@@ZF,False,https://d3o5xota0a1fcr.cloudfront.net/v6/charts/URLVELNYMUZTU4UV3D5YG66NMMJC33DFT72727XJ3VXI4S76CXND2U7BSBOV5ALDR2MXMGIOGJCZ5CXSZ3RAN56G,True,other
27664195,2,20 de noviembre Fray Servando - Zocalo,0.0,NC,0.2,"[19.423932, -99.13442]","[19.431892, -99.133416]",2.6,901.1,qvpuBbea|QWHo@Bw@Fy@McAGc@DGCU@QD_@AKCOM_A[KAID_@?UGWCiADWCWOg@EMG{BEg@Ke@?[De@AGBG?MMGAo@@k@EU@[MGBG?e@SI?SJMBYEKBQ@EESASO[KQA[@a@KM@m@IQISQ,False,https://d3o5xota0a1fcr.cloudfront.net/v6/charts/GQAM2OUPIBTQM75252LX5VYBU3GCMI2KEVOODL4GJBHKPBK7PMWJM2IQXH2Y5UWPS7PDOU6FTBFP25YIP25V2GI=,True,other
21894354,2,Gante - Regina,0.0,NC,-0.8,"[19.433861, -99.139516]","[19.428442, -99.139051]",10.2,678.8,struB~db|QHAf@@d@K`@BbAA\B\@^Nn@H\AXBDGTy@Fc@G]Ja@f@Cr@Ln@@NCXYj@Ep@N|@XPBfDPnANd@@NG,False,https://d3o5xota0a1fcr.cloudfront.net/v6/charts/APXLN2ZKAECBJDKETDHG672JDAV7SIIOHVKM5CBIMQFEVAJWC4A7GCHISKBRAYGTK62QMTTPIPOU7VW2SWGDBRA=,True,other
6498640,2,standar time,0.0,NC,0.0,"[19.410183, -99.107754]","[19.41009, -99.107912]",1.8,1455.3,s`nuBn~{{QJDHJJ\ZNV\JBHLNJh@TJLBFLFFLZH^ZRBTAJEBG@eACK@QE[?q@CSCGDC?]BQGWMQI[KOME@IJSNg@CCBSAGJE@KBMAENo@CEEy@M[ECDG@MNYAa@DS?MEEAO@GCWII@I_@BI?GAO@OAAI[IYFUAE@UEq@PWAEEKEc@CEC[@MEIBc@EK@KBOCWASBUJI@GZ?b@GP?`AIdABDAFGZEd@FrAAZLA`@j@ZPFVPVdAb@VXJBN@LDVd@?EBNHF,False,https://d3o5xota0a1fcr.cloudfront.net/v6/charts/DBVXKEBLQJQEPYER5I2VNICVGVW3I3H4XKJQFNYFO2DEMGSV5GJHT6ES6DUSV3BLA7AM4NCPE6EAEIWI4ZUFOLA=,True,other
21894366,2,Plaza la Aguilita hasta Rep. de Guatemala,0.0,NC,0.5,"[19.426783, -99.128322]","[19.434085, -99.127047]",7.9,825.4,khquB`_`|QIWyA_AaAQe@Ce@@aBGM@s@Og@Ac@Oe@?sBWe@Ce@@e@Ae@KoACg@Ee@?wB[yDMe@Kc@CeC?,False,https://d3o5xota0a1fcr.cloudfront.net/v6/charts/MQMCJNUHNMDUTVPKQKYOBI74PWCWVSDDHWBO2AQSQWIWDWZT6SKYKAX5TAUL23CMX7N55INLJGMCUIWSTDJZ7CFY,True,other
23049655,2,parque de los periodistas,0.0,NC,-0.1,"[19.420961, -99.117264]","[19.420862, -99.117186]",12.6,1302.3,_dpuB|y}{QFUB]BGj@DFAPQFAp@Ph@E`@HR?TMTNF@NE\A`@PRDJHBXCh@GZ@\JZ?JMpA?TIb@@NFR@hADl@Ah@DXEj@?b@CNBVCTBREHm@OU@a@I]@y@K_B]a@AWHgAHWGc@GGG]Ea@IGC?ER_@@_@HgATe@Dm@N[T}@Dg@LQ@G@SES?Ib@qA@WTm@BS,False,https://d3o5xota0a1fcr.cloudfront.net/v6/charts/33ILFFLMI6OFBDOFFT243E42XPY4WK54EQDIRFN3AWLQ3PTG7C7V35FENFZVNK3RH6BA23L3OZMTKX4JDL5SUOY=,True,park
23012664,2,fray servando,0.0,NC,-0.0,"[19.420961, -99.117264]","[19.420954, -99.117462]",13.3,10281.4,_dpuB|y}{QFUB]BGj@DFAPQFAp@Ph@E`@HR?TMTNF@NE\A`@PRDJHBXCh@GZ@\JZ?JMpA?TIb@@NFR@hADl@Ah@DXEj@?b@CNBVCT@XGBi@OU@a@Ie@?s@I}A]a@AWHgAHWGc@GGG]Ea@IGC?ER_@@_@HgATe@Dm@N[T}@Dg@NW@UES?I`@iABI?UVs@Fu@DCLFHATUPCt@NX?\NT@h@H`ACVH^@JDBH@LCb@IVFjBI^Dj@Cl@F^Cx@@dAE|@Fz@EX@JCZHh@EBKC]SKEg@@SEc@?u@EYIqAWS@YPM@s@Oq@GY?E@UCWGGG?MNYDe@@a@F_@Pw@Ri@NaAVi@C]Jg@CM?KXqA\y@F_@?Y@INEV@LOXNFHF@r@ATLXBn@Gl@Dp@?V@LDDDBLAZG\Cl@F`@@`@C~@E^HtA?lA@h@EVBxAEZDp@A\CBG?QKQEw@G]?o@OaAGWGUKSCq@F}@Ce@IM?MDK@OI_@IACA]@k@BQh@gCD[`@cAA_@@MRu@N}@Ng@Nu@Bm@Na@HED?VLF@LSJ?RDL?NH\DV?LH\AXDNDZBr@?f@RDPMhACt@D^AFEB?H@bBHZQDALNtA@`@?THh@GbAGX@R@r@ADa@MaAS[EW@m@O_@Ga@?_@E_@Ko@H[AWMQBc@AYKEIUAEAGEAGBUTg@DaAFWLQX_DTa@NwAN_@L_AFWHMBWHGJCZHJUFED?XHn@AdAZp@G^FLFRAj@HHD@JAVMd@BvAAp@?z@Cf@F\CZF^?bAGj@AnAG`@FPBX@NCFG?u@W[Gg@?s@Gw@QeAQSBSHM?uBMKBK?a@MIIAO@YHODUBg@Lc@BULOLg@Lu@?[BMN[Hs@FWZq@@k@Na@?w@FSFAZ?FUJENHVBXJd@?v@LNAn@Fr@LZGLADFDVGl@Dd@@h@El@EhBH`@@RGd@@bAGj@JXEnADPHJ?FGj@G@YIk@Co@IWLM@cA]a@IQIQCk@@e@Fg@GsAGOEII]GIG?CHQRq@F}@\wAHg@L]B_@HSb@iBLy@@QHSLi@@U`@CFEHSFAr@LHFH@h@@XF\IZDTH^BRL`@ATJDHAVOVAT?VHb@EZ@`@Ih@Dt@L^ERBj@ENDhBIx@DX?hAc@Ko@CSIe@IcA?YIUCCCo@?OBMDUAOSgAHQ?QEM?MKKAKBGCGMAW@QLQCc@HoADUVk@D[NW@e@Lw@@_@T_@DON}@JW@U\{@TIN@HCBMB?`@Bh@FX?^NLBNABBp@G^@\HVALFBJBzAC`@HTIx@@b@GpAFVFfBHXEx@G`@Af@AzABFCEa@Iq@Ki@B_@Go@Uc@IWGg@E_@DUDO@OCGMEAWHc@Ce@DGAGKQG]CECAGD]F[?YFID]JUJ]\kBJ{@Ra@Lg@NMC_@Jq@LWFA@B,False,https://d3o5xota0a1fcr.cloudfront.net/v6/charts/NPBLHG35TYQDYNL4SCGFEGWGL4B36AU7YU6FALPXWXMB2BZORNKCOQA3ZN5RNCWSXWJ6ZGB5TCQSIAYURBUYKYIG,True,other
31048634,2,Deportivo Venustiano Carranza,0.0,NC,0.0,"[19.425977, -99.118163]","[19.426, -99.118178]",5.0,431.7,icquBp_~{Q?}@Dw@?]GYSQSI[?YH[VKRMhBE|A?HLb@FD`@LP@b@KHKPe@Lw@,False,https://d3o5xota0a1fcr.cloudfront.net/v6/charts/Z2FEJRSJHIVGVDJOCJNGDDUCMITT7DFUGLCLYJS2NHRBDLYWBYU6AIWUGTN4MK6EPRVBY2RKCI36JQKTXQA2KLY=,True,other
26920030,2,Parque Fortino Serrano,0.0,NC,0.0,"[19.432363, -99.094244]","[19.432371, -99.094228]",1.8,427.8,gkruB`jy{QMNk@rAGVBTPT\RdAb@d@XJ@JCJGJOTg@`@eABWKKqBy@m@YKCSD,False,https://d3o5xota0a1fcr.cloudfront.net/v6/charts/ZW3RCQ5CRLYWJL6DF5ED6WWHHBI2IMJLXKT3Q43H7IXDFC4PT6JOSOJPWFH3MULPVQTWYQZWMJEIJ7GVTSQ7FNA=,True,park
18210346,2,Pista Estadio Jesus Martinez Palillo,0.0,NC,-0.6,"[19.407972, -99.094559]","[19.407974, -99.094565]",3.0,414.3,yrmuB~ky{QQ?YFMJOXAN@\LXJJPFNB`DPRAJEXWF[Aa@ESQQUG_@CwBMM?,False,https://d3o5xota0a1fcr.cloudfront.net/v6/charts/RMLWUCRGWRBXPZZNBFGXYNPLBENUOMI2CRAUMDG4MPCOFVGOPWTHIE2GHDI4ZMLQH3BTU7OHIPVR6CVXFSHGSOQ=,True,track
10053538,2,park perimeter,0.0,NC,-0.2,"[19.437649, -99.056194]","[19.437604, -99.056165]",9.0,3937.8,glsuBf|q{Q]w@K_@C_@IOQGOSm@qAc@kAc@u@Yu@wBmE{@kB]s@MO?EOg@GQe@y@IK{@gB]{@BSvAmBxAwB|@kATa@R@NHd@Vf@Rt@`@VDdA^l@PtCdA|@Xr@XLB|B|@~Ah@XLBHCBQAUO]I]S]GKDIb@AVj@NbA`@b@JXNp@RPu@?[[GMOPCnB~@vAh@JHxCdAd@LzFxBAVOFIIE?GBEHC^I^C^?b@b@n@\Lb@F\Jd@xA@PW`B]zA}@pF]~Ae@zDc@|BQLIPDv@iA~GGPS`@{@l@]J_@Fi@ASEeDeBqC{A_@W_@]_@g@K_@a@y@CO_@y@u@sA}@yBuAyCMU_AoB,False,https://d3o5xota0a1fcr.cloudfront.net/v6/charts/BMMPW6FJ3NXU2RIFCVPAGLTQF2SMZS52Y6SYR2SN7JNGNCTPBNPC6UNVK6TZHWP7WPYOFWV3KM6BTVKALZVNHKCP,True,park
29267679,2,1Km Pasto,0.0,NC,0.6,"[19.432012, -99.054649]","[19.432005, -99.054559]",10.4,1028.7,airuBprq{QSpAGz@@Ld@b@h@TFL?\Gd@WpAQlAm@fDSb@]HkBIaBQOOE]?EJMjAmA^y@Nu@BcACgAM}@[gACO?YJe@V[PMtAu@f@C^DHH@`@,False,https://d3o5xota0a1fcr.cloudfront.net/v6/charts/ITTX3VZEVPNCZXSTJAO5CIU5PR3R7D75OIFNJ3APP2N2XNOHK5LPP7MDXXQWPTRMAPTNHD5KAHFYI7B2DBVUHPQ=,True,other
29267827,2,5KM ALAMEDA ORIENTE,0.0,NC,0.0,"[19.4312, -99.054113]","[19.431481, -99.05372]",6.7,5015.6,_druBfoq{Q[dBmAxIc@fC_@lCOt@a@|C_A~FSbAU^iDIgBOe@M{C_By@m@SU]m@s@_BiBoDu@eBQUo@yAk@kAMg@ZWvFoAf@GN?Pb@Kh@Ej@?p@BTP|@j@fAZ\b@T^Nj@Nd@FX@n@IjA]b@S\Y~@oAb@eARkACy@g@yBSi@q@{@eAs@]MsAUo@CwA?cDNgAEiAWm@Q}AeASGKAa@VEr@Jn@\jAd@bAVT`@Rb@Jb@BpABjAC\R[XsBTqE|@YUc@}@m@qAiBoDiAoCwCkGAEAg@Bi@Fc@n@sBPa@R[fB_CPOd@Ah@Pz@f@fEnB~ClApAXhCx@nBj@lCbAhAf@fE~AXL^VRd@Z`@ZNZD,False,https://d3o5xota0a1fcr.cloudfront.net/v6/charts/CJ32V5EKHGMSW5JBG2GTI7MAC6JRDDDNCFNFQSMEH3IL4IPOQVZ64FNIT6YDSY75DDRHRDGQENRYL222ZBQYT2I=,True,other
29267805,2,3K ALAMEDA ORIENTE,0.0,NC,0.0,"[19.431198, -99.054086]","[19.431882, -99.053458]",1.4,3004.4,}cruB`oq{QWxAQpA_@jByAfLW~AgAlFa@tC_@nBg@DUAmE_@k@Q{Aw@qAu@aA}@g@s@sD_I{@}AwA}CgAiCcAsBkAuC{A}CWs@}AeDMYCe@PuAv@yBTc@hBaCb@Qh@H^PfBr@^RbC`AnBz@^N|@L~Ab@nBt@f@L^L~@b@hDlA`A`@dCx@ZXVl@,False,https://d3o5xota0a1fcr.cloudfront.net/v6/charts/65ZXZMJJGTZU4BAMLMKCQSMLGYLDOPFOD4O7XIUNC47DY43ZP63ZQRXVIZRTXAP5YJ3EGKCU4BYKGRJANSENVGI=,True,other
29242898,2,4ta Av | Av Sor Juana - Av Lopez M.,0.0,NC,-0.2,"[19.411386, -99.011795]","[19.415244, -99.019742]",2.3,939.7,chnuBvfi{QUb@m@nBiAjC[bAS`@_AxBkAjDw@fBcAnC_@hA{AjDe@vAcAhCc@nAMd@e@bA,False,https://d3o5xota0a1fcr.cloudfront.net/v6/charts/TRR4RKLXYQ4ZNKFNKU6ODRMLSZAY5VVXOJMB3TEQOFG7JZD5DQUHEYERRDANVNPY6XLJXL7F54S6IRW47O5KM3A=,True,other
29242875,2,4ta Av | Av V. Villada - Av Sor Juana,0.0,NC,0.1,"[19.407397, -99.003519]","[19.411221, -99.011542]",4.3,944.6,eomuB~rg{Qc@dA{CvIS`@Md@sBtEyCbIYf@CRMf@MTi@bBg@nAU`@Yn@]hAKh@g@pA,False,https://d3o5xota0a1fcr.cloudfront.net/v6/charts/WOZYC4DWFVWNNUXGJIQ55SOIBJ3QR5VJZ5EJBSBLNTRS2M4OXZ5VEYUKVLC5XNETKPGEHMZSV4IDHHICL364IWTE,True,other
29242969,2,4ta Av | Av Lopez M. - Av Sor Juana,0.0,NC,0.2,"[19.415242, -99.019761]","[19.41148, -99.011805]",2.3,934.5,g`ouBpxj{Q`A}CvB_Gv@gBr@kBd@gA~BaHd@gA`AyBfAoC~@yCr@oB,False,https://d3o5xota0a1fcr.cloudfront.net/v6/charts/3HD7PXV7PN2VYWEEBFSFTAN4T2D4RBYD5WLVI46XOPLF5N6CU4TPSQ5FOCQAOCOIC5M5TXF5XWNEKOBDWCWE5KAZ,True,other
29242986,2,4ta Av | Av Sor Juana - Av V. Villada,0.0,NC,-0.0,"[19.411278, -99.011458]","[19.407405, -99.003561]",4.1,934.6,mgnuBrdi{Qn@_BNe@jAmCrCsHx@iBhAaDnDsJd@eALa@d@eAp@mBd@eA,False,https://d3o5xota0a1fcr.cloudfront.net/v6/charts/TRBMUYYFIS6DTBFPVLIHRLSZKRRO3JZLFGI7MQKW3LEUZXW7HJI72WCG6THCRKMRO7C57AAK2UC4AG2E5N4LK5Q=,True,other
32773298,2,Subida Calle San Isidro,0.0,NC,10.7,"[19.421357, -98.951787]","[19.417686, -98.952712]",46.0,429.0,mfpuBto}zQpAJ`BYxA@\Dh@Jf@Rb@JPJ\JVLfBh@VRXHTJ^Fb@P,False,https://d3o5xota0a1fcr.cloudfront.net/v6/charts/AZUWQS3V6JX2DJONP2ZYQR6UJYFD43EEWOZOIXIMWRZQAVYVCRYAGTNPOTBV4N6MMRE7NSXZIY2BSRLSNFLQRGY=,True,other
6848143,2,10.4k de SEDENA,0.0,NC,0.0,"[19.448443, -99.22832]","[19.448415, -99.228351]",91.0,10368.5,wouuB~os|Qp@hBH\J\BTbB`Eb@z@b@`A^l@f@`Ah@|AvAlD`BpEzBpF^n@h@f@n@ZTDr@Jf@@dA?h@I^K\U`ByB^u@d@uANi@Re@RMfAIN?dA\^BZCb@K`@Sd@[RGr@Iv@Ab@IZAb@IrAO\IdAGdA[~G{DNBCPe@dAiAfA_AdAg@^e@NeAFoABc@Fc@Lk@b@OPGLL`@\t@`@l@pBrD`@bAlClF?d@g@fA?N\z@`B~Cf@z@rAjCv@bBhApBj@hAn@dAd@bAT\f@pALj@h@zAZf@Rd@hApBXl@Nj@DZ?VETkAtDQ`@a@h@WVSJaCr@qCl@wA^s@N_@LiB\sAPuAJkDHe@KCGE]\cCAk@Dg@T_A@c@I[OWWMi@?s@Lw@TWBOCEEi@o@i@g@g@W[E}@^s@Lk@?a@Ig@[SS{@kAo@i@eBu@}CgAe@M_@Cg@ByATe@L[Rs@l@c@Vc@AWSQe@e@qAEe@@y@PuBN}CD_@?MGa@UKqBIsAMiAWg@UwBiBgBkA_Ai@g@WmAy@{BkBmCmBu@c@y@i@c@Ok@YwAoA[e@AEDSz@gBPk@b@eAZSz@a@b@_@JWHmA\wC?iA@eAASIGME_Cc@OA[DWLi@dAOp@_AlCSn@Yh@MH[Cq@e@iC{Be@Qe@[c@i@YO_Aw@i@i@m@c@}@{@Mc@DSt@yAD]Ma@W_@_@a@k@a@wAuAqC{C{@u@[GcAKiAGQYE_@Fy@Hi@No@vAiIV_AN_@RY`@YXO^K\GzAGXKbAwB`@s@l@u@t@q@t@q@p@c@`@Q^WrAcAvBsAXUhAeAh@a@b@Kf@Cb@?xAOv@Br@R^VRZ`A|BXbAv@nBj@`BR\l@pAb@lA`AxBZx@H\`@~@xAbEn@zA,False,https://d3o5xota0a1fcr.cloudfront.net/v6/charts/QD4BM6T5GHCBGDUDGHKSK47GRP3TSZW4RXORGMUXETCJBRUZ7S4YPIEOYYGVTEJ5FWSCNSXBVJG2IT2UKHII7ZGF,True,other
17558936,2,400´s mts,0.0,NC,0.8,"[19.442101, -99.218216]","[19.442154, -99.218204]",6.0,407.4,chtuBzpq|QUMQEY?UFKJKRCPD`@PXjBdBh@ZT@LARIHKDMBICc@Q_@yBsB,False,https://d3o5xota0a1fcr.cloudfront.net/v6/charts/PCLW6CEFJD54DXN3EYNGQSXE3X6QEAWVGYYDBQ6PGT5CGCKLPGSXOWA2M4YC5YUCW2SKVZ6EYRV7U2AYF35ZKU3Q,True,other
8236288,2,21k SEDENA,0.0,NC,-0.0,"[19.448359, -99.228481]","[19.448351, -99.228456]",99.4,20965.7,eouuB`qs|QL^\r@FZNXJ`@\v@J^Zn@FZf@bAdAjCVx@R^RZ~@zCT`@HZNZNRTx@`AlC`BbE`@h@f@b@NJbA^fBPl@?`@Cb@KXM\_@j@{@n@{@Xe@To@Ja@Fm@DEBKR_@b@S`@GTKZi@RW@MEa@K[y@kA}@cAiBcCg@a@YO[[}@g@cABc@GQMUa@Mc@]y@Kc@Ee@?y@Ke@Q_@gAkBQa@Gc@Us@qByEOYsAyBSUm@e@oAq@sA{@{@q@_@a@u@gAm@y@Sa@L]tB{Aj@ULKHMB[k@cH@qABi@Fc@T]ZEh@DbEF\OZYRCNJp@|@^`@f@dALZf@`@f@r@`@t@|@pANRRND@^CXQjAy@D?HDRZRd@NbAHt@V|@d@v@hBhCJXLhAAZuBZYCc@Ma@@EBiBdDGh@Lb@^Td@DTMf@gA`AmBAe@IUBCnBAlBdAx@XBBFRDxAH\NXJJ`Ad@VRj@x@X\bAzAZ^T^ZN~@XrAn@ZRXXVb@~A`Bn@rABRAl@KfA?l@NlAZ`AF^Bb@Ef@Q`@[ZcBfA]HiATqANiAFeBTqAHa@@GDBBXBtCYlDWhAOd@Kd@Q\Qz@o@j@YbC_BVC@BCTQ^QVkBnB_Ar@{@ZqCV[FaA`@i@`@?TLd@R^jC~EbAxBjArBb@`AFd@EVS`@Kd@H\`BjDXb@nAzBjAdCzAnCTh@`BtCh@pAP~@Ll@~@tAh@bA`AfBVl@HZDf@Av@Gd@_@~Aa@hAW`@[^a@T_Cf@iAZaB\[LuCh@_AXWDoCVcADgB?]EEEGYAWPiBEm@@e@Lc@JWD_@Ma@S[s@o@s@]e@Mc@WwBcCwBsAu@k@UYGYCe@U{@My@QgCIa@g@aBYmAIkABYd@yAL[f@_At@cAf@i@nA_BR_@X_@`@q@P]DSHm@@ULaAh@kDN}ADk@Ac@KsAKs@W}@GSQUq@q@K?gATi@D[C_AWWBYHYLSTm@|BWf@eBfCe@`@_Al@M`@CPBZPj@f@`A~@fCt@`B\f@J\T|ARlBZpAHp@GhA?dAP`Al@jCXxCPbANrA|@z@LFh@h@v@j@b@^~AhBr@f@jAh@NPML_@Ny@P_@FOCIIoAuA]UYKK@_A^u@J_@Ba@Ca@O[U_@]o@w@WW_@Sg@YgFkBg@Gc@@q@Fa@H_@H[Na@Va@^YP]DYGQUQ_@c@eAE[Ai@@c@TuBDkAJgBC_@SSYEeCOqBa@_@QsA_AsB}AUOiAy@sAy@uAaAqG}E}Au@eB}AQQSc@F[v@aB^iAN[TUpAq@PWF]DiALsANkEDKFEN?b@FdATh@PlBf@`@Ld@VrClBVJfCjBf@^l@x@hCh@tBVvCR`@FRHQVc@\u@v@qA|@MFg@CQEeC{@aAPcAZEHIl@[tAA\\bBRTlBv@ZB\GbAYXQn@yANo@@_@McABa@NQhE}CBYsAC}AMcBIqC_@WI[Uo@k@SK_Aw@cFqD_Am@[O{FqAuBa@}AUKAc@FURw@lBOd@s@rCUd@EBU@c@KuBuAgI{GqAaAMO@c@t@sALg@COO]a@g@q@o@w@m@sBgBsAsAg@q@UMuBU[A[SI_@?e@Di@z@uEv@uDVsANg@RYTS`@U`@O^GbADXBJLGNCPK`BGZItAKt@EnAOfBKXMJHCH]t@uJXeBpAsDf@y@X[hDqCdBeA~@{@|ByAl@g@VM^Y|@g@d@O~AMd@@|@X`@T`@Zx@dBxCvH\`Aj@lAlAxCvCpHnArD,False,https://d3o5xota0a1fcr.cloudfront.net/v6/charts/PR4JZGOOZJI2OHX2ZFEAIKXIIW3EASMJTSYQKF2BAS6U5JYZA7TWE6K4VTSUZC7JHLGC3QVIDIOXRDNTCSMADK72,True,other
17558916,2,600´s mts,0.0,NC,-0.6,"[19.442113, -99.2182]","[19.441964, -99.21926]",5.4,615.3,ehtuBvpq|QUKQES?ODMHKNKb@@PDPHLjAjAl@d@RNPBV?LCPMFMDU?UKc@OQ}BsBMGY?UFMLKRE^J\X^hB~A,False,https://d3o5xota0a1fcr.cloudfront.net/v6/charts/UTCO3CZZ4RATSVVB76UM7OYSU6B4CQZZMBET5ORDXVOODIWLQMFLZTWKP7GX7GATKHGAQZROWIZBWI4BR4SC4OOY,True,other
11272394,2,Pista CDOM 1km,0.0,NC,-0.5,"[19.442137, -99.218165]","[19.441903, -99.219277]",7.1,1046.9,ihtuBppq|Qc@Q[@[NQ\?h@PZvBnB^R`@?`@ULa@?c@Q]gBeBYU_@Ic@D[VKh@HZX`@\^bA~@b@V`@@\ONWBe@Ma@{B{B]Qe@?]PO^?b@Vb@dCxB,False,https://d3o5xota0a1fcr.cloudfront.net/v6/charts/LWHJY5MNVQLJRXJFIPFYKQZF2MSSHM7P3XUDVCQA4GG4G6JOQHAL4RPOYEOOM6TAHZOKPWD76BXG55TZ7LPE33KF,True,track
8930932,2,Lateral Panteón Español,0.0,NC,-0.5,"[19.462142, -99.212084]","[19.458713, -99.203114]",5.6,1041.0,kexuBpjp|Q`AgAv@q@H[p@aA`AoCN]JMd@cCN[FUDQCa@JSFSHIJSASVwABy@Fs@BMNmARcANi@T{ARk@H[LeAPq@AWFe@HYr@}A^}AF]B[Po@,False,https://d3o5xota0a1fcr.cloudfront.net/v6/charts/LZS4O7GF365RTLPOSVEOAOZAWANMNNJ7ERAAVC3XVFGBI3UIYQAVXNWIVA5IYWVLGLO2UTLLN77JP4FRNCXLPERN,True,other
33530069,2,10K - Acuario -Chapu - Acuario,0.0,NC,0.0,"[19.439842, -99.204965]","[19.439962, -99.204817]",45.0,9816.5,_zsuB`~n|QnBzAt@ZFCr@|@pB`@`@Rr@Lh@N~Ap@tATPHZTd@J^X\F\@TDHHd@Td@f@dBbAD@f@KN?h@J`AVRNh@T`@Hp@\p@Mj@^\Eb@Dp@An@FXI`AO^F^c@RMj@{@ZWPc@`@YX[@K@g@ZSN@ZyAZo@BQDoALa@D_@DI^ORM\Ge@e@DCXOb@EpA?t@B`@o@\q@V[`@W~Ag@tAu@TIRA^GbBk@vB]^U`@OLKTI|@ExAUPI`@Kt@_@n@a@t@s@X_@r@kA\g@J_@Xi@Vu@Xk@Nc@HMLc@t@mAb@i@rCwBrEgElA}Ah@{@xC{DTBXRVVn@`A@f@Sl@Yl@m@z@_@X}ArAKLD?a@^g@Tu@@[BeAR]JYPU\O^Mf@Ox@K`@C\@h@BVf@~APZb@h@R^\r@\lAN\PVTRn@p@XHnACvAGVDTHfAv@LFfARr@Kv@]TQXa@Rq@Ho@R[bAs@RU\Mf@GPIbDyA\Up@Wt@S^@XDXNn@d@b@h@b@ZbAjAVN^\f@l@p@`@LD\@b@?hAKpCE|@Kp@QfDgBTUJ[@UEy@AUYuAk@aBMm@W_@Oa@e@w@]cAwAaCg@oAe@cAWWa@w@m@_As@eBi@_BMUYSy@G_@He@@UJi@JgE|ASNuAd@UDk@ZgBj@c@HaADYAkDYk@AcBQg@CWB]Fc@KYM[[oAh@iArAq@`AcAdAMVUXqBhBaAr@q@t@}@p@g@b@{AfBc@l@Q^EXUZSt@[n@Or@O`@]h@m@j@OXq@l@[\cAp@a@Pc@Fk@NULYFe@TY@YNSCQDk@Di@TOBiA\HOs@VK@[LWHeAd@YDg@RYF[Ra@^[TQ^MPYJEFMDS@ORu@LQTELc@VKJQXM\Q^WXMXGv@IPE^Ud@IXS\IDUDIJo@f@Sf@SLQDWRa@t@Of@_@RB@q@HQ?UPEBKCc@f@cAf@YBUIm@iASFYBJAu@UWMMCYO]MQCsAe@y@QUAw@O[AQOQEUMGGWAc@Me@c@Q@OCSI]CYG]MIIi@S}Ag@]Oo@KQIUC[Ky@QWM[GQKQWe@Iu@q@OGSEi@SYGY[SIOQG]Wi@,False,https://d3o5xota0a1fcr.cloudfront.net/v6/charts/XRGEOEODE4R5R2Q47PQFDZQ4PKGTBHKD7E3RVUZUIRPR6VXSLKY2N3HGY5ONUQ446GVDA3R5LSWT6MSJXPNNRF4C,True,other
20978699,2,segundo intervalo Nazario,0.0,NC,1.8,"[19.441229, -99.209843]","[19.442059, -99.214515]",9.7,518.7,sbtuBp|o|QYlA]z@e@rBIf@Sl@Kd@Ap@Gn@@rAGf@Az@Ez@GR?j@Kd@?\Ed@Bf@BFJC,False,https://d3o5xota0a1fcr.cloudfront.net/v6/charts/TEGWSAQIE5JNQBLUDJY2QGQD6FWMOWZOHJ674DC6YK5OIZK24F4Z6REPAUGWXF2OOISM6BEJCXSX7EQPHZBNT5PT,True,other
17085144,2,Vuelta al Mundet,0.0,NC,0.1,"[19.439738, -99.211405]","[19.439675, -99.211318]",9.4,1505.7,iysuBhfp|QXKHBT`@FVRb@DNDt@CXGH]Pg@Zc@Pm@BkAb@U@cAa@[Cg@?m@HQHILCJD\F@^CTGpAKDEO{@BOASA_@E[_@oAGeAMi@Oc@Ee@ZcBBKLOHGNE^C`@@NDBHBl@DTHFPn@Hf@Nh@JV@ZDFJzAJ\FDb@@d@IZANEFG?Q[sAAKYwAMa@EEWAe@Fu@@MJh@`BF@V?VEf@Q,False,https://d3o5xota0a1fcr.cloudfront.net/v6/charts/7B62EYQZTZHGYIOEALSRM6SSWGVCEEPSO6D6ZVC3Z5HKQLRFQWESFCVOQ2KKOURVPGDIGWDCWH5SRS4RWOZJDBCB,True,other
10373070,2,CDI,0.0,NC,0.1,"[19.449635, -99.220959]","[19.44964, -99.221019]",4.6,467.4,ewuuB~ar|QAEJaAACICq@G}AWkBEIBCHInBD^lAPj@D`APv@FL?DGFeA,False,https://d3o5xota0a1fcr.cloudfront.net/v6/charts/NDN55ZBXWFROHO5YXPNAG75URDPA33DURFEHFMLRD6Y6ILXKBCORGZA5PHKAG3EYBXBOBAJ5BQN6WYOFTEGANCYL,True,other
16532593,2,400m pisto deportivo,0.0,NC,0.3,"[19.456372, -99.171446]","[19.456482, -99.171429]",9.7,406.3,iawuBplh|QY?MB_@VGLAT@LJXPLvDr@`@KVYFg@Ug@e@Oi@ImAUi@G,False,https://d3o5xota0a1fcr.cloudfront.net/v6/charts/ZRCWWLZT7ZOKGXOBRDUE4FQNHPWINYQ2MH5UZZFCA5MTJPPUXZDYL6VVE6PO5NM4TDFRD2JNKPP6PAH7LVXTWHVJ,True,other
25441427,2,BURS LWL43,0.0,NC,0.0,"[19.46648, -99.192832]","[19.466452, -99.192808]",5.0,5093.6,o`yuBfrl|QWPm@f@YZIR@LJZV\`@FV\@PATSfAcAdEIj@CjAOh@iAnCWb@{BpB}@dAe@Gi@AWGQ@UBKHGJAPJj@hApDPd@d@~@FVDh@AT_@rBKb@e@hAIj@?h@Bh@Ef@SnABf@R`@@f@U^e@Jg@MkAa@mACg@Gc@O]W_@Se@MoAFe@IWSU_@Gi@BuAm@iDYwBS_@_@W[[X_@LB|@r@`@Pb@H`@P\V`@Vb@Pf@LpAPd@?fAIh@Gz@UlAc@`@W`@[Ta@YkAk@kBU]]_@c@SkDdBkBt@oCnAU`@Cj@R^\VdA^b@Lb@Fd@Dd@?h@AjAOnBm@b@U~@u@Fc@iAyDMi@OqAEk@Ta@^OQa@c@MSQ^iANmAVe@Z]Lc@Me@a@i@S_@AULqA?i@h@iAz@kENg@d@QV]Hc@?g@Ie@Mc@Qa@q@eAs@_A[]u@s@_BiAU_@d@InATh@FhAQ`@LbAj@f@Lh@@`@A`@Mf@EXBb@L\VV\|@rAFZBh@Lb@Fj@CLm@n@,False,https://d3o5xota0a1fcr.cloudfront.net/v6/charts/MITQS7DAMG5HLZZCJPRVE6SS4TZ7IMKDQXPMSMSOE5YZL5OFYPOTLGOJ7OE4RG35627PPC4WVFRD36PXYH4JTWDZ,True,other
20978781,2,tercer intervalo Nazario,0.0,NC,0.7,"[19.44189, -99.195657]","[19.442216, -99.192411]",4.2,348.1,yftuBzcm|Q?YIe@CeAI{ACI?c@GWB_@CMGk@AUBYEEAw@Ko@AgB,False,https://d3o5xota0a1fcr.cloudfront.net/v6/charts/AJQQOMRJWJDZWNCMUY4ITI6ZSFDCNDYZ7SMTBSSPEGMHNDBQULGZ334U2OKQX2FEKINL7WR5DNQ4WUYTXKJCPZQ=,True,other
15297166,2,Ciclopista Unitec-Laguna Carmen. sprint final,0.0,NC,-0.4,"[19.447164, -99.181184]","[19.448903, -99.17897]",2.6,301.6,wguuBlij|Qq@_Aq@u@_@o@mCmDcA{AEK,False,https://d3o5xota0a1fcr.cloudfront.net/v6/charts/T5RDAA6UDERWZNWE3LFN4WMJH35U57PHZLGFEQHVYY6HMAC77SOGNLPG27J3UHYD2FU6SJ6E5Y422YQYVODUZXJM,True,track
8911090,2,Lateral 500 m (500 - 0 m),0.0,NC,-0.4,"[19.466711, -99.195862]","[19.465448, -99.191446]",4.8,485.0,}ayuBdem|QV{@Ly@d@wBFo@d@gCNgATkARu@Lu@\uAXcBBS,False,https://d3o5xota0a1fcr.cloudfront.net/v6/charts/GW3LWIMR2SB5XAPYFHFIN67E25FKYGS5NDMHI52ACVINDOJEZYNQ5DEK2RIL24BL7ZLO3QZ4FISBGZXO5JDSRGQ=,True,other
23344002,2,Glorieta - Eulalia by PH ♨️,0.0,NC,-0.2,"[19.468097, -99.17598]","[19.460984, -99.170671]",3.4,976.6,qjyuBzhi|Q~DiEZSp@{@hAgA`@UVSX_@r@o@PUPO^ORMz@{@d@SxAc@VKdAo@^[^ShAg@r@c@z@[lAo@zAm@pBkAd@Q,False,https://d3o5xota0a1fcr.cloudfront.net/v6/charts/RYUBJCFLMAFC5TRYO77IWVJY2DBPRXHQOYW2KGCYN52WQ6Y3PDNUPGXZLDABDIDIQLYJF22JWL7EGWHRDI6P7NA=,True,other
17578522,2,400 e-trainer,0.0,NC,0.0,"[19.45544, -99.171648]","[19.45544, -99.17164]",9.4,437.4,o{vuBxmh|Qm@Oa@GqB_@WAUFQTGRC`@?JN^\XfAJ`BX^?RCNIDIHU@WC[KSOQ,False,https://d3o5xota0a1fcr.cloudfront.net/v6/charts/YYJOAYJ4M4OWZH5KJGJ3EPBGPP6UWU575DC3E36MBKU45ST4JDZOPDHY4DUAWWMUWMLGBDY5KFX7BOLXP5QKKYJO,True,other
3846881,2,Parque Bicentenario 5km,0.0,NC,0.0,"[19.468630683333334, -99.1935601]","[19.467213766666667, -99.1964631]",7.2,5012.0,}myuBvvl|Qe@nCK^Mp@k@tAARBf@M~@?PBNn@l@NRBL?TQ^k@x@KbAI^M\OX?HBFFFl@PBBHVIJU@IBEDCH?d@Fd@Rt@f@jAVbAXn@Jt@GlAKt@GZ[z@C\MXEl@Bt@KvAOlA?JDHVZ@H@LCPINMNYFO?aAY[M{AA_@Gk@Qq@g@]KU?c@Du@?SC[OOSMg@Aa@Fo@?WQs@CSGOBNXv@@\CpABXN\^XTFRBb@@d@Id@D\Hf@d@RHf@Hp@AZ@zBl@RCLGPSDK@g@CMGIKWAMDc@RuACm@By@PkATa@Pi@RuB?YAQUkAc@w@o@kCUa@CKCc@@KJQl@KR?VFp@CJCPKV[l@k@VObAcAPODKlA_DF_@JoARo@Dm@BMAEBWH]NWHYV_BAYE]MM]COISe@AUHSRUlAgAZUNUDO@]AKQe@Iy@IYS]a@g@u@w@MCaAGgAHk@?WEg@MYK_@Uq@OQ@YNOBe@Eq@KaAGDDZB`@?NHJ?NHHGD?RHP@P?NGFGJATFD?TB|@^v@H\@dAETDp@Df@PTRtAdBHd@C^HXBRCb@IHe@n@sAlAU`@@TFLHDDNPH\FHFHT?VKb@G|@IZG\Sl@Ov@[r@MlBU~@,False,https://d3o5xota0a1fcr.cloudfront.net/v6/charts/NNANSLWDJKH7XEKHIW3QXH6EZIV6I3FGA25DBD6D4O452SH2FTOLUTSI42BZQKQKWDB7OWTDIV55SCXTLYUDCRA=,True,park
12553180,2,Terminus-SJ-Mayor Loop,0.0,NC,-0.1,"[19.443802, -99.185338]","[19.44382, -99.185333]",7.0,1634.5,wrtuBjck|Qh@x@l@t@DJRXj@r@JFR^ZhALhADjC?tBDfBNfDPzAFjA@vAHdABR]mCGmACaAGm@C{AI[EeAM{@CyCMiAEeBEa@Uy@Aa@BCRA`BDTJj@FQI[@yAA_@GUIq@mAg@o@m@aA[[,False,https://d3o5xota0a1fcr.cloudfront.net/v6/charts/GQJNWA3URJEW4MYIIAAYS4AJKJDTBMBS3D54T5KVBKE2WARWHPT2ZM3D22OMXN3QISCAEOF6QLXYEHP2V7H5QCJ6,True,other
14191038,2,vuelta parque saleciano,0.0,NC,0.0,"[19.448618, -99.176808]","[19.448585, -99.17682]",7.0,625.9,ypuuB`ni|QEx@QrB@XFLVFhBPbBFpBNL?LGDSBk@G_CCGyC_@kBKeAKQ@,False,https://d3o5xota0a1fcr.cloudfront.net/v6/charts/BVHQXXW4G7VSGHFOIKH5E463TNLY5POQHZ3MEGAJSTAPC3Z3UVLXFHLJKDDJC6PJRJZXMSIHEEG7HVKCG46YM2NU,True,park
26883273,2,Parque Santa Maria,0.0,NC,0.0,"[19.450523, -99.157287]","[19.450488, -99.15726]",1.8,595.0,w|uuB`te|QLFpAPPDNAXDdAT|@@PQFOB]HOLqACK@YCIWUCM[KE@]EQ@[IOCIGi@Au@IUAMHANOTKl@a@hA?V^d@,False,https://d3o5xota0a1fcr.cloudfront.net/v6/charts/BSLQVUMLYVPA7ADCHIUALWJQMU4PUYOOOSDHBPSVB3RNGY5GNKRBMZG7AINRVGIG7IGR36KKF256GYKWNE3VPWQ=,True,park
34490991,2,Antonio Valeriano,0.0,NC,-0.7,"[19.46898, -99.158967]","[19.46859, -99.15523]",4.0,406.5,apyuBp~e|QR{BJc@BcAC]DW?g@F_@E[?YH_@BYAODIAIHe@?IOSGUHcAJ]Jy@,False,https://d3o5xota0a1fcr.cloudfront.net/v6/charts/L5RAQDX676MQIVCSV3EUCWTSDDZ7HRTYMVVN5YDRSUCQJLWTQSBBLE722Z7SVYWXSYALVSY2SJRDONW5YUCGD52F,True,other
33619510,2,400m LPD by Nike Running,0.0,NC,0.0,"[19.445694, -99.115316]","[19.445722, -99.115308]",1.5,422.1,q~tuBvm}{QS@ODIL@^DFVJ`ANd@QDO?OSWiAQ[ASLGL@PHLLJr@Lb@DNCJKFOAQGMOGSEw@K,False,https://d3o5xota0a1fcr.cloudfront.net/v6/charts/ZZXFPEAAZJTDXVTSXTLR6Z5BG3R2LKA745TKIZG4BWVXD7NA7IMDN7XR6QWLID2IV6IIPKUCVQD37TLMS2LMKZY=,True,other
28385828,2,Vuelta al campo,0.0,NC,0.2,"[19.45506, -99.120461]","[19.455037, -99.120398]",1.2,540.8,cyvuB|m~{QI\CPAl@Ih@@RZHdCVVSF_@NoB^eCEYYMkA]g@MI@KTi@xC,False,https://d3o5xota0a1fcr.cloudfront.net/v6/charts/BYR7FOZBQ3DNNK67XJJBE4ZZTU4NLRE6WAA7TUJJWVHIOTZPQ6XZVPOHKPFRBOD6SJJ3CIQYAJEDWLAV6OUQSWYE,True,other
33619523,2,800m LPD by Nike Running,0.0,NC,0.0,"[19.445676, -99.11531]","[19.445751, -99.115296]",1.6,845.0,m~tuBtm}{QE?g@HEf@ZVr@Lf@@Ta@AQWUaAQO?_@JI\TZh@Lf@Hb@KFQIe@kAUg@?Q^P`@hARd@AJKBO?M_@[g@Ig@E_@RFh@d@Nf@Jb@CPc@S_@qAS,False,https://d3o5xota0a1fcr.cloudfront.net/v6/charts/7AV2GKC3IIY4K4T3OD2XTHX7TYHB37YNPAOSYNEUNTLLA4N676UUUP5JWQD7Z3PGYMSKQWKTYACRKM4W3FM5Z4KN,True,other
33619533,2,1k LPD by Nike Running,0.0,NC,0.0,"[19.445687, -99.115323]","[19.445763, -99.115315]",1.6,1053.9,o~tuBxm}{Qe@BO`@LV\Jx@JNALGHe@EKSKaAOY@WTCTXVjAPN?RIHUI_@c@My@KQ@KFIH@d@\Ph@Jd@B\WCg@a@Mg@Ig@?[VBV`@Vf@Hf@BVQ?g@e@Si@Gi@@UZDT^Rh@Hf@DLEJMBOSc@uAQ,False,https://d3o5xota0a1fcr.cloudfront.net/v6/charts/KWNLA6P3FGPR4IQGYU74MW7E3QZOQDSHSBZD4UQRSDATPGZBA4I4H4LQ3MBHVTSXTPJJIED2ATUNOYOZYNHQG3Y=,True,other
3541987,2,BOSQUE DE ARAGON,0.0,NC,-0.0,"[19.462311722420434, -99.07612039436476]","[19.46166278625849, -99.07644726058271]",11.0,5637.7,mfxuBvxu{QBEVC`@KD@zA^r@Dl@Jj@@b@P\j@VXd@~@`ApAR`@VlAHLxAd@N?\R\f@vAdA\f@\^^l@f@ZF?VIJAb@?`@DLAVc@TWf@_@PAZF`@Gb@W~@kA~Aq@XCvANRATIPCXAZ@z@\PJ`@FHDDH`@HJAXOt@QZY^g@LAJKFSBc@Im@OGCCCDBBE?OWk@q@GMSOUYqA_Aa@c@GIKa@G{@S{@IQe@m@_Ak@SYMYKq@IUm@o@s@q@y@mA?YMUy@i@y@uAc@g@Ia@{@gBOg@[Qo@k@a@w@WUMYY]Sa@g@e@GKYaAS_@_BmBOe@i@{@[_@]Q_@g@oNsUWMk@k@@MFGVOTY`AeDuBSyHtM@LFTEFGBGKIAUOQ?KF?JWxACn@?pANtA?PET]jAGpACpAGT]v@]~@Gn@IXEXCd@M|@Ep@If@K^OlAIvAIl@M`@G`@GpCEFG@_@@E@UPEDANNPdAfB`@bADf@X`@Xp@LNn@`@FHTp@Z~ANZdEfEXRH?BB\b@BL`Cw@x@i@bAFi@Gc@MIIIIIQ?c@UHWb@?FL@ZGhBy@,False,https://d3o5xota0a1fcr.cloudfront.net/v6/charts/HCZQ34ELE73PFMV5LEWKGWHMFQ2CTRXNLJ7ZYD574COXYHKQG2KSM4QIN4BS525M7AITTWR6KI4T7FAOROV2QOI=,True,park
21261971,2,Pista Deportivo Oceania,0.0,NC,0.0,"[19.446551, -99.081808]","[19.446544, -99.081809]",9.7,444.2,}cuuBh|v{QyAKOBMHKTIh@Bd@LXLLRFlD\T?XKP]F_@Ce@GUUUOGiBQ,False,https://d3o5xota0a1fcr.cloudfront.net/v6/charts/F4REWK3WW4O4RPECF7253BFQBOOFDLMO6ARZFAZEDWSL2ASCTVVTGJDE6C4SJUPWBPEWTDT2N36GTJDUGSONLQNY,True,track
9579384,2,Bosque de Aragon - Pta 5 - Profe Gerardo,0.0,NC,-0.0,"[19.464138, -99.07598]","[19.464214, -99.07587]",11.0,5019.1,yqxuBzwu{QHN\ZXf@xAnB\\RBd@QLSf@m@Re@^_@PKP@b@PRBTATGNMd@MV?TDh@?t@Rp@d@LPl@f@JRLJPf@p@dAd@hAPFT?RFpB|APHV`@NJX`@l@l@n@d@\`@PFd@Bb@AbBcATE~@KTIPCLKLQ^{@^c@RGRAhAXR@PBf@CpASPAj@H|Af@P@PAjA_@NKdA{@HSCg@KSQM]_@W_@Y]q@c@[a@a@{@W_@ISO}@Oe@KQYa@][eAwA[w@_@]Yc@Sg@g@m@_@s@aAoA]u@MOKU}@wAk@g@W]a@u@}@wAa@{@u@cAc@w@KKi@y@i@eAu@}@w@uA[a@eAo@[a@Uc@Ki@CSESKQe@m@a@w@i@m@c@s@]c@_@y@Y_@Ua@[_@c@}@}@sAsA_BWe@Ui@MKIMKUWe@MOQIQGQAk@BSHW^EPSvA?TWhB_@hBCXS|@Gf@[rAg@rCQvAMf@MxAS`AMzAIRSnAIrAWlBUfCQj@Q`A[pCWxASlBFRNLPHNJJLFRBV?l@BX\x@X`@Z\\b@z@xALNJP,False,https://d3o5xota0a1fcr.cloudfront.net/v6/charts/XXK47V55TRKB3UOOGVDJ3H57OSGJ2HH2R424SBE7XHEVB5OJBNS7XD2EN3ADOXNFJTEBOJCUYDKG76W5N4OU3PQP,True,park
32852411,2,veredeando por el bosquecito,0.0,NC,-0.1,"[19.464694, -99.067224]","[19.464723, -99.067211]",10.5,5772.5,iuxuBdat{QCHUZCv@Kt@ARENUzA?ZGXCZQ\SbAATe@pA?PWbBEv@Bl@It@Il@Cd@K`@Eb@a@bAANINIb@?VJd@@ZBNZVLR^fAF^Nf@Vl@BRPPXp@TPTb@Vn@Bb@Xb@Tf@F\Vv@DXHPj@tAHf@LTHX@JBDTDZI\]JGTQn@WHJH\RJTG^?JAJETA\KPQFODWHODWNQJ[T]j@_@\KVBLCV?l@EH@^LNJR\JDZZRZl@r@JRh@j@Pl@Vd@HJPLJRLLAJOVMf@BNNb@@VSb@M^Y^CXKJMDc@?MBQRYj@Hb@HNl@Hj@An@Jd@@XAXEP@PCJ@RAb@@PGXCLG^@\ATIp@Gf@WTC^Q\Kb@g@RMRIRY\]~@g@N_@DEj@]t@QXNb@JZAj@B`@I|A@n@VnATJAf@DVC?GI_@BIRG^U`@a@Za@NGHOCQI[Gg@GWe@g@{@kBMMQ]KE_@LIA]qAKm@Yk@QSSQYg@MKAOEQy@wA{@qAMGYIKMMc@{@mASa@_@i@KUQMKUcAmAO[C]_@s@o@w@s@eAYWe@o@ISe@i@o@cAi@i@Mo@]SMSk@g@IOUQGUSk@Ga@]i@OSIC[HM@G?EGGO?KJ_@AKI_@Yw@c@k@Wg@i@i@c@iA]a@Ye@g@O_@W?OF[@]O{@?e@YuB]i@SIQAg@Dg@J}@BcB_DQUYSGA_AD]NWFg@D_@NQ@IRG@ALOXQjA_@rAKx@?ZSr@SxAErAETBLC\[`B,False,https://d3o5xota0a1fcr.cloudfront.net/v6/charts/IJEK6BDZ3MBP4OXPRKDEAMF6PB7W2XMIDNVLGQ44X6WDRJBFRI2HOYGRY6676OUQG3UIEHKNABQXJE3D2OM4NQY=,True,park
31881360,2,"Córrele, que el metro se va!!",0.0,NC,-0.1,"[19.452408, -99.07788]","[19.458387, -99.069453]",1.8,1117.8,ohvuBvcv{QOc@Y]Kc@OMa@U[[Y_@mAmBg@qBOa@[[eBiC[]U_@o@{@g@cAo@}@}AaCaB{BQa@Y]i@aAq@{@Uc@k@aA[[cAcBaBgC,False,https://d3o5xota0a1fcr.cloudfront.net/v6/charts/DHB2FTSNQ23YFAR6KEOWJI7BWZLT5AWSVHDYCCUPIC54HC2KOPPNIHMDQJRQYIHLMXPGZYK6QI2H53KJBJXHJJA=,True,other
35811077,2,Bosque de Aragón 5k Pta.8,0.0,NC,0.0,"[19.458331, -99.069461]","[19.458296, -99.069467]",2.5,5092.6,qmwuBdot{QIIm@aAeAuAc@Q_@YY]Ke@Ie@Qm@oCkEmAcBy@wAwB_DiA{Ai@_Aq@_Ao@y@UMc@Bc@RWZMd@i@|Dc@nBGd@WhAo@vDM|@Eh@Kf@OnAKd@a@xCg@hCIfAIf@KrA_@~BAf@QxAKd@]vBWlAIf@Ef@R\l@`@P`@D^Ad@Nj@Td@jAvAh@`ArBnCl@`AdAvAPXXTTMj@eAbAaBX]XQpCaAtCGf@D\XhA|AlB|CnAvAj@`Az@lAl@`AlBvCX\hAH`@OpAkAb@Id@A`@S`@[f@eA\W`@KtAh@b@@z@M`@Md@GhARb@N^Rd@FbA]^Wr@aANe@Ee@o@_AW[{A}@Y[m@_AUe@_@iBQa@s@_AUc@q@{@m@aAY_@eB_D{CaEs@mAaCuDmC}DaBoC@Q,False,https://d3o5xota0a1fcr.cloudfront.net/v6/charts/RY4OARVQS24RDMOMHZRQTEHUBIOA4EUHUXUCZ26ULSA6YXIWRC3MT7JU7FRQ2C5N6RXPZSD33BBWGXUPZGG4EWVX,True,park
31881553,2,La vuelta al Bosque,0.0,NC,-0.3,"[19.458967, -99.077776]","[19.459016, -99.077811]",16.0,5029.8,oqwuBbcv{QXl@v@z@tBhD\f@XX\TnAA\Wt@y@^Sf@Ff@EZYXa@Tc@^[b@Kb@J`@Vb@@x@I`AQb@?hCx@f@G`@Mb@SZ[p@_ALg@Oc@Y]Kc@OMa@U[[Y_@mAmBg@qBOa@[[eBiC[]U_@o@{@g@cAo@}@}AaCaB{BQa@Y]i@aAq@{@Uc@k@aA[[kCkEq@}@m@aAY_@]Ya@S[_@Qa@WkAQa@mC{DaA_BY]cA_Bq@aAaD_F_B_C_@Oe@Aa@P]\Kd@QnAUhAWtB[pBKd@SnAYnAe@tCWvBO~@k@fE]tBMrAKf@KlAKh@_@~CIj@Mb@MnA[tBJf@r@l@Hh@Bd@Hd@`@fAT^X\PL`@~@DEFDbA`BfB`Cj@~@VZ\X^Sl@}@f@cAT]X[dAk@fBq@zC@b@DX\j@dARVRb@r@~@~A~BT`@HH,False,https://d3o5xota0a1fcr.cloudfront.net/v6/charts/VXAZOI4LDMH65D32PGIO3KWME3LZYUY3QZPKXWYJYW6QJCI6WZNOWX5PJFZ2CN3M7ZQXSRQ662GMPKPEUXS346HC,True,park
37091923,2,Circuito interno Bosque de Aragon,0.0,NC,-0.1,"[19.462, -99.069479]","[19.461942, -99.069447]",4.8,2581.3,odxuBfot{Q_AJk@LmA`@iAp@WRm@r@]f@c@x@k@|BOnBM~@?rB@ZPjAR`At@~Bf@v@n@n@l@f@x@d@|Ah@xATfADr@?|AB\FZ?\R\^lAfBPZXZXLF@x@IZMh@_@j@c@t@u@^Q^_@f@[|@[jB_@r@[l@e@RONWFa@HYBi@Gm@Q_@k@i@}@i@gA[m@W_@S_@]c@WWWYa@Sa@YYQW]eAOs@Qi@c@}@i@u@q@w@q@q@e@Yk@w@_B}@MEWCSIm@I{AOW?_@B,False,https://d3o5xota0a1fcr.cloudfront.net/v6/charts/LQ55VTOVKPRWHTW7QEG3YQEYTUSX3RCXBEHUONLE5CM27I55WXE27GJLPYSGVTMNKN2TEK34GDY2WCJTVVZ2FIY=,True,park
32852276,2,Shalalà por el laguito!!,0.0,NC,0.0,"[19.461301, -99.074814]","[19.461322, -99.074813]",3.7,2664.3,c`xuBrpu{QGIOIIGK_@b@OVUj@w@LW\mAZyBDm@Hg@Z}@@FFr@GlAQlAYz@AjAKh@Af@K\Wd@@JFBRAVKfBiAb@UF?JVFFZAFABE@c@@IJINC^@^DPGXc@l@oAPUJm@@k@UwAO_@Y}@[k@COIOk@Yq@SaAc@gAOYICo@O_@c@e@]Qa@_@GCu@MYSOIe@Ec@?u@Lc@LMJ_@r@Wp@@RHRCJqAhBWVE\?b@HPH@r@G\B^L~@h@l@@RHHNF\JNB@FA\FJFRVBF?PQp@BNPNBAA?BF@FAPU`@iAvAQ^MASKSMg@k@OAOBw@d@e@f@DRPXJ\RZBBXBFBv@t@`@VNTNFF?FG@@FO`A{ADO,False,https://d3o5xota0a1fcr.cloudfront.net/v6/charts/Y6VNHAOZVEUE2DJCA36M2YSEQCFZCFK2JTZLLYCEJAXJ2S6S7E76XNQ5XWUODOZQNKES6XRXSYOTYG7DYLS7KHNC,True,other
9579354,2,Bosque de Aragon - Pta 5 - Profe Gerardo (r),0.0,NC,0.0,"[19.464146, -99.076]","[19.464159, -99.075966]",11.0,5075.1,{qxuB~wu{QkBoCoA}A_@{@CU@i@Im@ISo@a@MS?Qd@{BXsCXaBNyAJe@B}@Hk@Pe@@UL_ABk@FSNaBFQJq@TuB^}BFg@XmAL}@Vw@PeAZyBLq@Hu@^_CDg@P{@NUNKnACPHFPXj@|AvBh@j@hDpFt@bAnD~Ff@n@JRZbBHL\\r@^PNdC~DbBhCjA~Ap@hAX^^p@l@z@pBdD~B`DdAnBx@lAbBtBrAfC`@rA`@r@r@x@Vd@NPx@l@NPl@bADRER]r@eBdAc@NYBUCcBi@o@Mm@De@Pk@DQAg@K_@USEc@NOJOPGTINW\OLc@VWDS?q@PONORq@h@e@Eg@Bc@Ee@Qa@YWg@qA}Aa@s@m@e@g@m@OCU@QG][MS[w@g@q@]]o@eA][[_@SIe@My@ESBiA`@SDU?i@K]WSHOL_@p@Qf@_@t@W^QBOMq@_A[]c@s@q@y@KMESMK,False,https://d3o5xota0a1fcr.cloudfront.net/v6/charts/LQEJ7GCS27G3VVHYEEBSS4OFINEJJZ6AP3AFJMFSXMYZMEZG2CKB5BZ64YZKFQDQZYXYSFWOPYNZSGQIPVE3OXA=,True,park
9705941,2,Bosque de San Juan de Aragón,0.0,NC,0.0,"[19.462867, -99.063539]","[19.462731, -99.063538]",11.0,5100.3,{ixuBbjs{QII[@MFg@ZMb@IbAG\QnAS|@g@pDUfAa@~BQp@Cf@e@rCSvBOj@_@`D{@nF?PYlBYhCId@OxASpAGn@BNDFn@\JLFZDdAZhA`@d@HPlAbBpA`BPb@p@v@^p@dAnARNNANKlBkDRQfAe@ZIVO|@WxAB`A?XDXZN^f@h@f@z@j@r@p@`AXh@Z^z@rAdAvALZvApBLLl@bADFFBvA@JAHEp@q@TOJOJKLCb@HH?HETOn@m@To@HKZYXKR@l@Z`@J`AAp@QXEV@r@Rl@Jn@VH?TCZQh@OVQx@cAJ[AWEKaA}AwA}@Y_@Sc@i@}@c@gBm@eAc@o@]c@Wc@a@e@KSo@}@gAqBo@aA[_@Ue@c@g@wAsBwBgDUWO[]e@i@eA_@c@O]]a@We@w@gAWe@}@kAYg@MMk@Yi@o@EGGa@]iAo@cAY]Ug@e@u@qAgBKa@WWoBuCk@u@EQk@w@w@sAiBaC,False,https://d3o5xota0a1fcr.cloudfront.net/v6/charts/2CBQEJP4DOX7CEPHDPBB4NKJAML2G5OWHZXLRK25YNRFILC4CRQX224CPVFZVLGANZDCWHUKBQZX7XROJKBTSMY=,True,park
20462269,2,Bosque Aragón // Lobosbike inverse lap,0.0,NC,0.0,"[19.46331, -99.063708]","[19.463333, -99.063672]",17.4,5031.5,ulxuBdks{QZQBERIRER@PFxArARLf@~@RFDL\Rr@r@h@v@n@lANPT`@l@l@z@|An@dBlAhBR`@Pp@f@p@XV\RL`@~@hAT`@FFd@n@FBb@|@`@f@RZTl@LVHXd@|@l@x@RR~@|AdAlAVl@n@|@~@jA`BpC`CbDJT^f@Zn@b@r@n@xBjA`ClAlAnAfAD^?z@AHUh@e@VSPc@Ni@FgBSQG]?KGKAECS@[D]?a@As@O_@Ba@NWPWJy@f@u@r@UN]FQ@QFe@VYX]Pe@FO?o@OSQUWIQ[]Ug@g@k@_AqAUa@Qe@_AqAc@}@WS[k@m@o@[g@u@k@o@{@OAi@@cAEQ@a@EWD_@J{An@iAx@o@~@Oh@OZUXMDMCMMEQs@w@wAwBqAcBy@qA[]SW_@m@[y@E[Bm@I_@OUa@[KKEOCQFc@Nm@@a@He@?YN{@?[PiAHQAIL}@FeAHWPgAJqA?OLUBMFk@?KHg@Fm@ZuAPoA@_@N{@J_@AMPw@Fw@Ni@Jo@ZqAT}BLa@Fa@Ja@?YNc@?_@Lq@Bq@H[PU,False,https://d3o5xota0a1fcr.cloudfront.net/v6/charts/GT47M7G62NNWHHIJSZGC675NSRIZJIPBX6WVOW2CTFQUMGGJMXGVAXYC3O7J23KZHDJUSTMGEZPC7Z6SMCHC5YXM,True,park
27727750,2,Vuelta B. Aragòn perìmetral,0.0,NC,0.0,"[19.462851, -99.063459]","[19.463089, -99.063481]",13.4,5893.4,yixuBris{QM?u@FQJQRURiAZe@l@ELMdAYhAKhAU~@Mp@Ev@E~AW`AET?XY~@C^?VGp@O|@C`@StAC^[~AKn@Mh@Sb@EP_@~CAZBn@Gp@IVAROr@@FETEJERKNI\ATK\@RH`@?Z@DXJJPHTLv@T^`@dAF^Nf@P^v@~@DRNPDZ\p@Pf@H`@X|@Vb@Rr@P^LpAJl@DBZOz@u@HMf@c@PIJHZv@F@\ERIlAYLILWZwAb@_AJOVMDKJGXERBd@Aj@DRDRHPJr@v@^n@x@`A^n@j@tANTHD\BNADD?R]r@Up@FPRRBPAH_@dAOTG\QTQ@]GQDUXS^CZBLNXDDJBbAEZ@hAEd@Gt@?l@GrBGr@GZGd@UZG\URGTOlAsAZW\OFGv@kAn@[r@QL@n@Z|@Jz@IdAFPBh@XJBT?ZFPCNBRSRIJ?LKJAP?RFLCZ]t@m@H[A]aAyAOa@[e@qAiBWSYCSMGW?}@AKIOqAcBYm@u@cA]s@_@o@i@m@M[m@o@y@uAmAwAk@}@SUS_@EQKUk@u@QO_@}@W_@YW]y@g@m@SOMYo@aA]Yu@y@[Ya@w@CUMg@[g@]a@[i@G?a@VEAKIEQLWDUGW?OW_@g@eAiAeBWUq@mAEC]MKIQ_@EM?UH_@ESEg@]sBG[MWEi@CCGC[Aq@J]HkA@GG[m@q@{@M[e@o@GCUCc@D,False,https://d3o5xota0a1fcr.cloudfront.net/v6/charts/CLBSIOARZ3NMVPOHEBKOS6BUQPEP5PU6I2GANL725Q7ZKIAVLXYSEJBNTV7GOGJR2AJH4H3TT7PVSODKM344JFY=,True,other
37091912,2,Central por la 661,0.0,NC,0.1,"[19.45031, -99.05847]","[19.460782, -99.062241]",2.6,1233.7,m{uuBljr{QIFYFe@Dm@T_Bb@iAh@KE]L]FWNwAZQHOLk@PMFe@Hs@^m@NWNo@Le@RS@WHMEC@w@^UDMF}Bt@WDg@V_AVa@Vs@VMNIDcANk@Bs@J_@Po@J]@SBu@R[Ba@Ae@Lw@FkAVmC`@i@L,False,https://d3o5xota0a1fcr.cloudfront.net/v6/charts/2YVQF2PNWTBNZ7KQMFBKITTKNZ4LB6FNO3FE6P6F46ZSGMELEC7EO447VLL3ZIH7M4MKC2SVIRHDM2QC4JFSELOG,True,other
31173376,2,Aragón Perimetral Reverso,0.0,NC,-0.1,"[19.462729, -99.063482]","[19.462763, -99.06267]",11.9,5722.9,_ixuBxis{QPR^t@NNh@v@b@^`ADfBSL@DFFLDb@Pp@JtATv@Fx@Jb@VRXb@~@rBfAbBJVr@nAFVATEP@HBFHHLDVKH@`@j@h@f@Xl@FXPPJZTXLd@NVhAfAf@`Aj@b@LPXv@VZ\\l@|@n@bAP^T\jApAf@r@vBhCR`@t@~@hBxBV`@`@`@N\Zf@JXLjBHZDHZLXZN^xAvB\t@HTEt@Ib@g@bAi@f@?HJTADIJ[Fm@Dm@Qw@OiBQiAHa@CYGy@c@]AOF[Xu@jAw@h@SX[TcAdAWN}Al@_Dd@cCDqBL_A?g@C[?ICEEES?YFq@RiA^{AZ{@Po@D}@Ac@Mo@_AuB_CuCOMMGQCm@@s@EYDs@h@OZWt@]v@ST]TcB^MCU]QEG?i@\SVo@b@IBO@KCEGYu@G]_@y@Ou@Ma@EWKg@i@iBk@gAMg@U[[SMSq@mBOo@Yk@I]Sc@GKWOGIMu@AWLeAb@kALm@JuAJ]?gAT_CFY@WPa@Rk@Hs@XqAFi@Hc@@]J]Do@TwABu@R_A@YHy@^gBBmAJy@FSNmAf@eBBS@wABKPSDSHS\i@TQFMPUhAeAd@Q\INK,False,https://d3o5xota0a1fcr.cloudfront.net/v6/charts/NNOOG3TP2Y6RKPZPXLLSSRGJS6OMRU7YW6ERUU5BPE6FUVU2DA3IJLH5QKRBCKJPQYLMKGAYZ5ZOUSGMBO2B5VM4,True,other
14835017,2,MEX 0.6 KM LOOP,0.0,NC,0.0,"[19.440652, -98.916615]","[19.44062, -98.91662]",2.4,672.0,a_tuBzsvzQe@ACF?d@IjCDb@HFBLEl@CrAEf@Ff@F@vAKnAYJELw@JuAAYk@ICIP{Da@SeBM,False,https://d3o5xota0a1fcr.cloudfront.net/v6/charts/32DDWEI733HLRKGNJK4CEAIP5ALQTFXJCEYCF34MCFELB5XTJQ4HN2MPGRXE6CVU4Z3HBCHY4ZE4TEJUYYSC26A=,True,other
17085549,2,Paseo de Echegaray Completo,0.0,NC,0.0,"[19.499026, -99.227641]","[19.499056, -99.227696]",5.2,2450.0,{k_vBxks|QP\`B~B`CpCxBbDhAtAhCbD`B|BhC`Dv@hAz@z@tBpCxAdBd@b@n@t@^j@Pb@t@xAZ`@|@|@LRD?EGoAkASUmAwBw@gAg@k@[[yAgBwBuCu@w@cCsCWa@s@}@uAsBo@o@k@y@iBwB}@qAeBuCaDmDw@qA,False,https://d3o5xota0a1fcr.cloudfront.net/v6/charts/QML7ZRBJCTQZNRGRJW4E32QUXT73A46AJIDFPEY5WIRNOVG53EEP7X7VVQURNGZ5LBUUH6ZOPF7AOMM3BZRCF3TI,True,other
8906933,2,Circuito Sol ida,0.0,NC,0.0,"[19.4691, -99.198001]","[19.472007, -99.201782]",2.8,1041.7,{pyuBprm|Q[FKLAHDf@VhAHNd@fBd@xDJBHJADIRGh@Kn@e@dAMb@Ax@B`AMp@KtADTNVFRAVM`@MD_@Bo@WQIe@Mg@Cy@@g@GoAo@]KO?eAHIA[IOKQUMe@A_@D]OiA,False,https://d3o5xota0a1fcr.cloudfront.net/v6/charts/BLVVL6SEC6BNWTHCNT5BWEDRWFBXKLZPHQJ4FJZLVDP2YGYB2N3VNDZNXYHNTD3C6UVJM4H2BLKCTS4ZBAB67QSQ,True,other
8874534,2,Lateral fondo 300m,0.0,NC,-0.6,"[19.469293, -99.20358]","[19.471804, -99.202987]",1.7,286.7,aryuBjun|Q}@MS?sBUoHqA,False,https://d3o5xota0a1fcr.cloudfront.net/v6/charts/I3PXM6WCXSTXCCNRCESR3RORUAY3LORUUQJTN562YPHMBFGHUIBYXDM7CSNN6TBNXOWLFMKH4USLBP5OHJRIZLI=,True,other
18939606,2,Vuelta completa DRN,0.0,NC,0.0,"[19.490513, -99.215838]","[19.490535, -99.215859]",15.9,1797.1,uv}uB~aq|Q\LRVz@Z\F^DXOJ]F]LyAT}@PcA@]K_@A[FW\SL[RcAHcAP_EZKLUTmBL_@ZqB?_@Iu@Ia@Gc@O_@]LUbAM^VVbANHZMdAQ`AUhBQXYJ]vFQdAO`@[TEb@UVmEU[Ba@N[VS\WbBQ`@GBYCC@AFFt@ZTpANb@B,False,https://d3o5xota0a1fcr.cloudfront.net/v6/charts/LJDHK5RWHZUOJXJUZSUXBNPM3DLMKNBGMBQFXAGUX3OTIMRX3BHQE24MIZDBX3YLICYBW4HADZAAWOCYCOUNCQY=,True,other
8906944,2,Circuito Sol vuelta,0.0,NC,0.0,"[19.472007, -99.201782]","[19.469031, -99.198051]",2.8,1031.9,_czuBdjn|QDL?NAPGX?p@DVJVLLPHXJl@B`@Ef@DdBx@v@Ll@@l@Dr@RVJH@XGZWJO?YSo@ESH[NyA@uBDQf@eAFc@DuF@KEMQMk@gAAWS_AWw@AYBQDGXGNG,False,https://d3o5xota0a1fcr.cloudfront.net/v6/charts/UCVDV7SR54XFBLXRV7H6PVF4BQ6RKQYX37NVEBDX3YYYWQN3OWVT45H6FLQ5GJBD47DVPYMVL23WNUJLL66QPGTR,True,other
16454364,2,400 Metros Carril 2,0.0,NC,0.0,"[19.490433, -99.215336]","[19.49045, -99.215319]",7.2,400.3,ev}uBz~p|QrCPTARKPWBO?WEQWc@KKUGUEmBQS?SDQLMTEJ?VJd@JPRNLB,False,https://d3o5xota0a1fcr.cloudfront.net/v6/charts/BPY74VJVTES4GREAW62P7KMLB7PC4IQ3XKHTITQK462OZCOAI63VKZHTA3NDZRHZWESMEJQOP2FMAKJ7TKIVOEI=,True,other
27355348,2,Circuito Echegaray-Satélite Completo,0.0,NC,0.0,"[19.498969, -99.227757]","[19.498975, -99.227795]",68.7,10136.0,ok_vBnls|Ql@~@nDlE`BhClCpD`BjBrFrHdBjBdBzB|@tAfBlB~@pAhBpCn@z@VRIS_AmA}AmCa@m@cBkBsC{DwFwGoBoCqB{BiCgDiAiBs@aAqDcEa@s@g@sA]s@_CiDaEaHsAiBwBeCoDeFo@[{@S{HYoAKq@SwAs@s@Qo@AgAR[BSA[MKAGBGJaAvCm@nAi@rAS\U\}BdCmCjC}@jA{ApAoA~Au@f@{At@_Ap@m@f@kAvAcBnAcCxBeAlA_AdB_AtCIb@Ah@FpAQrBA`ABf@z@`GFt@DhBDl@ZdD@l@A\QbBUl@aAlAu@nAk@~AS`@YV_AZUXy@pB_@rA_@bAiDfHGRGf@IT{@xAgAnBCF?DFADEdCuEPc@VcAPc@nAyBdAaCfAyATa@x@iB|@wAr@cBjAeBp@y@Rg@X_CD_ACmASyBK{A?{ALaB@w@WyCa@yBC]DYXe@J[TqBLg@d@_Af@oAZi@VY`Aw@`@c@`@i@x@oANOl@[\WdCcCtAyAr@w@|AmAz@_ApAeAvA}AvByBh@w@rAgCd@uAt@qBJULMNGv@IbAYh@Gv@N|Bz@|@RdBPt@DbCEf@@t@Lr@ZXVTVhCnDbCrCrAlBxE~HvAjB^r@z@rB,False,https://d3o5xota0a1fcr.cloudfront.net/v6/charts/YAP54LFUXC23S3NZAELSJNAZHODJ4WQDWQSGYRGNT7HUVGFCGZBPLS2UE3ARCY63WQI5QF3ZOV5S3K3ZRC44LQNZ,True,other
10357142,2,Echegaray 3.9Km Cicloton,0.0,NC,0.0,"[19.490908, -99.227876]","[19.490893, -99.227865]",6.5,3878.9,cy}uBfms|QQIiBe@qAM{@UsAUk@Gi@A{@OWCeDa@cCa@s@Gi@CgB]qAKkAEcCg@mC}@kAg@a@UiAy@aBaBm@s@s@m@W]sAqAm@{@o@g@_@e@gAgAk@q@aAu@]Oc@Ka@Ea@?mAGmEYuBEu@Gu@MiA_@gB_Am@_@GEIB?DFHd@Rx@l@^LVNf@NlB\|CRVHt@A^Bx@@`E`@XHVNf@b@XNPTTL|AxAb@\Zf@VTNTXJPXp@l@p@x@XTv@dA`A~@\P~@p@rA|@VHTRXNlAVnBZhBb@lANp@Dh@?bANV@|@L^@^Hr@DtAPXCP@bATl@BhAJ`@Jd@@VHdB\^@j@Vh@Fb@J,False,https://d3o5xota0a1fcr.cloudfront.net/v6/charts/KHVUYELZ55EA6NTVA3TOUQCY62XJSOHBUBXFCZZF2XSDXGSL7ZXDNKAHNAIFGQMQUBVORUVVHMSWFRG2O6OKT5A=,True,other
33983080,2,400m UC,0.0,NC,0.0,"[19.476021, -99.228739]","[19.47605, -99.228722]",15.0,417.4,c|zuBrrs|QILKVAP@XLVPNNDV?^IhCmAPQHMD_@I_@OSSM[CO@MDaBp@y@`@,False,https://d3o5xota0a1fcr.cloudfront.net/v6/charts/JM2SKVJWMEBK542SJETDFPR7CJTCA4557BUX26UZILNF6DFOG66TIHCISJ32FCBRFTYVR4YO2GXWRWDPBAPX33G3,True,other
32161795,2,Tezozomoc por afuera,0.0,NC,0.0,"[19.497133, -99.208809]","[19.49719, -99.208916]",5.1,2374.0,a`_vB`vo|QHSBo@BQFILg@ZaCLa@RaAFg@EMk@I}@CMCKG[Ag@B_@GC@MGY?c@GO@aAKY?w@OS@WEWB[G[@i@Mu@@_AMQDMNCJCj@]jAKx@Yn@Db@QZGj@M\@HMXCVWp@I~@[bBPFGGF@GBAJKFGFQj@?NEND\MNIBML@BFED@CHBPSbAKJa@NBA@D?d@FLIX@JSZBBACCPOJLl@C?KXANLBTAHBHH\Dn@LAEH?ABL?NHH@THNAd@RDLJAF??ACBLELBPF\ATJHAVNDHJFJ@BD?Fb@@VH\GTBJFL@dAJTHRBRFL@XGFKF[He@De@DEDOJs@LQHc@Fu@Rg@BUFK@WNeA\wAJGAULWH]@UASFQN_AVs@@QHM@O,False,https://d3o5xota0a1fcr.cloudfront.net/v6/charts/DP5NOIGD2Q76GY7NUAUCAQMRGC4TLMU5K5R33MLD7JEOJVCYHEWA5OVJR44I236PNBFM4FV5EOZNWCVBSLKTV7I=,True,other
22758763,2,Corredor Ferrocarriles Mexicanos,0.0,NC,-0.2,"[19.470766, -99.19063]","[19.484984, -99.18958]",6.9,1604.3,g{yuBldl|Qu@Yi@K}A?yCMy@@eBIu@M_AKY?_@CWBgAAkBF_ACq@Im@?YBg@EU@g@?wAIa@AyBSy@C_@EOIOH[Dw@GcAA[Ga@DQCiA?i@AoADMAm@BI?E@MKCDg@BuAEeAOw@Bu@GmA?qAKUB_AAWCw@@{@Kk@Mi@EE?,False,https://d3o5xota0a1fcr.cloudfront.net/v6/charts/7GTEG5D2FRIKXC7JQ5FNXXPJGMYPVJUFUWDLEJSVA2N6GMEGOJXXFQSXCZTMQ66CXYP53I4RPPJRFI56B22UP7ZM,True,other
22551761,2,Vuelta 22 feb - Eulalia by PH 🌵,0.0,NC,0.0,"[19.47696, -99.183999]","[19.47692, -99.18405]",8.8,4575.5,}a{uB~zj|QFMnAcAVOf@e@jAy@x@w@zAkAp@q@fCqBhAeAtA{@z@}@z@m@nAmAPG~@q@`CoBp@a@RIHYFIt@m@\]V]h@]|AkBTQR]NKd@u@\Sd@e@t@k@CJNWl@w@LGJAfAmAj@c@t@}@LYd@c@f@o@PQP]V_@^W|@s@`AkAP[JMPGH?VItAaA~@a@dAm@vBeAtAe@`BgAr@a@l@Wf@]fC}@NKn@[_@\}@j@qFpCq@f@cC`AOBwBdAmAh@WN_Ax@q@Xi@n@Yb@k@t@a@Pe@^c@d@o@t@o@h@UXQ\SPUHKHkAhAaAjAYf@}@|@UZk@l@Wd@[LOLOFUZkAbAi@r@y@x@m@v@{@|@}A`Au@v@[Po@f@u@r@uB`BQTe@Z[\c@Z_@P_@XOH{AjAOJ]Z}@n@u@l@g@h@eBnAyBlBuAdAYJ,False,https://d3o5xota0a1fcr.cloudfront.net/v6/charts/M3K5H3RIY6BXTFFAFTX4JKV3MD2JCBIDYNWKAKXDT4IO4DTFMA6KW5VP2CTNVH5OG2VVLY6L3H4IZE7OJ5G4FPQ=,True,other
8941061,2,Circuito corto ida-vuelta,0.0,NC,0.0,"[19.469766, -99.19078]","[19.469746, -99.190657]",7.3,3727.0,_uyuBjel|Q^Ah@Fz@@NCZON?n@HRLRRf@LdAJPA`AYZBl@X\TTTx@fALRDPFfAHRBNC\GNUXq@f@MNQFSBADE@GHI^C\BDNPHLHD\@NJFN@ZEj@I^Gd@KN]jBEh@Wv@?b@Et@a@jAUb@_@hAUT_@RIBa@Vi@r@ITe@h@KBS@}@?[GQYQQUEOEAQFQ^e@B{@Dg@PUVWPYFQ?UCKW]g@]ESASP_AD}@Tg@Nq@Fk@@WH[Dc@d@mBJWAQIACB@j@CX]`BQrA[pAQXM^@t@MdADXx@|@HZ?LCH_@\Yb@QtAETWf@?H@HFFh@VZ\RJNBhAQhAmAxAuAXa@Xi@r@eBLk@HgANy@Du@l@yBJs@Bq@AYKYKKYGKISa@?QFOXO\_@RKn@w@Ta@BS?YMc@?_@AWMa@o@u@@IQICEC?UWUMSG_@A_@KYBg@Na@?mASa@[g@Og@BWPI?o@M}@I_@I,False,https://d3o5xota0a1fcr.cloudfront.net/v6/charts/N6AC4ZD6VF2TOPDA7ENMUHI5BVQ3FEODXBQ2LJ6OITWL4JBDKK7YYT7LSFMG6VQH3OQUZVX75USAJPZLGW7LQ4I3,True,other
23293157,2,Azc. La Villa - Correos by PH ♨️,0.0,NC,-0.7,"[19.490929, -99.169253]","[19.478281, -99.164028]",11.2,1521.3,gy}uBz~g|Qr@w@PMj@]h@Qh@Il@Ex@Mj@MlAi@d@QpBa@dAQn@W|Aa@d@I\C|@g@b@Ob@UhAc@p@_@hAS|@EZIbA_@`@Yl@[d@QpBg@hAe@dAUfA_@zBg@pBk@b@Kj@EXIdAg@v@Q`DqA^MdAO,False,https://d3o5xota0a1fcr.cloudfront.net/v6/charts/7HR5QVG6PXFTYDF6WB6K5MZLF53BXSY2VP665VYGJHJ4PBIAC5V5QE2ZNIZFR5AZ7OVDFOPBNE7GYAER7EWOLYUF,True,other
16454335,2,Ferrocarriles Nacionales,0.0,NC,-0.0,"[19.483095, -99.189809]","[19.470607, -99.190395]",3.0,1405.5,ih|uBh_l|QXAfBDRCzAL`@?~AJd@?`@Gh@@rBE^D\Ad@@HChDHZ?PEb@FfAD~CVrBBdBHRCpA@dABt@H`@Gn@BNDj@@t@HvACZ@n@EX@THh@Ap@BdBJh@?RI\A^FlBHTC,False,https://d3o5xota0a1fcr.cloudfront.net/v6/charts/ZC2AJU3A5IWY36OZU5TTSED277TTRP6HTZYZZII7Q3LQMTCJXBWCVTHN7ADXKEFBAYSKT6JQTAV7DTTBGUD3RO6I,True,other
21607209,2,Bicentenario 1ra Secc,0.0,NC,-0.1,"[19.469821, -99.190716]","[19.469812, -99.190707]",7.6,2200.5,kuyuB~dl|QJA\D^JDA`AFLA\ONAl@Nl@^n@J|@FN?`@ITALCf@?FBNF^\`AlAXn@FDHNFXBRLd@@VIXyBlBMLOV@ZL`@LL^FJFPj@QxAa@vAM`AWlACX?z@Kj@M^c@t@]v@_@l@_@\a@ViB`Be@?]HMAOI_@c@IG_@KCE?IBIRYHa@@QJa@?KBQRa@\m@BOAOEMYa@]a@CGA[Be@Jc@?m@^{@XmB`@_CJWb@QPSJi@B?@CCm@WqA]c@_@{@ICo@iAu@m@]Gs@o@SMQWGQBKFA,False,https://d3o5xota0a1fcr.cloudfront.net/v6/charts/FWYG7OCXWCVWMV73IVKXYOCGMWXI6ZUIIKVWU5VCZDYDNB2UNFFU7FEE6YZ3QHM4RWEDUTRMX2YYVYX5QQEWD3Q=,True,other
35418031,2,Salonica - Fuente,0.0,NC,0.3,"[19.470962, -99.178885]","[19.476931, -99.184065]",2.8,855.9,o|yuB`{i|Q{A`BaCxBk@n@s@n@}BhBa@RqA~@oBfB_@VST}A|@]\a@j@i@h@}@h@o@\iCtBUJ,False,https://d3o5xota0a1fcr.cloudfront.net/v6/charts/UK4FVPUWGDMABWWPEIR6D2IUKBQ6A6WBYMNSO7IZSBMMD3NVN752U3QL3MILNYCFUEQQFOELLULDP5PVHDPW7Q3V,True,other
23789445,2,Montevideo - Azc. La Villa by PH ♨️,0.0,NC,0.6,"[19.499229, -99.172275]","[19.491348, -99.169195]",6.6,940.4,cm_vBvqh|Q`AWrAi@|@Q^KpAk@dCw@p@MlAe@rAa@d@Md@E\Kf@Gj@MhA_@|Am@b@W`@QfCa@r@Qh@YxA]rBw@\AHD,False,https://d3o5xota0a1fcr.cloudfront.net/v6/charts/L4Y5LYJQ6HXXEIA777LJNK4CNBPOLDKW6NAG77KEKGETGGYU2HNMU3CK7RLIMP5ZY6AMM2TGAWLKEHQEHQCACRQ=,True,other
22551715,2,22 de febrero norte-sur by PH ♨️,0.0,NC,0.3,"[19.48933, -99.181149]","[19.4778, -99.184349]",6.9,1325.4,io}uBdij|QRLfA\fBVd@LX@f@Hd@JRJfC`@TF~BPjB`@n@R|@Lz@Rj@JfBRfA\XJzAPr@N~BZXHfALRDP?d@Rt@J^JpBXbDn@|@F`@L`Cb@fB^,False,https://d3o5xota0a1fcr.cloudfront.net/v6/charts/7SPVRENTEHK4KHHEICHDVCGAGTRBY4F5BZEFCAZWWYAWNCWCB4EJBOIP6ZYORYOXKIO5MBQWWBJWIUDW7AKVDZQ=,True,other
34133722,2,La Rosita (vuelta al campo de futbol) ,0.0,NC,0.2,"[19.486461, -99.178962]","[19.486466, -99.179035]",7.4,313.8,k}|uBp{i|QXeB@y@IMOGk@GW?IH[zAKlADHHF\H\B\AHE,False,https://d3o5xota0a1fcr.cloudfront.net/v6/charts/2S2XJUXRN5GNB6OMYNWNQX2LP4BFISSOYZ5CY6IWLSMESXKT2QEHK7VGJX2BQI3RMYAOSWPIQ65FRWRM45WKIJDX,True,other
19648342,2,Camellón 3k Wilfrido Massieu (Arcilla/Tierra),0.0,NC,-0.0,"[19.494358, -99.133072]","[19.494446, -99.133084]",5.2,3104.4,un~uBv|`|QBB?LWh@UbAAv@Qv@IdAAf@If@Q`@Mr@Md@Ib@Ar@OhAY|@Eb@DF@\YlAYnBMZCz@SbAGv@]`CwAlEYv@ETKZc@`AKn@cAfC_@~@G\s@jBGJQNO^CZ]tAQf@O|@uBhG[hAKXI?ACCQXuAHYNa@rAoFr@iB^q@H]b@kAD[L_@Xk@l@_BJQ?YFa@h@mA\sAHKt@aBn@oBRaAVgBZqADc@Bw@HMJ]LgAN}@Nm@?}@ZuAL}@FeAHk@Ps@Fa@Va@Ji@FeAVoADoALc@HoAHQH@,False,https://d3o5xota0a1fcr.cloudfront.net/v6/charts/3G5YU57DQNR5DQBWGHU3RYV22ZZQPR4ETXOBQVLJGR4A4FXGZWVA3R2CJD7FLL4HWNJJ5LDXZBCAZRKLURQTWCI=,True,other
8666510,2,Zacatenco (MS),0.0,NC,-0.1,"[19.498414, -99.144449]","[19.499864, -99.142509]",1.5,377.5,ah_vBxcc|QNIBCBSPWDQLSGO@IBOJK?ENSHU?MCIQBWEGGOG[Yc@M[GI?YKIGo@Qc@W[GQKUI[G,False,https://d3o5xota0a1fcr.cloudfront.net/v6/charts/I6WV6AFIQ2QB2XXV6RPTPF7EC4IMMUM2O5IDFZZ5VCJJK2FA45PV2DE5DOGXFSJKYAQKFOGIQ6K4ZB2STBOLJVQU,True,other
20055253,2,JUJUY - RECTA ,0.0,NC,0.0,"[19.490507, -99.141782]","[19.490468, -99.141858]",7.4,1002.9,sv}uBdsb|QFFL@^Jr@Ln@HX?VDZ@`@HbBRz@Rl@Bp@Vn@DlBXf@Dn@LDAFK?Ig@KUAgAQi@Ga@?_AOs@EUEY?oAKaB_@m@Gg@OaCa@e@Cm@MGBALFHnAL,False,https://d3o5xota0a1fcr.cloudfront.net/v6/charts/WMH7TE3ESXV6GH5FX4SGI6VFHKDJJUZ7KLLMFHCHFO3UNMEZIDLJ4FQ72273O5LMURMKHRJ7VPIAEEOTZGY7WMI=,True,other
11599639,2,Pista running IPN completa by Quique Fuentes,0.0,NC,0.1,"[19.49989, -99.141571]","[19.499903, -99.141574]",3.8,2405.6,iq_vBzqb|QiDq@eCYEBKd@OnAKXuAW{De@e@KkAKkAWe@C]LWb@Kb@If@?h@Gd@Of@[xBHf@b@h@|AfAhAZhDvA~@ZdA`@H?X_@Ra@p@_Af@aAlAmBFGH?|Ap@lDrApEfBXHFCz@aB^kABe@a@WaAc@yAk@mBq@oCgAU[vBcDp@}DAEq@pDO`@YX,False,https://d3o5xota0a1fcr.cloudfront.net/v6/charts/5HU3RSSJXTJXT6YGLJK27FUC2PVV6JQIPMXFKTAKG2U46DUDIPIJATVLWQIMQBOI64MNJKJO2TF7276NLZ6NMJY=,True,track
17224141,2,recta pista UPDCE IPN (by quique fuetes triatleta),0.0,NC,0.3,"[19.498038, -99.143355]","[19.499986, -99.142383]",1.0,238.5,ue_vB~|b|QeKaE,False,https://d3o5xota0a1fcr.cloudfront.net/v6/charts/4Z3QMUUYWY57H7MLI5QCXAFFEDGMIN4F6FZW3MAHDWC5GEVD5CURAISH25NZJ6C2Z33VYCEWIM2S3ZN2H3MHTBI=,True,track
33983114,2,Pista de Jogging ENKSA <-,0.0,NC,0.0,"[19.469048, -99.154855]","[19.469034, -99.154829]",0.7,281.3,opyuBzde|QGZ?FDDh@@PDJEBMCQLo@AQBQEa@BW?QSAWFS@IP@b@A`@EL@VCF,False,https://d3o5xota0a1fcr.cloudfront.net/v6/charts/UZP3QZGW3USFQ3SN32NR4IVEHHEHMSRO5OTL4Y426XGBGGC3FVAME7USKYA6T3KUI4CLKTZSJRWP2L456JXMSRQ=,True,track
19648324,2,Trotapista IPN Zacatenco (Ruta Corta 1.8k),0.0,NC,0.4,"[19.499366, -99.140462]","[19.499399, -99.1404]",7.6,1828.1,_n_vB|jb|QMhA]nB[f@MDkAGgC]sBSEDM|AGXYBiCO_BS{B]oC[c@BMPI\Af@FX?ZGb@Md@[dCRV\VPLd@Td@\jAb@vAr@~EdBDAHGJSj@iATm@dB{CVu@^g@dBqBHCj@Zi@S|B_Ej@sD,False,https://d3o5xota0a1fcr.cloudfront.net/v6/charts/K5LEKHX4WN53HN6U3GT2ONVHCXRSSRBWWPID3ATR6KASOBWLBHKVXCWTG3UAIJAY2XQRSIFQMKCE5PRE45SBNHQR,True,track
19648320,2,Trotapista IPN Zacatenco (Ruta Larga 2.4k),0.0,NC,0.2,"[19.499348, -99.140448]","[19.499403, -99.140381]",7.8,2402.8,{m_vBxjb|QKPk@xDa@`@kC]_@CsB]]AGDIfBIXYBsCYsB[sEw@e@DUXKd@Cl@Df@E^Qt@IhAGXKJ@b@dA|@JBr@b@bAZZR\NbAXdDrAXFNO`BaEt@sAZY\D`Bf@z@TnDrAlChAp@PHAJUXwAVw@Jg@ACiBi@mFmBeBq@_@SCEAGDMbB{BVg@H_@d@yC,False,https://d3o5xota0a1fcr.cloudfront.net/v6/charts/DHVSO7KTFURMQCYDF3STDOR3S56H6AXBUWL5HRJLZUCACRYE5PDETAEFQ5DYEYYEOHAADWEHWSO4RO3KEGY7JEA=,True,track
18180343,2,800 M Pista Miguel Alemán,0.0,NC,-0.0,"[19.493417, -99.12777]","[19.493427, -99.1278]",7.9,910.4,yh~uBp{_|QHRJNz@z@bAx@\JP?XIPOP]DWAc@I[KOm@g@iBqAOCc@JSPOTGX?ZFXJP|@v@\\h@^ZLV@NCLGX]J[BSAYGQIOgCsBWIWCQ@QDMLKRKZAVDZ,False,https://d3o5xota0a1fcr.cloudfront.net/v6/charts/O3RCOYOTRZFIZO2H2JFROG6PNOZQCXYF2EHIJUZ5VA4L3O7LXD5YL4D5YF4KDYYEDK73XFPA3I6FTWZD6TSKPTA=,True,track
8589615,2,Ascenso Tepeyc (MS),0.0,NC,5.1,"[19.499441, -99.109073]","[19.49513, -99.106036]",58.5,1088.6,on_vBvf|{QFLJ@JFRDFCPBd@F^Lb@VZBh@Tz@Zj@JPFJ@FHRFZFt@ETG\E?FXCDCBONMF?n@UHG\OHADBFAJ@TMZIJ?BB@DFBP?PH~@C^@RAXDNENBPARFNCPQRk@B]HWFo@BIEMKeAOc@@KEC_@_AIK@ICQWe@AIEMAOIMCe@EAIQAOKGIQg@_@EASWKIOGKK,False,https://d3o5xota0a1fcr.cloudfront.net/v6/charts/B2C77S3CQY3XX3S7LDHGBO5HWWRMR7WOGAQLVMN4FXW6VYKKSXW6BHCVKPVCZHDNK6FS2LGFN5FP56OJPPMY4KJY,True,other
28047677,2,Sendero Rompe-Tobillos,0.0,NC,-21.6,"[19.496981, -99.107407]","[19.494222, -99.109468]",96.2,434.9,c__vBh|{{QIDABDp@HND\JJ`@Lt@GZ?d@E^@TBLJPDVP\NjA~@LVNTP@HDHPBRDF^NHXHLJFPF,False,https://d3o5xota0a1fcr.cloudfront.net/v6/charts/TWXSWFIZAXNWWGKYZ4KKDSGKPH4VFU6XKXU7P6SUDJQR66C7LCRP65JOQWFFOB2WG4B5CIF3BIIVSYVYTV7VBOI=,True,other
9533333,2,PISTA EDUARDO MOLINA,0.0,NC,0.0,"[19.470807, -99.101294]","[19.47081, -99.10127]",2.0,1001.9,o{yuBbvz{QIIu@_@o@WwAe@uA[MIcA][EMIYMm@UgA[{Ag@aAe@WGa@OGCQ?MHCF?PBFRP|DlA`Bl@h@N`@Dv@RpAb@`@Rl@R|@RzAh@PBR@DEFM,False,https://d3o5xota0a1fcr.cloudfront.net/v6/charts/QUSAPVW7ZFBJBDV3FGEWT2WXW5DCHKWAIPLWYXETTKNRTG7JNUQNOCDNYYQ77KXWFJA4XZJGO34ZXMVFU2R7QUI=,True,track
27189764,2,Entre Parques Industrial Afr2,0.0,NC,0.0,"[19.472153, -99.127676]","[19.472276, -99.127832]",1.9,1717.6,}czuB~z_|QO?uAWOFW\OFG?SG]AUYi@Mk@Si@GUO]EYMUIiAKmA[eCs@]QQCQDQ?QCq@e@_A]UWUk@@MTo@?GEI]Qu@GW?MBOL[d@Qb@SpAAh@Fj@FZ\t@LJH?JE\]b@aALQTMN?p@Jr@FZJdAPr@P\DNGt@d@vAd@~@P\@PBVNn@RdAZbARLDJHDp@DD\Lj@ZXHT@RIt@eAEMMM,False,https://d3o5xota0a1fcr.cloudfront.net/v6/charts/N633PET3RRBWWG2JQAGNNDNQ2EVVJVE6KTQAH3BVXOQGOSZXCOFDBXLHLRUX3S7PUSB3IJMCWPYFPMF37AVSAJI=,True,park
18181488,2,1500 M Deportivo Miguel Alemán,0.0,NC,0.1,"[19.492167, -99.127817]","[19.492748, -99.128467]",8.2,1688.7,_a~uBz{_|Q_@]gBuAYOUASB[PKNIZA\DZHRfAjAx@p@TLVDTCXKJMLYD]A]I[KOm@g@iBqAOC]FOJOLMVEZ@ZJVPTr@l@\\x@h@VDTARILMP]FY@[IWY]}BgBWI]AWFMLQ`@G\B\JXz@x@z@n@j@\PDL?VGLMP_@J[@UIc@KOg@_@_BgAWMQE[AQDOJKPI`@?\DTX`@nB`B,False,https://d3o5xota0a1fcr.cloudfront.net/v6/charts/P5HCJ4SMSHCMJ5FL2NU7PVWPT7VBNPZRKLZHOENPCAEJIQGVJUCIQ4LVOFRVLV2THQ45JDZFJ4NZH7RC5NTKVXI=,True,other
19811048,2,Central Park María Luisa 5k ,0.0,NC,0.0,"[19.477367, -99.126248]","[19.477552, -99.126542]",7.7,5003.6,od{uB`r_|Q@k@b@wABUUIg@D_Ab@u@z@Mv@Ct@Hj@Rj@TZTHLMXw@Hi@Zw@Ba@Tq@Ba@Pg@OMW@s@Pe@ZQT]t@S`ADx@Nj@NPDPNNPDNQNw@?ULYJe@h@aBPw@BSQOc@@SFa@ZSH[V_@t@Kl@A^Jr@`@bALLRHNYFo@`AwC?W^mAQMoANMJ[RWTc@t@GV@XPtA\n@VZT?TqAf@oBNw@Vw@LQEYo@F]Ho@Zk@d@[~@?|AVr@Xh@RLRKBWNW?_@Zq@@[Rw@Vk@D[Nc@_@Ku@Bo@\ONq@jAEZ@p@Hj@Nb@`@t@RFNm@PYLy@Rs@D_@Vo@Ha@JUCWe@C]FiAx@YXYn@BZMRFx@HR@RPXZXVGTg@b@}A@]p@eC?Uc@Kc@L[N_Av@SZSh@@RCVPx@Vr@X`@XBJONg@n@eDRi@Ho@DUOIq@FSHiAhAU\IZBXEv@Tx@Ph@XNROLs@L[R_A`@iABS\sAOKg@HoA^]b@]v@Kd@Dx@`@jAXb@`@e@Fi@|@uCTg@Lw@CUq@DcAf@g@n@Q^Ot@Ct@Rx@\p@RLZm@Ha@@UDQ,False,https://d3o5xota0a1fcr.cloudfront.net/v6/charts/UNDGRMTMRDW565CEAQOIO7CQS4545JVWZVB3KRKFSVVRGTJ2Q22TFNIGTC5BQ6SCAI2YJDDUORTDHXDRAQ3INPA=,True,park
19655113,2,Pista 400mts Deportivo 18 de Marzo (Arcilla),0.0,NC,-0.1,"[19.484653, -99.124321]","[19.484648, -99.124318]",0.6,419.3,ar|uB`f_|Qf@VtBh@r@JN?ZQJKFOD]AII[QSQI}@SuB[Q@MDMHQ\CXBNLT,False,https://d3o5xota0a1fcr.cloudfront.net/v6/charts/OWYWS2PBKSQS6CX6DMWSRBPIHPUGRXHAQORISKVE2PBMGVLFID5B4WQYMQGEX2FXTXBLV4254B2ARD56X4NUMYY=,True,track
8339266,2,Potrero,0.0,NC,0.0,"[19.478021, -99.130585]","[19.480157, -99.128817]",0.6,996.9,sh{uBdm`|QKMI?IC?MCCe@[YSAEa@KAIOOQIKKM]MGSOI?DOOQGAKOE?IIWIk@[a@OCCAIIK_@QHHNA^^V\PPLCFDHLFTJNPFPJF@LN`At@HTHJJ@LCFBHFRFz@j@?DFTHFC@?GQMGQ?EKIOFYUCQGMMKQAEMWKIIM[EAAEe@A[MCEYIGSe@[O]ECEIG?QG_@a@GC,False,https://d3o5xota0a1fcr.cloudfront.net/v6/charts/TM7FTIGVMM7PT35DWLFSDR3GGF7I6BNSESBGFMYOHMQP6MYTU5A7DXCWKAE7YG76JPOKIB4GQXJR3TMY5SLRTGQ=,True,other
33945943,2,Vuelta Los Galeana,0.0,NC,0.0,"[19.473932, -99.070448]","[19.473918, -99.070505]",2.2,3032.3,aozuBhut{Qv@RlAPdBZfALn@JJHBF?LENQrAUjAAvBBVQzAI`@Cl@M`ACfAS|AE|@S`AG`BWxC_@~BGpAIf@C^@^M`@Kd@Gv@@PAJGFO@qAIyBG_AAWFm@?aAGg@IyBy@_@GgBi@iAYk@Sc@IeBg@uCk@UK{A]q@Ui@GcA_@kA[QKMSIi@@QBOLU~@w@r@u@v@e@p@m@^WpA}Aj@c@bCeCxCqC|@gARIRORWf@a@Va@v@{@~CwC^WvBqBZORE^B|AZ,False,https://d3o5xota0a1fcr.cloudfront.net/v6/charts/A2ZM3WKAGEXEZKESLPFGQ3LTKJOXVFATR55D7XGQC6M6H42B6C7NUXSAUEIPAMZJAV3M5VHMFUIBWNYKXZ5PTQE5,True,other
30399928,2,400m Luiggy,0.0,NC,0.0,"[19.485708, -99.094842]","[19.485725, -99.094828]",1.1,406.7,sx|uBxmy{QqA]y@WO?GF?L@LFJFDtBh@rC|@L@HGFUCMIIk@Ss@Om@S,False,https://d3o5xota0a1fcr.cloudfront.net/v6/charts/VI3OJJ5S6TCUVHEQNZ2EC75XBXG7YNUOSRVAJBIMXMH43BRTZ5IYYQ34BY5LPIVWMYLI7WA3XWF3JVSELCFKAHPK,True,other
35817261,2,Deportivo Leona Vicario,0.0,NC,-0.1,"[19.487205, -99.083969]","[19.487198, -99.083775]",19.4,3287.7,_b}uBxiw{Qt@RvAf@NGPc@ToAJMHQTsAOMSEc@Sy@WQGQB[\GRs@~BARIPARd@J|Bt@P@Li@HOToAVw@N{@S?QCQGa@Sy@WSDMLSd@g@xAKd@GPER@ThAXdA\PBPAHQd@uB`@oABSOKSCa@SgA_@QB[^IRKd@INMd@ARQf@ARFP|Bt@RDPERa@BUv@yCDSQKSCs@_@u@UQDY^GNERIPARSx@GNKNATJL\VjBn@PIRa@|@oDDUOIQE_@SgA_@U?e@jAs@bCCRHPbAd@hAZPK\kAR{@Xw@Di@OKe@MMKa@Qg@MOJSb@Yt@Sz@Ef@IP?TLLNLb@NhAZNIHO^iARy@PmAGQaCy@OJKP[r@YlAGd@GR,False,https://d3o5xota0a1fcr.cloudfront.net/v6/charts/HY5BND4SPOOGNTYZYRGYY2G4KHDW4GUESWRKIGOY7EPDIYYV5FRNTL7PQWWO4WZC3RXEMOVSNHSOD3WGJLV64YQ=,True,other
39406082,2,1k LPD JS,,NC,0.0,"[19.478616, -99.090179]","[19.47863, -99.090178]",1.4,1026.0,il{uBrpx{QOMQEaBEoASyAa@m@OWAEDK\?FHF~Af@NFRRl@R~GjBbBb@j@RdBf@ZFBEFK`@mBB]MO_AUo@UiBc@o@WSDSNQPSHYE]S,False,https://d3o5xota0a1fcr.cloudfront.net/v6/charts/UH5FWDK5JM4WHERWGC45WD5XX34S5MN54ZASF5B4JQCKI2LM42VP74DQLZQTS3GR54XULB2JNZL6XMBGMZGQ27RJ,True,other
38586328,2,6 KM DHG,0.0,NC,-0.0,"[19.477475, -99.078103]","[19.476993, -99.07834]",1.6,6001.7,ee{uBdev{Qr@H^LXTt@ZxA`@XJbAL`AGd@Bh@Fx@ANBh@BZG`ABp@DLCDCFW@a@P]H]?SN}ANg@D[HURiABu@Eg@?MZ}@FaANaAJcAC_@L_AB{@PaADy@H]BaAAQRqAD}@ReBBk@ReBAMCCKCY?i@Io@Qo@K[IsBWq@OK?[D_@O]EQ@SFc@Zi@n@_@ZUHQTSh@[RQHCPEJi@`@_@f@ELOJUTWb@uAx@O@MF}@v@MTKTOPiAt@_At@g@h@e@p@[Za@l@oAdAKTYXS\e@X_@d@i@`@YVKNUNUXELD`AHNj@`@LFXBHHZHLHhALr@Vb@Zd@RhARn@Vz@LhA?b@Hj@Pj@VZF\Xh@FNLd@Nh@Fp@Nl@F|@RVBVCT@\FJ?JCPKPARHZ?NBlAAv@DJCFK?e@Do@DO@gA^yBCWFe@@s@JqAf@gCFc@Bi@JSLw@@q@Ag@DQVeBDcAN{@?QJu@F}@Pw@HuAF[E_@@[Lg@@Q?MIGO?q@Ko@Ee@GG@_@Cc@Kk@Sa@@OAYKi@A_AM[@g@L]VINWT_@n@o@h@WPMD]VWZ_@PYVWLSNYn@WX_@TSXOLk@T[l@k@ZSP_@f@c@\EFAHU\SNg@VS\k@h@g@^_@j@s@f@g@p@k@\ORe@ZILUN]\EPq@n@GJCL?LD`@FNRHNNRFTCJ@ZNNJv@ZRDd@T^Hp@VR@b@LTNf@Fx@ZVFdANV@|@`@`AX,False,https://d3o5xota0a1fcr.cloudfront.net/v6/charts/FCFNJIVWH6Y645QQFDXY4WL4DJGID7423ZU4RCDZYPDEVB7OZ3JLZA3SOALTOMLUKNNCBAYZ4FAAWLSDHLLU74A=,True,other
38590686,2,3 KM DHG,0.0,NC,0.0,"[19.477549, -99.078118]","[19.477515, -99.078088]",1.9,3073.8,se{uBfev{QTBr@R`@Dj@XFDV@RHz@LVNNBNFNANJBFHDf@BRDx@EL@THRN\HNATOPER?\DVFL?x@IBDPFF?FABKAq@Dc@Pw@D{ADO\q@La@Ao@FcA@k@BUHUCi@JYJc@Bm@C[^oBB{@DOD_ADU?g@DOFm@F]AS@SHg@?MPy@DcAD_@Ha@Ng@?]Hc@Fq@AMKOSGi@Gk@WYC[IK?i@Yq@KU@O@e@NQCo@YQEa@AWEK?_@J{@t@i@\KNe@`@GNQHc@^W`@k@`@yAvAS^YTGRU`@]HEBORSLg@n@}AhASRW`@OJsArAe@\a@l@]^s@d@GNEBKVYXELML]TYXYLKPOJYVw@^GNUjABJDBb@HX@TJdARd@ANHL@N?JCJ?RJZFBFTJb@HLJ\HRHZDVL`@\d@Vd@NLANDNHj@P,False,https://d3o5xota0a1fcr.cloudfront.net/v6/charts/C3GNS36OXOKUIN4RK335RACUL5N6Y43OCUB6SH743VFBSNYFX6RYVIXXH2UBDFMF7ZNDUP2BF2N3E5B3TBGTGKY=,True,other
39373441,2,9 Km DHG,,NC,0.0,"[19.477472, -99.078079]","[19.47681, -99.078369]",7.6,9083.9,ee{uB~dv{Qb@TnD~@r@VdB`@`BDz@DvD@~@DJAFEL_@B_ALa@FiANqADi@Le@Pw@L{AJa@Be@ZeCKq@@KV_AJm@Do@VoB?UDm@Jg@Ds@FY?UDe@Nw@Di@DO?e@Fg@@YFWA[MK[Iq@Mk@OcAKaC]}@I{A][BQFa@Xw@x@_@X{AxAkB`Ba@`@q@~@_@Tm@l@SJq@l@}A~Ai@b@GLy@v@i@b@{B|Bw@n@MTkAnA]RgAbAu@x@MTET@TFRNPJFl@NpAf@bCb@f@TPDd@Pt@R|@Z|@T\Dj@Pz@L^P`AVZPxBh@f@P`BTdAHlD@nAAb@BLBJ?FGJ]Bu@DUHO\qEJ[VcB?OViC?c@TeAAcAPi@?YLy@Bg@Je@Ju@BiA^yBH_BD_@Je@@q@TcB?EGKQGeAQaAS_@CeCe@oBWk@MI?]BYLOLmApAc@^oAtA]V}@|@m@f@q@x@gA~@QJ_A~@e@^q@v@e@^wAtASL}@~@ORKDg@`@{BdCs@h@q@p@Y\YT[h@AXF^HLVLxA\VJj@Jh@Rh@FXHbAb@`AZRB`@N`@J\Dt@Tf@JtAd@TBPHpBf@J@dA^z@P~@H\AvBDdBAv@@t@HFAFGP_@Dk@NkAVaDJu@Ne@FmAPoA?UFYNiAHYCg@?]d@kCRaB@_@Da@A[Do@H]Hw@Lm@Fw@Lm@BaARuAGMWMaFs@m@OsAS{@Oa@Ma@@WHQJe@`@u@|@_@\U\qAdAu@z@{@r@uBvBCDGCCB{@n@QXgBjBa@\m@n@_BlA]`@i@d@}@dA_@Z]^a@`@c@ZeAfA[VQXGXD`@LRRLhBd@v@VjAV|Br@f@HbA^bCf@n@RTJZDvAf@,False,https://d3o5xota0a1fcr.cloudfront.net/v6/charts/3TMGVA6EOGDII3YUEQJJ3QKX6UEPAPROL63D3QTNONHIFOM4CTH3NE573ZWZKB6BD2NR2V7ZWZVONCGPMA7KZHQ=,True,other
39373557,2,1 KM DHG,,NC,0.0,"[19.477442, -99.078115]","[19.472539, -99.073894]",1.1,997.1,_e{uBfev{Q~@VTBf@L|Br@`@FTJvAXTBtCDf@BdA@`ACh@FHCDGBYFoADWRsCNaAR_AXwDDe@H[HcCZwA@_@F]HWD[,False,https://d3o5xota0a1fcr.cloudfront.net/v6/charts/YT3TNXXVMP46UNLKTZBVYO46L6AY5R7SIXKBK5FNQPGOUOF4MRMWE2O7ZWLRYLAVG2KNPDMYBVOA75OW2TQLRN5D,True,other
38864138,2,5 Km DHG,,NC,0.0,"[19.477418, -99.0781]","[19.477567, -99.073138]",1.9,4999.6,yd{uBbev{Q~Bt@rAZj@RR@zAd@l@BvCEhDHb@DNEFMJmBJ{@Fq@TuBHqAr@uGHeBRmAFyAVgBNcCD]TeANiAHuANoAGK]OUCSI_ASk@G_AUaBUi@EmASQ@]Hw@j@}@`AmDbDg@j@o@h@cBdBq@d@i@l@UP_A`As@l@uAxAgD|C_@f@i@`@g@h@QH}A~Aa@XKPCLATBLL^PPb@NzDdAjA^\HvAb@d@HL@`@PtD|@jA`@~@RjA^^Fp@RTFn@DbE@p@Ft@?vADLIDUJmBVoCTiBNu@DcATgAJgDH_@H}@RoADk@F[PgCF_@JeA@[^qCHgBFc@EUQKg@IiA]mAQYIo@K_BOiASm@HOHeBtAMPuArA}BtBiBlBm@h@KBKHGLa@\QR,False,https://d3o5xota0a1fcr.cloudfront.net/v6/charts/7GXKRYOZNL5GGOHECJ3N25UHW2OHCNVOG5C5RFZHSK4CT2I7YUNLYG2H3ZJ52GFOC77RCGXBGR6UHLDTF73JRY52,True,other
38864365,2,10 Km DHG,,NC,0.0,"[19.477418, -99.0781]","[19.472438, -99.073178]",1.9,10015.0,yd{uBbev{Q~Bt@rAZj@RR@zAd@l@BvCEhDHb@DNEFMJmBJ{@Fq@TuBHqAr@uGHeBRmAFyAVgBNcCD]TeANiAHuANiA?EGK]OUCSI_ASk@G_AUaBUi@Eo@M]EQ@c@Lq@f@}@`AmDbDg@j@o@h@cBdBq@d@i@l@UP_A`As@l@uAxAgD|C_@f@i@`@g@h@QH}A~Aa@XKPCLATBLL^PPb@NzDdAjA^\HvAb@d@HL@`@PtD|@pAd@XDnEjAr@FbE@p@Ft@?pAFHCHGF]HeBVoCTiBNu@DcATgAJgDH_@H}@RoADk@F[PgCF_@JeA@[^qCHgBFc@AOKK[KUCiA]mAQYIo@K_BOiAS_@DWFkBzAMPuArA}BtBiBlBm@h@KBKHGLa@\[\aAz@g@l@iF|E[\WVW\[T]`@aAt@iAfAa@VGLGVFh@P\PL~Cv@VD~@\p@NTBrAd@j@Jd@RjDz@p@T`ATx@Z`B`@`AXjANt@Cv@@jACtBB`@B^DHCBK@e@j@cG@a@XeBH}@Ns@?g@NoAP}CLc@LqAF]Dk@PgAD}@Lq@F}@Lq@HwAT_CCQOOKGqAa@QCkBa@wBYW?eBQSBUJqBfBoArAa@XqAhAc@f@WRe@h@kA~@e@h@e@j@_@Z_@d@g@\a@b@_A~@OJoAjAg@^y@|@QTk@j@gAz@yAvAg@^KXEP?RHZPVNHl@N\D|Bn@RBv@R^F^N^J`@PzA^RPd@HNFdAPb@Nb@FRLrCz@t@Pz@Tl@HxAHR?b@CnABrACn@BZFJAFIDMBcAN}@VcDViAH{ARiATcC@sADSJ]Bg@Hm@D_@HYD{@TqB,False,https://d3o5xota0a1fcr.cloudfront.net/v6/charts/TSYMET6H3JUS4TKMPG7GVZ3HS5A75LWX6DVPOLXZ5EML4GZIPXMNFAOLOF65MOQ7NQI2CYQRFX2GDWLMYNKJVGZF,True,other
25518329,2,De los remedios lap//Cerveros Ecatepec Speedteam ,0.0,NC,0.0,"[19.493851, -99.052012]","[19.493712, -99.051615]",17.4,1954.6,qk~uBbbq{QKFEPMPiAtDEV@JDJLFN@FKJa@`@}@l@gBd@qBp@qB^uAN]R{@Nc@T{@Pg@Nq@Ri@Nw@Pe@x@uC^kAkB`GlA{DHa@@_@CMEACI@DOXI^GLYTc@lAiAtESd@}@rCgAzDO^B??@GCBX,False,https://d3o5xota0a1fcr.cloudfront.net/v6/charts/XGEV7JVTJ6ZTFKKSG6VXBO7XE6EWYZW7T3GBX2SIJKV4GNW5555DYKBWOKLLC3J6ANK4THIX4F5NYXZX3N6BSQQ=,True,other
20279985,2,Gamberros 5k Cerveros running lap,0.0,NC,-0.2,"[19.49798, -99.043775]","[19.493215, -99.04575]",16.2,5009.3,ie_vBrno{Qv@NhAZjAf@h@Rb@Vj@Hx@TxAh@v@NzAh@dAXdBr@rA\z@X`@JnCdAx@d@jA\fAf@lBb@dA`@~@l@vJnCjATp@Rp@X`@LnB|@jAX^Rr@LP@VHnAz@l@XnEpAhATv@TtAl@jA\FA^J~@X|An@nBh@jAf@|A`@xAf@zBz@vC|@rBv@dBd@r@Zn@Rh@R`Bf@b@V|@b@`ATXJLHD?CEuAo@s@Qk@W_AQu@UwAg@QUi@Mm@Wy@c@k@Kq@[m@I[KEGg@OyA[sBk@u@[kBm@_Cc@_@OKKy@WSOcBi@]Y]O[GKIqAc@qBk@mAc@{@SeA[{Bw@MI_@GEEy@KGGq@W{Ai@iB{@cBi@s@Qy@[kBm@gAc@sC}@UQm@Wq@Kq@]{@IgAU_@Qk@OcD_B_Bk@,False,https://d3o5xota0a1fcr.cloudfront.net/v6/charts/S2IXXCF3LMQFEE6L4GULELYNSBQ33NRRW7CAODN2HLJRJX4WRJGDVYOL6W57QKVT4KU7GOWWKZE7KAQ3VF7FO3DD,True,other
22180320,2,pista del Don /Cerveros running lap,0.0,NC,0.0,"[19.496765, -99.043133]","[19.496725, -99.043135]",7.2,4981.0,w}~uBrjo{Qb@s@DMFw@j@eANkALm@j@w@J[AqADUJ]Xm@H]L[BUN]RuARe@R}@z@iCZuAHs@FUz@qBFQHi@NWFc@R]fAqDBSLWTmAN_@V_AVa@XsAVk@f@yAXsAPkAl@aB\yAz@qCLmADETi@Ha@LWDCJk@Pa@Ha@\eARe@b@}AH_@?Or@_Cn@kCVw@`@w@Ng@N_@N}@d@oAJe@Xw@d@{ALi@JYRw@d@oAZiANs@LWBONc@N[Wd@@RWr@_@dBs@hBUdAY~@I`@u@~Bm@vBKP[hAG^]`A]~Ak@`BCPc@tA[jASf@I`@OXm@~BQ|@U\Q`@UxAUl@G`@Yp@GZQTMb@O~@Md@CVO\Qt@KTQz@Yl@e@|AGZq@dBAVe@hBc@dAo@jBSz@Qb@Kf@U^GZk@vBUf@Qf@]lAKd@@F]bAGZQ`@Kh@Q`@Kn@]z@Md@OdA[n@K\ETAn@Mf@QZIRId@MZM|@m@rA?f@K`@KZQT,False,https://d3o5xota0a1fcr.cloudfront.net/v6/charts/JJ4YMIAWQJOAV47O4TEFJKXIRGQ7Z7AUPOTBQE3XEVK3HLDJNJPJF64XEFKMSKFXY4WXGX5ABC2MRJNWFHUCJ2DS,True,track
19912227,2,Malandros 5k /Cerveros lap,0.0,NC,0.0,"[19.493575, -99.045632]","[19.4949, -99.045047]",12.2,4912.2,yi~uBfzo{QIGMQUKi@KoA]_AQc@Sm@a@m@MkA_@_Aa@o@Sa@Uw@YqA]m@Gk@U_B_@cAe@m@MwCgAUEw@WIIWI]GUKyAc@o@G]Q_@a@]KGIMGu@UKGeAYYE{CcAiBs@o@Q[M{@Ss@Ye@KuBq@{@WOGCEYIo@W{@U]QgAc@iA[WC[Ic@Os@_@w@S_@SuAc@e@MiBs@[Ig@Ss@OyAi@YGaBo@c@UuC{@y@]YGm@Wo@Ou@Y_@Go@SiA[k@S|Bf@~@ZdAd@x@RNHb@Jr@ZjA^TBf@Tv@TXNj@T^Ft@V`A`@|Ab@fAh@\LdAVhA^l@XjAVxBt@`@F~@`@ZHj@Xb@Pb@JjAh@d@JPNjA`@\TZLz@Pr@TL@hA`@XNbBf@nBv@XPhA^n@\P@RCNDtAd@b@VrF`B|@`@CI[Ov@\fAXd@RjATx@TfBl@VNlAd@j@RfATxAf@`@V|@^hATf@T,False,https://d3o5xota0a1fcr.cloudfront.net/v6/charts/AQMPM7AC2YU5UONUCGCV7GMYVBOJZWSN6QMNZ22DZN6DKCJLPWNZ2UHZRWYC7ON6QFN7UYU5MROU5APWL2WYJ6Q=,True,other
22075516,2,Aragon speedlap /Lobos bike lap,0.0,NC,-0.0,"[19.493449, -99.045676]","[19.493259, -99.045719]",13.8,4465.2,_i~uBnzo{Q^J|Bx@n@Nr@b@n@Tb@Xl@VZJ\DHALD^VzBb@lA`@^FrA\`@NjAr@bA\zCt@n@X`@HbAd@pAf@nAZl@TR?p@FpAj@j@XrDrAZPdAZ^HPHh@LnC~@p@Pn@Vb@X`A\nA\dA^|A`@ZNp@R`ATZNNBTJdA\h@Tf@L~@\hAVbBp@v@TdCfAlBp@d@Ld@Xr@TDDAEa@WkA[gBw@sAg@_Bc@{@]sA]eBm@s@][Ie@Ua@I]O_@GkAe@g@OSIWI_Ae@oCw@e@GaAU{Ai@uCkAeA[sAi@uC{@y@[_ASu@Yc@KIG_AQgA]i@WSEs@]i@QsAm@s@Sw@[cBc@{DuAuBm@mDoA[So@OWAw@a@gBc@cCgAmBo@,False,https://d3o5xota0a1fcr.cloudfront.net/v6/charts/LK4WUZ4RD7BI4ZJDDDM26CLEA2RC6Q2YGNQ27VBBUUZGPC7U3Q2RMCFA53LJSRF5XGGITHVHNDZ45ONCGVQAUDA=,True,other
19912319,2,Pista Río 500mts- Cerveros running  lap,0.0,NC,0.0,"[19.493998, -99.050762]","[19.493968, -99.050763]",9.8,514.4,ml~uBhzp{QIHKb@Yl@q@hCOr@IPMx@QXARJPF@L?FKXu@Ne@Je@X{@`@mBb@yAAQGIMACF,False,https://d3o5xota0a1fcr.cloudfront.net/v6/charts/NHVZ2FY63SO7VP7YAXX6RCFVYDNGO2N6FQRVN6MSTPPZJALHIMA6VYR453RC7ZWOFTNBR3MO5K4WS3GD4R4RYSBW,True,track
38168785,2,Km 30 - 28,,NC,0.0,"[19.485201, -98.964781]","[19.490694, -98.948291]",2.2,1912.9,ou|uB|``{QR?b@XP?@CFy@i@cCc@cB{@oC{@iDcCsJqCmKoDwNg@mBg@}AqB{Hy@yCMo@{BuIkCyJ,False,https://d3o5xota0a1fcr.cloudfront.net/v6/charts/NYZ3CABN674P4NP4ITJK7SFBRRS6OOKARTWDE25VNCAJNYS2WQRW2ZMLFEPOCRGOMYLT2JHRI5JSKREHPSDOQKJ2,True,other
